episode,global_step,elapsed_s,reward_raw,reward_smooth,fill_rate,stockout,cost_holding,cost_stockout,cost_ordering,cost_overflow,cost_service_penalty,cost_total,entropy,approx_kl,clip_frac,value_loss,explained_variance,lr_scale,ent_coef,eval_reward,eval_fill
1,365,1.0,-8604336.939255808,-8604336.939255808,0.936695985598107,44489.69129180908,1630487.7612304688,30006.796446561813,455935.0,6231511.117248535,256396.282289505,8604336.95721507,,,,,,,0.02,nan,nan
2,730,1.7,-8614733.594151307,-8609535.266703557,0.9349257937849385,41310.70748472214,1623502.1643066406,28664.177969932556,455720.0,6290848.692626953,215998.55870056152,8614733.593604088,,,,,,,0.02,nan,nan
3,1095,3.1,-7746394.212752012,-8321821.582053042,0.9097752670719199,43446.90692329407,1503771.3637695312,32568.65544986725,452790.0,5574617.284408569,182646.90188598633,7746394.205513954,1.7759368576501544,0.0156826394271009,0.26088032087213114,0.8455681400863748,-0.0008320808410644531,,0.019964000000000003,nan,nan
4,1460,3.7,-7419935.065914329,-8096349.953018364,0.9294381837322288,54069.36447715759,1599917.5783691406,35891.228969573975,436100.0,5008615.011627197,339411.2433166504,7419935.062282562,1.7759368576501544,0.0156826394271009,0.26088032087213114,0.8455681400863748,-0.0008320808410644531,,0.019964000000000003,nan,nan
5,1825,4.4,-7015516.72630604,-7880183.307675898,0.9265326656707346,55634.82919502258,1508536.7131347656,35965.065647125244,437035.0,4731127.9646606445,302851.97776031494,7015516.72120285,1.7759368576501544,0.0156826394271009,0.26088032087213114,0.8455681400863748,-0.0008320808410644531,,0.019964000000000003,nan,nan
6,2190,5.6,-7158585.829186269,-7759917.06126096,0.9300319728785998,49896.89810371399,1592786.7319335938,33380.62164735794,428555.0,4830284.160400391,273579.30308532715,7158585.817066669,1.7309658448947103,0.013669247995781725,0.23893363067978307,0.6364602415185225,0.090423583984375,,0.019910000000000004,nan,nan
7,2555,6.3,-6058565.183081851,-7516866.792949659,0.9151157676357112,58009.416015625,1497268.4545898438,39653.42903518677,416320.0,3797257.2309570312,308066.0707550049,6058565.185337067,1.7309658448947103,0.013669247995781725,0.23893363067978307,0.6364602415185225,0.090423583984375,,0.019910000000000004,nan,nan
8,2920,7.0,-6829405.3681737855,-7430934.114852674,0.9262701248469418,54534.65469741821,1636219.6064453125,36540.219621658325,416410.0,4328125.954650879,412109.59147644043,6829405.37219429,1.7309658448947103,0.013669247995781725,0.23893363067978307,0.6364602415185225,0.090423583984375,,0.019910000000000004,nan,nan
9,3285,8.3,-5597063.975524528,-7227170.766038436,0.8904083532829807,67154.10883903503,1486954.244140625,45589.629777908325,401800.0,3261029.213989258,401690.90004730225,5597063.987955093,1.6590186373183602,0.01532022295171038,0.22909653010336975,0.5163117749126334,0.1356748342514038,,0.019856,nan,nan
10,3650,9.0,-5394308.169531451,-7043884.506387738,0.8917859152571795,70732.46115589142,1496757.8969726562,48857.870701789856,390040.0,2971505.463745117,487146.9420776367,5394308.1734972,1.6590186373183602,0.01532022295171038,0.22909653010336975,0.5163117749126334,0.1356748342514038,,0.019856,nan,nan
11,4015,9.7,-6236537.00757239,-6970489.279222705,0.9173635729371685,64070.353313446045,1658429.736328125,42848.121881484985,389170.0,3584700.6579589844,561388.4781417847,6236536.994310379,1.6590186373183602,0.01532022295171038,0.22909653010336975,0.5163117749126334,0.1356748342514038,,0.019856,nan,nan
12,4380,11.1,-5652678.922576642,-6860671.7495022,0.910770028584624,82516.82298088074,1582284.1303710938,52339.86658859253,365615.0,2864702.745574951,787737.1700897217,5652678.912624359,1.566995005858572,0.01369026865861662,0.22095850923735844,0.4256668926069611,0.17755424976348877,,0.019802,nan,nan
13,4745,11.7,-5607745.276525655,-6764292.790042466,0.9080282683241857,78444.06439590454,1616078.5903320312,50521.8609790802,356990.0,2822571.2888031006,761583.5358963013,5607745.276010513,1.566995005858572,0.01369026865861662,0.22095850923735844,0.4256668926069611,0.17755424976348877,,0.019802,nan,nan
14,5110,12.4,-5526115.639492615,-6675851.565003191,0.9109788385156082,81720.59617805481,1606694.2509765625,52026.35746383667,358535.0,2698095.6223754883,810764.4202651978,5526115.651081085,1.566995005858572,0.01369026865861662,0.22095850923735844,0.4256668926069611,0.17755424976348877,,0.019802,nan,nan
15,5475,13.7,-4865923.573124131,-6555189.698877919,0.8939988397572138,117142.0721359253,1472300.3984375,69859.96307182312,322970.0,1769839.473815918,1230953.724067688,4865923.559392929,1.4585273093298863,0.012927420716167896,0.24012863459555725,0.3835812395340518,0.2352476716041565,,0.019748,nan,nan
16,5840,14.4,-4634139.840202842,-6435124.082710728,0.8752947689735726,103216.7448310852,1466979.616821289,67147.287940979,321925.0,1733573.8383102417,1044514.0942077637,4634139.837280273,1.4585273093298863,0.012927420716167896,0.24012863459555725,0.3835812395340518,0.2352476716041565,,0.019748,nan,nan
17,6205,15.7,-4492023.646427555,-6320824.057047012,0.8809151171004935,102830.01439666748,1451475.2507324219,67599.6653175354,316970.0,1656589.1594238281,999389.5550460815,4492023.630519867,1.3493861477625997,0.01337363098627975,0.22812799864301556,0.3006714037374446,0.2866801619529724,,0.019712,nan,nan
18,6570,16.3,-4405442.984680411,-6214413.99747109,0.8518896880215161,121265.41290664673,1424615.3684082031,79696.1982421875,279510.0,1273139.7285728455,1348481.6863555908,4405442.981578827,1.3493861477625997,0.01337363098627975,0.22812799864301556,0.3006714037374446,0.2866801619529724,,0.019712,nan,nan
19,6935,17.0,-4719695.672453756,-6135744.611943862,0.8740885476543478,135292.25483322144,1436556.5109863281,81974.99840259552,277905.0,1332105.6862106323,1591153.4699745178,4719695.665574074,1.3493861477625997,0.01337363098627975,0.22812799864301556,0.3006714037374446,0.2866801619529724,,0.019712,nan,nan
20,7300,18.3,-5098537.053552921,-6083884.234024315,0.872164484899338,106067.84555053711,1644917.5419921875,69837.2342414856,257925.0,1779284.8062286377,1346572.4783248901,5098537.060787201,1.2144777147393477,0.016454526349279103,0.1807917546676962,0.2896095824084784,0.35198742151260376,,0.019658000000000002,nan,nan
21,7665,19.1,-4606239.278953452,-5883979.3510091975,0.8148166403378526,149192.6982421875,1387719.9982910156,96827.07233810425,230230.0,975377.851272583,1916084.3431358337,4606239.265037537,1.2144777147393477,0.016454526349279103,0.1807917546676962,0.2896095824084784,0.35198742151260376,,0.019658000000000002,nan,nan
22,8030,19.7,-4571632.897560918,-5681824.316179679,0.8256207712709087,146113.55740737915,1396644.3598632812,95560.61059188843,227040.0,942229.6420669556,1910158.2849121094,4571632.897434235,1.2144777147393477,0.016454526349279103,0.1807917546676962,0.2896095824084784,0.35198742151260376,,0.019658000000000002,nan,nan
23,8395,21.1,-4631566.282689812,-5526082.919676568,0.7959612950886765,161838.5608215332,1350096.8645019531,105387.8413734436,209165.0,784017.2533646822,2182899.3282928467,4631566.287532926,1.0822748902596926,0.012349700257417632,0.11706489432407052,0.3104224361871418,0.42368167638778687,,0.019604000000000003,nan,nan
24,8760,21.7,-4813189.456604022,-5395745.639211053,0.8234492964940529,176339.2687072754,1331159.8562011719,107467.22592163086,187490.0,771259.2389984131,2415813.1486053467,4813189.4697265625,1.0822748902596926,0.012349700257417632,0.11706489432407052,0.3104224361871418,0.42368167638778687,,0.019604000000000003,nan,nan
25,9125,23.5,-5002648.99649762,-5295102.252720632,0.821036835565959,188822.9525604248,1340201.1584472656,114261.14561843872,187975.0,700875.0103034973,2659336.680973053,5002648.995342255,1.0822748902596926,0.012349700257417632,0.11706489432407052,0.3104224361871418,0.42368167638778687,,0.019604000000000003,-9265627.350581422,0.1143994400099124
26,9490,24.9,-4342952.432258811,-5154320.582874258,0.7916288772674456,158998.9379272461,1277333.6518554688,104731.75082683563,173565.0,682770.1381292343,2104551.8801403046,4342952.420951843,0.981478026038722,0.007352278022488845,0.07828695738786146,0.2827998156610288,0.5307794213294983,,0.019550000000000005,-9265627.350581422,0.1143994400099124
27,9855,25.5,-4264933.485315476,-5064638.9979859395,0.7697625062237047,154928.3611755371,1267956.2473144531,106278.25162506104,169690.0,630917.1963610649,2090091.7918395996,4264933.487140179,0.981478026038722,0.007352278022488845,0.07828695738786146,0.2827998156610288,0.5307794213294983,,0.019550000000000005,-9265627.350581422,0.1143994400099124
28,10220,26.2,-4418395.58080748,-4944088.508617624,0.8140848863614749,137602.66442871094,1445578.7404785156,90563.89686965942,161365.0,854887.8507575989,1866000.0725326538,4418395.560638428,0.981478026038722,0.007352278022488845,0.07828695738786146,0.2827998156610288,0.5307794213294983,,0.019550000000000005,-9265627.350581422,0.1143994400099124
29,10585,27.5,-3989076.3458621167,-4863689.127134504,0.8209389162390199,115315.92972564697,1461750.7153320312,78931.47241210938,149615.0,810880.5825840235,1487898.5792617798,3989076.349589944,0.9274197009048963,0.005663428044403861,0.06862359307706356,0.2173032323388677,0.639755129814148,,0.019496,-9265627.350581422,0.1143994400099124
30,10950,28.3,-3672414.357250189,-4777594.4365204405,0.7722177868020045,132322.46588134766,1213150.4399414062,93502.04340362549,162410.0,570423.9951267242,1632927.8777160645,3672414.3561878204,0.9274197009048963,0.005663428044403861,0.06862359307706356,0.2173032323388677,0.639755129814148,,0.019496,-9265627.350581422,0.1143994400099124
31,11315,29.6,-3614961.035330924,-4646515.637908367,0.7821428566762846,128833.23742675781,1210569.0966796875,91151.62365722656,160850.0,570603.4903650284,1581786.8243255615,3614961.035027504,0.8886789687369999,0.005231133922519037,0.06820116564631462,0.13032672083691546,0.7597570419311523,,0.019460000000000005,-9265627.350581422,0.1143994400099124
32,11680,30.2,-3368031.2023021327,-4532283.251894641,0.8393546615561394,92203.7120437622,1463865.072265625,64636.082597732544,140810.0,615154.9939994812,1083565.050488472,3368031.1993513107,0.8886789687369999,0.005231133922519037,0.06820116564631462,0.13032672083691546,0.7597570419311523,,0.019460000000000005,-9265627.350581422,0.1143994400099124
33,12045,30.9,-3223748.264858544,-4413083.401311286,0.7905825304658446,117662.7749903202,1167409.8493652344,82517.067748487,157410.0,540173.3353214264,1276238.0193748474,3223748.271809995,0.8886789687369999,0.005231133922519037,0.06820116564631462,0.13032672083691546,0.7597570419311523,,0.019460000000000005,-9265627.350581422,0.1143994400099124
34,12410,32.2,-3000759.571197307,-4286815.597896521,0.7663316209022313,110500.9687576294,1145069.9965820312,79975.97854465246,168495.0,513959.27372553945,1093259.3215942383,3000759.5704464614,0.8608359137648031,0.0048047065707386965,0.06297221956284423,0.07410094651736711,0.8531366586685181,,0.019406,-9265627.350581422,0.1143994400099124
35,12775,32.9,-3024010.512182216,-4194719.944849425,0.8592955109191267,73687.04880142212,1487936.2707519531,53856.99921798706,137870.0,581816.7175235748,762530.5169677734,3024010.5044612885,0.8608359137648031,0.0048047065707386965,0.06297221956284423,0.07410094651736711,0.8531366586685181,,0.019406,-9265627.350581422,0.1143994400099124
36,13140,33.5,-2922874.604021285,-4109156.683040347,0.7711683088785981,126574.96589660645,1107648.1909179688,86588.7772026062,173815.0,509063.7562713623,1045758.8823394775,2922874.606731415,0.8608359137648031,0.0048047065707386965,0.06297221956284423,0.07410094651736711,0.8531366586685181,,0.019406,-9265627.350581422,0.1143994400099124
37,13505,34.8,-2827555.625019035,-4025933.281969921,0.7765819918619443,122327.16144561768,1079888.0989990234,82179.56388473511,179045.0,472966.4015240669,1013476.5617218018,2827555.626129627,0.867488977940459,0.004278281481291694,0.055072449931972904,0.04794398749149159,0.9044315218925476,,0.019352,-9265627.350581422,0.1143994400099124
38,13870,35.5,-2600310.7789010787,-3935676.6716809548,0.835277734880578,91124.42744445801,1123069.3415527344,61921.7585105896,158325.0,438074.60039520264,818920.0775718689,2600310.7780303955,0.867488977940459,0.004278281481291694,0.055072449931972904,0.04794398749149159,0.9044315218925476,,0.019352,-9265627.350581422,0.1143994400099124
39,14235,36.1,-2625931.713021352,-3830988.4737093346,0.8099904894828797,92727.94995689392,1138540.3404541016,67475.73090744019,167515.0,445247.99221229553,807152.6440124512,2625931.7075862885,0.867488977940459,0.004278281481291694,0.055072449931972904,0.04794398749149159,0.9044315218925476,,0.019352,-9265627.350581422,0.1143994400099124
40,14600,37.4,-2536496.805249851,-3702886.4612941816,0.8709822622064042,76623.72212791443,1270866.0301513672,51992.2981338501,142615.0,418501.40227508545,652522.0756835938,2536496.8062438965,0.8554251766518542,0.0037321838928715137,0.04872024279872054,0.033656155396448936,0.9348204731941223,,0.019298000000000003,-9265627.350581422,0.1143994400099124
41,14965,38.1,-2463541.075576991,-3595751.551125358,0.8384895515768496,89734.00977706909,1100965.3127441406,61954.93815994263,161515.0,381039.43240356445,758066.3918457031,2463541.075153351,0.8554251766518542,0.0037321838928715137,0.04872024279872054,0.033656155396448936,0.9348204731941223,,0.019298000000000003,-9265627.350581422,0.1143994400099124
42,15330,38.7,-2443833.326728032,-3489361.5725837136,0.8346076609337166,83814.53260612488,1106596.3936767578,59562.310156822205,162525.0,423147.65885055065,692001.9642944336,2443833.3269785643,0.8554251766518542,0.0037321838928715137,0.04872024279872054,0.033656155396448936,0.9348204731941223,,0.019298000000000003,-9265627.350581422,0.1143994400099124
43,15695,40.0,-2326314.405491884,-3374098.9787238175,0.8841353081677058,71882.4894361496,1245864.613647461,47495.77240753174,136790.0,317016.8755251169,579147.1455574036,2326314.407137513,0.787229735600321,0.003573626225356987,0.04760956352478579,0.02350267763004491,0.9565868973731995,,0.019244000000000004,-9265627.350581422,0.1143994400099124
44,16060,40.7,-2387989.9608705076,-3252839.003937141,0.8085782235615874,106320.60076141357,1055033.9407958984,70149.42638969421,183380.0,339832.0790719986,739594.5160903931,2387989.9623479843,0.787229735600321,0.003573626225356987,0.04760956352478579,0.02350267763004491,0.9565868973731995,,0.019244000000000004,-9265627.350581422,0.1143994400099124
45,16425,42.0,-2276821.795591119,-3116547.643891816,0.8616077339812501,81749.00296401978,1081571.6842041016,54093.24973297119,152905.0,368365.8934516907,619885.97265625,2276821.8000450134,0.7728639417573026,0.0031794842362184057,0.03796815043805461,0.01974683892177908,0.9670189023017883,,0.019208000000000003,-9265627.350581422,0.1143994400099124
46,16790,42.6,-2182208.3041500524,-3008510.437486378,0.8461022252905859,78233.11210632324,1061278.1619873047,54763.80863952637,157490.0,316145.2735937834,592531.063079834,2182208.3073004484,0.7728639417573026,0.0031794842362184057,0.03796815043805461,0.01974683892177908,0.9670189023017883,,0.019208000000000003,-9265627.350581422,0.1143994400099124
47,17155,43.3,-2141741.367894966,-2902350.8316153525,0.860428599788718,77017.42205047607,1063996.2137451172,51899.66202545166,153070.0,346781.9382350445,525993.5489120483,2141741.3629176617,0.7728639417573026,0.0031794842362184057,0.03796815043805461,0.01974683892177908,0.9670189023017883,,0.019208000000000003,-9265627.350581422,0.1143994400099124
48,17520,44.6,-2145755.4679840216,-2788718.8259741804,0.8984498187287213,64443.7281332016,1251772.2707519531,42420.73639583588,129020.0,250927.47288417816,471614.98265075684,2145755.462682724,0.7131499365756386,0.0029142535829937274,0.03479833778386053,0.01369172110418348,0.9787670373916626,,0.019154000000000004,-9265627.350581422,0.1143994400099124
49,17885,45.2,-2282203.771652462,-2703375.1972636976,0.817770039708647,102919.80892848969,1039188.2469482422,66621.80438041687,177640.0,307553.68677425385,691200.0314788818,2282203.7695817947,0.7131499365756386,0.0029142535829937274,0.03479833778386053,0.01369172110418348,0.9787670373916626,,0.019154000000000004,-9265627.350581422,0.1143994400099124
50,18250,47.0,-2097287.207940519,-2624618.8397982134,0.9167099317459211,53555.19981145859,1344269.916015625,35509.08404254913,116140.0,200267.4846591875,401100.731754303,2097287.2164716646,0.7131499365756386,0.0029142535829937274,0.03479833778386053,0.01369172110418348,0.9787670373916626,,0.019154000000000004,-2553729.0883914502,0.6562341990536207
51,18615,48.4,-2020804.747223447,-2544911.02539284,0.9168690513258111,53054.800709724426,1320145.8464355469,35113.16163253784,115900.0,178395.0880060196,371250.6524963379,2020804.7485704422,0.6702116476862054,0.002086747349686017,0.02099555838657053,0.014010423941439703,0.9800131916999817,,0.0191,-2553729.0883914502,0.6562341990536207
52,18980,49.0,-2174431.722142066,-2485231.0513848364,0.8235037223933495,96394.57692718506,1029320.1899414062,62733.81567192078,175505.0,284000.2973895073,622872.418182373,2174431.7211852074,0.6702116476862054,0.002086747349686017,0.02099555838657053,0.014010423941439703,0.9800131916999817,,0.0191,-2553729.0883914502,0.6562341990536207
53,19345,49.7,-2026329.69493012,-2425360.122888415,0.9138457569357467,57596.7608499527,1270277.348022461,37505.11822795868,119345.0,205337.4460657835,393864.7833442688,2026329.695660472,0.6702116476862054,0.002086747349686017,0.02099555838657053,0.014010423941439703,0.9800131916999817,,0.0191,-2553729.0883914502,0.6562341990536207
54,19710,51.0,-1955563.8104467439,-2373100.334850888,0.878672203952319,74443.28506946564,1028242.5600585938,47554.328912734985,143595.0,253752.5301771164,482419.3935699463,1955563.8127183914,0.6545939029831636,0.0019259552712978085,0.016530890262832765,0.013519355720889411,0.9813612103462219,,0.019046,-2553729.0883914502,0.6562341990536207
55,20075,51.6,-1950299.9772868336,-2319414.8081061183,0.8577535011996962,73526.3546333313,1041878.26171875,50575.57329750061,155255.0,230372.0702908039,472219.0746688843,1950299.9799759388,0.6545939029831636,0.0019259552712978085,0.016530890262832765,0.013519355720889411,0.9813612103462219,,0.019046,-2553729.0883914502,0.6562341990536207
56,20440,52.3,-1918444.0366465962,-2269193.279737384,0.851286705879316,74167.163230896,1026536.2142333984,50644.131980895996,160310.0,223173.9059305191,457779.77852249146,1918444.030667305,0.6545939029831636,0.0019259552712978085,0.016530890262832765,0.013519355720889411,0.9813612103462219,,0.019046,-2553729.0883914502,0.6562341990536207
57,20805,53.6,-1934971.2147933189,-2224564.0592260985,0.9275251654729452,51193.850259780884,1291943.0295410156,32646.146193027496,110240.0,134206.9903627634,365935.0454559326,1934971.2115527391,0.7003559093726309,0.0022755756692851336,0.014698764738185625,0.011987028116556374,0.9842371344566345,,0.018992000000000002,-2553729.0883914502,0.6562341990536207
58,21170,54.2,-1916284.5476578881,-2190362.7476639384,0.9291990515303938,48280.939083099365,1305719.7274169922,31426.329503536224,107855.0,130990.72300243378,340292.7775001526,1916284.5574231148,0.7003559093726309,0.0022755756692851336,0.014698764738185625,0.011987028116556374,0.9842371344566345,,0.018992000000000002,-2553729.0883914502,0.6562341990536207
59,21535,55.6,-1873284.840920135,-2152730.404058878,0.8525253470629862,69142.11270523071,1029077.4592285156,47847.63283920288,160865.0,234967.48666262627,400527.2593078613,1873284.838038206,0.5497420092946604,0.001786148908841393,0.014870894607156515,0.009942814707756042,0.9867818355560303,,0.018956,-2553729.0883914502,0.6562341990536207
60,21900,56.2,-1845358.1577652642,-2118173.471684648,0.9101889161214437,62502.96507644653,1125825.7595214844,39647.02304649353,118750.0,153841.19832539558,407294.16522216797,1845358.1461155415,0.5497420092946604,0.001786148908841393,0.014870894607156515,0.009942814707756042,0.9867818355560303,,0.018956,-2553729.0883914502,0.6562341990536207
61,22265,56.8,-1826733.0460565374,-2086333.0702086254,0.9123350617003767,59007.36422538757,1137695.2043457031,37432.44376325607,117100.0,146303.01778519154,388202.3743133545,1826733.0402075052,0.5497420092946604,0.001786148908841393,0.014870894607156515,0.009942814707756042,0.9867818355560303,,0.018956,-2553729.0883914502,0.6562341990536207
62,22630,58.2,-1836418.8207736856,-2055962.3449109085,0.8566448556233759,70444.62621879578,1015037.2279052734,48481.601868629456,155035.0,197389.68057012744,420475.30853271484,1836418.8188767452,0.5492700432476244,0.0017697126292516355,0.01629237124794408,0.009151757584492626,0.9880769848823547,,0.018902000000000002,-2553729.0883914502,0.6562341990536207
63,22995,58.8,-1764292.1386132643,-2027861.2315669772,0.8486314440426761,75774.51286125183,989844.1524658203,50835.131067276,158320.0,181027.1538119316,384265.6976470947,1764292.1349921227,0.5492700432476244,0.0017697126292516355,0.01629237124794408,0.009151757584492626,0.9880769848823547,,0.018902000000000002,-2553729.0883914502,0.6562341990536207
64,23360,59.5,-1773402.4453532288,-1997131.8557911136,0.9252290131294564,48722.12567615509,1215267.0283203125,31471.541261672974,106880.0,107724.17107293007,312059.7049713135,1773402.445626229,0.5492700432476244,0.0017697126292516355,0.01629237124794408,0.009151757584492626,0.9880769848823547,,0.018902000000000002,-2553729.0883914502,0.6562341990536207
65,23725,60.8,-1798371.082214157,-1973209.320122265,0.8456952810287476,87066.82635116577,966367.6475830078,56479.36771583557,159795.0,166975.48795557022,448753.5754852295,1798371.078739643,0.5740411626665216,0.001208114679636645,0.009329277185698677,0.010023513416710653,0.9864099025726318,,0.018848000000000004,-2553729.0883914502,0.6562341990536207
66,24090,61.5,-1761411.2141890186,-1952169.4656242137,0.861677504239017,70861.41501522064,986979.9385986328,48278.01573562622,147800.0,165083.8834209442,413269.3709602356,1761411.2087154388,0.5740411626665216,0.001208114679636645,0.009329277185698677,0.010023513416710653,0.9864099025726318,,0.018848000000000004,-2553729.0883914502,0.6562341990536207
67,24455,62.1,-1720851.5731877587,-1931124.9758888532,0.8688006966081384,67319.27314758301,998736.365234375,46207.6072473526,143155.0,161073.41498327255,371679.18625831604,1720851.5737233162,0.5740411626665216,0.001208114679636645,0.009329277185698677,0.010023513416710653,0.9864099025726318,,0.018848000000000004,-2553729.0883914502,0.6562341990536207
68,24820,63.4,-1880132.9570861969,-1917843.8503439624,0.8401717200671157,91160.7438621521,956954.5201416016,58372.025674819946,163515.0,164284.19770288467,537007.2195281982,1880132.9630475044,0.6211117427600058,0.001183060856946165,0.008603547761020692,0.010524743959601773,0.9853126406669617,,0.018794000000000005,-2553729.0883914502,0.6562341990536207
69,25185,64.1,-1719709.5760490084,-1889719.1405637893,0.9334184068523041,42578.998413562775,1277451.0904541016,28084.514735221863,101260.0,77652.13017671183,235261.84980010986,1719709.585166145,0.6211117427600058,0.001183060856946165,0.008603547761020692,0.010524743959601773,0.9853126406669617,,0.018794000000000005,-2553729.0883914502,0.6562341990536207
70,25550,64.7,-1690354.6358732916,-1869372.5119604275,0.8883779764175415,63829.28527069092,1005757.9429931641,41572.18512630463,136280.0,169458.96146035194,337285.5505142212,1690354.6400940418,0.6211117427600058,0.001183060856946165,0.008603547761020692,0.010524743959601773,0.9853126406669617,,0.018794000000000005,-2553729.0883914502,0.6562341990536207
71,25915,66.1,-1838032.8836227073,-1860233.9187803909,0.8444509209018864,83599.53639030457,983551.6771240234,54076.13900566101,162690.0,187254.02504375577,450461.041885376,1838032.8830588162,0.5329240082125914,0.001351109605150812,0.009086475051988504,0.008123463050364271,0.9883896708488464,,0.01874,-2553729.0883914502,0.6562341990536207
72,26280,66.7,-1706892.0325527757,-1836856.9343009267,0.8630744778946654,61376.38949298859,1029068.4296875,42815.14007663727,149845.0,188220.01420217752,296943.4500579834,1706892.0340242982,0.5329240082125914,0.001351109605150812,0.009086475051988504,0.008123463050364271,0.9883896708488464,,0.01874,-2553729.0883914502,0.6562341990536207
73,26645,68.1,-1690381.858632379,-1820059.5424860392,0.8981687400439015,66202.73041248322,996083.2366943359,41438.04876327515,129810.0,175378.91440486908,347671.6598739624,1690381.8597364426,0.5805589235142657,0.0014438780780868623,0.0070401911193345625,0.00920377359235365,0.9863876700401306,,0.018704000000000005,-2553729.0883914502,0.6562341990536207
74,27010,68.7,-1692372.5913235624,-1806899.9815298803,0.8927487358655015,62676.76169395447,1010949.8160400391,40227.67352390289,129960.0,181686.84993556142,329548.2537574768,1692372.5932569802,0.5805589235142657,0.0014438780780868623,0.0070401911193345625,0.00920377359235365,0.9863876700401306,,0.018704000000000005,-2553729.0883914502,0.6562341990536207
75,27375,70.5,-1853517.5914303327,-1802060.8622370556,0.8427612853376832,81688.08437347412,1010429.7921142578,52852.938861846924,161395.0,185658.03483510017,443181.8320617676,1853517.5978729725,0.5805589235142657,0.0014438780780868623,0.0070401911193345625,0.00920377359235365,0.9863876700401306,,0.018704000000000005,-1597212.3428273692,0.807975776963038
76,27740,71.8,-1623355.7933718583,-1787306.4500733186,0.8718744624150943,60182.49505519867,1005684.8856201172,41926.03209209442,141270.0,160638.89829671383,273835.9761352539,1623355.7921441793,0.5687419395697745,0.0010536676489113904,0.00622692443798051,0.008497313106138455,0.9871864914894104,,0.01865,-1597212.3428273692,0.807975776963038
77,28105,72.5,-1614923.3869481331,-1771304.058681059,0.8745214050763274,59785.37519073486,1006711.5334472656,41509.15755653381,141180.0,162594.8669846058,262927.8238372803,1614923.3818256855,0.5687419395697745,0.0010536676489113904,0.00622692443798051,0.008497313106138455,0.9871864914894104,,0.01865,-1597212.3428273692,0.807975776963038
78,28470,73.2,-1621902.4840203484,-1756584.9554991822,0.9101134132032525,57833.045150756836,1051554.7512207031,36718.21478843689,119305.0,126076.715264678,288247.8027496338,1621902.4840234518,0.5687419395697745,0.0010536676489113904,0.00622692443798051,0.008497313106138455,0.9871864914894104,,0.01865,-1597212.3428273692,0.807975776963038
79,28835,74.5,-1706918.1747581458,-1748266.6221910832,0.937392835421105,41352.334928035736,1270223.9782714844,26947.08264684677,95125.0,66725.49203658104,247896.60736846924,1706918.1603233814,0.47998498968387904,0.0012691703872118715,0.008831358802700905,0.007086123002840108,0.9887115955352783,,0.018596,-1597212.3428273692,0.807975776963038
80,29200,75.1,-1759081.526359279,-1743952.7906207838,0.8547557948386832,82308.84427261353,971534.197265625,53112.50997924805,151995.0,171366.54945361614,411073.2735443115,1759081.5302428007,0.47998498968387904,0.0012691703872118715,0.008831358802700905,0.007086123002840108,0.9887115955352783,,0.018596,-1597212.3428273692,0.807975776963038
81,29565,75.8,-1675605.750827422,-1736396.4258593277,0.9210399518274281,53496.56975841522,1101631.5811767578,33700.36415195465,106290.0,115157.81083582342,318825.9930648804,1675605.7492294163,0.47998498968387904,0.0012691703872118715,0.008831358802700905,0.007086123002840108,0.9887115955352783,,0.018596,-1597212.3428273692,0.807975776963038
82,29930,77.1,-1626771.394464885,-1725914.0545438877,0.9314862661165734,44546.61756372452,1173405.782836914,28575.770376443863,95580.0,75533.65229249,253676.19371795654,1626771.3992238045,0.4467216247790738,0.001522891510352278,0.010242127549932584,0.0072831394653277174,0.9885092377662659,,0.018542000000000003,-1597212.3428273692,0.807975776963038
83,30295,77.7,-1631378.6254681847,-1719268.3788866338,0.8898372836308936,64812.73103141785,977805.1953125,41707.89013195038,123905.0,143721.89607095718,344238.6403274536,1631378.6218428612,0.4467216247790738,0.001522891510352278,0.010242127549932584,0.0072831394653277174,0.9885092377662659,,0.018542000000000003,-1597212.3428273692,0.807975776963038
84,30660,78.5,-1610726.1757525026,-1711134.5654065975,0.9232094730416389,51160.92885684967,1106276.08984375,32444.04611682892,99655.0,83804.81658172607,288546.22477149963,1610726.1773138046,0.4467216247790738,0.001522891510352278,0.010242127549932584,0.0072831394653277174,0.9885092377662659,,0.018542000000000003,-1597212.3428273692,0.807975776963038
85,31025,79.8,-1748236.3742197542,-1708627.8300068774,0.8474560913974292,85285.76358604431,948286.814453125,55321.77616691589,145205.0,149352.72066295147,450070.06312561035,1748236.3744086027,0.4165302703255101,0.0010919130869105605,0.009242543007100099,0.006163449431034296,0.9901672601699829,,0.018488000000000004,-1597212.3428273692,0.807975776963038
86,31390,80.4,-1572523.6776549732,-1699183.4531801748,0.8605337933318256,62970.54821586609,974330.7545166016,43912.986702919006,135660.0,127676.39400625229,290943.540145874,1572523.6753716469,0.4165302703255101,0.0010919130869105605,0.009242543007100099,0.006163449431034296,0.9901672601699829,,0.018488000000000004,-1597212.3428273692,0.807975776963038
87,31755,81.8,-1525907.6615274337,-1689436.257597159,0.8742004335743108,59631.065150260925,971941.9544677734,41724.98176383972,128345.0,109151.66180491447,274744.0669708252,1525907.6650073528,0.49651184952572774,0.00101652862840159,0.00613885178034635,0.00856133655179292,0.9852479100227356,,0.018452000000000003,-1597212.3428273692,0.807975776963038
88,32120,82.4,-1516421.7896421114,-1671250.6992249542,0.8908871116703504,61541.88839817047,952270.8244628906,39706.06106233597,117305.0,101796.48987698555,305343.4142150879,1516421.7896173,0.49651184952572774,0.00101652862840159,0.00613885178034635,0.00856133655179292,0.9852479100227356,,0.018452000000000003,-1597212.3428273692,0.807975776963038
89,32485,83.1,-1576408.4452605133,-1664085.6426855298,0.9291140582463513,43774.044516563416,1133003.5690917969,28814.824204921722,89530.0,55758.852996349335,269301.20125198364,1576408.4475450516,0.49651184952572774,0.00101652862840159,0.00613885178034635,0.00856133655179292,0.9852479100227356,,0.018452000000000003,-1597212.3428273692,0.807975776963038
90,32850,84.5,-1720001.0633419398,-1665567.9640589622,0.8413394585047682,82262.34732437134,944764.2877197266,53569.55651283264,145885.0,135814.09627193213,439968.12393951416,1720001.0644440055,0.4160909350765379,0.0008968789060370335,0.007319935591352221,0.006993762076538252,0.98787921667099,,0.018398000000000005,-1597212.3428273692,0.807975776963038
91,33215,85.1,-1482125.5755104264,-1647772.5986533482,0.8900469561145731,60050.68036365509,953805.4256591797,39446.50448989868,117605.0,85076.73306846619,286191.9104156494,1482125.573633194,0.4160909350765379,0.0008968789060370335,0.007319935591352221,0.006993762076538252,0.98787921667099,,0.018398000000000005,-1597212.3428273692,0.807975776963038
92,33580,85.8,-1514710.8242213028,-1638163.5382367743,0.8622715138409236,59908.73908805847,969693.4973144531,42262.39723396301,132990.0,100022.68251335621,269742.2485656738,1514710.8256274462,0.4160909350765379,0.0008968789060370335,0.007319935591352221,0.006993762076538252,0.98787921667099,,0.018398000000000005,-1597212.3428273692,0.807975776963038
93,33945,87.2,-1499693.5205096682,-1628629.1213306389,0.8879575399503316,57960.36334133148,967868.0848388672,38472.21920013428,119025.0,96835.48530387878,277492.7314071655,1499693.5207500458,0.4437970487694991,0.0008338326070818431,0.006403337459472057,0.007173678457835003,0.9867395162582397,,0.018344,-1597212.3428273692,0.807975776963038
94,34310,87.8,-1467151.2463724697,-1617368.0540830842,0.8980256456218354,59657.57210636139,944734.1915283203,38340.50058364868,113950.0,94777.63428497314,275348.91926956177,1467151.245666504,0.4437970487694991,0.0008338326070818431,0.006403337459472057,0.007173678457835003,0.9867395162582397,,0.018344,-1597212.3428273692,0.807975776963038
95,34675,88.5,-1463380.4952361865,-1597861.1992733767,0.868341257964095,56247.27299594879,964685.0600585938,40236.1337184906,129600.0,98652.97623634338,230206.3270111084,1463380.4970245361,0.4437970487694991,0.0008338326070818431,0.006403337459472057,0.007173678457835003,0.9867395162582397,,0.018344,-1597212.3428273692,0.807975776963038
96,35040,89.8,-1399500.0750536313,-1586668.4133574658,0.8851941154427725,56493.09767818451,949366.8571777344,38662.721148490906,122275.0,78550.4518572092,210645.04441833496,1399500.0746017694,0.4230746701359749,0.0010691018048754287,0.007286205648836729,0.0066054037245186535,0.9868950843811035,,0.01829,-1597212.3428273692,0.807975776963038
97,35405,90.5,-1505140.5955212102,-1581179.2737861197,0.8936918670183992,60883.60311508179,952960.7878417969,38980.00800704956,117035.0,94335.30161276457,301829.490278244,1505140.587739855,0.4230746701359749,0.0010691018048754287,0.007286205648836729,0.0066054037245186535,0.9868950843811035,,0.01829,-1597212.3428273692,0.807975776963038
98,35770,91.2,-1434025.8471264006,-1571785.4419414222,0.8940011620521545,58871.00404548645,935956.5648193359,38278.21241188049,116325.0,72007.59420216084,271458.47661590576,1434025.848049283,0.4230746701359749,0.0010691018048754287,0.007286205648836729,0.0066054037245186535,0.9868950843811035,,0.01829,-1597212.3428273692,0.807975776963038
99,36135,92.5,-1447768.3423366942,-1558827.9503203498,0.8957732452105169,59646.779764175415,937682.8096923828,38598.9248714447,116400.0,73459.71715986729,281626.8893356323,1447768.3410593271,0.396932032547499,0.001031784688453435,0.0068300481469027305,0.0059533106886144535,0.9879515767097473,,0.018236000000000002,-1597212.3428273692,0.807975776963038
100,36500,94.4,-1516289.7436922204,-1546688.3611869966,0.9266777615024618,44091.295380592346,1112172.4074707031,29033.678114891052,92155.0,40407.04090976715,242521.6197052002,1516289.7462005615,0.396932032547499,0.001031784688453435,0.0068300481469027305,0.0059533106886144535,0.9879515767097473,,0.018236000000000002,-1456871.7312723496,0.8241411308719687
101,36865,95.8,-1454816.4085348733,-1535648.8940723692,0.9108136399151527,51016.065024375916,995678.1313476562,33325.404886722565,104805.0,64016.369693279266,256991.50399780273,1454816.4099254608,0.3478389609801142,0.0010140204884392962,0.007710507046124947,0.005663796046160553,0.9889522790908813,,0.0182,-1456871.7312723496,0.8241411308719687
102,37230,96.4,-1518835.6733902034,-1530252.1080186348,0.8461745080882556,76461.70437431335,912623.9267578125,51069.9758605957,139235.0,70472.31805622578,345434.45877075195,1518835.679445386,0.3478389609801142,0.0010140204884392962,0.007710507046124947,0.005663796046160553,0.9889522790908813,,0.0182,-1456871.7312723496,0.8241411308719687
103,37595,97.1,-1532062.058176702,-1525286.2796540607,0.8429482809484822,76624.86751174927,911492.1136474609,51213.81642913818,141915.0,73427.47850847244,354013.6490325928,1532062.0576176643,0.3478389609801142,0.0010140204884392962,0.007710507046124947,0.005663796046160553,0.9889522790908813,,0.0182,-1456871.7312723496,0.8241411308719687
104,37960,98.4,-1462119.6095273786,-1517855.9513428048,0.850539796972928,70613.35199928284,914566.8470458984,47993.80349159241,136240.0,56821.59332227707,306497.3663902283,1462119.6102499962,0.43890431444895894,0.0012165627765984698,0.006691915963433291,0.009127366270771936,0.9802560210227966,,0.018146000000000002,-1456871.7312723496,0.8241411308719687
105,38325,99.1,-1437369.4015384275,-1502312.6027087385,0.8986268659160562,58012.2474899292,937951.8553466797,37589.63135719299,106745.0,58516.176964879036,296566.735244751,1437369.3989135027,0.43890431444895894,0.0012165627765984698,0.006691915963433291,0.009127366270771936,0.9802560210227966,,0.018146000000000002,-1456871.7312723496,0.8241411308719687
106,38690,99.7,-1918153.2070871515,-1519594.0791803473,0.9248216689449467,43230.529346466064,1312102.8474121094,29379.474864959717,85985.0,39673.48747420311,451012.3962097168,1918153.205960989,0.43890431444895894,0.0012165627765984698,0.006691915963433291,0.009127366270771936,0.9802560210227966,,0.018146000000000002,-1456871.7312723496,0.8241411308719687
107,39055,101.0,-1533845.1162055205,-1519990.9519142515,0.8443986187242482,79732.8300704956,892784.0748291016,52884.77897644043,139370.0,80055.59639072418,368750.66830444336,1533845.1185007095,0.35098885156606374,0.0006691815110331701,0.004153870710165632,0.009775719452208202,0.9802634119987488,,0.018092000000000004,-1456871.7312723496,0.8241411308719687
108,39420,101.7,-1478843.6694754267,-1518112.0459059172,0.9126698299630047,52990.70623922348,1001224.9129638672,34226.91606760025,96215.0,39620.66324234009,307556.17893218994,1478843.6712059975,0.35098885156606374,0.0006691815110331701,0.004153870710165632,0.009775719452208202,0.9802634119987488,,0.018092000000000004,-1456871.7312723496,0.8241411308719687
109,39785,102.3,-1465305.550025193,-1512556.901144151,0.8812056686780224,60927.12316560745,911796.2670898438,41021.506729602814,116815.0,68370.9723329544,327301.80001831055,1465305.5461707115,0.35098885156606374,0.0006691815110331701,0.004153870710165632,0.009775719452208202,0.9802634119987488,,0.018092000000000004,-1456871.7312723496,0.8241411308719687
110,40150,103.6,-1418479.351076064,-1497480.8155308573,0.9048730541581977,54809.49193954468,956819.4401855469,35753.906593322754,103165.0,48216.3164806366,274524.6893157959,1418479.3525753021,0.35313800487079117,0.0008819072759491208,0.004731295409759409,0.0064159334318614316,0.9869068264961243,,0.018038000000000005,-1456871.7312723496,0.8241411308719687
111,40515,104.3,-1397559.9370012106,-1493252.5336053963,0.8896945373652733,58143.34088420868,922086.9184570312,38233.754764556885,114095.0,54214.18948882818,268930.0740890503,1397559.9367994666,0.35313800487079117,0.0008819072759491208,0.004731295409759409,0.0064159334318614316,0.9869068264961243,,0.018038000000000005,-1456871.7312723496,0.8241411308719687
112,40880,104.9,-1389188.6949080036,-1486976.4271397316,0.8622445762973943,56517.91288566589,934198.4803466797,40624.26264953613,130580.0,58154.02824163437,225631.92433166504,1389188.6955695152,0.35313800487079117,0.0008819072759491208,0.004731295409759409,0.0064159334318614316,0.9869068264961243,,0.018038000000000005,-1456871.7312723496,0.8241411308719687
113,41245,106.2,-1373399.3715171488,-1480661.7196901056,0.8715564177460866,56651.41435909271,909576.3723144531,40512.86410140991,122525.0,52516.47499537468,248268.65885925293,1373399.3702704906,0.3784335388949043,0.0009692936443427339,0.005987602384074738,0.006767326628936357,0.9845564365386963,,0.017984,-1456871.7312723496,0.8241411308719687
114,41610,106.9,-1403993.0981070003,-1477503.812276832,0.8899682477728962,61002.369236946106,899102.6057128906,39695.16031455994,112930.0,49080.59317153692,303184.7385635376,1403993.097762525,0.3784335388949043,0.0009692936443427339,0.005987602384074738,0.006767326628936357,0.9845564365386963,,0.017984,-1456871.7312723496,0.8241411308719687
115,41975,107.5,-1526203.1846384455,-1480644.9467469451,0.8429186345779732,79355.53922653198,889056.4388427734,52682.51651954651,136925.0,77245.0774269104,370294.15186309814,1526203.1846523285,0.3784335388949043,0.0009692936443427339,0.005987602384074738,0.006767326628936357,0.9845564365386963,,0.017984,-1456871.7312723496,0.8241411308719687
116,42340,108.8,-1390442.4679883174,-1480192.0663936795,0.8833182328367887,60517.18668079376,884835.0477294922,40677.09324359894,115475.0,46286.18897008896,303169.1376199722,1390442.4675631523,0.38319252196111175,0.0008567183636171792,0.0064624987296012576,0.007555196092365996,0.983271062374115,,0.01793,-1456871.7312723496,0.8241411308719687
117,42705,109.5,-1456871.3981147544,-1477778.6065233566,0.9237014244680535,44129.770570755005,1057359.01171875,29362.914875984192,86340.0,23427.92320534587,260381.54583358765,1456871.3956336677,0.38319252196111175,0.0008567183636171792,0.0064624987296012576,0.007555196092365996,0.983271062374115,,0.01793,-1456871.7312723496,0.8241411308719687
118,43070,110.8,-1409929.2615505974,-1476573.7772445665,0.8821473624608288,59996.178896427155,901999.1016845703,40559.19843006134,115375.0,45982.76955246925,306013.18884277344,1409929.2585098743,0.331716204552274,0.000766377998316832,0.004569338084700958,0.005895408513759704,0.9868399500846863,,0.017894,-1456871.7312723496,0.8241411308719687
119,43435,111.4,-1433315.3148131727,-1475851.1258683908,0.9073183763517092,56213.98665332794,943068.2969970703,36373.786485672,98130.0,40792.928647875786,314950.30598449707,1433315.3181151152,0.331716204552274,0.000766377998316832,0.004569338084700958,0.005895408513759704,0.9868399500846863,,0.017894,-1456871.7312723496,0.8241411308719687
120,43800,112.1,-1425307.337380584,-1471302.005552809,0.9129791632090529,52460.45118522644,972510.7641601562,34147.551166534424,94790.0,35927.217113018036,287931.8035583496,1425307.3359980583,0.331716204552274,0.000766377998316832,0.004569338084700958,0.005895408513759704,0.9868399500846863,,0.017894,-1456871.7312723496,0.8241411308719687
121,44165,113.4,-1415612.6792637536,-1469341.819089253,0.911224510571728,53468.134073257446,959951.3375244141,34829.994537353516,95870.0,24833.213769555092,300128.13425445557,1415612.6800857782,0.2929378022488795,0.0005309501630108571,0.0037196644627424816,0.005676932295931405,0.988092839717865,,0.01784,-1456871.7312723496,0.8241411308719687
122,44530,114.1,-1379540.0855286706,-1462377.0396961763,0.863664407109561,62049.089374542236,873606.4014892578,44096.49862098694,123015.0,39604.02615737915,299218.1633300781,1379540.089597702,0.2929378022488795,0.0005309501630108571,0.0037196644627424816,0.005676932295931405,0.988092839717865,,0.01784,-1456871.7312723496,0.8241411308719687
123,44895,114.7,-1421635.3716303445,-1456855.7053688583,0.9149327705984246,50947.40787315369,974248.0994873047,33387.92656040192,93155.0,20519.80744409561,300324.5368309021,1421635.3703227043,0.2929378022488795,0.0005309501630108571,0.0037196644627424816,0.005676932295931405,0.988092839717865,,0.01784,-1456871.7312723496,0.8241411308719687
124,45260,116.0,-1370011.6382998042,-1452250.3068074794,0.8859431361498898,65863.51007652283,850074.4710693359,42443.99694919586,110790.0,39028.20133686066,327674.96439933777,1370011.6337547302,0.3212981753443417,0.0006547029578015147,0.0053269235711348685,0.0066352271732237,0.9850106835365295,,0.017786000000000003,-1456871.7312723496,0.8241411308719687
125,45625,117.8,-1483883.9466706053,-1454576.0340640885,0.8333963781186979,82136.65713691711,844301.3941650391,54605.86599159241,138300.0,47222.143411397934,399454.5416870117,1483883.9452550411,0.3212981753443417,0.0006547029578015147,0.0053269235711348685,0.0066352271732237,0.9850106835365295,,0.017786000000000003,-1437068.5554072633,0.8192341339914766
126,45990,118.4,-1365855.155679888,-1426961.1314937253,0.8470693545798733,63589.113719940186,875705.8792724609,45201.63223648071,129280.0,40071.70116855204,275595.9437713623,1365855.156448856,0.3212981753443417,0.0006547029578015147,0.0053269235711348685,0.0066352271732237,0.9850106835365295,,0.017786000000000003,-1437068.5554072633,0.8192341339914766
127,46355,119.8,-1403712.6990905532,-1420454.510637977,0.9211378584169362,43564.41298866272,1025029.2579345703,29639.770110607147,85205.0,13747.859341621399,250090.81620025635,1403712.7035870552,0.37478897563721003,0.0007129783267660777,0.004437630637671407,0.008092525323215676,0.9805306792259216,,0.017732000000000005,-1437068.5554072633,0.8192341339914766
128,46720,120.4,-1326308.6951426745,-1412827.7619213392,0.8682223682534205,58214.45914363861,874674.552734375,41841.51036834717,121600.0,32641.054243564606,255551.5782775879,1326308.6956238747,0.37478897563721003,0.0007129783267660777,0.004437630637671407,0.008092525323215676,0.9805306792259216,,0.017732000000000005,-1437068.5554072633,0.8192341339914766
129,47085,121.1,-1382050.0673814462,-1408664.987789152,0.8543399959394377,62071.58411502838,877608.9395751953,44082.36319541931,128635.0,44703.40866565704,287020.35748291016,1382050.0689191818,0.37478897563721003,0.0007129783267660777,0.004437630637671407,0.008092525323215676,0.9805306792259216,,0.017732000000000005,-1437068.5554072633,0.8192341339914766
130,47450,122.4,-1346051.7241864922,-1405043.6064446731,0.8676587944161402,59266.43588066101,879666.6309814453,42539.509660720825,121815.0,30635.218799829483,271395.36642456055,1346051.7258665562,0.3345629647374153,0.0006809616474799297,0.004366422954358552,0.006697610118671467,0.9837021827697754,,0.017678,-1437068.5554072633,0.8192341339914766
131,47815,123.0,-1482038.7128658413,-1409267.5452379049,0.8393055760697142,80165.98864078522,863557.8527832031,53448.7123298645,135365.0,49440.643171310425,380226.5041503906,1482038.7124347687,0.3345629647374153,0.0006809616474799297,0.004366422954358552,0.006697610118671467,0.9837021827697754,,0.017678,-1437068.5554072633,0.8192341339914766
132,48180,124.4,-1346871.7981040361,-1407151.7003977064,0.8501903940553535,63230.29011917114,863233.1839599609,44498.35933685303,130390.0,35820.49850940704,272929.7543029785,1346871.7961091995,0.36348030206404236,0.000571861660318973,0.0034447385595213795,0.007914892747066915,0.9800785183906555,,0.017642000000000005,-1437068.5554072633,0.8192341339914766
133,48545,125.0,-1312782.3945464974,-1404120.851549174,0.8506630239421374,63352.77597999573,843928.9057617188,44975.76803588867,129955.0,28021.472685337067,265901.2473144531,1312782.3937973976,0.36348030206404236,0.000571861660318973,0.0034447385595213795,0.007914892747066915,0.9800785183906555,,0.017642000000000005,-1437068.5554072633,0.8192341339914766
134,48910,125.7,-1335147.8813938892,-1400678.5907135184,0.8665895004795022,59606.939640045166,868793.1450195312,42902.65517997742,121550.0,33439.515481472015,268462.56524658203,1335147.8809275627,0.36348030206404236,0.000571861660318973,0.0034447385595213795,0.007914892747066915,0.9800785183906555,,0.017642000000000005,-1437068.5554072633,0.8192341339914766
135,49275,127.0,-1310950.1236337502,-1389915.9376632837,0.8485806055264931,60427.38216590881,861407.5201416016,43497.957134246826,131820.0,28688.00156021118,245536.6423034668,1310950.1211395264,0.3575628156724729,0.0006204310482548623,0.004423174945833652,0.007156795681160139,0.9806293845176697,,0.017588,-1437068.5554072633,0.8192341339914766
136,49640,127.7,-1706584.2933484025,-1405723.028931288,0.925012647942321,41534.34728550911,1296632.8498535156,28819.47337424755,84660.0,19493.61468848586,276978.35971069336,1706584.2976269424,0.3575628156724729,0.0006204310482548623,0.004423174945833652,0.007156795681160139,0.9806293845176697,,0.017588,-1437068.5554072633,0.8192341339914766
137,50005,128.4,-1340665.2204438085,-1399912.7200477407,0.8508752679171627,60827.07939147949,867649.0141601562,43507.96339702606,131630.0,31938.617820739746,265939.62509155273,1340665.2204694748,0.3575628156724729,0.0006204310482548623,0.004423174945833652,0.007156795681160139,0.9806293845176697,,0.017588,-1437068.5554072633,0.8192341339914766
138,50370,129.7,-1344850.6584175555,-1396658.7898910886,0.8530324236987389,60955.227743148804,876003.4401855469,43246.509284973145,132695.0,31735.46865284443,261170.2392463684,1344850.6573697329,0.3254367203304642,0.0006430471163472056,0.005227875301467353,0.0077299222313357814,0.9796605706214905,,0.017534,-1437068.5554072633,0.8192341339914766
139,50735,130.3,-1327230.1628646166,-1391354.5322936608,0.8614716244070497,56458.90720081329,901458.3566894531,40916.75131225586,129620.0,35384.76248639822,219850.29516601562,1327230.1656541228,0.3254367203304642,0.0006430471163472056,0.005227875301467353,0.0077299222313357814,0.9796605706214905,,0.017534,-1437068.5554072633,0.8192341339914766
140,51100,131.0,-1346455.4303945191,-1387411.9369443576,0.8588196189436194,57259.31565284729,908239.2640380859,41194.157512664795,131705.0,36330.32382798195,228986.68807983398,1346455.4334585667,0.3254367203304642,0.0006430471163472056,0.005227875301467353,0.0077299222313357814,0.9796605706214905,,0.017534,-1437068.5554072633,0.8192341339914766
141,51465,132.3,-1394988.1971983542,-1386380.7128410875,0.9110127075077736,51733.15312004089,958889.9251708984,33831.09809207916,99455.0,25413.70043039322,277398.47634887695,1394988.2000422478,0.358269144437815,0.0007215109014731226,0.005021480097447669,0.0077232730354329475,0.9790797829627991,,0.017480000000000002,-1437068.5554072633,0.8192341339914766
142,51830,133.0,-1365004.5858843431,-1385653.9378588712,0.8646301581435007,57209.12794351578,901086.7486572266,41438.05023765564,129135.0,39964.889320611954,253379.90338134766,1365004.5915968418,0.358269144437815,0.0007215109014731226,0.005021480097447669,0.0077232730354329475,0.9790797829627991,,0.017480000000000002,-1437068.5554072633,0.8192341339914766
143,52195,133.7,-1378267.8450642985,-1383485.5615305686,0.9138359842235095,50281.40654850006,966105.0660400391,33031.89837837219,97520.0,21577.98726272583,260032.89376831055,1378267.8454494476,0.358269144437815,0.0007215109014731226,0.005021480097447669,0.0077232730354329475,0.9790797829627991,,0.017480000000000002,-1437068.5554072633,0.8192341339914766
144,52560,135.0,-1339375.7890440836,-1381953.7690677824,0.854670211713608,58652.35642242432,892523.7307128906,42233.46213912964,131420.0,33702.972353458405,239495.62481689453,1339375.7900223732,0.31250286455217163,0.0008469648673302512,0.006692986745436333,0.0069898029507480955,0.9822280406951904,,0.017426000000000004,-1437068.5554072633,0.8192341339914766
145,52925,135.7,-1298724.5284540013,-1372695.7981569525,0.890791127616412,56509.24141788483,881681.3988037109,37789.285326480865,113570.0,21432.27610898018,244251.56909179688,1298724.5293309689,0.31250286455217163,0.0008469648673302512,0.006692986745436333,0.0069898029507480955,0.9822280406951904,,0.017426000000000004,-1437068.5554072633,0.8192341339914766
146,53290,137.0,-1307279.83658824,-1369767.03220237,0.8864256599178053,58044.51338195801,873643.9255371094,39368.39593601227,115375.0,22364.458384990692,256528.05758666992,1307279.8374447823,0.3340470085018559,0.0007177308459990615,0.0050835860464231745,0.006749640837752898,0.9814780950546265,,0.017390000000000003,-1437068.5554072633,0.8192341339914766
147,53655,137.7,-1389192.2242792458,-1369041.0084618048,0.9155521183797758,48970.040674209595,971375.1427001953,32392.795375823975,94795.0,17440.342531204224,273188.9423446655,1389192.222951889,0.3340470085018559,0.0007177308459990615,0.0050835860464231745,0.006749640837752898,0.9814780950546265,,0.017390000000000003,-1437068.5554072633,0.8192341339914766
148,54020,138.3,-1340412.444389794,-1369746.195924161,0.9070046679614342,54228.25045681,905906.8054199219,35353.42222690582,102545.0,21174.083024084568,275433.13443756104,1340412.4451084733,0.3340470085018559,0.0007177308459990615,0.0050835860464231745,0.006749640837752898,0.9814780950546265,,0.017390000000000003,-1437068.5554072633,0.8192341339914766
149,54385,139.6,-1311575.5007090655,-1366222.467590542,0.8651209520967039,55884.67204797268,873728.1342773438,40709.63614445925,127855.0,29424.87228488922,239857.85955047607,1311575.5022571683,0.2978580401916253,0.0006641610107659577,0.004189206854023628,0.006110831941968124,0.9847117066383362,,0.017336,-1437068.5554072633,0.8192341339914766
150,54750,141.4,-1333270.7619715617,-1365583.4194797953,0.850964716525927,58618.136154174805,874144.6181640625,42037.972396850586,133935.0,27736.74829041958,255416.42419433594,1333270.7630456686,0.2978580401916253,0.0006641610107659577,0.004189206854023628,0.006110831941968124,0.9847117066383362,,0.017336,-1424751.7778275632,0.8288041011111378
151,55115,142.1,-1347921.5572290875,-1358877.5616979576,0.9148887655506396,47829.01631069183,958571.4709472656,31825.402267456055,93675.0,13441.544204592705,250408.1417312622,1347921.5591505766,0.2978580401916253,0.0006641610107659577,0.004189206854023628,0.006110831941968124,0.9847117066383362,,0.017336,-1424751.7778275632,0.8288041011111378
152,55480,143.4,-1411079.941746372,-1362087.9688800743,0.9247452954723411,42767.57481956482,1025778.5756835938,29036.453227996826,86435.0,14561.996438026428,255267.91501235962,1411079.9403619766,0.3039250805189735,0.0005702694112953491,0.0037472373652762095,0.006735701064922307,0.9828655123710632,,0.017282000000000002,-1424751.7778275632,0.8288041011111378
153,55845,144.0,-1315955.007510273,-1362246.5995282633,0.884332946881856,56887.327917099,876648.5113525391,38811.1786403656,116610.0,22973.018651008606,260912.30273628235,1315955.0113801956,0.3039250805189735,0.0005702694112953491,0.0037472373652762095,0.006735701064922307,0.9828655123710632,,0.017282000000000002,-1424751.7778275632,0.8288041011111378
154,56210,144.7,-1425879.295156808,-1366783.170216409,0.8426899728709705,74183.83932113647,862864.0780029297,49580.603766441345,142330.0,46927.73135138303,324176.88231658936,1425879.2954373434,0.3039250805189735,0.0005702694112953491,0.0037472373652762095,0.006735701064922307,0.9828655123710632,,0.017282000000000002,-1424751.7778275632,0.8288041011111378
155,56575,146.0,-1493106.7895352473,-1375891.0035114838,0.8421064927153391,73152.92817878723,907287.8732910156,48983.07473182678,142455.0,43720.80733251572,350660.0334472656,1493106.7888026237,0.32632945791671153,0.0006258559121641539,0.003991377984149088,0.008150145105135283,0.9785050749778748,,0.017228,-1424751.7778275632,0.8288041011111378
156,56940,146.7,-1365161.2167169494,-1358819.8496799113,0.9260282478920401,40828.22978782654,1021027.5872802734,27525.608457565308,87510.0,13240.096671104431,215857.9233932495,1365161.2158021927,0.32632945791671153,0.0006258559121641539,0.003991377984149088,0.008150145105135283,0.9785050749778748,,0.017228,-1424751.7778275632,0.8288041011111378
157,57305,147.3,-1306739.2034968846,-1357123.5488325648,0.8632670229428435,54992.826778411865,900504.1647949219,39959.642627716064,129240.0,24800.46564412117,212234.9268951416,1306739.1999619007,0.32632945791671153,0.0006258559121641539,0.003991377984149088,0.008150145105135283,0.9785050749778748,,0.017228,-1424751.7778275632,0.8288041011111378
158,57670,148.6,-1307755.7694419494,-1355268.8043837848,0.8697991098443123,54303.09943962097,894437.2702636719,39512.93106365204,125140.0,25865.14024066925,222800.43171691895,1307755.773284912,0.3094934428993024,0.0007243791745790268,0.004587006157778792,0.007569429728104488,0.9811097979545593,,0.017174000000000002,-1424751.7778275632,0.8288041011111378
159,58035,149.3,-1335515.144082288,-1355683.0534446682,0.8619328622948633,57949.51463699341,895119.4436035156,41319.29355621338,128550.0,28113.819679260254,242412.57833099365,1335515.135169983,0.3094934428993024,0.0007243791745790268,0.004587006157778792,0.007569429728104488,0.9811097979545593,,0.017174000000000002,-1424751.7778275632,0.8288041011111378
160,58400,150.6,-1291521.0355425137,-1352936.3337020683,0.9032209765421201,54970.54951477051,877437.373046875,35692.0466299057,105145.0,18343.831173181534,254902.78717041016,1291521.0380203724,0.31311323376078354,0.0007558385912393293,0.005009165984933804,0.006981898313633313,0.9808157682418823,,0.017138,-1424751.7778275632,0.8288041011111378
161,58765,151.2,-1462176.1208053106,-1356295.729882416,0.8439429704457113,74872.6406955719,868516.1586914062,50125.45027732849,140295.0,42138.760709285736,361100.75481796265,1462176.1244959831,0.31311323376078354,0.0007558385912393293,0.005009165984933804,0.006981898313633313,0.9808157682418823,,0.017138,-1424751.7778275632,0.8288041011111378
162,59130,151.9,-1314141.7128468594,-1353752.586230542,0.8657634493422834,56020.54646682739,890081.4803466797,40644.721046447754,127030.0,26488.173283934593,229897.34007263184,1314141.7147496939,0.31311323376078354,0.0007558385912393293,0.005009165984933804,0.006981898313633313,0.9808157682418823,,0.017138,-1424751.7778275632,0.8288041011111378
163,59495,153.2,-1292483.520630638,-1349463.3700088589,0.8962224089936034,61807.43552303314,843510.9315185547,39538.216485500336,110885.0,21334.079763412476,277215.2924346924,1292483.5202021599,0.32830413862278585,0.0007325405639628451,0.0063342713554830924,0.007918808823696485,0.9787893891334534,,0.017084000000000002,-1424751.7778275632,0.8288041011111378
164,59860,153.9,-1369796.2261642423,-1350984.3918648667,0.9212814118764172,44381.34863996506,1003216.1892089844,29733.94629573822,89010.0,15202.619647756219,232633.47492980957,1369796.2300822884,0.32830413862278585,0.0007325405639628451,0.0063342713554830924,0.007918808823696485,0.9787893891334534,,0.017084000000000002,-1424751.7778275632,0.8288041011111378
165,60225,154.5,-1323741.8249318013,-1352235.2566887564,0.8598937878869984,57366.62298488617,886551.9854736328,41148.88148403168,130995.0,28875.338792681694,236170.6184234619,1323741.824173808,0.32830413862278585,0.0007325405639628451,0.0063342713554830924,0.007918808823696485,0.9787893891334534,,0.017084000000000002,-1424751.7778275632,0.8288041011111378
166,60590,155.8,-1378964.786072113,-1355819.50416295,0.9269654618550653,40350.752908706665,1036597.4858398438,27623.23224210739,84760.0,10924.702503204346,219059.3664779663,1378964.7870631218,0.28118083273109634,0.0006016575111731838,0.004406042268352681,0.006195774792056335,0.984192967414856,,0.017030000000000003,-1424751.7778275632,0.8288041011111378
167,60955,156.5,-1224930.040882237,-1347606.3949930998,0.8844494040698221,53764.70420360565,858293.0806884766,37638.768251895905,116750.0,21136.642123244703,191111.5460205078,1224930.037084125,0.28118083273109634,0.0006016575111731838,0.004406042268352681,0.006195774792056335,0.984192967414856,,0.017030000000000003,-1424751.7778275632,0.8288041011111378
168,61320,157.1,-1277358.7422159147,-1344453.7098844058,0.8782366176174111,55246.92275905609,876108.7387695312,39307.67971801758,120795.0,21849.613372817636,219297.7165222168,1277358.7483825833,0.28118083273109634,0.0006016575111731838,0.004406042268352681,0.006195774792056335,0.984192967414856,,0.017030000000000003,-1424751.7778275632,0.8288041011111378
169,61685,158.5,-1319571.1671159277,-1344853.493204749,0.9069293254042325,52905.828939437866,906385.7645263672,34649.21353435516,101955.0,19173.690638065338,257407.49825286865,1319571.1669516563,0.29162736433117015,0.0005215456216989734,0.003333376170159777,0.006148274938919042,0.9836669564247131,,0.016976,-1424751.7778275632,0.8288041011111378
170,62050,159.2,-1350293.2419831913,-1345704.6172053304,0.9171416661510728,48414.90317153931,957010.7027587891,31894.67796230316,94800.0,21589.27076292038,244998.5895767212,1350293.2410607338,0.29162736433117015,0.0005215456216989734,0.003333376170159777,0.006148274938919042,0.9836669564247131,,0.016976,-1424751.7778275632,0.8288041011111378
171,62415,159.8,-1302655.8649545156,-1343441.3325916019,0.8842852234840393,54437.734701156616,878665.5122070312,37799.36781787872,116550.0,24559.28886461258,245081.69325637817,1302655.8621459007,0.29162736433117015,0.0005215456216989734,0.003333376170159777,0.006148274938919042,0.9836669564247131,,0.016976,-1424751.7778275632,0.8288041011111378
172,62780,161.1,-1283488.9527302124,-1337061.783140794,0.8566422557177609,54667.69283294678,869230.2530517578,39634.738985061646,132355.0,27399.797775032,214869.1665802002,1283488.9563920517,0.27759661447060735,0.0007029307863424611,0.004285310453269631,0.0060445588131092095,0.983873724937439,,0.016922,-1424751.7778275632,0.8288041011111378
173,63145,161.8,-1341427.0934219244,-1338335.3874363764,0.9203158853805229,45600.050649642944,966777.6663818359,30257.22894859314,92270.0,18801.236101150513,233320.96711730957,1341427.0985488892,0.27759661447060735,0.0007029307863424611,0.004285310453269631,0.0060445588131092095,0.983873724937439,,0.016922,-1424751.7778275632,0.8288041011111378
174,63510,163.2,-1348318.4743524098,-1334457.3463961566,0.9264149200426389,41633.66680049896,1012834.9306640625,27969.93564558029,86930.0,11740.938444137573,208842.66874694824,1348318.4735007286,0.2619873153928079,0.0006035761668356013,0.003983614747994579,0.005828253281498818,0.985306978225708,,0.016886,-1424751.7778275632,0.8288041011111378
175,63875,165.0,-1268766.6657331972,-1323240.340206054,0.8813660815970539,57154.43632698059,845241.7620849609,39788.20130729675,118840.0,21385.90806388855,243510.79124450684,1268766.662700653,0.2619873153928079,0.0006035761668356013,0.003983614747994579,0.005828253281498818,0.985306978225708,,0.016886,-1418642.8812563522,0.8325304025656557
176,64240,165.6,-1317896.089346911,-1320877.083837552,0.8572440418478561,59532.32424736023,870697.5811767578,42494.66695690155,130755.0,27659.576736211777,246289.26336669922,1317896.0882365704,0.2619873153928079,0.0006035761668356013,0.003983614747994579,0.005828253281498818,0.985306978225708,,0.016886,-1418642.8812563522,0.8325304025656557
177,64605,167.0,-1299093.4341622042,-1320494.7953708179,0.900881301540218,58205.47599411011,856760.6307373047,37428.26852226257,107405.0,22190.628462314606,275308.90591812134,1299093.4336400032,0.2973089547533738,0.0005196774641980914,0.0035954525703441745,0.007325200541680188,0.9800936579704285,,0.016832000000000003,-1418642.8812563522,0.8325304025656557
178,64970,167.7,-1301455.8349289293,-1320179.7986451671,0.8539657940603282,66722.2276687622,856886.181640625,46037.91034889221,134070.0,25004.427545547485,239457.30950927734,1301455.829044342,0.2973089547533738,0.0005196774641980914,0.0035954525703441745,0.007325200541680188,0.9800936579704285,,0.016832000000000003,-1418642.8812563522,0.8325304025656557
179,65335,168.3,-1305773.613483336,-1318692.7221152193,0.9110812149635733,52134.035860061646,906762.6456298828,34185.52986049652,100010.0,12859.724720954895,251955.71111297607,1305773.6113243103,0.2973089547533738,0.0005196774641980914,0.0035954525703441745,0.007325200541680188,0.9800936579704285,,0.016832000000000003,-1418642.8812563522,0.8325304025656557
180,65700,169.6,-1260625.9811925304,-1317147.9693977202,0.881792834523606,58377.81784725189,843298.8048095703,40354.28378248215,117585.0,15465.282448291779,243922.6108894348,1260625.981929779,0.2938134650650777,0.0006563288808664717,0.0034672251969919002,0.007125158873876851,0.9805595874786377,,0.016778,-1418642.8812563522,0.8325304025656557
181,66065,170.3,-1385809.5918294648,-1313329.6429489278,0.8474909966939116,76885.06869506836,833977.9328613281,51446.293281555176,136215.0,30039.753884077072,334130.6130218506,1385809.593048811,0.2938134650650777,0.0006563288808664717,0.0034672251969919002,0.007125158873876851,0.9805595874786377,,0.016778,-1418642.8812563522,0.8325304025656557
182,66430,171.0,-1270076.7116569486,-1311126.3928894321,0.89354616109639,60731.954785346985,827118.0089111328,39499.027972221375,111635.0,17448.245113372803,274376.43296051025,1270076.7149572372,0.2938134650650777,0.0006563288808664717,0.0034672251969919002,0.007125158873876851,0.9805595874786377,,0.016778,-1418642.8812563522,0.8325304025656557
183,66795,172.3,-1272546.4104951483,-1310129.5373826579,0.8858428234923376,59803.98188018799,826794.8118896484,40190.911231040955,115820.0,13168.589628100395,276572.0944824219,1272546.4072312117,0.3016551329117072,0.0006749446151125563,0.0049232349081553125,0.0077214447573121445,0.9790546298027039,,0.016724000000000003,-1418642.8812563522,0.8325304025656557
184,67160,173.0,-1274496.9543184014,-1305364.5737903656,0.8776925469098026,58962.471101760864,827344.4985351562,40972.61564159393,120785.0,16649.287815093994,268745.55586242676,1274496.957854271,0.3016551329117072,0.0006749446151125563,0.0049232349081553125,0.0077214447573121445,0.9790546298027039,,0.016724000000000003,-1418642.8812563522,0.8325304025656557
185,67525,173.6,-1268252.7893723994,-1302590.1220123956,0.8825461098592575,57551.568155288696,835442.1185302734,39488.37033557892,117330.0,14399.221706271113,261593.0819091797,1268252.7924813032,0.3016551329117072,0.0006749446151125563,0.0049232349081553125,0.0077214447573121445,0.9790546298027039,,0.016724000000000003,-1418642.8812563522,0.8325304025656557
186,67890,174.9,-1254224.9506483162,-1296353.1302412057,0.8564662858231427,61443.79971122742,813704.5057373047,43300.04036140442,131835.0,10551.401944160461,254833.99639892578,1254224.9444417953,0.2992884269670436,0.0006543190316542199,0.0033558628025562747,0.006813092414583815,0.9806907176971436,,0.01667,-1418642.8812563522,0.8325304025656557
187,68255,175.6,-1373331.6692950549,-1303773.2116618468,0.9194107717030668,48119.55320453644,968583.3480224609,31739.92430496216,89355.0,6288.2088050842285,277365.1918182373,1373331.6729507446,0.2992884269670436,0.0006543190316542199,0.0033558628025562747,0.006813092414583815,0.9806907176971436,,0.01667,-1418642.8812563522,0.8325304025656557
188,68620,176.9,-1380837.8747861565,-1308947.168290359,0.8441833791667468,77999.30915260315,813197.5323486328,52277.68031692505,136005.0,25474.73305517435,353882.92025756836,1380837.8659783006,0.28790892150841263,0.0005941442250332329,0.0045888800431337015,0.00795785349940783,0.978769838809967,,0.016634000000000003,-1418642.8812563522,0.8325304025656557
189,68985,177.6,-1315763.870585505,-1308756.8034638376,0.9126165664359315,50535.02231311798,918339.6580810547,33188.420241355896,97645.0,10122.65447306633,256468.14065551758,1315763.8734509945,0.28790892150841263,0.0005941442250332329,0.0045888800431337015,0.00795785349940783,0.978769838809967,,0.016634000000000003,-1418642.8812563522,0.8325304025656557
190,69350,178.2,-1274605.2033003913,-1304972.4015296977,0.9039788030598261,55389.43486022949,858301.4320068359,36118.099142074585,104900.0,12097.644163250923,263188.02506256104,1274605.2003747225,0.28790892150841263,0.0005941442250332329,0.0045888800431337015,0.00795785349940783,0.978769838809967,,0.016634000000000003,-1418642.8812563522,0.8325304025656557
191,69715,179.5,-1331075.9712948846,-1306393.4068467163,0.9102611349053579,54399.58566379547,899088.5639648438,35314.089943408966,97565.0,13073.53484916687,286034.775970459,1331075.9647278786,0.24470887921358409,0.0006088404713744623,0.004256934466722764,0.006522059667316314,0.9838153123855591,,0.016580000000000004,-1418642.8812563522,0.8325304025656557
192,70080,180.2,-1322317.1343714178,-1308334.8159287765,0.9099812737882954,55712.07606506348,882250.6962890625,36073.39196777344,98530.0,9236.974801063538,296226.07038116455,1322317.133439064,0.24470887921358409,0.0006088404713744623,0.004256934466722764,0.006522059667316314,0.9838153123855591,,0.016580000000000004,-1418642.8812563522,0.8325304025656557
193,70445,180.9,-1371455.3777640087,-1309836.2301458807,0.9248505899350937,43499.78168487549,996834.4230957031,29096.53388118744,85180.0,11638.70775604248,248705.70984649658,1371455.3745794296,0.24470887921358409,0.0006088404713744623,0.004256934466722764,0.006522059667316314,0.9838153123855591,,0.016580000000000004,-1418642.8812563522,0.8325304025656557
194,70810,182.2,-1381485.2350398533,-1311494.568180253,0.9256662107493779,42361.659423828125,1011473.0051269531,28711.56899380684,84230.0,7840.3328367471695,249230.32876586914,1381485.2357233763,0.225489476205487,0.000491228998390924,0.0035341497124662916,0.005663777664793949,0.986259400844574,,0.016526,-1418642.8812563522,0.8325304025656557
195,71175,182.9,-1292688.726456959,-1312690.671216441,0.8966350527658854,63021.9653301239,821366.0789794922,40194.31629943848,107550.0,15479.51876527071,308098.8140258789,1292688.7280700803,0.225489476205487,0.000491228998390924,0.0035341497124662916,0.005663777664793949,0.986259400844574,,0.016526,-1418642.8812563522,0.8325304025656557
196,71540,183.5,-1265363.967058518,-1310064.0651020212,0.8611441501199383,59271.090284347534,850141.7395019531,42344.298597335815,128060.0,13885.212151527405,230932.71534729004,1265363.9655981064,0.225489476205487,0.000491228998390924,0.0035341497124662916,0.005663777664793949,0.986259400844574,,0.016526,-1418642.8812563522,0.8325304025656557
197,71905,184.8,-1230530.3635094757,-1306635.9115693849,0.8878511681948622,58640.99886894226,826413.3446044922,39364.12665081024,113965.0,12357.12799680233,238430.76760864258,1230530.3668607473,0.27120091609264674,0.0005152432820882256,0.003304732477868368,0.00733602462385438,0.9803260564804077,,0.016472,-1418642.8812563522,0.8325304025656557
198,72270,185.5,-1259988.4729110976,-1304562.5434684935,0.8645470588174585,56958.257024765015,853602.0881347656,41124.39137840271,127570.0,15908.109753847122,221783.88319396973,1259988.4724609852,0.27120091609264674,0.0005152432820882256,0.003304732477868368,0.00733602462385438,0.9803260564804077,,0.016472,-1418642.8812563522,0.8325304025656557
199,72635,186.1,-1387696.9372545958,-1308658.7096570565,0.8457453820803394,78148.07161521912,811162.6906738281,52037.75846672058,138505.0,27255.084483146667,358736.4077644348,1387696.9413881302,0.27120091609264674,0.0005152432820882256,0.003304732477868368,0.00733602462385438,0.9803260564804077,,0.016472,-1418642.8812563522,0.8325304025656557
200,73000,188.6,-1291663.7760203632,-1310210.5993984481,0.9110021765917948,55205.2742729187,871131.0446777344,35781.512724876404,99390.0,7429.506532669067,277931.7091217041,1291663.773056984,0.30073748489743785,0.0007844794631876683,0.007279780907801499,0.008482097592940064,0.9770286083221436,,0.016418000000000002,-1393404.416149163,0.8334489921184436
201,73365,189.2,-1308145.9922118317,-1306327.4194175664,0.9056263415780786,57719.56763458252,863722.9666748047,37340.52448272705,101870.0,9143.459800958633,296069.03982543945,1308145.9907839298,0.30073748489743785,0.0007844794631876683,0.007279780907801499,0.008482097592940064,0.9770286083221436,,0.016418000000000002,-1393404.416149163,0.8334489921184436
202,73730,190.6,-1441477.7252782283,-1314897.4700986303,0.8399625644291917,81414.29932975769,847288.8776855469,53432.372133255005,140725.0,22131.94094324112,377899.5333404541,1441477.724102497,0.2788403524379981,0.0005899311782310466,0.0033157080975606255,0.008335196419226887,0.9783191680908203,,0.016382,-1393404.416149163,0.8334489921184436
203,74095,191.2,-1324502.387364375,-1317495.2689420918,0.9211641329608552,48230.240651130676,941269.0347900391,31612.362289905548,91200.0,6072.226798534393,254348.76360321045,1324502.3874816895,0.2788403524379981,0.0005899311782310466,0.0033157080975606255,0.008335196419226887,0.9783191680908203,,0.016382,-1393404.416149163,0.8334489921184436
204,74460,192.0,-1246852.8068820233,-1316113.0615702728,0.8789202340661663,58062.23986816406,822885.2573242188,40645.8046503067,120105.0,11813.056265830994,251403.68618011475,1246852.8044204712,0.2788403524379981,0.0005899311782310466,0.0033157080975606255,0.008335196419226887,0.9783191680908203,,0.016382,-1393404.416149163,0.8334489921184436
205,74825,193.3,-1252734.9570844444,-1315337.1699558753,0.8742505517724443,56303.874552726746,842463.1844482422,40546.848779678345,122865.0,10951.175423026085,235908.7509765625,1252734.9596275091,0.2695391021276775,0.0004982144577967885,0.0034003006868787403,0.006836084379373412,0.9817697405815125,,0.016328000000000002,-1393404.416149163,0.8334489921184436
206,75190,194.0,-1277641.1654607707,-1316507.9806964977,0.9045418442112125,58300.06261634827,841328.9505615234,37626.32119214535,106460.0,10290.793754577637,281935.1089935303,1277641.1745017767,0.2695391021276775,0.0004982144577967885,0.0034003006868787403,0.006836084379373412,0.9817697405815125,,0.016328000000000002,-1393404.416149163,0.8334489921184436
207,75555,194.7,-1359442.5505006197,-1315813.524756776,0.9272891862751687,41408.95450592041,1012140.8944091797,28511.095263004303,85680.0,2153.0915052890778,230957.46534729004,1359442.546524763,0.2695391021276775,0.0004982144577967885,0.0034003006868787403,0.006836084379373412,0.9817697405815125,,0.016328000000000002,-1393404.416149163,0.8334489921184436
208,75920,196.0,-1261295.145766434,-1309836.3883057896,0.8676632902393603,58067.95133113861,834724.6024169922,41763.826603889465,126695.0,15017.298883616924,243094.41807937622,1261295.1459838748,0.2512963131854409,0.0007286680943491918,0.005853753353125955,0.006546999278821443,0.9833460450172424,,0.016274000000000004,-1393404.416149163,0.8334489921184436
209,76285,196.7,-1326720.6268087425,-1310384.2261169518,0.851435836700544,70889.56364631653,838435.8382568359,48443.494775772095,133950.0,16046.080124378204,289845.21531677246,1326720.6284737587,0.2512963131854409,0.0007286680943491918,0.005853753353125955,0.006546999278821443,0.9833460450172424,,0.016274000000000004,-1393404.416149163,0.8334489921184436
210,76650,197.4,-1293259.2161236093,-1311316.9267581129,0.8525807517848603,65714.55072021484,833766.9963378906,45882.8080701828,133155.0,13332.133779525757,267122.2814254761,1293259.2196130753,0.2512963131854409,0.0007286680943491918,0.005853753353125955,0.006546999278821443,0.9833460450172424,,0.016274000000000004,-1393404.416149163,0.8334489921184436
211,77015,198.7,-1261748.2159941057,-1307850.5389930739,0.8555864017303676,62020.60619926453,809090.0601806641,43882.22034072876,131305.0,9245.383066773415,268225.55349731445,1261748.2170854807,0.30365303237187236,0.0006761597907921226,0.00542623955162095,0.008710469143759263,0.9741142392158508,,0.016220000000000002,-1393404.416149163,0.8334489921184436
212,77380,199.3,-1279637.2043573284,-1305716.5424923694,0.884378328225384,62342.346338272095,811126.0972900391,41836.349447250366,115195.0,7171.855941772461,304307.90406799316,1279637.206747055,0.30365303237187236,0.0006761597907921226,0.00542623955162095,0.008710469143759263,0.9741142392158508,,0.016220000000000002,-1393404.416149163,0.8334489921184436
213,77745,200.0,-1367744.3339311644,-1305530.990300727,0.9202076746992869,48780.81297206879,958560.2033691406,32259.68727493286,88460.0,4948.556964874268,283515.88890075684,1367744.3365097046,0.30365303237187236,0.0006761597907921226,0.00542623955162095,0.008710469143759263,0.9741142392158508,,0.016220000000000002,-1393404.416149163,0.8334489921184436
214,78110,201.4,-1381411.2886348958,-1305527.292980479,0.91854672105345,50925.72763252258,939033.1409912109,33467.0141582489,90000.0,8571.73086643216,310339.4018859863,1381411.2879018784,0.2602540415368582,0.0006086490249895417,0.004688999111653845,0.006897825563914682,0.9816457033157349,,0.016166,-1393404.416149163,0.8334489921184436
215,78475,202.1,-1324670.7223875178,-1307126.392777007,0.8456435543217071,76438.70809364319,802449.0472412109,51681.2157535553,133650.0,19374.131163507584,317516.32905578613,1324670.72321406,0.2602540415368582,0.0006086490249895417,0.004688999111653845,0.006897825563914682,0.9816457033157349,,0.016166,-1393404.416149163,0.8334489921184436
216,78840,202.7,-1388780.05504732,-1313297.197176447,0.9239140183958289,44358.47865104675,998374.3382568359,30195.553815364838,84210.0,4429.290527820587,271570.87310791016,1388780.0557079315,0.2602540415368582,0.0006086490249895417,0.004688999111653845,0.006897825563914682,0.9816457033157349,,0.016166,-1393404.416149163,0.8334489921184436
217,79205,204.1,-1198115.6630544602,-1311676.4621536965,0.878060425797554,57755.182832717896,798335.5808105469,40667.15135574341,119870.0,10381.714029341936,228861.21517181396,1198115.6613674462,0.24890458289729922,0.0006373155985401306,0.004352502661947112,0.007593578579345424,0.9811083674430847,,0.016112,-1393404.416149163,0.8334489921184436
218,79570,204.8,-1240047.4040445094,-1310679.4087103668,0.8883597000004494,60424.46833610535,797226.4029541016,40218.33814716339,114950.0,12567.604749202728,275085.0584411621,1240047.4042916298,0.24890458289729922,0.0006373155985401306,0.004352502661947112,0.007593578579345424,0.9811083674430847,,0.016112,-1393404.416149163,0.8334489921184436
219,79935,206.2,-1259292.3169225776,-1304259.177693766,0.8500751416977138,69884.38700294495,802409.5798339844,48161.28737449646,133940.0,10497.192050933838,264284.25842285156,1259292.3176822662,0.28267859196976614,0.0005391914664869546,0.0037831088963062747,0.007239785394631326,0.9789894223213196,,0.016076,-1393404.416149163,0.8334489921184436
220,80300,206.9,-1238956.322687695,-1301623.8050271326,0.8596899248149297,58490.26852226257,827214.3597412109,42231.18454551697,129435.0,14681.235082030296,225394.5442047119,1238956.32357347,0.28267859196976614,0.0005391914664869546,0.0037831088963062747,0.007239785394631326,0.9789894223213196,,0.016076,-1393404.416149163,0.8334489921184436
221,80665,207.6,-1246801.1236341028,-1298556.5615982465,0.8661760795606326,57102.20001792908,839651.890625,41695.71411323547,126585.0,8456.017223834991,230412.50247955322,1246801.1244416237,0.28267859196976614,0.0005391914664869546,0.0037831088963062747,0.007239785394631326,0.9789894223213196,,0.016076,-1393404.416149163,0.8334489921184436
222,81030,209.1,-1267593.5874005076,-1289862.3547043602,0.8991589376371201,60281.97289276123,818249.2907714844,38872.96581411362,107690.0,9307.649442434311,293473.6834716797,1267593.589499712,0.28267180135375575,0.0005704191795111432,0.0036811159404207595,0.008511467916449826,0.9764200448989868,,0.016022,-1393404.416149163,0.8334489921184436
223,81395,209.7,-1293740.018184253,-1288324.2362453542,0.9059457736472561,56958.382060050964,859685.2448730469,37210.89324951172,101770.0,9966.667982578278,285107.2103881836,1293740.0164933205,0.28267180135375575,0.0005704191795111432,0.0036811159404207595,0.008511467916449826,0.9764200448989868,,0.016022,-1393404.416149163,0.8334489921184436
224,81760,210.4,-1432318.2611842991,-1297597.5089604678,0.8427495500812792,80648.47397994995,815319.2277832031,53607.148067474365,138695.0,33446.32835435867,391250.5583496094,1432318.2625546455,0.28267180135375575,0.0005704191795111432,0.0036811159404207595,0.008511467916449826,0.9764200448989868,,0.016022,-1393404.416149163,0.8334489921184436
225,82125,213.0,-1271148.8104633023,-1298518.2016294105,0.896525912252191,61744.35186004639,809083.5645751953,39628.93082237244,107655.0,10386.543438911438,304394.76834106445,1271148.8071775436,0.2679155770885317,0.0005626938760351072,0.004263091507661892,0.00833144856886448,0.9778371453285217,,0.015968000000000003,-1372655.0952246152,0.8295602675986616
226,82490,213.7,-1386659.2314319178,-1303969.1049279678,0.8408823506472862,79770.47872161865,812292.5748291016,53208.67749214172,138295.0,20451.859965324402,362411.1187400818,1386659.2310266495,0.2679155770885317,0.0005626938760351072,0.004263091507661892,0.00833144856886448,0.9778371453285217,,0.015968000000000003,-1372655.0952246152,0.8295602675986616
227,82855,214.4,-1261929.4419265538,-1299093.4494992648,0.8506505740831976,68668.85645198822,807119.8363037109,47382.210372924805,133260.0,10065.443426132202,264101.9474182129,1261929.4375209808,0.2679155770885317,0.0005626938760351072,0.004263091507661892,0.00833144856886448,0.9778371453285217,,0.015968000000000003,-1372655.0952246152,0.8295602675986616
228,83220,215.9,-1217435.0686557766,-1296900.4456437319,0.8728122036751003,58322.02359390259,802511.0073242188,41595.33758735657,121640.0,11346.584429502473,240342.14052200317,1217435.069863081,0.30257784614437505,0.0007616452280911433,0.00558605529429195,0.00956307697158895,0.9730767607688904,,0.015914000000000005,-1372655.0952246152,0.8295602675986616
229,83585,216.5,-1270297.8416564548,-1294079.3063861174,0.9100893461540954,52227.8531627655,876014.5729980469,34394.922514915466,96885.0,5923.601585626602,257079.7421875,1270297.839286089,0.30257784614437505,0.0007616452280911433,0.00558605529429195,0.00956307697158895,0.9730767607688904,,0.015914000000000005,-1372655.0952246152,0.8295602675986616
230,83950,217.2,-1362272.8612296726,-1297529.9886414208,0.8465455618623184,80247.73302865028,799925.0428466797,53270.129943847656,135775.0,17895.586524009705,355407.1029510498,1362272.8622655869,0.30257784614437505,0.0007616452280911433,0.00558605529429195,0.00956307697158895,0.9730767607688904,,0.015914000000000005,-1372655.0952246152,0.8295602675986616
231,84315,218.5,-1231146.922766308,-1295999.923980031,0.8839475425955368,60314.48770427704,800856.0875244141,40606.739124298096,114815.0,7766.3969757556915,267102.69118499756,1231146.9148094654,0.2693300309934114,0.0007306267233089832,0.006488197732802578,0.008018973160927234,0.9786269664764404,,0.015860000000000003,-1372655.0952246152,0.8295602675986616
232,84680,219.2,-1251423.9491321812,-1294589.2612187737,0.862851851933623,60450.71176195145,815298.3218994141,43567.851900577545,125450.0,8228.288448810577,258879.48721313477,1251423.949461937,0.2693300309934114,0.0007306267233089832,0.006488197732802578,0.008018973160927234,0.9786269664764404,,0.015860000000000003,-1372655.0952246152,0.8295602675986616
233,85045,220.6,-1327058.0680311206,-1292554.9479237713,0.8467423832579835,75431.19140434265,806080.9549560547,51052.19848823547,134115.0,19564.062705039978,316245.8542327881,1327058.0703821182,0.28742813436608566,0.0006518301788673853,0.005191200664021859,0.008190440681861028,0.9762657880783081,,0.015824,-1372655.0952246152,0.8295602675986616
234,85410,221.3,-1311545.9051888818,-1289061.6787514708,0.8493016763909222,76745.83897781372,797059.23046875,51492.56516647339,136210.0,16632.478390693665,310151.6287841797,1311545.9028100967,0.28742813436608566,0.0006518301788673853,0.005191200664021859,0.008190440681861028,0.9762657880783081,,0.015824,-1372655.0952246152,0.8295602675986616
235,85775,222.1,-1273565.462927858,-1286506.4157784875,0.89371598909979,64106.33546066284,790132.6611328125,41176.391406059265,112265.0,10498.489120483398,319492.92599487305,1273565.4676542282,0.28742813436608566,0.0006518301788673853,0.005191200664021859,0.008190440681861028,0.9762657880783081,,0.015824,-1372655.0952246152,0.8295602675986616
236,86140,223.5,-1233756.916467555,-1278755.2588494993,0.8672371229080305,57819.50016593933,827151.5303955078,41477.29066848755,123905.0,9606.278267860413,231616.81619262695,1233756.9155244827,0.28112981507652685,0.0007315684507423276,0.004145572066160017,0.009008044916156092,0.9757024645805359,,0.01577,-1372655.0952246152,0.8295602675986616
237,86505,224.2,-1244129.1934211254,-1281055.9353678324,0.9035706967523653,56706.430128097534,834592.9147949219,36928.62265968323,103760.0,8882.193399429321,259965.46296691895,1244129.1938209534,0.28112981507652685,0.0007315684507423276,0.004145572066160017,0.009008044916156092,0.9757024645805359,,0.01577,-1372655.0952246152,0.8295602675986616
238,86870,224.8,-1265904.8494108939,-1282348.807636152,0.8752840251138766,58131.28172492981,824116.68359375,40906.636390686035,119795.0,10246.832713842392,270839.69522094727,1265904.8479192257,0.28112981507652685,0.0007315684507423276,0.004145572066160017,0.009008044916156092,0.9757024645805359,,0.01577,-1372655.0952246152,0.8295602675986616
239,87235,226.2,-1232474.6490319627,-1281007.9242416213,0.8535185924948079,59906.334005355835,815877.3753662109,42770.93355560303,132750.0,8120.822526931763,232955.51906585693,1232474.6505146027,0.2664275463474424,0.0005074058810925252,0.004136470330290888,0.007627765053736144,0.978251039981842,,0.015716,-1372655.0952246152,0.8295602675986616
240,87600,226.9,-1232101.284422838,-1280665.1723283783,0.8703882963690039,55760.88187980652,842271.2646484375,40402.54323577881,123710.0,10584.305356234312,215133.17001342773,1232101.2832538784,0.2664275463474424,0.0005074058810925252,0.004136470330290888,0.007627765053736144,0.978251039981842,,0.015716,-1372655.0952246152,0.8295602675986616
241,87965,227.6,-1353023.3466515744,-1285976.283479252,0.8448705542577456,76416.29689598083,812464.9050292969,50899.91727924347,141240.0,25772.881143569946,322645.64893341064,1353023.352385521,0.2664275463474424,0.0005074058810925252,0.004136470330290888,0.007627765053736144,0.978251039981842,,0.015716,-1372655.0952246152,0.8295602675986616
242,88330,228.9,-1228141.3401115905,-1284003.6711148059,0.8549547317909868,59082.161962509155,811069.6948242188,42277.02784538269,132800.0,8509.696550369263,233484.9181137085,1228141.3373336792,0.30022002207605464,0.0007483422345773617,0.004222669107165481,0.009150906809066472,0.9740046262741089,,0.015662000000000002,-1372655.0952246152,0.8295602675986616
243,88695,229.5,-1229207.837814983,-1280777.0620963424,0.8759185129649019,56352.00404071808,820266.8402099609,40348.63101649284,121980.0,9738.710507445037,236873.64791488647,1229207.8296487853,0.30022002207605464,0.0007483422345773617,0.004222669107165481,0.009150906809066472,0.9740046262741089,,0.015662000000000002,-1372655.0952246152,0.8295602675986616
244,89060,230.2,-1225752.931362277,-1270448.795605241,0.8757443001825516,56324.45177459717,816423.0173339844,39742.06416797638,120200.0,7878.305011749268,241509.5503692627,1225752.9368829727,0.30022002207605464,0.0007483422345773617,0.004222669107165481,0.009150906809066472,0.9740046262741089,,0.015662000000000002,-1372655.0952246152,0.8295602675986616
245,89425,231.5,-1244351.6468148697,-1269108.9374228194,0.8545771861729556,58824.93004608154,815612.7239990234,42335.38842964172,133555.0,7248.642885684967,245599.8898010254,1244351.6451153755,0.28642775941836207,0.0004921832298446373,0.0031639233010968097,0.007992811133398822,0.9768678545951843,,0.015608000000000002,-1372655.0952246152,0.8295602675986616
246,89790,232.2,-1226548.5182945929,-1261103.4017659533,0.8832778238270381,54387.16326522827,816965.1728515625,38181.971400260925,118845.0,12179.63048863411,240376.7473297119,1226548.5220701694,0.28642775941836207,0.0004921832298446373,0.0031639233010968097,0.007992811133398822,0.9768678545951843,,0.015608000000000002,-1372655.0952246152,0.8295602675986616
247,90155,233.5,-1369913.9895065574,-1266502.6291449533,0.8469708643547477,77664.9912776947,810465.4305419922,51824.15714263916,138575.0,20334.59936416149,348714.79902648926,1369913.986075282,0.286052957569298,0.0006989534639088609,0.004196702398506827,0.0080288587701752,0.9765836596488953,,0.015572000000000003,-1372655.0952246152,0.8295602675986616
248,90520,234.2,-1235298.6950623058,-1267395.81046528,0.888501454542761,58647.26045513153,792034.0672607422,39242.74351119995,115015.0,10738.048315763474,278268.8366880417,1235298.6957757473,0.286052957569298,0.0006989534639088609,0.004196702398506827,0.0080288587701752,0.9765836596488953,,0.015572000000000003,-1372655.0952246152,0.8295602675986616
249,90885,234.8,-1293773.4357126807,-1268569.5901680912,0.9059239816992251,56442.026708602905,853612.7204589844,36719.539006233215,102895.0,8460.99718093872,292085.1746749878,1293773.431321144,0.286052957569298,0.0006989534639088609,0.004196702398506827,0.0080288587701752,0.9765836596488953,,0.015572000000000003,-1372655.0952246152,0.8295602675986616
250,91250,237.3,-1229298.7379286399,-1261920.88400304,0.865440367509241,57010.55347633362,818330.2917480469,41609.122676849365,125560.0,12354.049649238586,231445.2769317627,1229298.7410058975,0.2588633967465476,0.0005558637518621062,0.00349372730737454,0.007390967809203032,0.9794826507568359,,0.015518000000000002,-1363198.6342640491,0.8330372410277798
251,91615,238.0,-1210984.0197105226,-1260912.7388502504,0.8950919879625922,59687.20547103882,797803.1447753906,38781.868988990784,112490.0,6386.151435375214,255522.85578918457,1210984.0209889412,0.2588633967465476,0.0005558637518621062,0.00349372730737454,0.007390967809203032,0.9794826507568359,,0.015518000000000002,-1363198.6342640491,0.8330372410277798
252,91980,238.7,-1242163.8436782032,-1260449.7335775516,0.8681930602413335,55285.38876724243,842223.7104492188,40531.424169540405,125155.0,11608.678290843964,222645.03204345703,1242163.8449530602,0.2588633967465476,0.0005558637518621062,0.00349372730737454,0.007390967809203032,0.9794826507568359,,0.015518000000000002,-1363198.6342640491,0.8330372410277798
253,92345,240.0,-1256875.1222904376,-1256940.5862905174,0.8600590531140158,57353.24282836914,846330.6535644531,41209.81457614899,131650.0,11776.3697758317,225908.2882118225,1256875.1261282563,0.27007271937633814,0.0005707742476308914,0.0035397713700628004,0.008005957603209504,0.9769986867904663,,0.015464000000000002,-1363198.6342640491,0.8330372410277798
254,92710,240.7,-1346214.4486958142,-1258674.013465864,0.9232624614075439,45045.349769592285,975292.3641357422,29982.218010902405,89950.0,6429.808811068535,244560.0601425171,1346214.4511002302,0.27007271937633814,0.0005707742476308914,0.0035397713700628004,0.008005957603209504,0.9769986867904663,,0.015464000000000002,-1363198.6342640491,0.8330372410277798
255,93075,241.3,-1242531.6801018687,-1257122.3243245645,0.9011447563563307,58103.34860897064,822031.7712402344,37611.3834028244,109465.0,8954.850775957108,264468.67390441895,1242531.6793234348,0.27007271937633814,0.0005707742476308914,0.0035397713700628004,0.008005957603209504,0.9769986867904663,,0.015464000000000002,-1363198.6342640491,0.8330372410277798
256,93440,242.6,-1375781.0716529987,-1264223.5320838366,0.845573655546528,74338.53360176086,827432.8995361328,49775.692138671875,141660.0,25756.114924907684,331156.3659667969,1375781.0725665092,0.24213246314933426,0.0005870188975486121,0.004191080731336689,0.0074485028285141055,0.9795557856559753,,0.015410000000000002,-1363198.6342640491,0.8330372410277798
257,93805,243.3,-1342764.6053965576,-1269155.3026826081,0.8484585908994283,74343.88613128662,830995.4854736328,50134.72665977478,138175.0,22782.143531799316,300677.2524719238,1342764.6081371307,0.24213246314933426,0.0005870188975486121,0.004191080731336689,0.0074485028285141055,0.9795557856559753,,0.015410000000000002,-1363198.6342640491,0.8330372410277798
258,94170,243.9,-1285751.0222919425,-1270147.6113266607,0.9165520617406662,47789.69368171692,922399.9125976562,31674.02370095253,95860.0,7236.223927915096,228580.86293029785,1285751.0231568217,0.24213246314933426,0.0005870188975486121,0.004191080731336689,0.0074485028285141055,0.9795557856559753,,0.015410000000000002,-1363198.6342640491,0.8330372410277798
259,94535,245.3,-1386482.0852824918,-1277847.9831391873,0.8449762795069446,74921.51517295837,817528.5086669922,50047.98952102661,140810.0,26149.44727641344,351946.13651275635,1386482.0819771886,0.26671483563749415,0.0005783378646810888,0.004623680798287846,0.009143278737993617,0.9752351641654968,,0.015356000000000002,-1363198.6342640491,0.8330372410277798
260,94900,245.9,-1193197.0081586475,-1275902.7693259777,0.8839995692854058,55374.2568693161,826851.6732177734,38549.79295825958,118740.0,7129.1306619644165,201926.40703582764,1193197.003873825,0.26671483563749415,0.0005783378646810888,0.004623680798287846,0.009143278737993617,0.9752351641654968,,0.015356000000000002,-1363198.6342640491,0.8330372410277798
261,95265,247.2,-1286865.1995220052,-1272594.8619694994,0.9214968519668056,42646.25598526001,953774.0372314453,28907.10903120041,89935.0,4827.6821808815,209421.371383667,1286865.1998271942,0.2490328789541596,0.0006830317522000865,0.005692599114569786,0.007795331717811917,0.9794229865074158,,0.015320000000000002,-1363198.6342640491,0.8330372410277798
262,95630,247.9,-1214933.4814488126,-1271934.4690363607,0.8807985529507676,52532.52652168274,839500.1546630859,37612.16580295563,120020.0,10852.003616333008,206949.15521240234,1214933.479294777,0.2490328789541596,0.0006830317522000865,0.005692599114569786,0.007795331717811917,0.9794229865074158,,0.015320000000000002,-1363198.6342640491,0.8330372410277798
263,95995,248.5,-1249128.4192217595,-1272930.498106699,0.8630798597858377,55133.07162952423,850033.0675048828,40137.28771018982,129495.0,10240.687162399292,219222.37522888184,1249128.4176063538,0.2490328789541596,0.0006830317522000865,0.005692599114569786,0.007795331717811917,0.9794229865074158,,0.015320000000000002,-1363198.6342640491,0.8330372410277798
264,96360,249.9,-1211406.6274841982,-1272213.1829127953,0.8648913225082502,55111.90866279602,829670.3238525391,40271.03550052643,128215.0,12119.228664636612,201131.03733825684,1211406.625355959,0.2676975958441433,0.0005516965346415466,0.0032391464552155845,0.007921455287080454,0.9769145250320435,,0.015266000000000002,-1363198.6342640491,0.8330372410277798
265,96725,250.5,-1291171.7153061272,-1274554.1863373583,0.8507749325608553,69477.34552669525,820173.2646484375,47779.54138469696,134440.0,13192.24432182312,275586.6613769531,1291171.7117319107,0.2676975958441433,0.0005516965346415466,0.0032391464552155845,0.007921455287080454,0.9769145250320435,,0.015266000000000002,-1363198.6342640491,0.8330372410277798
266,97090,251.1,-1245646.83318056,-1275509.1020816567,0.8756010669551484,55427.301553726196,839448.2661132812,39963.98110675812,122005.0,9268.799216270447,234960.78775024414,1245646.834186554,0.2676975958441433,0.0005516965346415466,0.0032391464552155845,0.007921455287080454,0.9769145250320435,,0.015266000000000002,-1363198.6342640491,0.8330372410277798
267,97455,252.4,-1235738.995920936,-1268800.3524023755,0.8576725466610634,58183.29138469696,819747.0982666016,41610.42323875427,132840.0,8088.004444122314,233453.46913146973,1235738.9950809479,0.2746632361882611,0.0005584675058056938,0.00391722562658527,0.008815540711542494,0.9752768874168396,,0.015212000000000002,-1363198.6342640491,0.8330372410277798
268,97820,253.1,-1251486.5292416038,-1269609.7441113405,0.8776641207198574,55604.3979473114,831822.1114501953,39318.25500392914,121280.0,9678.958078742027,249387.2093849182,1251486.5339177847,0.2746632361882611,0.0005584675058056938,0.00391722562658527,0.008815540711542494,0.9752768874168396,,0.015212000000000002,-1363198.6342640491,0.8330372410277798
269,98185,253.8,-1416969.4280437245,-1275769.5437278927,0.8398873484297974,76309.56208610535,846029.5461425781,50750.15932846069,142645.0,21113.97631122172,356430.7424621582,1416969.4242444187,0.2746632361882611,0.0005584675058056938,0.00391722562658527,0.008815540711542494,0.9752768874168396,,0.015212000000000002,-1363198.6342640491,0.8330372410277798
270,98550,255.1,-1216043.941437577,-1275106.8039033392,0.8694948980253037,53763.62146949768,845314.7828369141,39370.457381248474,124590.0,8279.742283821091,198488.95962524414,1216043.9421272278,0.2782386349220025,0.000661896926383059,0.00401841548859681,0.00992579886836833,0.9728449583053589,,0.015158000000000001,-1363198.6342640491,0.8330372410277798
271,98915,255.7,-1216000.959486174,-1275357.650892122,0.8781671096200813,52205.44870471954,833593.0590820312,37598.991629600525,121025.0,9174.15956234932,214609.74844932556,1216000.9587233067,0.2782386349220025,0.000661896926383059,0.00401841548859681,0.00992579886836833,0.9728449583053589,,0.015158000000000001,-1363198.6342640491,0.8330372410277798
272,99280,256.4,-1204892.8138038523,-1273494.0993984044,0.8822201846397086,51226.51482772827,842029.2137451172,36884.4714050293,119155.0,10079.590853452682,196744.5368642807,1204892.8128678799,0.2782386349220025,0.000661896926383059,0.00401841548859681,0.00992579886836833,0.9728449583053589,,0.015158000000000001,-1363198.6342640491,0.8330372410277798
273,99645,257.7,-1235389.7142271409,-1272419.8289952395,0.8619234023028857,55682.2364654541,835491.9409179688,40507.29814720154,130205.0,10724.796375751495,218460.68005371094,1235389.7154946327,0.26182472352918823,0.0005716367811481561,0.00382299590848178,0.007915096737346366,0.9777979850769043,,0.015104000000000001,-1363198.6342640491,0.8330372410277798
274,100010,258.3,-1229848.8623528518,-1266601.5496780914,0.8999824179361944,57392.27132797241,830700.9866943359,37247.546213150024,110355.0,8014.386036455631,243530.9434967041,1229848.8624406457,0.26182472352918823,0.0005716367811481561,0.00382299590848178,0.007915096737346366,0.9777979850769043,,0.015104000000000001,-1363198.6342640491,0.8330372410277798
275,100375,260.8,-1387041.4746766123,-1273827.0394068286,0.8444805991159726,73405.67040634155,841747.9162597656,49212.12960624695,141050.0,20703.45628798008,334327.97076034546,1387041.472914338,0.26676057475177867,0.0005474011109311648,0.0037218060445555145,0.008882173962008796,0.9760181307792664,,0.015068000000000002,-1357538.6437473241,0.8354073602859289
276,100740,261.4,-1249600.4159019622,-1267518.0066192767,0.8592969180786446,57212.34277534485,842545.5045166016,41297.24299430847,130370.0,9157.505648136139,226230.1633453369,1249600.416504383,0.26676057475177867,0.0005474011109311648,0.0037218060445555145,0.008882173962008796,0.9760181307792664,,0.015068000000000002,-1357538.6437473241,0.8354073602859289
277,101105,262.1,-1247269.0438908346,-1262743.2285439908,0.9108105122226559,50075.635771751404,878102.6217041016,33330.45890426636,98470.0,7103.1637415885925,230262.80131530762,1247269.0456652641,0.26676057475177867,0.0005474011109311648,0.0037218060445555145,0.008882173962008796,0.9760181307792664,,0.015068000000000002,-1357538.6437473241,0.8354073602859289
278,101470,263.5,-1224396.5511537949,-1259675.5049870831,0.8592451285009515,56047.33239173889,843301.8428955078,40563.945878982544,130270.0,11134.534417167306,199126.2287902832,1224396.5519819409,0.2516715795193848,0.0006017317115325376,0.004246494228075454,0.0086137974254885,0.977217972278595,,0.015014000000000001,-1357538.6437473241,0.8354073602859289
279,101835,264.2,-1276028.3676365507,-1254152.8191047863,0.9171383767911833,47767.39793586731,914878.5131835938,31755.45551776886,94020.0,4265.330922603607,231109.06953430176,1276028.369158268,0.2516715795193848,0.0006017317115325376,0.004246494228075454,0.0086137974254885,0.977217972278595,,0.015014000000000001,-1357538.6437473241,0.8354073602859289
280,102200,264.9,-1246576.320267076,-1256821.7847102075,0.9053443364901086,54827.25184011459,839000.5789794922,35851.30808591843,104485.0,10290.184124946594,256949.24535369873,1246576.316544056,0.2516715795193848,0.0006017317115325376,0.004246494228075454,0.0086137974254885,0.977217972278595,,0.015014000000000001,-1357538.6437473241,0.8354073602859289
281,102565,266.2,-1200897.1244724044,-1252523.3809577278,0.8858497913569621,52985.706765174866,831227.1654052734,37085.32227706909,117590.0,8606.331490039825,206388.30842590332,1200897.1275982857,0.2338237966361799,0.0005130292404972256,0.0039113362696585495,0.0072244768104466955,0.9806484580039978,,0.014960000000000001,-1357538.6437473241,0.8354073602859289
282,102930,266.9,-1752133.8552376453,-1279383.3996471693,0.9231108758547535,42470.988579273224,1273534.7689208984,29246.697957515717,82890.0,9478.622519724071,356983.7642211914,1752133.8536193296,0.2338237966361799,0.0005130292404972256,0.0039113362696585495,0.0072244768104466955,0.9806484580039978,,0.014960000000000001,-1357538.6437473241,0.8354073602859289
283,103295,267.5,-1202625.059133375,-1277058.2316427503,0.877172862666927,53585.15586090088,830468.8382568359,38628.19635772705,122075.0,10356.329792499542,201096.6939086914,1202625.058315754,0.2338237966361799,0.0005130292404972256,0.0039113362696585495,0.0072244768104466955,0.9806484580039978,,0.014960000000000001,-1357538.6437473241,0.8354073602859289
284,103660,268.8,-1217382.261873425,-1277357.0133622114,0.8849853471533893,55277.159828186035,824544.0579833984,38302.86068058014,117560.0,8464.266333341599,228511.07958984375,1217382.264587164,0.2288777285108441,0.00041300011832247135,0.002822072885464877,0.010635687234370332,0.9720264077186584,,0.014906000000000003,-1357538.6437473241,0.8354073602859289
285,104025,269.5,-1284995.490131816,-1277048.202103496,0.9196476343559892,46468.1746301651,930651.2918701172,30806.625992774963,92395.0,7816.594034165144,223325.98021697998,1284995.4921140373,0.2288777285108441,0.00041300011832247135,0.002822072885464877,0.010635687234370332,0.9720264077186584,,0.014906000000000003,-1357538.6437473241,0.8354073602859289
286,104390,270.4,-1315467.8527866027,-1280539.253083798,0.9213733660031671,44767.14056968689,958512.2696533203,30013.973942756653,88715.0,6478.149909496307,231748.4689025879,1315467.8624081612,0.2288777285108441,0.00041300011832247135,0.002822072885464877,0.010635687234370332,0.9720264077186584,,0.014906000000000003,-1357538.6437473241,0.8354073602859289
287,104755,272.2,-1205031.843063362,-1279003.895440919,0.8909416174235409,56229.32216358185,806399.5388183594,37787.863240242004,113580.0,8563.112275362015,238701.3298368454,1205031.8441708088,0.21227438610635305,0.0005107008318143352,0.004006636782402271,0.006528406452975775,0.9841950535774231,,0.014852,-1357538.6437473241,0.8354073602859289
288,105120,272.9,-1235063.756350254,-1278182.7567963519,0.8636180974032781,56768.14613342285,846013.3323974609,40717.297803878784,127405.0,10332.981982201338,210595.13735961914,1235063.7495431602,0.21227438610635305,0.0005107008318143352,0.004006636782402271,0.006528406452975775,0.9841950535774231,,0.014852,-1357538.6437473241,0.8354073602859289
289,105485,274.3,-1253247.032950229,-1269996.6370416773,0.8685722019574413,56541.309248924255,841668.7770996094,40852.020095825195,124700.0,11619.852232456207,234406.38342285156,1253247.0328507423,0.25838699074167953,0.0006160842234461789,0.004871836887966646,0.008547070117569283,0.9761428833007812,,0.014816000000000001,-1357538.6437473241,0.8354073602859289
290,105850,275.0,-1308130.7373350672,-1274600.9768365514,0.9242595982878176,42886.93784713745,970660.384765625,28771.249417304993,87035.0,5312.31695151329,216351.78552246094,1308130.7366569042,0.25838699074167953,0.0006160842234461789,0.004871836887966646,0.008547070117569283,0.9761428833007812,,0.014816000000000001,-1357538.6437473241,0.8354073602859289
291,106215,275.6,-1276899.352791104,-1277645.896501798,0.9136968070513581,50759.77755832672,902246.1394042969,33256.20380783081,96810.0,6537.017412185669,238049.9892578125,1276899.3498821259,0.25838699074167953,0.0006160842234461789,0.004871836887966646,0.008547070117569283,0.9761428833007812,,0.014816000000000001,-1357538.6437473241,0.8354073602859289
292,106580,277.0,-1329271.9773011133,-1283864.854676661,0.9213725718733382,44769.18912124634,969844.5543212891,29893.07375907898,88695.0,6915.169864565134,233924.1811504364,1329271.9790953696,0.19249433847634415,0.0006244403497188806,0.004549260729139573,0.0063344813993592795,0.9848461151123047,,0.014762000000000003,-1357538.6437473241,0.8354073602859289
293,106945,277.7,-1260205.2993953328,-1285105.6339350706,0.886986324395219,53636.71263504028,835208.5394287109,37310.875524520874,115655.0,6980.8983697891235,265049.9948005676,1260205.3081235886,0.19249433847634415,0.0006244403497188806,0.004549260729139573,0.0063344813993592795,0.9848461151123047,,0.014762000000000003,-1357538.6437473241,0.8354073602859289
294,107310,278.3,-1204901.8117173694,-1283858.2814032964,0.8813006407594027,53359.26850128174,828591.4638671875,37951.290900707245,118320.0,8410.192046642303,211628.86964797974,1204901.8164625168,0.19249433847634415,0.0006244403497188806,0.004549260729139573,0.0063344813993592795,0.9848461151123047,,0.014762000000000003,-1357538.6437473241,0.8354073602859289
295,107675,279.6,-1206577.4914243561,-1274835.0822406837,0.8683827140559889,55237.5131187439,832796.8586425781,40430.41147041321,122670.0,11900.27866652608,198779.94219970703,1206577.4909792244,0.2418744781691777,0.0007095367404154354,0.005388761821546052,0.007334083557668093,0.979755163192749,,0.014708,-1357538.6437473241,0.8354073602859289
296,108040,280.3,-1227250.1346123305,-1273717.568176202,0.8631591622143575,56045.853662490845,842517.3852539062,40890.70302581787,125185.0,9733.360936157405,208923.6842803955,1227250.133496277,0.2418744781691777,0.0007095367404154354,0.005388761821546052,0.007334083557668093,0.979755163192749,,0.014708,-1357538.6437473241,0.8354073602859289
297,108405,280.9,-1222857.16143318,-1272496.974053319,0.8659382958934732,55507.07189941406,822901.9361572266,40593.832639694214,124035.0,11122.998913764954,224203.39460754395,1222857.1623182297,0.2418744781691777,0.0007095367404154354,0.005388761821546052,0.007334083557668093,0.979755163192749,,0.014708,-1357538.6437473241,0.8354073602859289
298,108770,282.3,-1332755.3566964436,-1277914.9143304515,0.9245725332874142,40510.067502975464,1002690.3294677734,28213.156965732574,81685.0,3214.6813974380493,216952.1854248047,1332755.3532557487,0.23584073566292463,0.0005874975546057134,0.004078379853653084,0.008815544424578547,0.97669917345047,,0.014654000000000002,-1357538.6437473241,0.8354073602859289
299,109135,282.9,-1229207.6483656727,-1275573.8783669078,0.8728163080672695,55786.78415298462,830145.0756835938,40192.11291265488,118160.0,8696.04910492897,232014.41371154785,1229207.6514127254,0.23584073566292463,0.0005874975546057134,0.004078379853653084,0.008815544424578547,0.97669917345047,,0.014654000000000002,-1357538.6437473241,0.8354073602859289
300,109500,284.7,-1223240.5942090189,-1274407.092064005,0.8803329144438652,56428.51310634613,813432.3168945312,39517.806193351746,115695.0,12232.944058537483,242362.5261077881,1223240.5932542086,0.23584073566292463,0.0005874975546057134,0.004078379853653084,0.008815544424578547,0.97669917345047,,0.014654000000000002,-1344525.662756397,0.833555949795736
301,109865,286.0,-1213280.802145298,-1275026.2759476495,0.8844998421734327,57695.95395088196,799970.1262207031,39232.363450050354,111925.0,8861.325120091438,253291.98629760742,1213280.8010884523,0.22279562938370204,0.00044874542335922963,0.0029655590432843097,0.007372524172655846,0.9811055064201355,,0.0146,-1344525.662756397,0.833555949795736
302,110230,286.7,-1213420.223468443,-1248090.5943591897,0.8650134444236756,55550.78470611572,821414.6588134766,40761.35209751129,123190.0,8927.380565404892,219126.8295288086,1213420.2210052013,0.22279562938370204,0.00044874542335922963,0.0029655590432843097,0.007372524172655846,0.9811055064201355,,0.0146,-1344525.662756397,0.833555949795736
303,110595,288.0,-1273533.976369427,-1251636.0402209922,0.9112650791259661,49711.1637840271,894171.1733398438,33103.03885269165,93300.0,5617.030224919319,247342.73221588135,1273533.974633336,0.22336263778178314,0.0006794113130461866,0.005622729925610321,0.007852042075491658,0.9800600409507751,,0.014564,-1344525.662756397,0.833555949795736
304,110960,288.7,-1274002.8055976634,-1254467.0674072043,0.9125483960321504,48941.24526119232,902945.6580810547,32605.6636428833,93185.0,5454.923340559006,239811.55577087402,1274002.800835371,0.22336263778178314,0.0006794113130461866,0.005622729925610321,0.007852042075491658,0.9800600409507751,,0.014564,-1344525.662756397,0.833555949795736
305,111325,289.3,-1400853.7426195547,-1260259.980031591,0.842343434242353,76129.31386566162,821210.5209960938,50871.11970901489,136820.0,20763.123731851578,371188.9794692993,1400853.7439062595,0.22336263778178314,0.0006794113130461866,0.005622729925610321,0.007852042075491658,0.9800600409507751,,0.014564,-1344525.662756397,0.833555949795736
306,111690,290.7,-1313439.9544864492,-1260158.5851165834,0.9230765561534934,41567.114563941956,974103.6572265625,28398.37016391754,83550.0,4737.7376704216,222650.19297027588,1313439.9580311775,0.20967628865649826,0.0003940102531391619,0.0026732327663155863,0.008713385169884484,0.9788308143615723,,0.014510000000000002,-1344525.662756397,0.833555949795736
307,112055,291.4,-1230777.600675375,-1261445.872997184,0.9105401553519784,50328.26970100403,873321.7244873047,33420.21175956726,95440.0,7477.201226711273,221118.4624004364,1230777.5998740196,0.20967628865649826,0.0003940102531391619,0.0026732327663155863,0.008713385169884484,0.9788308143615723,,0.014510000000000002,-1344525.662756397,0.833555949795736
308,112420,292.0,-1208193.7199229156,-1260102.371175817,0.8863117242512638,56100.715924263,804014.0416259766,38242.49009990692,112235.0,6964.434140563011,246737.75889587402,1208193.7247623205,0.20967628865649826,0.0003940102531391619,0.0026732327663155863,0.008713385169884484,0.9788308143615723,,0.014510000000000002,-1344525.662756397,0.833555949795736
309,112785,293.3,-1364835.4918159465,-1265681.794119103,0.844165075315188,74243.2911567688,815569.3182373047,49954.26378440857,136540.0,19759.45662331581,343012.45168685913,1364835.4903318882,0.2170781985317406,0.000523029301755167,0.0035504792919566265,0.00790943859733249,0.9790329337120056,,0.014456,-1344525.662756397,0.833555949795736
310,113150,294.0,-1198442.0677408325,-1260197.3606393912,0.8930703723267334,59723.342279434204,787965.4923095703,39039.34884548187,109390.0,4773.841208457947,257273.3890361786,1198442.0713996887,0.2170781985317406,0.000523029301755167,0.0035504792919566265,0.00790943859733249,0.9790329337120056,,0.014456,-1344525.662756397,0.833555949795736
311,113515,294.6,-1251841.2257284087,-1258944.4542862563,0.9025078954761976,56541.3816947937,838933.3791503906,36922.87886810303,102960.0,8704.811093568802,264320.1589202881,1251841.2280323505,0.2170781985317406,0.000523029301755167,0.0035504792919566265,0.00790943859733249,0.9790329337120056,,0.014456,-1344525.662756397,0.833555949795736
312,113880,295.9,-1237344.1261230465,-1254348.0617273531,0.896001359044689,60613.0551404953,801270.8295898438,39181.05840969086,106150.0,9887.82774400711,280854.41232299805,1237344.1280665398,0.21909831719178902,0.0004902467812108194,0.003286529010725453,0.008293508166006129,0.9778552651405334,,0.014402000000000003,-1344525.662756397,0.833555949795736
313,114245,296.6,-1340592.9771041104,-1258367.4456127917,0.8425504107997842,74615.5323562622,809240.3542480469,50216.30155658722,135365.0,20619.312642365694,325152.0079803467,1340592.9764273465,0.21909831719178902,0.0004902467812108194,0.003286529010725453,0.008293508166006129,0.9778552651405334,,0.014402000000000003,-1344525.662756397,0.833555949795736
314,114610,297.2,-1293501.3794717514,-1262797.4240005114,0.9217807273342185,43000.34800052643,964200.392578125,29221.76503944397,84350.0,5775.147828578949,209954.07075500488,1293501.3762011528,0.21909831719178902,0.0004902467812108194,0.003286529010725453,0.008293508166006129,0.9778552651405334,,0.014402000000000003,-1344525.662756397,0.833555949795736
315,114975,298.5,-1378694.5105740842,-1271403.2749579975,0.8397682506744176,78011.38465666771,836047.9779052734,51848.16425991058,135615.0,22027.355268478394,333156.0128631592,1378694.5102968216,0.2188477075021518,0.0005648918285690965,0.004340456250295239,0.008965188208477278,0.9776464104652405,,0.014348,-1344525.662756397,0.833555949795736
316,115340,299.2,-1216899.225538412,-1270885.7295043017,0.865858078982732,55158.96601104736,831397.3830566406,40452.715784072876,121160.0,7186.242082118988,216702.88388061523,1216899.2248034477,0.2188477075021518,0.0005648918285690965,0.004340456250295239,0.008965188208477278,0.9776464104652405,,0.014348,-1344525.662756397,0.833555949795736
317,115705,299.8,-1225602.1320202947,-1271022.9780336574,0.8704447403346023,56377.06327629089,823457.0473632812,40775.48667240143,117820.0,9140.806865692139,234408.79693603516,1225602.13783741,0.2188477075021518,0.0005648918285690965,0.004340456250295239,0.008965188208477278,0.9776464104652405,,0.014348,-1344525.662756397,0.833555949795736
318,116070,301.1,-1312975.762878761,-1270033.9983427734,0.9184126871905914,44844.77098941803,956061.4226074219,30142.093583106995,85195.0,4912.007998049259,236665.23950958252,1312975.7636981606,0.24263230475940203,0.00042172067849988756,0.002927278221345899,0.01017287355161419,0.9729928970336914,,0.014294000000000003,-1344525.662756397,0.833555949795736
319,116435,301.8,-1239849.7700133203,-1270566.1044251556,0.903429660731799,55334.163845062256,840420.5671386719,36375.10191869736,100235.0,5859.8592829704285,256959.24492645264,1239849.7732667923,0.24263230475940203,0.00042172067849988756,0.002927278221345899,0.01017287355161419,0.9729928970336914,,0.014294000000000003,-1344525.662756397,0.833555949795736
320,116800,303.1,-1201353.0293967726,-1269471.7261845435,0.8788737336250201,55731.97763252258,808607.4630126953,39540.98675727844,115210.0,10230.827457427979,227763.75019073486,1201353.0274181366,0.20188156417325923,0.00045294916559980363,0.003740544910358853,0.007301194078632091,0.9813622832298279,,0.014258000000000002,-1344525.662756397,0.833555949795736
321,117165,303.7,-1206782.4461666602,-1269146.8083856115,0.9008828004745588,55064.25737667084,829302.0511474609,36402.49209690094,101170.0,6122.85409450531,233785.05571746826,1206782.4530563354,0.20188156417325923,0.00045294916559980363,0.003740544910358853,0.007301194078632091,0.9813622832298279,,0.014258000000000002,-1344525.662756397,0.833555949795736
322,117530,304.4,-1182710.4568153517,-1267611.320052957,0.8585002347214581,56198.69571876526,812212.5012207031,40802.14994430542,126070.0,5878.4503708183765,197747.35893249512,1182710.460468322,0.20188156417325923,0.00045294916559980363,0.003740544910358853,0.007301194078632091,0.9813622832298279,,0.014258000000000002,-1344525.662756397,0.833555949795736
323,117895,305.7,-1399675.7011151994,-1273918.4062902455,0.8405801768172277,75751.39386367798,834697.6630859375,50749.80051803589,135365.0,28048.10213470459,350815.13038635254,1399675.6961250305,0.22936056515103892,0.00046551729869143425,0.003436172224801818,0.008373006896458958,0.9765569567680359,,0.014204,-1344525.662756397,0.833555949795736
324,118260,306.4,-1318577.2178499796,-1276147.1269028613,0.8468177049127343,75362.87055492401,808867.0402832031,50872.65153694153,130865.0,11216.570108771324,316755.9552230835,1318577.2171519995,0.22936056515103892,0.00046551729869143425,0.003436172224801818,0.008373006896458958,0.9765569567680359,,0.014204,-1344525.662756397,0.833555949795736
325,118625,308.2,-1330910.2972993038,-1272649.9546368488,0.9215505168862539,44501.58018493652,981888.4724121094,30039.743916511536,82985.0,4459.322473466396,231537.76238250732,1330910.3011845946,0.22936056515103892,0.00046551729869143425,0.003436172224801818,0.008373006896458958,0.9765569567680359,,0.014204,-1344746.0338968846,0.833126652159103
326,118990,309.6,-1324190.1962502825,-1273187.4667250405,0.841864154436817,77494.2908744812,788346.7734375,51861.843839645386,133540.0,14323.169563293457,336118.4155807495,1324190.2024211884,0.2187963071230211,0.000540095841547315,0.004349022589035724,0.009944762887531206,0.9751025438308716,,0.014150000000000003,-1344746.0338968846,0.833126652159103
327,119355,310.2,-1260392.6132119724,-1274668.2173518701,0.9085245104685221,51909.30841064453,872167.6354980469,34443.63896226883,92450.0,6976.346745491028,254354.99481582642,1260392.6160216331,0.2187963071230211,0.000540095841547315,0.004349022589035724,0.009944762887531206,0.9751025438308716,,0.014150000000000003,-1344746.0338968846,0.833126652159103
328,119720,310.9,-1200060.7438293342,-1274261.568547191,0.8696744386463949,56549.5514087677,800614.2489013672,41204.24845123291,117210.0,6817.810047149658,234214.43481445312,1200060.7422142029,0.2187963071230211,0.000540095841547315,0.004349022589035724,0.009944762887531206,0.9751025438308716,,0.014150000000000003,-1344746.0338968846,0.833126652159103
329,120085,312.2,-1174190.2186036655,-1264729.3048865772,0.8785991636041093,55199.15672492981,801727.9984130859,39181.71954917908,114380.0,7625.7232484817505,211274.775932312,1174190.2171430588,0.22477459613429873,0.0005504829806389017,0.00513819644555425,0.009144831951217432,0.9769810438156128,,0.014096000000000001,-1344746.0338968846,0.833126652159103
330,120450,312.8,-1150331.696695053,-1262323.7863342883,0.8812210042182713,56511.45400810242,790074.5043945312,39358.23812007904,113820.0,6521.344383239746,200557.61045837402,1150331.697356224,0.22477459613429873,0.0005504829806389017,0.00513819644555425,0.009144831951217432,0.9769810438156128,,0.014096000000000001,-1344746.0338968846,0.833126652159103
331,120815,313.5,-1216813.96667469,-1260572.4233816024,0.8524392500315627,58758.376289367676,806912.521484375,42538.803842544556,127180.0,7660.799992546439,232521.84072875977,1216813.9660482258,0.22477459613429873,0.0005504829806389017,0.00513819644555425,0.009144831951217432,0.9769810438156128,,0.014096000000000001,-1344746.0338968846,0.833126652159103
332,121180,314.7,-1287666.695414675,-1263088.5518461836,0.9136295834632769,51129.29284906387,901962.7934570312,33562.556062698364,90335.0,5094.807058393955,256711.539894104,1287666.6964722276,0.23607349101650088,0.0005528377491588655,0.003903305328046707,0.008035436768918052,0.9774863719940186,,0.014042000000000002,-1344746.0338968846,0.833126652159103
333,121545,315.4,-1213554.2916785548,-1256736.617574906,0.8645320595127263,56381.319009780884,823714.0821533203,41274.082527160645,121595.0,5739.60343503952,221231.5192565918,1213554.2873721123,0.23607349101650088,0.0005528377491588655,0.003903305328046707,0.008035436768918052,0.9774863719940186,,0.014042000000000002,-1344746.0338968846,0.833126652159103
334,121910,316.7,-1203369.408474706,-1252230.0190250536,0.8598064625099914,56532.91298866272,815210.2535400391,41122.222330093384,124720.0,7076.110527515411,215240.8226928711,1203369.409090519,0.2196679076081828,0.0005358205237969646,0.004603068041002476,0.008803939814434239,0.9774924516677856,,0.014006000000000003,-1344746.0338968846,0.833126652159103
335,122275,317.3,-1333466.4775350154,-1249968.6173731002,0.8417105635551557,76431.97506904602,799277.0131835938,51192.29525375366,134815.0,15127.014789104462,333055.1493148804,1333466.4725413322,0.2196679076081828,0.0005358205237969646,0.004603068041002476,0.008803939814434239,0.9774924516677856,,0.014006000000000003,-1344746.0338968846,0.833126652159103
336,122640,318.0,-1232357.7525955343,-1250741.5437259565,0.8819457981684437,56116.95560359955,800926.650390625,39056.93225955963,112510.0,7237.401630401611,272626.7625160217,1232357.746796608,0.2196679076081828,0.0005358205237969646,0.004603068041002476,0.008803939814434239,0.9774924516677856,,0.014006000000000003,-1344746.0338968846,0.833126652159103
337,123005,319.3,-1200484.8299403212,-1249485.6786219578,0.8734833216013974,55184.61104774475,803177.3043212891,40173.51301383972,117545.0,8668.390549302101,230920.62118148804,1200484.829065919,0.24250829553133563,0.0005170359099793131,0.004247029630565329,0.00973742431961,0.9738640785217285,,0.013952,-1344746.0338968846,0.833126652159103
338,123370,319.9,-1176335.6342429596,-1242653.6721901677,0.8706149870402192,55811.835664749146,805187.4576416016,40518.362617492676,119775.0,5313.940393507481,205540.87147521973,1176335.6321278214,0.24250829553133563,0.0005170359099793131,0.004247029630565329,0.00973742431961,0.9738640785217285,,0.013952,-1344746.0338968846,0.833126652159103
339,123735,320.6,-1370700.0232769318,-1249196.1848533482,0.839802846353348,77244.57873725891,819566.3493652344,51410.11653327942,135795.0,19162.761714220047,344765.79429626465,1370700.0219089985,0.24250829553133563,0.0005170359099793131,0.004247029630565329,0.00973742431961,0.9738640785217285,,0.013952,-1344746.0338968846,0.833126652159103
340,124100,321.9,-1210486.6975098264,-1249652.868259001,0.8965548152792944,61470.05959415436,783021.6080322266,39753.12229633331,106115.0,5046.6659688949585,276550.3050518036,1210486.7013492584,0.23478831350803375,0.0005112095951565271,0.0040853400040712015,0.009886277667982014,0.9741278886795044,,0.013898000000000002,-1344746.0338968846,0.833126652159103
341,124465,322.6,-1331601.8223802603,-1255893.8370696807,0.9208818066610049,45029.97549724579,976726.3856201172,30273.268394470215,84935.0,6421.338397979736,233245.82832336426,1331601.8207359314,0.23478831350803375,0.0005112095951565271,0.0040853400040712015,0.009886277667982014,0.9741278886795044,,0.013898000000000002,-1344746.0338968846,0.833126652159103
342,124830,323.2,-1261312.809007158,-1259823.954679271,0.9108605704895437,52403.51680183411,868077.0842285156,34286.36422634125,95085.0,4628.645065307617,259235.71997070312,1261312.8134908676,0.23478831350803375,0.0005112095951565271,0.0040853400040712015,0.009886277667982014,0.9741278886795044,,0.013898000000000002,-1344746.0338968846,0.833126652159103
343,125195,324.5,-1314496.8370546538,-1255565.0114762438,0.9241187141366201,43370.64102554321,971914.7746582031,29046.754491090775,83295.0,2753.0731830596924,227487.2387161255,1314496.841048479,0.19092671396700958,0.0004588501046064745,0.0034589265552839557,0.007425061586361967,0.9814149737358093,,0.013844,-1344746.0338968846,0.833126652159103
344,125560,325.2,-1220148.6227460508,-1250643.5817210474,0.8972600197138851,59400.261325359344,789857.6649169922,38395.48004245758,105565.0,9591.27297449112,276739.21212768555,1220148.6300616264,0.19092671396700958,0.0004588501046064745,0.0034589265552839557,0.007425061586361967,0.9814149737358093,,0.013844,-1344746.0338968846,0.833126652159103
345,125925,325.9,-1352142.8912739635,-1251705.2114197803,0.8407977148278118,74915.09934043884,818142.3043212891,50282.61922264099,135170.0,19165.96059668064,329382.01010131836,1352142.894241929,0.19092671396700958,0.0004588501046064745,0.0034589265552839557,0.007425061586361967,0.9814149737358093,,0.013844,-1344746.0338968846,0.833126652159103
346,126290,327.2,-1249223.9177627033,-1247956.8974954016,0.9032179087808687,56827.983984947205,835488.0836181641,37049.85157299042,100030.0,7443.14137506485,269212.849029541,1249223.9255957603,0.2166794224789268,0.00041664912953963624,0.0030019659867608233,0.009112053379220398,0.9777801036834717,,0.013790000000000002,-1344746.0338968846,0.833126652159103
347,126655,327.8,-1338897.9829263967,-1251882.1659811225,0.9231090499930186,41925.97491264343,1011523.9183349609,28564.948346138,81725.0,5402.996342658997,211681.1188735962,1338897.9818973541,0.2166794224789268,0.00041664912953963624,0.0030019659867608233,0.009112053379220398,0.9777801036834717,,0.013790000000000002,-1344746.0338968846,0.833126652159103
348,127020,329.1,-1344444.6595990015,-1259101.361769606,0.9257075167682073,40528.679827690125,1026043.3435058594,27942.43765449524,80290.0,2454.5133872032166,207714.36754989624,1344444.662097454,0.1766610547508064,0.00039929728250411386,0.003493191907182336,0.007000804505016851,0.9836084842681885,,0.013754000000000002,-1344746.0338968846,0.833126652159103
349,127385,329.8,-1220214.7427090434,-1261402.587974875,0.8571129723770977,57017.00909233093,833423.9799804688,41391.67072105408,124530.0,7849.325984954834,213019.7652168274,1220214.741903305,0.1766610547508064,0.00039929728250411386,0.003493191907182336,0.007000804505016851,0.9836084842681885,,0.013754000000000002,-1344746.0338968846,0.833126652159103
350,127750,331.6,-1279456.0855661903,-1267858.8074184319,0.9174843711395786,46778.72756576538,932258.3995361328,31275.348077774048,87105.0,4313.5713839530945,224503.7668914795,1279456.0858893394,0.1766610547508064,0.00039929728250411386,0.003493191907182336,0.007000804505016851,0.9836084842681885,,0.013754000000000002,-1343782.164078962,0.8350113559259127
351,128115,333.0,-1335994.016170764,-1273817.8098932353,0.8460623659499704,74329.28835391998,810975.7694091797,50163.863050460815,131680.0,21624.70169401169,321549.6831817627,1335994.017335415,0.21528025442048124,0.00047789237717217093,0.004104881959057438,0.00860865732140251,0.9779045581817627,,0.013700000000000002,-1343782.164078962,0.8350113559259127
352,128480,333.7,-1178399.011636895,-1268354.4257043463,0.8898555549856735,57370.74990653992,793061.0284423828,38265.53499984741,107955.0,8269.509678393602,230847.94075775146,1178399.0138783753,0.21528025442048124,0.00047789237717217093,0.004104881959057438,0.00860865732140251,0.9779045581817627,,0.013700000000000002,-1343782.164078962,0.8350113559259127
353,128845,334.3,-1261970.3965707184,-1270775.2309489544,0.9110232310752346,50133.08527183533,900779.6376953125,33191.3401889801,91900.0,5052.6953682899475,231046.73081970215,1261970.4040722847,0.21528025442048124,0.00047789237717217093,0.004104881959057438,0.00860865732140251,0.9779045581817627,,0.013700000000000002,-1343782.164078962,0.8350113559259127
354,129210,335.6,-1195258.6921747543,-1270369.695133957,0.8726091878054894,54235.444741249084,824846.2307128906,39513.654952049255,117255.0,8701.285593271255,204942.52783203125,1195258.6990902424,0.21259688154647224,0.00046745508509622215,0.00321746291209772,0.008405571301026564,0.9790682792663574,,0.013646000000000002,-1343782.164078962,0.8350113559259127
355,129575,336.3,-1179599.5635902695,-1262676.34943672,0.8753983832385442,53783.33860588074,816549.537109375,39173.87408351898,116750.0,6741.058570861816,200385.09104919434,1179599.5608129501,0.21259688154647224,0.00046745508509622215,0.00321746291209772,0.008405571301026564,0.9790682792663574,,0.013646000000000002,-1343782.164078962,0.8350113559259127
356,129940,336.9,-1289457.4546237986,-1265531.3345381331,0.9252838974129663,39371.325761795044,987566.1441650391,27428.03130340576,80960.0,2157.7441301345825,191345.53002548218,1289457.4496240616,0.21259688154647224,0.00046745508509622215,0.00321746291209772,0.008405571301026564,0.9790682792663574,,0.013646000000000002,-1343782.164078962,0.8350113559259127
357,130305,338.3,-1226079.3427578043,-1266811.0601790075,0.8897013171078407,57402.01725578308,803665.4500732422,38354.56043767929,109715.0,4643.651035308838,269700.68354797363,1226079.345094204,0.2006109566672852,0.0004019668131628637,0.0029548511252199348,0.0072536200076635735,0.9820091128349304,,0.013592000000000002,-1343782.164078962,0.8350113559259127
358,130670,338.9,-1216774.4441930016,-1268833.0006765095,0.868154417488673,54321.4141292572,833812.8416748047,39846.93245315552,120320.0,9727.439461708069,213067.23007202148,1216774.4436616898,0.2006109566672852,0.0004019668131628637,0.0029548511252199348,0.0072536200076635735,0.9820091128349304,,0.013592000000000002,-1343782.164078962,0.8350113559259127
359,131035,339.6,-1264429.1553666492,-1263519.4572809953,0.9206954386136303,43375.580768585205,957542.6181640625,29424.66375207901,86845.0,3693.761255502701,186923.10749816895,1264429.1506698132,0.2006109566672852,0.0004019668131628637,0.0029548511252199348,0.0072536200076635735,0.9820091128349304,,0.013592000000000002,-1343782.164078962,0.8350113559259127
360,131400,340.9,-1313793.6313819177,-1268684.8039745996,0.926948080814048,40810.98213672638,1002875.3079833984,27985.87779188156,80435.0,3050.4126949310303,199447.03465270996,1313793.633122921,0.20771099274095736,0.0005854827912021152,0.005565710237102681,0.008123233068832442,0.9799802899360657,,0.013538000000000001,-1343782.164078962,0.8350113559259127
361,131765,341.5,-1193121.5555439873,-1261760.7906327862,0.8565361418136178,56933.83194541931,799617.0157470703,41140.56833648682,125755.0,5470.9758757948875,221137.99557495117,1193121.5555343032,0.20771099274095736,0.0005854827912021152,0.005565710237102681,0.008123233068832442,0.9799802899360657,,0.013538000000000001,-1343782.164078962,0.8350113559259127
362,132130,342.8,-1198863.0577347989,-1258638.3030691682,0.8537502884864807,58874.52469444275,811858.9659423828,42250.8875541687,127150.0,5697.288754969835,211905.9168548584,1198863.0591063797,0.2137435196261657,0.00041617026703246856,0.0029551188207206955,0.007652158101432417,0.9794436693191528,,0.013502000000000002,-1343782.164078962,0.8350113559259127
363,132495,343.5,-1172452.0741843793,-1251536.0649256546,0.8980692909188467,59266.12881278992,786204.7493896484,38293.66253042221,104655.0,4841.2660002708435,238457.4017944336,1172452.079714775,0.2137435196261657,0.00041617026703246856,0.0029551188207206955,0.007652158101432417,0.9794436693191528,,0.013502000000000002,-1343782.164078962,0.8350113559259127
364,132860,344.1,-1211002.4219285666,-1251078.7548847802,0.8679651907045547,56702.488887786865,822378.9197998047,41104.62564277649,119460.0,8602.093570232391,219456.78258514404,1211002.4215979576,0.2137435196261657,0.00041617026703246856,0.0029551188207206955,0.007652158101432417,0.9794436693191528,,0.013502000000000002,-1343782.164078962,0.8350113559259127
365,133225,345.5,-1317094.7810962151,-1249326.349375893,0.8452859311887663,76665.57325553894,785303.5251464844,51595.20085144043,130850.0,20996.348560631275,328349.70765686035,1317094.7822154164,0.2268761523852223,0.0005547673744762218,0.004745751110787846,0.008821385446935892,0.9759813547134399,,0.013448000000000002,-1343782.164078962,0.8350113559259127
366,133590,346.1,-1304271.1803385117,-1252078.7125046833,0.9250807541690461,41256.8365983963,974106.8811035156,28031.573254585266,82700.0,4112.174516677856,215320.55043792725,1304271.179312706,0.2268761523852223,0.0005547673744762218,0.004745751110787846,0.008821385446935892,0.9759813547134399,,0.013448000000000002,-1343782.164078962,0.8350113559259127
367,133955,346.8,-1237537.2330158376,-1247010.6750091554,0.9105304285271527,51227.07512664795,865343.6361083984,33718.6739025116,94895.0,4824.076122283936,238755.84686279297,1237537.232995987,0.2268761523852223,0.0005547673744762218,0.004745751110787846,0.008821385446935892,0.9759813547134399,,0.013448000000000002,-1343782.164078962,0.8350113559259127
368,134320,348.1,-1209481.8132559494,-1240262.5326920028,0.8534844205804067,59624.1843214035,794800.0083007812,42644.54549407959,127405.0,6185.809837579727,238446.44999694824,1209481.8136293888,0.19300690489379982,0.0004796059773453683,0.003941318447591345,0.007372465003036747,0.9818127751350403,,0.013394000000000001,-1343782.164078962,0.8350113559259127
369,134685,348.7,-1208023.3473116914,-1239652.9629221351,0.8548594789962246,57824.546266555786,807127.8659667969,41885.83018684387,126130.0,8728.809316396713,224150.84745788574,1208023.3529279232,0.19300690489379982,0.0004796059773453683,0.003941318447591345,0.007372465003036747,0.9818127751350403,,0.013394000000000001,-1343782.164078962,0.8350113559259127
370,135050,349.4,-1194273.724809311,-1235393.844884291,0.8885008246931311,59195.76734542847,771488.4124755859,39168.34808540344,109390.0,8997.224224090547,265229.7416534424,1194273.7264385223,0.19300690489379982,0.0004796059773453683,0.003941318447591345,0.007372465003036747,0.9818127751350403,,0.013394000000000001,-1343782.164078962,0.8350113559259127
371,135415,350.8,-1202992.0542797546,-1228743.7467897406,0.873805689158505,57113.740980148315,796084.08984375,40972.71241950989,117910.0,8980.106607675552,239045.14797973633,1202992.0568506718,0.23704128830056442,0.00043119710431040545,0.0032391464552155845,0.009240858624444195,0.9742493033409119,,0.013340000000000001,-1343782.164078962,0.8350113559259127
372,135780,351.4,-1198790.004846124,-1229763.296450202,0.8656501062928814,57879.67432975769,801101.3037109375,41810.641523361206,121710.0,5785.162388324738,228382.89387512207,1198790.0014977455,0.23704128830056442,0.00043119710431040545,0.0032391464552155845,0.009240858624444195,0.9742493033409119,,0.013340000000000001,-1343782.164078962,0.8350113559259127
373,136145,352.1,-1204715.2409180747,-1226900.5386675699,0.8511789465603763,63345.73965740204,788519.4643554688,44556.45996952057,127670.0,7461.546444237232,236507.77544403076,1204715.2462132573,0.23704128830056442,0.00043119710431040545,0.0032391464552155845,0.009240858624444195,0.9742493033409119,,0.013340000000000001,-1343782.164078962,0.8350113559259127
374,136510,353.4,-1305028.3586342488,-1232389.0219905446,0.8493617413795158,76862.99266529083,781820.3723144531,51195.78474998474,130320.0,15892.733972072601,325799.46898651123,1305028.3600230217,0.23823056370019913,0.0005404059418077324,0.0036248993496165462,0.009182789473255215,0.9742603898048401,,0.013286000000000001,-1343782.164078962,0.8350113559259127
375,136875,355.1,-1217700.8921685722,-1234294.0884194598,0.8975285704821756,60489.82167816162,789863.1022949219,38919.35535812378,103935.0,5603.829664103629,279379.61044311523,1217700.8977602646,0.23823056370019913,0.0005404059418077324,0.0036248993496165462,0.009182789473255215,0.9742603898048401,,0.013286000000000001,-1332621.7612382434,0.8340484664864736
376,137240,356.5,-1203023.8007480938,-1229972.4057256742,0.865531920243616,57643.16253948212,806611.0816650391,41832.79625797272,120175.0,6297.54451084137,228107.38368988037,1203023.8061237335,0.229215661750028,0.0004918044141959399,0.003940247654865839,0.009840422836867603,0.9740619659423828,,0.013250000000000001,-1332621.7612382434,0.8340484664864736
377,137605,357.1,-1355618.4115652891,-1236449.359166049,0.8428386162405145,77113.8581790924,785064.0443115234,51439.65139007568,133970.0,23836.956093788147,361307.7505760193,1355618.4023714066,0.229215661750028,0.0004918044141959399,0.003940247654865839,0.009840422836867603,0.9740619659423828,,0.013250000000000001,-1332621.7612382434,0.8340484664864736
378,137970,357.8,-1410304.6378559037,-1246125.8688491937,0.923951148823516,41019.4000415802,1048636.2708740234,28779.590109825134,79595.0,4186.399831771851,249107.38751983643,1410304.6483354568,0.229215661750028,0.0004918044141959399,0.003940247654865839,0.009840422836867603,0.9740619659423828,,0.013250000000000001,-1332621.7612382434,0.8340484664864736
379,138335,359.1,-1380012.3201300602,-1251905.0270873646,0.8381106195384509,78621.70837020874,804212.4635009766,52311.92418861389,134830.0,27172.91280066967,361485.0174102783,1380012.3179005384,0.22141361824775996,0.00055324527827332,0.004328142137781374,0.011339509724884442,0.9710491895675659,,0.013196000000000001,-1332621.7612382434,0.8340484664864736
380,138700,359.8,-1346464.0395508367,-1253538.5474958103,0.923920059367402,42688.28463554382,1005318.1236572266,29046.233711242676,80190.0,4898.705971479416,227010.9718322754,1346464.035172224,0.22141361824775996,0.00055324527827332,0.004328142137781374,0.011339509724884442,0.9710491895675659,,0.013196000000000001,-1332621.7612382434,0.8340484664864736
381,139065,360.4,-1225865.5013883063,-1255175.7447880262,0.9008162704232621,59122.52950286865,801413.0963134766,38344.890999794006,101255.0,5609.64985364303,279242.86320495605,1225865.5003718697,0.22141361824775996,0.00055324527827332,0.004328142137781374,0.011339509724884442,0.9710491895675659,,0.013196000000000001,-1332621.7612382434,0.8340484664864736
382,139430,361.8,-1219316.946730749,-1256198.439237824,0.8573014804761704,59655.1165599823,815677.5015869141,42901.203578948975,123400.0,10307.973457157612,227030.26734924316,1219316.9459722638,0.19389432158909345,0.00048062192213125713,0.003642567421162599,0.008402733297675456,0.9796602129936218,,0.013142000000000001,-1332621.7612382434,0.8340484664864736
383,139795,362.5,-1213573.5216880532,-1258254.5116130074,0.8606144674836773,57593.92018699646,816504.8525390625,41803.28956413269,121745.0,5218.871089458466,228301.50830078125,1213573.521493435,0.19389432158909345,0.00048062192213125713,0.003642567421162599,0.008402733297675456,0.9796602129936218,,0.013142000000000001,-1332621.7612382434,0.8340484664864736
384,140160,363.1,-1259622.1625117394,-1260685.498642166,0.9094315545199668,53417.90809631348,869362.75390625,34940.60476398468,94360.0,3280.453043937683,257678.35065078735,1259622.1623649597,0.19389432158909345,0.00048062192213125713,0.003642567421162599,0.008402733297675456,0.9796602129936218,,0.013142000000000001,-1332621.7612382434,0.8340484664864736
385,140525,364.6,-1247776.9633528893,-1257219.6077549995,0.9131236972874158,48861.078243255615,890524.0866699219,32695.70436859131,89585.0,3321.3026695251465,231650.8687133789,1247776.9624214172,0.207778198350417,0.0004956793995676746,0.0042700516657389114,0.00869253863531508,0.9781776070594788,,0.013088,-1332621.7612382434,0.8340484664864736
386,140890,365.2,-1216188.34456773,-1252815.4659664608,0.8567591214833195,59549.33120918274,816433.0111083984,42674.77466392517,123015.0,8833.01730966568,225232.5407333374,1216188.3438153267,0.207778198350417,0.0004956793995676746,0.0042700516657389114,0.00869253863531508,0.9781776070594788,,0.013088,-1332621.7612382434,0.8340484664864736
387,141255,365.8,-1310412.6331103244,-1256459.2359711851,0.8423547867226274,74991.51841163635,785450.6745605469,50593.91410064697,131835.0,18475.04306077957,324058.0000152588,1310412.6317372322,0.207778198350417,0.0004956793995676746,0.0042700516657389114,0.00869253863531508,0.9781776070594788,,0.013088,-1332621.7612382434,0.8340484664864736
388,141620,367.2,-1171899.9729528478,-1254580.14395603,0.8869167798186002,55836.44854736328,799733.4880371094,38199.236600875854,108430.0,5984.566456794739,219552.685546875,1171899.976641655,0.22146536743170336,0.0005536517955509847,0.004570944276661305,0.009623334020082103,0.9744426608085632,,0.013034,-1332621.7612382434,0.8340484664864736
389,141985,367.8,-1207196.9267199454,-1254538.8229264426,0.9030310371150709,55279.59819984436,823669.1082763672,36251.24415683746,97145.0,6334.66438627243,243796.90502166748,1207196.9218411446,0.22146536743170336,0.0005536517955509847,0.004570944276661305,0.009623334020082103,0.9744426608085632,,0.013034,-1332621.7612382434,0.8340484664864736
390,142350,369.1,-1136427.6804839808,-1251646.5207101763,0.8831258721547584,55004.487718105316,799966.1564941406,38436.87377548218,110475.0,4755.722501993179,182793.9348297119,1136427.687601328,0.2083483314827869,0.00041991251442883177,0.0028287653401907606,0.0076270028948783875,0.97908616065979,,0.012998000000000001,-1332621.7612382434,0.8340484664864736
391,142715,369.8,-1275067.4598422302,-1255250.2909883,0.9159425402340824,48510.48759269714,910534.2553710938,32198.932677268982,86605.0,3831.1033720970154,241898.17234039307,1275067.4637608528,0.2083483314827869,0.00041991251442883177,0.0028287653401907606,0.0076270028948783875,0.97908616065979,,0.012998000000000001,-1332621.7612382434,0.8340484664864736
392,143080,370.4,-1201184.1893609543,-1255370.0002140417,0.8579727275730812,58317.41366291046,812968.1884765625,42027.47086906433,121905.0,8176.498210906982,216107.0352783203,1201184.1928348541,0.2083483314827869,0.00041991251442883177,0.0028287653401907606,0.0076270028948783875,0.97908616065979,,0.012998000000000001,-1332621.7612382434,0.8340484664864736
393,143445,371.7,-1203287.8723121122,-1255298.6317837434,0.8743812120124085,56260.105224609375,806283.3763427734,39995.21184062958,113130.0,9579.001210093498,234300.29060935974,1203287.8800028563,0.20846996711272942,0.0004451607481218832,0.003430818258876618,0.008459537124604379,0.9788320064544678,,0.012944,-1332621.7612382434,0.8340484664864736
394,143810,372.4,-1343678.2837519501,-1257231.1280396285,0.8438022051772026,77478.05575180054,796787.4298095703,51979.3227891922,130895.0,17772.079322338104,346244.4557800293,1343678.28770113,0.20846996711272942,0.0004451607481218832,0.003430818258876618,0.008459537124604379,0.9788320064544678,,0.012944,-1332621.7612382434,0.8340484664864736
395,144175,373.0,-1187949.0173082175,-1255743.5342966106,0.862322958528179,57280.45777130127,807527.1286621094,41446.45160293579,121960.0,7323.275649055839,209692.1626739502,1187949.0185880512,0.20846996711272942,0.0004451607481218832,0.003430818258876618,0.008459537124604379,0.9788320064544678,,0.012944,-1332621.7612382434,0.8340484664864736
396,144540,374.3,-1215084.424126406,-1256346.5654655262,0.9032557740603407,56561.011481285095,818758.4025878906,36888.73534107208,99355.0,4104.010591030121,255978.2741279602,1215084.422647953,0.22010270761031853,0.0005966927711645104,0.003761425353954301,0.009329628959102066,0.975448489189148,,0.01289,-1332621.7612382434,0.8340484664864736
397,144905,374.9,-1176390.3824089477,-1247385.1640077091,0.8986998964662422,58472.24592590332,783942.7192382812,37924.75409889221,103720.0,4984.9203778505325,245817.98443603516,1176390.3781510592,0.22010270761031853,0.0005966927711645104,0.003761425353954301,0.009329628959102066,0.975448489189148,,0.01289,-1332621.7612382434,0.8340484664864736
398,145270,375.6,-1185980.2254359962,-1236168.9433867135,0.8615945528631341,55433.55725502968,818569.3776855469,40366.5607419014,122695.0,7755.110953211784,196594.1787109375,1185980.2280915976,0.22010270761031853,0.0005966927711645104,0.003761425353954301,0.009329628959102066,0.975448489189148,,0.01289,-1332621.7612382434,0.8340484664864736
399,145635,376.9,-1178678.0170807457,-1226102.228234248,0.8558691545708539,58786.632164001465,802738.4614257812,41937.608140945435,124580.0,7630.6641483306885,201791.28506851196,1178678.0187835693,0.21288015536571803,0.0005735964109829327,0.003413953285321201,0.008346184990123698,0.9768487811088562,,0.012836,-1332621.7612382434,0.8340484664864736
400,146000,378.6,-1341861.3236417305,-1225872.0924387928,0.8442769742991826,72546.58061981201,835592.6024169922,48721.89870548248,131755.0,20015.7996635437,305776.02352905273,1341861.324315071,0.21288015536571803,0.0005735964109829327,0.003413953285321201,0.008346184990123698,0.9768487811088562,,0.012836,-1344566.3839825434,0.8367824972492375
401,146365,379.3,-1208016.8799848137,-1224979.6613686183,0.9021585296278131,56702.26603126526,818697.8154296875,37028.62032222748,99940.0,4651.30033659935,247699.13981628418,1208016.8759047985,0.21288015536571803,0.0005735964109829327,0.003413953285321201,0.008346184990123698,0.9768487811088562,,0.012836,-1344566.3839825434,0.8367824972492375
402,146730,380.6,-1193613.131173281,-1223694.4705907449,0.8601663140401449,55579.8370513916,826705.9296875,40259.851470947266,122750.0,7016.3780307769775,196880.9656829834,1193613.1248722076,0.22215889551137624,0.0005058044948064458,0.0037742748697239315,0.010102366624203952,0.9727746844291687,,0.012782000000000002,-1344566.3839825434,0.8367824972492375
403,147095,381.4,-1182593.3316968363,-1222145.4610911838,0.907326126588534,51798.32998466492,833074.9909667969,34146.55349254608,97655.0,4222.371022209525,213494.42344665527,1182593.3389282078,0.22215889551137624,0.0005058044948064458,0.0037742748697239315,0.010102366624203952,0.9727746844291687,,0.012782000000000002,-1344566.3839825434,0.8367824972492375
404,147460,382.7,-1218152.1105298623,-1220071.9584920902,0.856320252810439,65861.62049388885,811473.138671875,45735.56345176697,126435.0,8416.1757979393,226092.23626327515,1218152.1141848564,0.21810189771809077,0.0005305947415763512,0.00375500060832373,0.00879489173377423,0.9760022759437561,,0.012746,-1344566.3839825434,0.8367824972492375
405,147825,383.3,-1219018.9954925128,-1218634.0600990714,0.9058878732054201,55841.12904238701,823035.8209228516,36137.622062683105,100300.0,4564.363099575043,254981.1888809204,1219018.9949660301,0.21810189771809077,0.0005305947415763512,0.00375500060832373,0.00879489173377423,0.9760022759437561,,0.012746,-1344566.3839825434,0.8367824972492375
406,148190,384.0,-1199954.9730156169,-1217822.3915214657,0.8842767699124062,54888.703698158264,815104.8435058594,38310.383101940155,112305.0,7753.880345821381,226480.86671733856,1199954.9736709595,0.21810189771809077,0.0005305947415763512,0.00375500060832373,0.00879489173377423,0.9760022759437561,,0.012746,-1344566.3839825434,0.8367824972492375
407,148555,385.4,-1176483.1802236696,-1211125.918877133,0.8787204953089153,53066.171283721924,815568.2672119141,38390.46928977966,115745.0,7849.082226276398,198930.36965942383,1176483.188387394,0.2110130510439998,0.0005077905746140076,0.0044769822546329935,0.008093715100058992,0.9779378771781921,,0.012692,-1344566.3839825434,0.8367824972492375
408,148920,386.0,-1151292.6282785842,-1210095.5516434198,0.8809122425236114,52527.70224285126,813575.4204101562,38044.25919008255,114750.0,5405.070621013641,179517.87984466553,1151292.630065918,0.2110130510439998,0.0005077905746140076,0.0044769822546329935,0.008093715100058992,0.9779378771781921,,0.012692,-1344566.3839825434,0.8367824972492375
409,149285,386.7,-1198746.1744664633,-1209673.0140307457,0.8651125256329366,56081.738406181335,826762.3031005859,40291.8829536438,122720.0,7444.478768855333,201527.511428833,1198746.176251918,0.2110130510439998,0.0005077905746140076,0.0044769822546329935,0.008093715100058992,0.9779378771781921,,0.012692,-1344566.3839825434,0.8367824972492375
410,149650,388.0,-1318492.1907923815,-1218776.2395461656,0.849130468662471,74597.99696540833,794930.1439208984,49922.485147476196,131490.0,27316.579003095627,314832.9810333252,1318492.1891047955,0.22794917441512408,0.0005062166531531961,0.003001162886472517,0.008856303377175018,0.9754539728164673,,0.012638,-1344566.3839825434,0.8367824972492375
411,150015,388.6,-1356285.6058599362,-1222837.1468470509,0.8469172116828292,75757.96930027008,804660.4359130859,50358.598039627075,133050.0,20086.294679641724,348130.27587509155,1356285.6045074463,0.22794917441512408,0.0005062166531531961,0.003001162886472517,0.008856303377175018,0.9754539728164673,,0.012638,-1344566.3839825434,0.8367824972492375
412,150380,389.3,-1164817.9481772687,-1221018.8347878666,0.9000282436201017,58695.423911094666,769288.5660400391,37988.389612197876,106055.0,4575.750484466553,246910.24309539795,1164817.9492321014,0.22794917441512408,0.0005062166531531961,0.003001162886472517,0.008856303377175018,0.9754539728164673,,0.012638,-1344566.3839825434,0.8367824972492375
413,150745,390.6,-1287919.0087296534,-1225250.3916087437,0.851328037699608,74885.73212051392,792764.2376708984,50067.81830596924,130045.0,18245.431480646133,296796.5199127197,1287919.0073702335,0.23268012918139758,0.0006191433748857602,0.004706399487699137,0.009899263429504476,0.9732650518417358,,0.012584000000000003,-1344566.3839825434,0.8367824972492375
414,151110,391.3,-1184182.2961643694,-1217275.592229365,0.8720833272150118,55292.77503681183,817339.2895507812,39938.20971775055,117045.0,6498.213227987289,203361.57843017578,1184182.2909266949,0.23268012918139758,0.0006191433748857602,0.004706399487699137,0.009899263429504476,0.9732650518417358,,0.012584000000000003,-1344566.3839825434,0.8367824972492375
415,151475,391.9,-1212822.1247569683,-1218519.2476018022,0.8676102990973485,55691.35652732849,812050.7081298828,40316.09734916687,119635.0,9575.1660323143,231245.15524291992,1212822.126754284,0.23268012918139758,0.0006191433748857602,0.004706399487699137,0.009899263429504476,0.9732650518417358,,0.012584000000000003,-1344566.3839825434,0.8367824972492375
416,151840,393.2,-1176624.6264376948,-1216596.2577173666,0.8694682044525669,56351.16190338135,803545.6997070312,40733.2528629303,119895.0,6511.753107070923,205938.92755889893,1176624.6332359314,0.2331354620033189,0.0004494001877422929,0.0032316509168595076,0.00999340908846965,0.9734103679656982,,0.012530000000000001,-1344566.3839825434,0.8367824972492375
417,152205,393.9,-1339973.276584986,-1224775.4024261688,0.8486599082816138,77937.03319168091,798501.4263916016,51853.6178188324,130295.0,22861.169379234314,336462.064743042,1339973.2783327103,0.2331354620033189,0.0004494001877422929,0.0032316509168595076,0.00999340908846965,0.9734103679656982,,0.012530000000000001,-1344566.3839825434,0.8367824972492375
418,152570,394.6,-1185439.246774679,-1224748.3534931026,0.8951123196784764,60892.05559539795,772504.7211914062,39352.57190799713,107260.0,2335.3262157440186,263986.6282157898,1185439.2475309372,0.2331354620033189,0.0004494001877422929,0.0032316509168595076,0.00999340908846965,0.9734103679656982,,0.012530000000000001,-1344566.3839825434,0.8367824972492375
419,152935,395.9,-1303678.216957593,-1230998.363486945,0.9222559355709651,47316.87146663666,937976.4803466797,31164.236625671387,85010.0,4650.233859539032,244877.27072143555,1303678.2215533257,0.22904499424131294,0.0006601683928812762,0.0054206179001515635,0.009662881628365108,0.9746365547180176,,0.012476000000000003,-1344566.3839825434,0.8367824972492375
420,153300,396.6,-1297961.1542196306,-1228803.35501584,0.8523318089850961,75980.55240058899,794815.1840820312,50572.24235725403,129450.0,18097.608179807663,305026.11988830566,1297961.1545073986,0.22904499424131294,0.0006601683928812762,0.0054206179001515635,0.009662881628365108,0.9746365547180176,,0.012476000000000003,-1344566.3839825434,0.8367824972492375
421,153665,397.9,-1189980.5362042096,-1227901.5378268096,0.8671882982123388,57182.930965423584,809397.0906982422,41011.00185966492,121380.0,7127.819001197815,211064.62661743164,1189980.5381765366,0.21216391909279322,0.0004212345933602161,0.0035986649393300084,0.009322259942755887,0.9768407344818115,,0.012440000000000003,-1344566.3839825434,0.8367824972492375
422,154030,398.5,-1215205.9956230759,-1228981.1810492997,0.9061522896975687,56132.27788352966,819748.8315429688,36479.467863082886,100860.0,5461.7805762290955,252655.92136383057,1215206.0013461113,0.21216391909279322,0.0004212345933602161,0.0035986649393300084,0.009322259942755887,0.9768407344818115,,0.012440000000000003,-1344566.3839825434,0.8367824972492375
423,154395,399.2,-1183058.3026997773,-1229004.4295994467,0.8633387346790261,57066.625933647156,808468.1372070312,40834.97169113159,124450.0,5389.3962371349335,203915.79222106934,1183058.297356367,0.21216391909279322,0.0004212345933602161,0.0035986649393300084,0.009322259942755887,0.9768407344818115,,0.012440000000000003,-1344566.3839825434,0.8367824972492375
424,154760,400.6,-1270324.9771095873,-1231613.0729284328,0.9150043048270761,50755.21794939041,897587.9024658203,33253.80281877518,92025.0,4271.275252342224,243186.9944076538,1270324.9749445915,0.2075537260817854,0.000610038952800096,0.005308720116246198,0.008343601311360927,0.9780170321464539,,0.012386000000000001,-1344566.3839825434,0.8367824972492375
425,155125,402.4,-1213429.4827695386,-1231333.5972922842,0.8662840167137041,56036.02287817001,837665.4039306641,40210.07367229462,122325.0,6629.611404657364,206599.3928527832,1213429.4818603992,0.2075537260817854,0.000610038952800096,0.005308720116246198,0.008343601311360927,0.9780170321464539,,0.012386000000000001,-1346649.8132574314,0.8422462701797486
426,155490,403.1,-1336285.2210571063,-1238150.1096943587,0.8518654370961124,74223.91740226746,809223.486328125,49510.930024147034,130770.0,29419.965554714203,317360.8385772705,1336285.2204842567,0.2075537260817854,0.000610038952800096,0.005308720116246198,0.008343601311360927,0.9780170321464539,,0.012386000000000001,-1346649.8132574314,0.8422462701797486
427,155855,404.4,-1174538.8370410108,-1238052.8925352257,0.9084991536728323,55221.41827964783,815785.4149169922,35725.95443344116,100250.0,4730.137878417969,218047.32290649414,1174538.8301353455,0.22544818371534348,0.0004878067621144797,0.0030308773673727715,0.00964031967726585,0.9747274518013,,0.012332000000000003,-1346649.8132574314,0.8422462701797486
428,156220,405.1,-1239893.2582665249,-1242482.9240346225,0.9160149482831563,48372.122797489166,893882.8028564453,31834.276158809662,90890.0,5703.0996680259705,217583.0789794922,1239893.2576627731,0.22544818371534348,0.0004878067621144797,0.0030308773673727715,0.00964031967726585,0.9747274518013,,0.012332000000000003,-1346649.8132574314,0.8422462701797486
429,156585,405.7,-1189720.6102020135,-1242031.6458214005,0.8746524431934095,53070.016439437866,832856.1330566406,38733.58340549469,118455.0,8630.7245388031,191045.16813659668,1189720.609137535,0.22544818371534348,0.0004878067621144797,0.0030308773673727715,0.00964031967726585,0.9747274518013,,0.012332000000000003,-1346649.8132574314,0.8422462701797486
430,156950,407.1,-1198218.3850618873,-1236017.9555348754,0.9055864652542219,55452.91542387009,819299.5284423828,35919.502240896225,100825.0,4305.811737060547,237868.5466079712,1198218.3890283108,0.20065434277057648,0.0004055300091510473,0.002783524365728035,0.008431471001945044,0.9780815243721008,,0.012278,-1346649.8132574314,0.8422462701797486
431,157315,407.7,-1190151.1077016552,-1227711.2306269617,0.8702240068618565,55209.88459587097,823091.1619873047,39826.82960128784,120915.0,6609.884921789169,199708.2307434082,1190151.10725379,0.20065434277057648,0.0004055300091510473,0.002783524365728035,0.008431471001945044,0.9780815243721008,,0.012278,-1346649.8132574314,0.8422462701797486
432,157680,408.4,-1188131.8384215168,-1228876.9251391739,0.8617723713182424,55631.19176483154,810785.3980712891,39864.966950416565,124060.0,6336.9198796749115,207084.54336547852,1188131.828266859,0.20065434277057648,0.0004055300091510473,0.002783524365728035,0.008431471001945044,0.9780815243721008,,0.012278,-1346649.8132574314,0.8422462701797486
433,158045,409.7,-1236960.862121191,-1226329.0178087507,0.9101875782012939,54408.25924062729,850815.3825683594,35147.05652093887,96490.0,4023.085592329502,250485.33790397644,1236960.8625856042,0.22149698122551567,0.0005201014592833081,0.003436707616569229,0.008893880490703802,0.9757730960845947,,0.012224000000000002,-1346649.8132574314,0.8422462701797486
434,158410,410.4,-1163289.388571992,-1225284.372429132,0.8944055395583584,55897.94986820221,795892.1759033203,37338.20696353912,108580.0,4941.384476184845,216537.6217956543,1163289.3891386986,0.22149698122551567,0.0005201014592833081,0.003436707616569229,0.008893880490703802,0.9757730960845947,,0.012224000000000002,-1346649.8132574314,0.8422462701797486
435,158775,411.6,-1174842.5376332328,-1223385.393072945,0.8908474753980767,53944.17077445984,804576.9047851562,36937.48710727692,109230.0,5357.791151046753,218740.35362434387,1174842.5366678238,0.20064235106110573,0.0004121487901150096,0.0030011628910678587,0.007552871646016444,0.979308009147644,,0.012188000000000003,-1346649.8132574314,0.8422462701797486
436,159140,412.3,-1203268.828717626,-1224717.6031869417,0.866242362048528,53771.67013502121,833718.88671875,39134.08068847656,121710.0,11593.496230363846,197112.35943603516,1203268.8230736256,0.20064235106110573,0.0004121487901150096,0.0030011628910678587,0.007552871646016444,0.979308009147644,,0.012188000000000003,-1346649.8132574314,0.8422462701797486
437,159505,412.9,-1216083.7608960422,-1218523.1274024944,0.8837516043284168,53265.50847148895,839891.7247314453,37439.41851615906,113545.0,10497.715211868286,214709.908908844,1216083.7673683167,0.20064235106110573,0.0004121487901150096,0.0030011628910678587,0.007552871646016444,0.979308009147644,,0.012188000000000003,-1346649.8132574314,0.8422462701797486
438,159870,414.3,-1210056.9442994297,-1219754.0122787321,0.9112454402936648,52005.311203956604,855737.4396972656,33994.5539522171,95755.0,6570.571011543274,217999.37704467773,1210056.9417057037,0.20429343926279167,0.00043218745553244125,0.0034527694990270233,0.007963061945414856,0.9795429110527039,,0.012134,-1346649.8132574314,0.8422462701797486
439,160235,414.9,-1158618.3690342738,-1212501.019882566,0.8929084289563846,53446.69056892395,804155.7055664062,36321.528551101685,109225.0,5042.852056503296,203873.279586792,1158618.3657608032,0.20429343926279167,0.00043218745553244125,0.0034527694990270233,0.007963061945414856,0.9795429110527039,,0.012134,-1346649.8132574314,0.8422462701797486
440,160600,415.6,-1322463.898288737,-1213726.1570860217,0.9302080832115591,39777.35207557678,1013160.2326660156,27196.808968544006,79335.0,2401.184638977051,200370.67203903198,1322463.8983125687,0.20429343926279167,0.00043218745553244125,0.0034527694990270233,0.007963061945414856,0.9795429110527039,,0.012134,-1346649.8132574314,0.8422462701797486
441,160965,416.9,-1291505.098622389,-1218802.3852069306,0.9257922257462593,42663.08386230469,971980.6185302734,28582.276380062103,83485.0,2864.3468437194824,204592.85903167725,1291505.1007857323,0.18058104028827265,0.0003790288512965689,0.002602025089895745,0.007068722337288291,0.9821305871009827,,0.012080000000000002,-1346649.8132574314,0.8422462701797486
442,161330,417.5,-1297726.6372639488,-1222928.4172889744,0.9307145023999149,40583.9709148407,983823.1304931641,27378.805889606476,81055.0,3078.6897192001343,202391.01051330566,1297726.6366152763,0.18058104028827265,0.0003790288512965689,0.002602025089895745,0.007068722337288291,0.9821305871009827,,0.012080000000000002,-1346649.8132574314,0.8422462701797486
443,161695,418.1,-1240568.8060364618,-1225803.9424558082,0.9150111338863635,49848.37743330002,873605.1776123047,32522.088503837585,93310.0,4603.9553107991815,236527.5856781006,1240568.807105042,0.18058104028827265,0.0003790288512965689,0.002602025089895745,0.007068722337288291,0.9821305871009827,,0.012080000000000002,-1346649.8132574314,0.8422462701797486
444,162060,419.5,-1267365.4723995691,-1225655.9672203076,0.9196957032974452,47038.21343803406,935587.6668701172,30968.335678577423,89440.0,3519.626892104745,207849.84719848633,1267365.4766392857,0.16485008969902992,0.00036815873423428887,0.0030453330615081973,0.006542047326404013,0.9846164584159851,,0.012026,-1346649.8132574314,0.8422462701797486
445,162425,420.1,-1156964.7723214806,-1222832.7316979044,0.8968354283946834,55551.99095916748,794138.2783203125,36500.34428977966,107275.0,4420.957404136658,214630.20513916016,1156964.785153389,0.16485008969902992,0.00036815873423428887,0.0030453330615081973,0.006542047326404013,0.9846164584159851,,0.012026,-1346649.8132574314,0.8422462701797486
446,162790,420.7,-1159020.524152083,-1213969.4968526533,0.89027419090271,53091.14792060852,807000.9912109375,36394.419414520264,110135.0,7253.3248101472855,198236.7935333252,1159020.5289689302,0.16485008969902992,0.00036815873423428887,0.0030453330615081973,0.006542047326404013,0.9846164584159851,,0.012026,-1346649.8132574314,0.8422462701797486
447,163155,422.1,-1337306.9348170897,-1222107.9017414574,0.8477859425218138,72629.28950691223,822130.3031005859,48600.47503089905,133200.0,19816.7149643898,313559.4433898926,1337306.9364857674,0.2011733313924388,0.0005878868734343039,0.0049264472932248424,0.0072641366002100865,0.9810377359390259,,0.011972000000000002,-1346649.8132574314,0.8422462701797486
448,163520,422.8,-1198237.0439724224,-1220025.0910267518,0.8631473511865694,56041.31118106842,824333.3433837891,40130.25231742859,124400.0,9169.015447735786,200204.43725585938,1198237.0484048128,0.2011733313924388,0.0005878868734343039,0.0049264472932248424,0.0072641366002100865,0.9810377359390259,,0.011972000000000002,-1346649.8132574314,0.8422462701797486
449,163885,424.1,-1201083.2802965848,-1220593.2245314806,0.8883487766736174,54056.661693573,806286.3148193359,37309.40156841278,112205.0,5670.84440612793,239611.7176513672,1201083.2784452438,0.2324406120337938,0.0004831676201080738,0.0033293606967689762,0.009805142548621484,0.9736903309822083,,0.011936000000000002,-1346649.8132574314,0.8422462701797486
450,164250,425.9,-1319195.4877091814,-1226642.0796638455,0.9292354959331147,40693.78947639465,997175.2788085938,27873.11897134781,80185.0,2342.190854549408,211619.9004058838,1319195.4890403748,0.2324406120337938,0.0004831676201080738,0.0033293606967689762,0.009805142548621484,0.9736903309822083,,0.011936000000000002,-1332289.0870964066,0.8434931101047829
451,164615,426.6,-1343482.6010661344,-1234308.6543320692,0.8491460238417534,72780.17972564697,830382.9353027344,48507.64238548279,133205.0,20873.904428482056,310513.1251525879,1343482.607269287,0.2324406120337938,0.0004831676201080738,0.0033293606967689762,0.009805142548621484,0.9736903309822083,,0.011936000000000002,-1332289.0870964066,0.8434931101047829
452,164980,428.0,-1318189.9176408239,-1240811.5582930348,0.8504377732538198,74492.12423610687,797707.2355957031,49638.020171165466,133310.0,19354.971839904785,318179.69482040405,1318189.9224271774,0.21468280118546987,0.0006548898066428496,0.005071004236876769,0.00969640106747025,0.9759964346885681,,0.011882,-1332289.0870964066,0.8434931101047829
453,165345,428.7,-1163410.8202851177,-1237134.056201231,0.8782501684476252,53124.06888771057,809507.4736328125,38536.475403785706,119010.0,5850.451939582825,190506.41730499268,1163410.8182811737,0.21468280118546987,0.0006548898066428496,0.005071004236876769,0.00969640106747025,0.9759964346885681,,0.011882,-1332289.0870964066,0.8434931101047829
454,165710,429.3,-1176921.2527317586,-1237815.6494092194,0.8958224004262114,57915.51575279236,786930.1944580078,37895.48998260498,110210.0,4626.7688093185425,237258.79804992676,1176921.251299858,0.21468280118546987,0.0006548898066428496,0.005071004236876769,0.00969640106747025,0.9759964346885681,,0.011882,-1332289.0870964066,0.8434931101047829
455,166075,430.7,-1168123.980475024,-1237479.7215513089,0.8748249734917732,55176.4087600708,798570.2333984375,39866.13852310181,120295.0,7575.153731137514,201817.4566268921,1168123.982279569,0.23109995534545497,0.0005823019539189102,0.0036404258418387095,0.0093936875560566,0.9758484959602356,,0.011828000000000002,-1332289.0870964066,0.8434931101047829
456,166440,431.3,-1181692.618652617,-1236400.9110480584,0.8812258707333918,54365.45390987396,793019.7283935547,38622.885679244995,116545.0,5880.529857635498,227624.47471618652,1181692.6186466217,0.23109995534545497,0.0005823019539189102,0.0036404258418387095,0.0093936875560566,0.9758484959602356,,0.011828000000000002,-1332289.0870964066,0.8434931101047829
457,166805,432.1,-1192751.7322978307,-1235234.3096181478,0.8598740971251709,58006.047203063965,787686.2807617188,41169.843267440796,127370.0,6114.141692876816,230411.4698791504,1192751.7356011868,0.23109995534545497,0.0005823019539189102,0.0036404258418387095,0.0093936875560566,0.9758484959602356,,0.011828000000000002,-1332289.0870964066,0.8434931101047829
458,167170,433.6,-1206820.9932618877,-1235072.5120662707,0.8600443616305312,58791.27962112427,801471.1380615234,41760.316411972046,126730.0,5686.915382385254,231172.6248703003,1206820.994726181,0.23302765386669258,0.0004537457105375085,0.003404851549452073,0.009023314243868777,0.975807785987854,,0.011774,-1332289.0870964066,0.8434931101047829
459,167535,434.2,-1196320.6179895862,-1236957.6245140363,0.9094708272855576,56251.19777870178,804328.1052246094,36223.34403514862,101975.0,3721.4642658233643,250072.70555114746,1196320.6190767288,0.23302765386669258,0.0004537457105375085,0.003404851549452073,0.009023314243868777,0.975807785987854,,0.011774,-1332289.0870964066,0.8434931101047829
460,167900,435.0,-1213767.755284761,-1231522.8173638375,0.9004256908207724,60728.54718494415,778244.2877197266,38852.08975172043,106440.0,4316.621761798859,285914.754989624,1213767.7542228699,0.23302765386669258,0.0004537457105375085,0.003404851549452073,0.009023314243868777,0.975807785987854,,0.011774,-1332289.0870964066,0.8434931101047829
461,168265,436.3,-1151038.158141037,-1224499.47033977,0.8760458028479798,54373.99057197571,799259.4328613281,39256.80240249634,119005.0,4444.319349765778,189072.5925140381,1151038.1471276283,0.22025306169923983,0.0006148341992325425,0.004827399015132534,0.00896047055721283,0.9770827293395996,,0.011720000000000001,-1332289.0870964066,0.8434931101047829
462,168630,437.0,-1333131.4740688386,-1226269.7121800142,0.8506802668310192,77521.91728687286,788654.4539794922,51418.94626331329,133860.0,20335.414792597294,338862.6564292908,1333131.4714646935,0.22025306169923983,0.0006148341992325425,0.004827399015132534,0.00896047055721283,0.9770827293395996,,0.011720000000000001,-1332289.0870964066,0.8434931101047829
463,168995,438.5,-1291047.0909222595,-1228793.6264243042,0.9222755732601636,46074.26533126831,932865.0322265625,30436.745062828064,87550.0,3798.7956886291213,236396.51319122314,1291047.0861692429,0.22040622661772527,0.0006501377672401233,0.005523146251155259,0.008736987843325264,0.9785873889923096,,0.011684000000000002,-1332289.0870964066,0.8434931101047829
464,169360,439.4,-1374579.83368917,-1234154.3444887842,0.8479699169119743,77149.16063404083,825140.0073242188,50679.03042602539,135000.0,25011.724685668945,338749.07275390625,1374579.8351898193,0.22040622661772527,0.0006501377672401233,0.005523146251155259,0.008736987843325264,0.9785873889923096,,0.011684000000000002,-1332289.0870964066,0.8434931101047829
465,169725,440.1,-1253838.4852581192,-1238998.0301356162,0.9107187091487727,55407.52986240387,847949.2255859375,35791.0979847908,98235.0,4160.079425692558,267703.0835952759,1253838.4865916967,0.22040622661772527,0.0006501377672401233,0.005523146251155259,0.008736987843325264,0.9785873889923096,,0.011684000000000002,-1332289.0870964066,0.8434931101047829
466,170090,441.5,-1223670.405416975,-1242230.5241988609,0.8889333782130725,57255.58413982391,794894.1984863281,38778.48225212097,113225.0,7346.6585738658905,269426.0666999817,1223670.4060122967,0.2257525752249517,0.0005724226409112912,0.003754197514162546,0.010105313917033766,0.9745088219642639,,0.01163,-1332289.0870964066,0.8434931101047829
467,170455,442.1,-1261362.3434791737,-1238433.294631965,0.9194576532873389,49303.66346549988,898894.3851318359,32179.82801246643,91635.0,3130.1625747680664,235522.96563720703,1261362.3413562775,0.2257525752249517,0.0005724226409112912,0.003754197514162546,0.010105313917033766,0.9745088219642639,,0.01163,-1332289.0870964066,0.8434931101047829
468,170820,442.8,-1197486.904446281,-1238395.7876556583,0.882870086741774,55457.94129657745,811813.0072021484,39023.98619842529,117475.0,9164.166345119476,220010.74014282227,1197486.8998885155,0.2257525752249517,0.0005724226409112912,0.003754197514162546,0.010105313917033766,0.9745088219642639,,0.01163,-1332289.0870964066,0.8434931101047829
469,171185,444.2,-1184663.1519921063,-1237574.7812404342,0.8738573895741816,55409.01919174194,803031.4372558594,39843.34465789795,122600.0,7347.894533991814,211840.47563171387,1184663.152079463,0.21453083561439262,0.0005486674703876672,0.003828082178523274,0.007840904492982909,0.9804409742355347,,0.011576000000000001,-1332289.0870964066,0.8434931101047829
470,171550,444.9,-1171175.180434626,-1230173.7658767062,0.8745798311821402,55768.04891204834,795177.6862792969,40240.912088394165,122400.0,6758.751314163208,206597.82962799072,1171175.179309845,0.21453083561439262,0.0005486674703876672,0.003828082178523274,0.007840904492982909,0.9804409742355347,,0.011576000000000001,-1332289.0870964066,0.8434931101047829
471,171915,445.6,-1334493.0431139993,-1229724.2879790994,0.9291639102648382,42526.8406496048,990468.6029052734,28591.784255981445,83345.0,1701.30912399292,230386.35175323486,1334493.0480384827,0.21453083561439262,0.0005486674703876672,0.003828082178523274,0.007840904492982909,0.9804409742355347,,0.011576000000000001,-1332289.0870964066,0.8434931101047829
472,172280,446.9,-1200792.2174605979,-1223854.4029700882,0.8927761383252601,57229.67022705078,774839.9440917969,37883.39006328583,112465.0,4576.0245723724365,271027.8650741577,1200792.2238016129,0.20405436052303566,0.0005578012054397014,0.004159760064028792,0.008387055676920633,0.9798343777656555,,0.011522000000000001,-1332289.0870964066,0.8434931101047829
473,172645,447.6,-1387183.2060136986,-1235043.0222565173,0.9282682711130952,39716.29933023453,1046011.7858886719,27582.061037540436,82565.0,2167.7739711403847,228856.57876586914,1387183.1996632218,0.20405436052303566,0.0005578012054397014,0.004159760064028792,0.008387055676920633,0.9798343777656555,,0.011522000000000001,-1332289.0870964066,0.8434931101047829
474,173010,448.2,-1161615.56220296,-1234277.7377300775,0.8916776377860814,55889.919887542725,776077.3157958984,37740.50826740265,114140.0,6755.392886400223,226902.34526062012,1161615.5622103214,0.20405436052303566,0.0005578012054397014,0.004159760064028792,0.008387055676920633,0.9798343777656555,,0.011522000000000001,-1332289.0870964066,0.8434931101047829
475,173375,450.9,-1170735.274270656,-1234408.3024198592,0.8862711062170054,54921.6394405365,798978.8502197266,38362.24160671234,117230.0,3973.6101565361023,212190.5795326233,1170735.2815155983,0.20370894043069138,0.0005082149487191744,0.004211961193696449,0.008589802689752296,0.97913658618927,,0.011468,-1326334.033226667,0.8435560694296066
476,173740,451.6,-1147472.2635471981,-1232697.284664588,0.8968714710784285,58421.527030944824,767981.4343261719,37988.62354898453,110945.0,3952.6318216323853,226604.57830810547,1147472.2680048943,0.20370894043069138,0.0005082149487191744,0.004211961193696449,0.008589802689752296,0.97913658618927,,0.011468,-1326334.033226667,0.8435560694296066
477,174105,453.1,-1186430.7301762886,-1232381.234558511,0.8847693670285891,55233.557388305664,799335.8984375,38708.13238573074,117285.0,6287.34298658371,224814.35902404785,1186430.7328338623,0.22363289641706566,0.00047749171598728647,0.0034305505687370896,0.0076215210750601005,0.980294942855835,,0.011432000000000001,-1326334.033226667,0.8435560694296066
478,174470,453.7,-1709320.8687214586,-1257506.2283314897,0.9249862659467409,41922.1525850296,1248060.3422851562,29158.64302253723,81845.0,4079.0209941864014,346177.85707092285,1709320.8633728027,0.22363289641706566,0.00047749171598728647,0.0034305505687370896,0.0076215210750601005,0.980294942855835,,0.011432000000000001,-1326334.033226667,0.8435560694296066
479,174835,454.4,-1210056.3679582428,-1258193.0158299224,0.8596823409812091,66392.57653999329,798586.1710205078,45693.105546951294,130690.0,8615.027798175812,226472.06701660156,1210056.3713822365,0.22363289641706566,0.00047749171598728647,0.0034305505687370896,0.0076215210750601005,0.980294942855835,,0.011432000000000001,-1326334.033226667,0.8435560694296066
480,175200,455.7,-1360910.4900360284,-1265550.1525674858,0.8507775974600282,74056.43587493896,812696.0649414062,49200.87402534485,136355.0,19602.798797607422,343055.7572631836,1360910.495027542,0.21516555724175354,0.0005313777847779994,0.0029535126288560845,0.013050725083111933,0.9677745699882507,,0.011378000000000001,-1326334.033226667,0.8435560694296066
481,175565,456.4,-1193507.9919029009,-1267673.644255579,0.8621761539211011,57325.19957923889,805184.3792724609,40761.34412765503,128450.0,5799.805903434753,213312.46307373047,1193507.9923772812,0.21516555724175354,0.0005313777847779994,0.0029535126288560845,0.013050725083111933,0.9677745699882507,,0.011378000000000001,-1326334.033226667,0.8435560694296066
482,175930,457.1,-1179574.4548229966,-1259995.7932932868,0.8766656501652443,54423.68912601471,812522.5454101562,39176.08893108368,122165.0,4183.1925356686115,201527.6224975586,1179574.4493744671,0.21516555724175354,0.0005313777847779994,0.0029535126288560845,0.013050725083111933,0.9677745699882507,,0.011378000000000001,-1326334.033226667,0.8435560694296066
483,176295,458.4,-1282058.9589437624,-1259546.386694362,0.8576538877944424,72882.13188266754,793421.6831054688,48821.88287448883,132540.0,17466.090081214905,289809.3079147339,1282058.9639759064,0.23724701843763651,0.00047271602752037945,0.002542328421489066,0.009886690158102857,0.9730828404426575,,0.011324,-1326334.033226667,0.8435560694296066
484,176660,459.1,-1277314.6930887052,-1254683.129664339,0.9232528738779564,45731.81761550903,921711.501953125,30236.40290594101,90655.0,4859.464575767517,229852.32538604736,1277314.694820881,0.23724701843763651,0.00047271602752037945,0.002542328421489066,0.009886690158102857,0.9730828404426575,,0.011324,-1326334.033226667,0.8435560694296066
485,177025,459.8,-1185444.2437143845,-1251263.417587152,0.8728474861954989,53875.12243270874,811700.0725097656,39009.50348472595,123975.0,8529.04742527008,202230.62377929688,1185444.2471990585,0.23724701843763651,0.00047271602752037945,0.002542328421489066,0.009886690158102857,0.9730828404426575,,0.011324,-1326334.033226667,0.8435560694296066
486,177390,461.2,-1187332.781548954,-1249446.536393751,0.902877004995738,57805.952461242676,792025.9464111328,37146.81125545502,106750.0,4998.480457305908,246411.5393447876,1187332.7774686813,0.21091727716358086,0.0005386093074488791,0.0038990221609741353,0.009361887681543044,0.9774783849716187,,0.01127,-1326334.033226667,0.8435560694296066
487,177755,461.9,-1331556.4695041901,-1252956.2426950017,0.8502737162864371,75238.43975257874,785612.9278564453,49735.546701431274,137290.0,20910.75461292267,338007.23792266846,1331556.4670934677,0.21091727716358086,0.0005386093074488791,0.0038990221609741353,0.009361887681543044,0.9774783849716187,,0.01127,-1326334.033226667,0.8435560694296066
488,178120,462.6,-1184861.7955697107,-1252324.9872511732,0.8901302313151425,57858.73565483093,781386.6489257812,38902.49407196045,115120.0,4080.942325115204,245371.70857334137,1184861.7938961983,0.21091727716358086,0.0005386093074488791,0.0038990221609741353,0.009361887681543044,0.9774783849716187,,0.01127,-1326334.033226667,0.8435560694296066
489,178485,464.1,-1163695.0696139345,-1251276.5831322647,0.880348559928267,52934.77996253967,805674.6661376953,38148.68899536133,120335.0,6487.882866859436,193048.8316192627,1163695.0696191788,0.2334485030487964,0.0004923668619946847,0.0031722219428047538,0.010125281142168924,0.9736706614494324,,0.011216000000000002,-1326334.033226667,0.8435560694296066
490,178850,464.7,-1203910.3353588162,-1252913.340878474,0.8718710639705397,55219.2946434021,816689.3416748047,39879.8707151413,124035.0,7352.313029408455,215953.8151550293,1203910.3405743837,0.2334485030487964,0.0004923668619946847,0.0031722219428047538,0.010125281142168924,0.9736706614494324,,0.011216000000000002,-1326334.033226667,0.8435560694296066
491,179215,466.1,-1162204.2847701323,-1244298.9029612807,0.886393062709129,54997.77957248688,796323.7169189453,38274.04098320007,117175.0,5352.616048514843,205078.91854858398,1162204.2924992442,0.22593025765136668,0.0006243017105589388,0.0048940558243837015,0.008482773028510181,0.977441668510437,,0.01118,-1326334.033226667,0.8435560694296066
492,179580,466.8,-1182001.9863773857,-1243359.3914071203,0.8808148821739301,54914.458064079285,794087.6163330078,38685.51764678955,118130.0,5678.530887126923,225420.32736206055,1182001.9922289848,0.22593025765136668,0.0006243017105589388,0.0048940558243837015,0.008482773028510181,0.977441668510437,,0.01118,-1326334.033226667,0.8435560694296066
493,179945,467.5,-1330943.6124259129,-1240547.4117277307,0.9277172276418503,40788.05842971802,1016894.74609375,27888.886737823486,82760.0,1637.717957019806,201762.2742767334,1330943.6250653267,0.22593025765136668,0.0006243017105589388,0.0048940558243837015,0.008482773028510181,0.977441668510437,,0.01118,-1326334.033226667,0.8435560694296066
494,180310,468.8,-1213360.0411410418,-1243134.635674635,0.9134856078722705,50522.765144348145,856954.0208740234,33331.52921295166,97285.0,5590.807065963745,220198.68642997742,1213360.0435829163,0.183511158353404,0.0004449656655292768,0.0032934891611435695,0.007633187164748578,0.9814596176147461,,0.011126,-1326334.033226667,0.8435560694296066
495,180675,469.4,-1216427.432019881,-1245419.2435620963,0.9088117042632952,54229.611865997314,822641.6979980469,35559.22205066681,100085.0,3547.010017514229,254594.51495361328,1216427.4450198412,0.183511158353404,0.0004449656655292768,0.0032934891611435695,0.007633187164748578,0.9814596176147461,,0.011126,-1326334.033226667,0.8435560694296066
496,181040,470.1,-1182423.2153310017,-1247166.7911512866,0.8950754364875898,59562.04821205139,768994.6358642578,38733.452852249146,110965.0,8732.255086898804,254997.8743133545,1182423.2181167603,0.183511158353404,0.0004449656655292768,0.0032934891611435695,0.007633187164748578,0.9814596176147461,,0.011126,-1326334.033226667,0.8435560694296066
497,181405,471.4,-1341779.6773216731,-1254934.2385085556,0.8467044978925626,73313.23787975311,814137.3940429688,49074.3696680069,135795.0,23550.08980667591,319222.82231903076,1341779.6758366823,0.20566491410136223,0.0007413457496544364,0.004839980821615379,0.008379414389645191,0.9782896041870117,,0.011072000000000002,-1326334.033226667,0.8435560694296066
498,181770,472.0,-1228191.73271816,-1230877.781708391,0.9168531853858739,47847.741331100464,891379.5372314453,31510.727406978607,92210.0,2794.6720600128174,210296.8012008667,1228191.7378993034,0.20566491410136223,0.0007413457496544364,0.004839980821615379,0.008379414389645191,0.9782896041870117,,0.011072000000000002,-1326334.033226667,0.8435560694296066
499,182135,472.7,-1316260.1046625287,-1236187.968543605,0.8497755220491592,76404.62140226364,779038.9658203125,50922.35584115982,133020.0,24720.557991474867,328558.2260437012,1316260.1056966484,0.20566491410136223,0.0007413457496544364,0.004839980821615379,0.008379414389645191,0.9782896041870117,,0.011072000000000002,-1326334.033226667,0.8435560694296066
500,182500,475.3,-1328966.7050219837,-1234590.779292903,0.8495494207290754,75418.6302986145,794501.1680908203,50141.74759721756,134460.0,17603.245926856995,332260.54985046387,1328966.7114653587,0.21202305037724345,0.0004696350028768249,0.003180788281545239,0.010554145494672028,0.9733220934867859,,0.011018000000000002,-1317093.602347258,0.8425694469719717
501,182865,476.0,-1266150.8738317199,-1238222.923389344,0.916762437559154,49966.273361206055,888249.9974365234,32687.05664587021,92555.0,3732.467647075653,248926.35095214844,1266150.8726816177,0.21202305037724345,0.0004696350028768249,0.003180788281545239,0.010554145494672028,0.9733220934867859,,0.011018000000000002,-1317093.602347258,0.8425694469719717
502,183230,476.7,-1232694.4476402998,-1240878.9230302093,0.9116371626723303,52858.73700237274,841004.0750732422,34350.66903400421,98155.0,5880.550747871399,253304.15309143066,1232694.4479465485,0.21202305037724345,0.0004696350028768249,0.003180788281545239,0.010554145494672028,0.9733220934867859,,0.011018000000000002,-1317093.602347258,0.8425694469719717
503,183595,478.1,-1339701.157126853,-1243761.0329393633,0.846213296178269,73620.9648885727,816012.4923095703,49118.565170288086,136585.0,19913.88437563181,318071.21673583984,1339701.15859133,0.1979839515529181,0.0004269151337020479,0.003064339621567725,0.008641346247474613,0.9793897867202759,,0.010964000000000002,-1317093.602347258,0.8425694469719717
504,183960,478.7,-1308140.9737795943,-1245302.3469739077,0.9235608440555938,44610.08734703064,958284.9699707031,29721.51936340332,87020.0,5345.6476746201515,227768.83767414093,1308140.9746828675,0.1979839515529181,0.0004269151337020479,0.003064339621567725,0.008641346247474613,0.9793897867202759,,0.010964000000000002,-1317093.602347258,0.8425694469719717
505,184325,480.0,-1245553.68156008,-1248307.8188661926,0.9202777735174519,47513.01984119415,899796.0695800781,31374.65979194641,92385.0,1418.8794536590576,220579.07333374023,1245553.6821594238,0.1920082653431516,0.00046972982708164064,0.0037410803151463994,0.008823568638610212,0.9798453450202942,,0.010928,-1317093.602347258,0.8425694469719717
506,184690,480.7,-1183897.9361205222,-1248136.076594771,0.8714701348788118,56198.72886276245,798729.9416503906,40606.78108406067,124005.0,4015.0474243164062,216541.17280578613,1183897.9429645538,0.1920082653431516,0.00046972982708164064,0.0037410803151463994,0.008823568638610212,0.9798453450202942,,0.010928,-1317093.602347258,0.8425694469719717
507,185055,481.3,-1293934.0540945404,-1246254.9558242885,0.8527498142360008,76032.65909194946,774824.5377197266,50452.37809944153,133610.0,18207.24436712265,316839.8932952881,1293934.0534815788,0.1920082653431516,0.00046972982708164064,0.0037410803151463994,0.008823568638610212,0.9798453450202942,,0.010928,-1317093.602347258,0.8425694469719717
508,185420,482.7,-1171717.1706295037,-1245597.7245772784,0.8894874130209831,59127.359340667725,753254.4230957031,39341.12429237366,114470.0,6114.667881727219,258536.96015930176,1171717.1754291058,0.22558078346283814,0.0005162989975456424,0.0037483081564699348,0.010208295498925605,0.9737594127655029,,0.010874000000000002,-1317093.602347258,0.8425694469719717
509,185785,483.4,-1330028.0444159287,-1253914.373317378,0.9276785866854942,43237.83894729614,981884.9974365234,29335.21409034729,82485.0,592.0497817993164,235730.77835083008,1330028.0396595001,0.22558078346283814,0.0005162989975456424,0.0037483081564699348,0.010208295498925605,0.9737594127655029,,0.010874000000000002,-1317093.602347258,0.8425694469719717
510,186150,484.0,-1190104.4768537604,-1253224.0803921255,0.8614592561983082,60931.59076309204,784145.5422363281,43246.31765174866,126805.0,4762.918691158295,231144.6994781494,1190104.4780573845,0.22558078346283814,0.0005162989975456424,0.0037483081564699348,0.010208295498925605,0.9737594127655029,,0.010874000000000002,-1317093.602347258,0.8425694469719717
511,186515,485.4,-1224904.5804634038,-1256359.0951767887,0.905863317888077,58789.413601875305,798770.5122070312,37724.27167224884,100835.0,3711.2074756622314,283863.58296203613,1224904.5743169785,0.18687320284937559,0.00044581636226020667,0.0025765937722386106,0.008284934116282353,0.9803038835525513,,0.010820000000000001,-1317093.602347258,0.8425694469719717
512,186880,486.0,-1320825.3451351463,-1263300.2631146766,0.8502815391919384,78490.21921157837,767782.9916992188,52038.06872367859,132610.0,15241.350566864014,353152.9265899658,1320825.3375797272,0.18687320284937559,0.00044581636226020667,0.0025765937722386106,0.008284934116282353,0.9803038835525513,,0.010820000000000001,-1317093.602347258,0.8425694469719717
513,187245,486.7,-1289227.5742552713,-1261214.461206145,0.921052848802854,48198.25395679474,906635.0810546875,31862.94261455536,88135.0,4144.758075714111,258449.794921875,1289227.576666832,0.18687320284937559,0.00044581636226020667,0.0025765937722386106,0.008284934116282353,0.9803038835525513,,0.010820000000000001,-1317093.602347258,0.8425694469719717
514,187610,488.0,-1202618.9753105324,-1260677.4079146192,0.9028324450532051,61566.39431858063,764566.4110107422,39188.16174507141,105060.0,3104.236853837967,290700.1658935547,1202618.9755032063,0.1997010133376247,0.0005229170552698442,0.004212496581634409,0.00924070321611668,0.9781226515769958,,0.010766000000000001,-1317093.602347258,0.8425694469719717
515,187975,488.7,-1185843.8958984208,-1259148.231108546,0.8644295893303335,59300.975858688354,782281.9680175781,42346.13446044922,124320.0,3968.9516904354095,232926.84231567383,1185843.8964841366,0.1997010133376247,0.0005229170552698442,0.004212496581634409,0.00924070321611668,0.9781226515769958,,0.010766000000000001,-1317093.602347258,0.8425694469719717
516,188340,489.3,-1241332.7226169156,-1262093.706472842,0.9081067406967894,57917.27255821228,811262.5161132812,37250.057634830475,99795.0,5010.75865650177,288014.3871765137,1241332.7195811272,0.1997010133376247,0.0005229170552698442,0.004212496581634409,0.00924070321611668,0.9781226515769958,,0.010766000000000001,-1317093.602347258,0.8425694469719717
517,188705,490.6,-1207157.4164133694,-1255362.5934274269,0.8569132928978906,69553.94791460037,774915.3759765625,47382.97268295288,127670.0,6780.345561027527,250408.72399902344,1207157.4182195663,0.2083675357464113,0.00044526606440118294,0.0030215079360028825,0.009176762909383365,0.9766003489494324,,0.010712000000000001,-1317093.602347258,0.8425694469719717
518,189070,491.3,-1186396.4629647743,-1253272.8299397575,0.8675116761090004,58702.26756668091,787666.16015625,41947.1467628479,122705.0,4321.7538595199585,229756.39782714844,1186396.4586057663,0.2083675357464113,0.00044526606440118294,0.0030215079360028825,0.009176762909383365,0.9766003489494324,,0.010712000000000001,-1317093.602347258,0.8425694469719717
519,189435,491.9,-1303316.6293619052,-1252625.6561747263,0.9237175840221039,45920.81680107117,941872.9964599609,30631.333261966705,84155.0,1279.1481895446777,245378.15446472168,1303316.632376194,0.2083675357464113,0.00044526606440118294,0.0030215079360028825,0.009176762909383365,0.9766003489494324,,0.010712000000000001,-1317093.602347258,0.8425694469719717
520,189800,493.3,-1164121.6953957467,-1244383.4056934144,0.8659986259186104,56389.38448524475,791049.3599853516,40843.801122665405,124135.0,5401.722026616335,202691.8080444336,1164121.691179067,0.20206492100107043,0.0004020532985458359,0.0026341488517477715,0.009780961431955037,0.9767787456512451,,0.010658,-1317093.602347258,0.8425694469719717
521,190165,493.9,-1315601.372478339,-1246855.9306257453,0.8504144397500443,77817.90931510925,781030.5743408203,51746.442823410034,131135.0,21065.730115413666,330623.6212005615,1315601.3684802055,0.20206492100107043,0.0004020532985458359,0.0026341488517477715,0.009780961431955037,0.9767787456512451,,0.010658,-1317093.602347258,0.8425694469719717
522,190530,495.2,-1334675.4541963392,-1251954.9809535472,0.8452346782161765,77981.42959213257,787805.5860595703,51267.223234176636,134675.0,23270.588327407837,337657.0590515137,1334675.4566726685,0.2328399533503934,0.0005035431094208769,0.0038773386163244907,0.011270866141115365,0.970855712890625,,0.010622000000000001,-1317093.602347258,0.8425694469719717
523,190895,496.0,-1283807.453423084,-1249160.2957683587,0.8532797566831929,75865.74868106842,776035.3549804688,50596.38374042511,130065.0,16836.46471643448,310274.24028015137,1283807.4437174797,0.2328399533503934,0.0005035431094208769,0.0038773386163244907,0.011270866141115365,0.970855712890625,,0.010622000000000001,-1317093.602347258,0.8425694469719717
524,191260,496.6,-1162781.3203597744,-1241892.3130973678,0.8781253099441528,57049.031885147095,785757.1602783203,40260.32912349701,116590.0,4870.727701187134,215303.09992980957,1162781.317032814,0.2328399533503934,0.0005035431094208769,0.0038773386163244907,0.011270866141115365,0.970855712890625,,0.010622000000000001,-1317093.602347258,0.8425694469719717
525,191625,499.1,-1299417.5147404396,-1244585.504756386,0.9258957812230881,44033.31722354889,954697.4429931641,29521.336587905884,83210.0,992.9389834403992,230995.7905807495,1299417.5091452599,0.2066658615673843,0.0004462665770245765,0.0030041075645529324,0.01001231695868467,0.976131021976471,,0.010568000000000001,-1309031.8732052976,0.8418145474505752
526,191990,499.7,-1189537.2610701777,-1244867.4710038686,0.9010563950016074,60111.39048957825,775387.0057373047,38650.90821361542,103850.0,3596.865297317505,268052.474609375,1189537.2538576126,0.2066658615673843,0.0004462665770245765,0.0030041075645529324,0.01001231695868467,0.976131021976471,,0.010568000000000001,-1309031.8732052976,0.8418145474505752
527,192355,500.4,-1212077.9498165562,-1240774.6657899695,0.9068160419594752,57551.92006492615,805123.7611083984,37256.01929855347,99780.0,2871.5482692718506,267046.619802475,1212077.9484786987,0.2066658615673843,0.0004462665770245765,0.0030041075645529324,0.01001231695868467,0.976131021976471,,0.010568000000000001,-1309031.8732052976,0.8418145474505752
528,192720,501.7,-1150038.8885023827,-1239690.7516836135,0.896300175255292,58910.17255783081,762537.2655029297,38282.192173957825,107735.0,3103.489998817444,238380.94486236572,1150038.8925380707,0.18089997748795308,0.0005088164510341716,0.0036875406926571343,0.007964083152872167,0.9797472357749939,,0.010514,-1309031.8732052976,0.8418145474505752
529,193085,502.4,-1184351.2116631358,-1232406.9100459735,0.9055320728315066,56954.021218299866,791395.3630371094,36889.75626373291,100300.0,3717.833204269409,252048.27057647705,1184351.2230815887,0.18089997748795308,0.0005088164510341716,0.0036875406926571343,0.007964083152872167,0.9797472357749939,,0.010514,-1309031.8732052976,0.8418145474505752
530,193450,503.0,-1303894.7865757535,-1238096.4255320732,0.8503668994119723,75888.46547698975,779943.34375,50746.19359970093,130135.0,26341.828449726105,316728.42474365234,1303894.7905430794,0.18089997748795308,0.0005088164510341716,0.0036875406926571343,0.007964083152872167,0.9797472357749939,,0.010514,-1309031.8732052976,0.8418145474505752
531,193815,504.3,-1351843.224349261,-1244443.357726366,0.8473804465711934,77445.33369636536,808744.35546875,51011.30770301819,132620.0,20945.82670688629,338521.7294616699,1351843.2193403244,0.20776792517618128,0.00048093429981427586,0.003372727779941143,0.009617914531477973,0.9764161705970764,,0.01046,-1309031.8732052976,0.8418145474505752
532,194180,505.1,-1322271.6239544852,-1244515.6716673332,0.8496141404321749,77489.15342521667,780540.6362304688,51328.11999511719,130885.0,20166.488206863403,339351.38051605225,1322271.6249485016,0.20776792517618128,0.00048093429981427586,0.003372727779941143,0.009617914531477973,0.9764161705970764,,0.01046,-1309031.8732052976,0.8418145474505752
533,194545,505.8,-1163053.3532666375,-1238206.9606179015,0.8741297311978797,55872.88372421265,797313.3544921875,40248.04260921478,117095.0,3605.8783807754517,204791.07860565186,1163053.3540878296,0.20776792517618128,0.00048093429981427586,0.003372727779941143,0.009617914531477973,0.9764161705970764,,0.01046,-1309031.8732052976,0.8418145474505752
534,194910,507.2,-1162808.883385587,-1236216.4560216544,0.8914738829821757,59683.83526992798,772227.34375,39523.22695064545,107975.0,2615.295965194702,240468.0181274414,1162808.8847932816,0.22586157290559067,0.0004881169487768937,0.0038088079125277305,0.010891129311762358,0.9730580449104309,,0.010406,-1309031.8732052976,0.8418145474505752
535,195275,507.9,-1290427.382973481,-1241445.6303754072,0.8477059331658768,76477.31510543823,767597.2357177734,51172.10339355469,130020.0,17490.15258026123,324147.8903198242,1290427.3820114136,0.22586157290559067,0.0004881169487768937,0.0038088079125277305,0.010891129311762358,0.9730580449104309,,0.010406,-1309031.8732052976,0.8418145474505752
536,195640,509.2,-1188220.1908109244,-1238790.0037851078,0.8696255340968093,57883.05577468872,793653.0238037109,41717.611097335815,118855.0,6637.594162002206,227356.967792511,1188220.19685556,0.21126305096243558,0.000459144911186932,0.0029564573097128517,0.009703799444986018,0.9761399030685425,,0.01037,-1309031.8732052976,0.8418145474505752
537,196005,509.8,-1164495.2268733217,-1236656.8943081056,0.8647760525141677,57841.99206829071,794980.5592041016,41651.033489227295,121185.0,4944.3776693195105,201734.26026916504,1164495.2306318134,0.21126305096243558,0.000459144911186932,0.0029564573097128517,0.009703799444986018,0.9761399030685425,,0.01037,-1309031.8732052976,0.8418145474505752
538,196370,510.5,-1186499.9374056926,-1236662.068030151,0.858168256936008,61134.96922874451,773431.8363037109,43341.27518081665,123700.0,4044.6714532375336,241982.15350341797,1186499.936441183,0.21126305096243558,0.000459144911186932,0.0029564573097128517,0.009703799444986018,0.9761399030685425,,0.01037,-1309031.8732052976,0.8418145474505752
539,196735,511.9,-1317991.3906102092,-1237395.8060925668,0.8471437870639644,78325.0731678009,768253.7260742188,52214.1883354187,129915.0,20255.468267440796,347353.00314331055,1317991.3858203888,0.21773262694478035,0.0004677735951190698,0.003092983320943619,0.009772364883438536,0.9734073281288147,,0.010316,-1309031.8732052976,0.8418145474505752
540,197100,512.5,-1166845.748138009,-1237532.0087296797,0.8820650216651289,58345.26243972778,766483.5073242188,40349.43848705292,112410.0,4408.828936100006,243193.9775543213,1166845.752301693,0.21773262694478035,0.0004677735951190698,0.003092983320943619,0.009772364883438536,0.9734073281288147,,0.010316,-1309031.8732052976,0.8418145474505752
541,197465,513.2,-1149028.5649843153,-1229203.3683549785,0.8852693200111389,56520.84400177002,761974.6195068359,39150.81314468384,111130.0,3236.2399997115135,233536.89735412598,1149028.5700053573,0.21773262694478035,0.0004677735951190698,0.003092983320943619,0.009772364883438536,0.9734073281288147,,0.010316,-1309031.8732052976,0.8418145474505752
542,197830,514.5,-1148661.9998660963,-1219902.6956384662,0.8582960442320942,59145.365644454956,762324.0833740234,42363.86960601807,123970.0,3659.0847568511963,216344.96089172363,1148661.9986286163,0.20457883316435313,0.00043747039154894943,0.003146522932327475,0.00914714322425425,0.9766731858253479,,0.010262,-1309031.8732052976,0.8418145474505752
543,198195,515.1,-1179533.9800487251,-1214689.0219697482,0.886140699909158,58362.83181190491,762275.3227539062,39428.50415229797,109735.0,3291.261390686035,264803.89863586426,1179533.9869327545,0.20457883316435313,0.00043747039154894943,0.003146522932327475,0.00914714322425425,0.9766731858253479,,0.010262,-1309031.8732052976,0.8418145474505752
544,198560,515.8,-1330388.6448108333,-1223069.388192301,0.8457558236710013,78255.5720653534,769569.5098876953,52065.90258407593,130320.0,14405.7702627182,364027.4553909302,1330388.6381254196,0.20457883316435313,0.00043747039154894943,0.003146522932327475,0.00914714322425425,0.9766731858253479,,0.010262,-1309031.8732052976,0.8418145474505752
545,198925,517.1,-1310668.7918013365,-1223631.952045346,0.9218636734844887,45515.795906066895,953464.9499511719,30575.775970458984,82135.0,1514.2180271148682,242978.8408203125,1310668.7847690582,0.20939112925215772,0.00043113449900326824,0.0022679379157795523,0.010165676474571228,0.9744978547096252,,0.010208,-1309031.8732052976,0.8418145474505752
546,199290,517.7,-1371538.2674941446,-1232732.0023665442,0.9251773120605782,42319.10019540787,1021695.5568847656,29338.83380126953,78725.0,714.1091747283936,241064.76766204834,1371538.267522812,0.20939112925215772,0.00043113449900326824,0.0022679379157795523,0.010165676474571228,0.9744978547096252,,0.010208,-1309031.8732052976,0.8418145474505752
547,199655,518.4,-1150810.682473151,-1229668.6389993741,0.8900199826449564,60518.632150650024,748370.2448730469,40042.79080295563,107240.0,2867.737410545349,252289.90097045898,1150810.6740570068,0.20939112925215772,0.00043113449900326824,0.0022679379157795523,0.010165676474571228,0.9744978547096252,,0.010208,-1309031.8732052976,0.8418145474505752
548,200020,519.7,-1155543.2010242038,-1229943.8546254653,0.8815381461626863,58083.1715259552,772306.7368164062,40459.346881866455,111535.0,4286.1617295742035,226955.9495162964,1155543.1949441433,0.1629944371157571,0.00032007691985008453,0.0021718343119382076,0.00899664536853762,0.9788882732391357,,0.010154,-1309031.8732052976,0.8418145474505752
549,200385,520.3,-1179042.7492484348,-1229678.4315047304,0.8538701527739224,66339.20786857605,765083.3596191406,46141.124629974365,123600.0,4397.59513759613,239820.67681884766,1179042.7562055588,0.1629944371157571,0.00032007691985008453,0.0021718343119382076,0.00899664536853762,0.9788882732391357,,0.010154,-1309031.8732052976,0.8418145474505752
550,200750,522.7,-1156353.1896857282,-1222301.3516602288,0.8739094041798213,56936.242272377014,774280.5415039062,41154.52869224548,114300.0,3853.4328989982605,222764.69221496582,1156353.1953101158,0.20632319426850268,0.0005836690294783789,0.004952949399778031,0.009392288292905218,0.9758922457695007,,0.010118,-1300889.494641961,0.8402891349302579
551,201115,523.4,-1165649.2699067998,-1212991.6539381058,0.8867521820003039,59867.62061595917,753847.6994628906,40458.90948390961,108570.0,4048.963035583496,258723.6918501854,1165649.2638325691,0.20632319426850268,0.0005836690294783789,0.004952949399778031,0.009392288292905218,0.9758922457695007,,0.010118,-1300889.494641961,0.8402891349302579
552,201480,524.0,-1164810.083248862,-1205118.5769028245,0.8745756980491011,58794.58457374573,769391.7474365234,41949.41984272003,114515.0,3683.780165195465,235270.13702392578,1164810.0844683647,0.20632319426850268,0.0005836690294783789,0.004952949399778031,0.009392288292905218,0.9758922457695007,,0.010118,-1300889.494641961,0.8402891349302579
553,201845,525.4,-1209953.0436647602,-1207463.561422731,0.8999389483504099,62470.514598846436,771377.3581542969,39847.79336309433,100195.0,1491.3560330867767,297041.5386428833,1209953.0461933613,0.1904617051937078,0.0003616456976344221,0.00287240011752338,0.009177155878492877,0.9766096472740173,,0.010064,-1300889.494641961,0.8402891349302579
554,202210,526.0,-1174290.634018803,-1208037.6489543915,0.8543014145877263,65324.15761089325,760793.4848632812,45699.11121368408,123270.0,4389.7057909965515,240138.33211517334,1174290.6339831352,0.1904617051937078,0.0003616456976344221,0.00287240011752338,0.009177155878492877,0.9766096472740173,,0.010064,-1300889.494641961,0.8402891349302579
555,202575,526.7,-1298975.3966358372,-1208465.0496375095,0.9232355955528886,46302.28000640869,938783.2872314453,30785.232846021652,81255.0,1450.0312995910645,246701.8436126709,1298975.394989729,0.1904617051937078,0.0003616456976344221,0.00287240011752338,0.009177155878492877,0.9766096472740173,,0.010064,-1300889.494641961,0.8402891349302579
556,202940,528.0,-1319740.9745993877,-1215041.0888269325,0.8430250073132449,80468.57105827332,750799.896484375,53252.73634147644,129110.0,17668.415415763855,368909.93045043945,1319740.9786920547,0.1878227771897065,0.0004811524642335778,0.0037094919366369907,0.009722559688318717,0.9762184619903564,,0.01001,-1300889.494641961,0.8402891349302579
557,203305,528.7,-1315652.835967733,-1222598.9692816532,0.9238969406036481,45980.325756073,954323.8321533203,30646.332070350647,80595.0,1832.36359500885,248255.3104057312,1315652.838224411,0.1878227771897065,0.0004811524642335778,0.0037094919366369907,0.009722559688318717,0.9762184619903564,,0.01001,-1300889.494641961,0.8402891349302579
558,203670,529.4,-1163199.8657412822,-1221433.9656984326,0.877653314969311,57445.317403793335,769959.0419921875,40412.44756412506,112070.0,4046.545317620039,236711.83139419556,1163199.8662681282,0.1878227771897065,0.0004811524642335778,0.0037094919366369907,0.009722559688318717,0.9762184619903564,,0.01001,-1300889.494641961,0.8402891349302579
559,204035,530.7,-1166049.9423399935,-1213836.893284922,0.8683805834757139,56441.41737174988,793193.3269042969,41152.126289367676,115420.0,5412.66335272789,210871.8296661377,1166049.9462125301,0.18364091197911062,0.0005563668461802177,0.00418064050762424,0.009571797165431474,0.977408766746521,,0.009956,-1300889.494641961,0.8402891349302579
560,204400,531.3,-1151559.6999521356,-1213072.5908756284,0.8837338654962305,57448.92569065094,775474.1810302734,40127.445440769196,109165.0,4414.999158382416,222378.08145141602,1151559.707080841,0.18364091197911062,0.0005563668461802177,0.00418064050762424,0.009571797165431474,0.977408766746521,,0.009956,-1300889.494641961,0.8402891349302579
561,204765,532.0,-1174043.775385979,-1214323.3513957115,0.8735311385703414,56489.79147720337,793870.6291503906,40856.2058429718,112915.0,4827.358937263489,221574.59092712402,1174043.78485775,0.18364091197911062,0.0005563668461802177,0.00418064050762424,0.009571797165431474,0.977408766746521,,0.009956,-1300889.494641961,0.8402891349302579
562,205130,533.3,-1326815.5233574468,-1223231.0275702788,0.9265843548186837,42481.82236480713,981049.4735107422,29196.296306610107,77525.0,1495.0823101997375,237549.67527770996,1326815.527405262,0.18736292480638153,0.0004958207718549314,0.0036002711299500476,0.009377927764465934,0.9761542081832886,,0.009902,-1300889.494641961,0.8402891349302579
563,205495,533.9,-1121107.2455448178,-1220309.6908450834,0.8854143131269168,57148.35796928406,773194.5703125,39699.80467128754,108765.0,3952.1086916923523,195495.75854492188,1121107.2422204018,0.18736292480638153,0.0004958207718549314,0.0036002711299500476,0.009377927764465934,0.9761542081832886,,0.009902,-1300889.494641961,0.8402891349302579
564,205860,535.2,-1295243.2811530514,-1218552.4226621944,0.923056065056422,45039.09594535828,938220.9074707031,30101.997296333313,81120.0,1780.5645504146814,244019.81047058105,1295243.2797880322,0.15428388844195165,0.0003076787833809871,0.0021311442098139147,0.007225993101632125,0.9839995503425598,,0.009866000000000002,-1300889.494641961,0.8402891349302579
565,206225,535.9,-1153594.3508276406,-1210698.7006135096,0.8684980154037476,55997.89206314087,785727.3878173828,40969.754114151,115710.0,3853.098635673523,207334.1026611328,1153594.3432283401,0.15428388844195165,0.0003076787833809871,0.0021311442098139147,0.007225993101632125,0.9839995503425598,,0.009866000000000002,-1300889.494641961,0.8402891349302579
566,206590,536.5,-1170847.2349404364,-1200664.1489858243,0.8978019118309021,61609.3266582489,754219.7255859375,39854.35578918457,102030.0,3827.940841794014,270915.21873664856,1170847.2409535646,0.15428388844195165,0.0003076787833809871,0.0021311442098139147,0.007225993101632125,0.9839995503425598,,0.009866000000000002,-1300889.494641961,0.8402891349302579
567,206955,537.8,-1244369.741792431,-1205342.1019517884,0.9143184220954164,50068.60862541199,880614.3865966797,33087.914523124695,87840.0,3211.726683616638,239615.71207427979,1244369.7398777008,0.17514148472171082,0.00036696756193889185,0.002071982938152934,0.0087639540801511,0.9790335893630981,,0.009812000000000001,-1300889.494641961,0.8402891349302579
568,207320,538.5,-1191631.7907681875,-1207146.5314389872,0.8639468304098469,56704.66864967346,802080.0303955078,41177.06300544739,118020.0,5448.804268360138,224905.88833618164,1191631.786005497,0.17514148472171082,0.00036696756193889185,0.002071982938152934,0.0087639540801511,0.9790335893630981,,0.009812000000000001,-1300889.494641961,0.8402891349302579
569,207685,539.1,-1158817.187360853,-1206135.2533446082,0.8974980680909875,60419.43852996826,765066.5670166016,39226.6932554245,101725.0,2001.034203529358,250797.90295410156,1158817.197429657,0.17514148472171082,0.00036696756193889185,0.002071982938152934,0.0087639540801511,0.9790335893630981,,0.009812000000000001,-1300889.494641961,0.8402891349302579
570,208050,540.4,-1146544.9725900958,-1205644.842489827,0.8942575583719228,58965.53287887573,762930.6928710938,38817.89604616165,104160.0,2967.5920791625977,237668.7847290039,1146544.965725422,0.17964616966874977,0.00044882503817988387,0.002734267923905894,0.009231314896360823,0.9761825203895569,,0.009758000000000003,-1300889.494641961,0.8402891349302579
571,208415,541.1,-1175760.5027845656,-1206150.404133715,0.8596917263449055,57669.027729034424,787927.6687011719,41900.12388801575,119030.0,5817.90035533905,221084.8108291626,1175760.5037736893,0.17964616966874977,0.00044882503817988387,0.002734267923905894,0.009231314896360823,0.9761825203895569,,0.009758000000000003,-1300889.494641961,0.8402891349302579
572,208780,541.7,-1176564.1945267054,-1206738.1096976069,0.8898457946842664,57833.464104652405,770278.7139892578,39045.25269603729,105595.0,2853.50615298748,258791.71446990967,1176564.1873081923,0.17964616966874977,0.00044882503817988387,0.002734267923905894,0.009231314896360823,0.9761825203895569,,0.009758000000000003,-1300889.494641961,0.8402891349302579
573,209145,543.0,-1320695.4629817621,-1212275.2306634574,0.8456959964477853,77682.35803794861,778808.3530273438,51997.75217628479,127115.0,16968.186879515648,345806.1694946289,1320695.461577773,0.19137325588809817,0.0005110755695759986,0.0042933413918179114,0.008823916793947941,0.9772237539291382,,0.009704,-1300889.494641961,0.8402891349302579
574,209510,543.7,-1143805.381218011,-1210750.9680234175,0.8914653449842375,60341.788555145264,754260.7937011719,39542.81342124939,104340.0,2637.205813407898,243024.56860351562,1143805.3815393448,0.19137325588809817,0.0005110755695759986,0.0042933413918179114,0.008823916793947941,0.9772237539291382,,0.009704,-1300889.494641961,0.8402891349302579
575,209875,545.4,-1276134.570664096,-1209608.9267248306,0.9213035250363285,44916.56367397308,933794.7504882812,30311.139100074768,82395.0,2554.761486276984,227078.91604614258,1276134.5671207756,0.19137325588809817,0.0005110755695759986,0.0042933413918179114,0.008823916793947941,0.9772237539291382,,0.009704,-1301873.168982389,0.840409942522441
576,210240,546.7,-1164567.3577433233,-1201850.2458820273,0.8548799487009441,61520.26383781433,777556.484375,43626.951723098755,121730.0,3445.484630584717,218208.43713760376,1164567.3578662872,0.17965074844266238,0.00045197297970987977,0.004017077000370543,0.009314641834383732,0.9771613478660583,,0.009650000000000002,-1301873.168982389,0.840409942522441
577,210605,547.4,-1174186.69067964,-1194776.938617623,0.9030813351069411,58865.54889297485,779653.5928955078,38201.06575393677,98335.0,977.1573352813721,257019.8751335144,1174186.6911182404,0.17965074844266238,0.00045197297970987977,0.004017077000370543,0.009314641834383732,0.9771613478660583,,0.009650000000000002,-1301873.168982389,0.840409942522441
578,210970,548.7,-1181270.7225534725,-1195680.4814582323,0.855266380473359,61044.65640640259,781671.9388427734,43370.3113155365,121760.0,3713.241732597351,230755.23181152344,1181270.7237024307,0.1945524533328257,0.0004971466691801508,0.003176772813036989,0.009665515457623099,0.9741429090499878,,0.009614000000000001,-1301873.168982389,0.840409942522441
579,211335,549.3,-1275517.12320539,-1201153.840501502,0.9199870088329054,47556.97489738464,929625.1046142578,31733.449600219727,85405.0,885.429069519043,227868.13774871826,1275517.1210327148,0.1945524533328257,0.0004971466691801508,0.003176772813036989,0.009665515457623099,0.9741429090499878,,0.009614000000000001,-1301873.168982389,0.840409942522441
580,211700,550.0,-1175275.3230367478,-1202339.6216557326,0.8631433860896385,58454.560024261475,787658.2459716797,42118.592502593994,118850.0,4464.4026465415955,222184.078956604,1175275.3200774193,0.1945524533328257,0.0004971466691801508,0.003176772813036989,0.009665515457623099,0.9741429090499878,,0.009614000000000001,-1301873.168982389,0.840409942522441
581,212065,551.3,-1302896.9663102566,-1208782.2812019465,0.9268389448727647,40227.95116329193,1000087.1710205078,28366.551403045654,77470.0,804.5156631469727,196168.72679138184,1302896.9648780823,0.16464773271428912,0.0003405596641498146,0.0026006865986059175,0.009040972622307507,0.9789103269577026,,0.009560000000000003,-1301873.168982389,0.840409942522441
582,212430,551.9,-1266206.9348652018,-1205751.8517773342,0.9243304879698034,42141.14486122131,958362.9876708984,28817.2225856781,79450.0,1845.818841934204,197730.90467834473,1266206.9337768555,0.16464773271428912,0.0003405596641498146,0.0026006865986059175,0.009040972622307507,0.9789103269577026,,0.009560000000000003,-1301873.168982389,0.840409942522441
583,212795,552.6,-1159148.722823244,-1207653.9256412557,0.8705256388611989,56256.80322265625,795372.1978759766,41010.6232047081,115185.0,4510.258615970612,203070.64933776855,1159148.7290344238,0.16464773271428912,0.0003405596641498146,0.0026006865986059175,0.009040972622307507,0.9789103269577026,,0.009560000000000003,-1301873.168982389,0.840409942522441
584,213160,553.9,-1317174.1578970968,-1208750.469478458,0.9265330918847698,40609.26880073547,982657.7673339844,28151.543967723846,78105.0,2274.520278930664,225985.3299407959,1317174.1615214348,0.15849260966244497,0.00039070285042965366,0.0030876293557843097,0.008293985088944043,0.9811689853668213,,0.009506,-1301873.168982389,0.840409942522441
585,213525,554.6,-1274624.5683738538,-1214801.9803557685,0.9234781523273415,44735.57484436035,941453.7471923828,30074.31284427643,81165.0,2031.2215042114258,219900.28663635254,1274624.5681772232,0.15849260966244497,0.00039070285042965366,0.0030876293557843097,0.008293985088944043,0.9811689853668213,,0.009506,-1301873.168982389,0.840409942522441
586,213890,555.3,-1217144.8448029687,-1217116.8608488953,0.9123199578833907,52074.992663383484,855124.5203857422,34304.44690322876,91460.0,596.4820652008057,235659.39405822754,1217144.8434123993,0.15849260966244497,0.00039070285042965366,0.0030876293557843097,0.008293985088944043,0.9811689853668213,,0.009506,-1301873.168982389,0.840409942522441
587,214255,556.6,-1162000.3418018413,-1212998.3908493656,0.8800380922343632,55212.03227806091,793979.4229736328,39127.061697006226,110925.0,4193.435964822769,213775.42697906494,1162000.3476145267,0.15622292164909213,0.0003480401645854152,0.002708568911705362,0.00773507126263882,0.9822565913200378,,0.009452000000000002,-1301873.168982389,0.840409942522441
588,214620,557.3,-1195129.7979030262,-1213173.2912061077,0.8637215353038213,57055.16657447815,811053.8406982422,41467.94740200043,119140.0,4651.886228084564,218816.12661743164,1195129.8009457588,0.15622292164909213,0.0003480401645854152,0.002708568911705362,0.00773507126263882,0.9822565913200378,,0.009452000000000002,-1301873.168982389,0.840409942522441
589,214985,558.0,-1311272.2975391576,-1220796.0467150228,0.8484180734582143,77903.2635936737,764495.69140625,52048.80719947815,127220.0,19216.177659869194,348291.62394714355,1311272.300212741,0.15622292164909213,0.0003480401645854152,0.002708568911705362,0.00773507126263882,0.9822565913200378,,0.009452000000000002,-1301873.168982389,0.840409942522441
590,215350,559.3,-1149226.9562109252,-1220930.1458960644,0.8715096465528828,55650.12642669678,783753.4464111328,40503.910429000854,115195.0,3224.1886818408966,206550.40119934082,1149226.9467213154,0.2030927591810101,0.0005329927587234507,0.005075019713809812,0.010174275326885675,0.9732534289360046,,0.009398000000000002,-1301873.168982389,0.840409942522441
591,215715,559.9,-1333678.9594041402,-1228826.068727043,0.844049791930473,78923.50527572632,784125.5317382812,51822.87574005127,130005.0,16289.108149051666,351436.44132995605,1333678.9569573402,0.2030927591810101,0.0005329927587234507,0.005075019713809812,0.010174275326885675,0.9732534289360046,,0.009398000000000002,-1301873.168982389,0.840409942522441
592,216080,561.2,-1224274.1067413879,-1231211.564337777,0.9126864495342725,52280.673599243164,847067.5438232422,34537.37353992462,91655.0,1419.315688610077,249594.86721801758,1224274.1002697945,0.19045358602153628,0.0004137354770998507,0.002990990356346102,0.010149427763137379,0.9751091003417969,,0.009362000000000002,-1301873.168982389,0.840409942522441
593,216445,561.9,-1152758.8855890348,-1222814.7354681408,0.8806105452041103,55069.4279460907,786355.5593261719,39152.78718280792,112200.0,3864.4082918167114,211186.1298675537,1152758.8846683502,0.19045358602153628,0.0004137354770998507,0.002990990356346102,0.010149427763137379,0.9751091003417969,,0.009362000000000002,-1301873.168982389,0.840409942522441
594,216810,562.5,-1569207.852079579,-1244084.859011219,0.9251010280765899,41353.71881580353,1157405.419555664,28864.94239807129,77480.0,3083.2935965060606,302374.19802856445,1569207.853578806,0.19045358602153628,0.0004137354770998507,0.002990990356346102,0.010149427763137379,0.9751091003417969,,0.009362000000000002,-1301873.168982389,0.840409942522441
595,217175,563.8,-1265587.1524177636,-1243557.4880989024,0.9181167444137678,46599.26274585724,911082.0323486328,31209.45244693756,86745.0,3673.4300174713135,232877.23707199097,1265587.1518850327,0.15746915340423584,0.0003145496073940242,0.0022524114296845112,0.011162232239975742,0.9744062423706055,,0.009308,-1301873.168982389,0.840409942522441
596,217540,564.5,-1181934.981539796,-1244425.869288726,0.908693519520433,52067.03939342499,834190.5855712891,34475.67919635773,95245.0,1494.7902584075928,216528.9208984375,1181934.9759244919,0.15746915340423584,0.0003145496073940242,0.0022524114296845112,0.011162232239975742,0.9744062423706055,,0.009308,-1301873.168982389,0.840409942522441
597,217905,565.1,-1218704.0761444112,-1246651.7385619648,0.9101511468626049,51332.37271165848,845393.0328369141,33890.66231298447,93870.0,2377.312591075897,243173.06867218018,1218704.0764131546,0.15746915340423584,0.0003145496073940242,0.0022524114296845112,0.011162232239975742,0.9744062423706055,,0.009308,-1301873.168982389,0.840409942522441
598,218270,566.4,-1232054.7798148226,-1249190.9414250324,0.9099369829648162,50776.82398509979,866231.0904541016,33922.065217494965,90810.0,4133.8611536026,236957.75988006592,1232054.776705265,0.15910281985998154,0.00034906319878676807,0.002550894756017155,0.007997165801689812,0.9809906482696533,,0.009254000000000002,-1301873.168982389,0.840409942522441
599,218635,567.1,-1312908.348002326,-1251060.5026648792,0.8491297591222475,75033.09782791138,784142.4210205078,50449.50794887543,128790.0,17683.257698059082,331843.1533050537,1312908.339972496,0.15910281985998154,0.00034906319878676807,0.002550894756017155,0.007997165801689812,0.9809906482696533,,0.009254000000000002,-1301873.168982389,0.840409942522441
600,219000,568.9,-1174759.882140345,-1251034.7306200592,0.8854250310218498,53526.536363601685,794247.9645996094,37649.02660369873,109475.0,2689.7607560157776,230698.12310791016,1174759.875067234,0.15910281985998154,0.00034906319878676807,0.002550894756017155,0.007997165801689812,0.9809906482696533,,0.009254000000000002,-1301019.5337196407,0.8416625332342436
601,219365,570.3,-1165623.6932098407,-1244171.0669650382,0.8570435078176734,55933.18762779236,791661.3950195312,40700.67213058472,122000.0,3632.6535472869873,207628.97003936768,1165623.6907367706,0.19484304323008186,0.00037399389599924787,0.0022869444824448835,0.009728143347035112,0.9743600487709045,,0.009200000000000002,-1301019.5337196407,0.8416625332342436
602,219730,571.1,-1133044.1999697338,-1237512.930220265,0.8956176509595897,58530.546531677246,760850.8950195312,38161.35047054291,104145.0,3127.7214860916138,226759.2358894348,1133044.2028656006,0.19484304323008186,0.00037399389599924787,0.0022869444824448835,0.009728143347035112,0.9743600487709045,,0.009200000000000002,-1301019.5337196407,0.8416625332342436
603,220095,571.8,-1169212.0464145062,-1238016.096399828,0.8670407496086538,54586.90128326416,810551.380859375,40109.67525482178,117825.0,3053.130340576172,197672.85885620117,1169212.0453109741,0.19484304323008186,0.00037399389599924787,0.0022869444824448835,0.009728143347035112,0.9743600487709045,,0.009200000000000002,-1301019.5337196407,0.8416625332342436
604,220460,573.2,-1216811.5210589166,-1232997.964557919,0.8550009157559643,68333.90613174438,781513.5991210938,47154.19610404968,123010.0,10995.522666931152,254138.20657348633,1216811.524465561,0.19257820868178419,0.0006515947769864732,0.004154673798965584,0.009370829223802215,0.9750877618789673,,0.009146000000000001,-1301019.5337196407,0.8416625332342436
605,220825,573.9,-1288647.5699305902,-1233699.1146357558,0.8494297724880584,74749.78235435486,780489.3970947266,50466.295766830444,125775.0,18394.8619222641,313522.01124572754,1288647.5660295486,0.19257820868178419,0.0006515947769864732,0.004154673798965584,0.009370829223802215,0.9750877618789673,,0.009146000000000001,-1301019.5337196407,0.8416625332342436
606,221190,575.3,-1183531.026327453,-1232018.42371198,0.8839289536214855,55724.35557556152,798527.5534667969,39007.602617263794,109925.0,4756.504418373108,231314.36322021484,1183531.0237226486,0.19913695929081818,0.00037391247056611494,0.0030761183374316283,0.01079212145046576,0.9723588228225708,,0.00911,-1301019.5337196407,0.8416625332342436
607,221555,576.0,-1170863.5436728592,-1232461.5838055308,0.8783525223601354,53868.74830913544,803203.9338378906,39031.97948741913,113215.0,4286.099082946777,211126.52639770508,1170863.5388059616,0.19913695929081818,0.00037391247056611494,0.0030761183374316283,0.01079212145046576,0.9723588228225708,,0.00911,-1301019.5337196407,0.8416625332342436
608,221920,576.7,-1185432.0238744312,-1231976.6951041012,0.8563441663572233,65305.38929748535,793744.0270996094,45544.41930580139,122860.0,7097.179933011532,216186.40307617188,1185432.0294145942,0.19913695929081818,0.00037391247056611494,0.0030761183374316283,0.01079212145046576,0.9723588228225708,,0.00911,-1301019.5337196407,0.8416625332342436
609,222285,578.1,-1173119.1486511542,-1225069.0376597007,0.9028893049449137,56358.035429000854,787870.7489013672,36499.07056045532,100040.0,2886.418405532837,245822.91318511963,1173119.151052475,0.18761016800999641,0.0003286585552383545,0.0019670453008362337,0.009758984878365146,0.9746346473693848,,0.009056000000000002,-1301019.5337196407,0.8416625332342436
610,222650,578.8,-1184936.8455835446,-1226854.5321283317,0.8617107843699521,57163.169342041016,803112.2624511719,41308.952655792236,120975.0,7084.074814796448,212456.5535888672,1184936.8435106277,0.18761016800999641,0.0003286585552383545,0.0019670453008362337,0.009758984878365146,0.9746346473693848,,0.009056000000000002,-1301019.5337196407,0.8416625332342436
611,223015,579.5,-1204118.725187233,-1220376.5204174866,0.8612212215384392,56163.25264501572,818005.2895507812,40578.87228727341,120880.0,5946.654677033424,218707.91775512695,1204118.734270215,0.18761016800999641,0.0003286585552383545,0.0019670453008362337,0.009758984878365146,0.9746346473693848,,0.009056000000000002,-1301019.5337196407,0.8416625332342436
612,223380,580.8,-1317436.1845868728,-1225034.6243097605,0.9270064577664414,39391.66996383667,1003338.7987060547,27572.553669929504,77890.0,2470.4812984466553,206164.35453796387,1317436.1882123947,0.1829682580734554,0.00043934593912509676,0.0030306096665107794,0.010046955259320768,0.9754900932312012,,0.009002000000000001,-1301019.5337196407,0.8416625332342436
613,223745,581.5,-1122016.0134518286,-1223497.4807029003,0.8896127867372069,52944.0883140564,773258.1916503906,36621.074261665344,108695.0,5349.438756465912,198092.30804634094,1122016.0127148628,0.1829682580734554,0.00043934593912509676,0.0030306096665107794,0.010046955259320768,0.9754900932312012,,0.009002000000000001,-1301019.5337196407,0.8416625332342436
614,224110,582.2,-1158066.3510435713,-1202940.4056511,0.8689896750123534,53341.18207073212,806202.8334960938,39344.962339401245,117825.0,4132.350184440613,190561.20678710938,1158066.352807045,0.1829682580734554,0.00043934593912509676,0.0030306096665107794,0.010046955259320768,0.9754900932312012,,0.009002000000000001,-1301019.5337196407,0.8416625332342436
615,224475,583.6,-1153040.8636938378,-1197313.0912149036,0.8702221698956947,52868.16168498993,812142.0773925781,39127.305748939514,117320.0,3235.519556105137,181215.96028137207,1153040.8629789948,0.18483351778827214,0.0004123012388510305,0.0021223101740408886,0.008979724658849208,0.9768491387367249,,0.008948000000000001,-1301019.5337196407,0.8416625332342436
616,224840,584.2,-1601288.6403349596,-1218280.7741546617,0.9267179815736536,40438.33948516846,1249942.271118164,28200.86946439743,76015.0,4501.059005737305,242629.43496704102,1601288.6345553398,0.18483351778827214,0.0004123012388510305,0.0021223101740408886,0.008979724658849208,0.9768491387367249,,0.008948000000000001,-1301019.5337196407,0.8416625332342436
617,225205,584.9,-1194660.5773567322,-1217078.599215278,0.8584942931998266,64092.420585632324,802682.0659179688,44795.41182422638,122580.0,5926.853789806308,218676.2507019043,1194660.5822339058,0.18483351778827214,0.0004123012388510305,0.0021223101740408886,0.008979724658849208,0.9768491387367249,,0.008948000000000001,-1301019.5337196407,0.8416625332342436
618,225570,586.2,-1167489.238024842,-1213850.322125779,0.8588006973266602,55976.159096717834,794581.7136230469,40751.07775592804,121470.0,5885.739533901215,204800.7089996338,1167489.23991251,0.17131775323497622,0.00028470557342523916,0.0020275450660847127,0.012035223201995618,0.97063809633255,,0.008894,-1301019.5337196407,0.8416625332342436
619,225935,586.8,-1269062.0563507653,-1211658.0075432009,0.8519064813444059,73875.15914440155,782286.1572265625,50005.043071746826,124130.0,16209.096997261047,296431.75426101685,1269062.0515565872,0.17131775323497622,0.00028470557342523916,0.0020275450660847127,0.012035223201995618,0.97063809633255,,0.008894,-1301019.5337196407,0.8416625332342436
620,226300,587.5,-1127271.0140187615,-1209283.5641371217,0.8965208927245989,57889.48423290253,762801.6822509766,37824.04802322388,103500.0,2807.5115027427673,220337.78215026855,1127271.0239272118,0.17131775323497622,0.00028470557342523916,0.0020275450660847127,0.012035223201995618,0.97063809633255,,0.008894,-1301019.5337196407,0.8416625332342436
621,226665,588.8,-1149566.2034847229,-1208480.6896508657,0.8928889878808636,55896.28056526184,784064.9600830078,37286.00131416321,104735.0,3614.2632405757904,219865.97652053833,1149566.2011582851,0.1902863498973219,0.00048097951481682494,0.0030870939609533373,0.010427147272582116,0.9729018807411194,,0.00884,-1301019.5337196407,0.8416625332342436
622,227030,589.5,-1164341.5116022015,-1210045.555232489,0.87025092138003,52701.35010147095,808010.7197265625,38858.334725379944,116520.0,4433.989687934518,196518.4686126709,1164341.5127525479,0.1902863498973219,0.00048097951481682494,0.0030870939609533373,0.010427147272582116,0.9729018807411194,,0.00884,-1301019.5337196407,0.8416625332342436
623,227395,590.9,-1197841.554312692,-1211477.0306273983,0.855599000029368,60472.39825153351,803953.3360595703,43172.52937889099,121250.0,5222.92072366178,224242.77128601074,1197841.5574481338,0.18847319228868736,0.00034555920774437254,0.00250618918002338,0.00946042005364832,0.9749806523323059,,0.008804000000000001,-1301019.5337196407,0.8416625332342436
624,227760,591.6,-1149014.7793094465,-1208087.1935399247,0.8937502122905157,55507.07350921631,787989.5899658203,37032.56123495102,103590.0,2429.1441535949707,217973.4842376709,1149014.7795920372,0.18847319228868736,0.00034555920774437254,0.00250618918002338,0.00946042005364832,0.9749806523323059,,0.008804000000000001,-1301019.5337196407,0.8416625332342436
625,228125,593.6,-1182860.9147688039,-1202797.8607818359,0.8661259927161752,54244.99905872345,820221.9104003906,39818.722955703735,117020.0,6597.284220457077,199202.9955291748,1182860.9131057262,0.18847319228868736,0.00034555920774437254,0.00250618918002338,0.00946042005364832,0.9749806523323059,,0.008804000000000001,-1309933.141935393,0.842856893637409
626,228490,595.0,-1160993.2766507568,-1201670.9732980009,0.8588567803983819,54799.349281311035,800072.5588378906,40110.27390384674,120915.0,4177.550912857056,195717.89101409912,1160993.2746686935,0.1871020793914795,0.0003715217547946132,0.002391079021005058,0.009791225574812606,0.9749701023101807,,0.00875,-1309933.141935393,0.842856893637409
627,228855,595.8,-1158480.2626533974,-1201051.8092470276,0.8795552317410299,52531.03955459595,807161.5589599609,38018.94557380676,111670.0,4517.972072839737,197111.78368759155,1158480.260294199,0.1871020793914795,0.0003715217547946132,0.002391079021005058,0.009791225574812606,0.9749701023101807,,0.00875,-1309933.141935393,0.842856893637409
628,229220,596.5,-1153144.1853622715,-1199437.4173214198,0.8694816035767124,51803.16084289551,806020.0649414062,38424.142402648926,116500.0,3413.7606630325317,188786.21800231934,1153144.186009407,0.1871020793914795,0.0003715217547946132,0.002391079021005058,0.009791225574812606,0.9749701023101807,,0.00875,-1309933.141935393,0.842856893637409
629,229585,597.9,-1186491.3104054108,-1200106.0254091327,0.8664499047684343,54671.269147872925,816937.3266601562,40153.32733917236,118115.0,4724.668360829353,206560.98657226562,1186491.3089324236,0.19655687263921687,0.0004969349365637754,0.0033920020459366866,0.00936674541107526,0.9761950969696045,,0.008696,-1309933.141935393,0.842856893637409
630,229950,598.6,-1273161.2798760287,-1204517.247123757,0.8545458143704558,72182.97962760925,794582.4965820312,48829.80075645447,126470.0,16311.463298082352,286967.52462768555,1273161.2852642536,0.19655687263921687,0.0004969349365637754,0.0033920020459366866,0.00936674541107526,0.9761950969696045,,0.008696,-1309933.141935393,0.842856893637409
631,230315,599.3,-1558883.5337902298,-1222255.4875539066,0.927257984141781,39581.59128379822,1202429.4836425781,27706.34923839569,76770.0,3666.0509179234505,248311.65362548828,1558883.5374243855,0.19655687263921687,0.0004969349365637754,0.0033920020459366866,0.00936674541107526,0.9761950969696045,,0.008696,-1309933.141935393,0.842856893637409
632,230680,600.7,-1132797.5357668428,-1213023.555112905,0.8909442927739392,54584.0313873291,774074.7928466797,37293.98501586914,106960.0,2586.4064922332764,211882.35570526123,1132797.5400600433,0.1704219442449118,0.0004534082239555765,0.0035895632126515635,0.012058518005927143,0.9704101085662842,,0.008642,-1309933.141935393,0.842856893637409
633,231045,601.4,-1145902.4980666263,-1214217.8793436452,0.8941921893864462,54305.76825904846,779645.4245605469,36462.38185977936,105420.0,2822.2154092788696,221552.46453857422,1145902.4863681793,0.1704219442449118,0.0004534082239555765,0.0035895632126515635,0.012058518005927143,0.9704101085662842,,0.008642,-1309933.141935393,0.842856893637409
634,231410,602.1,-1123168.0749271698,-1212472.9655378251,0.8869395827593869,51560.34715652466,796205.0316162109,36543.71080780029,108440.0,4797.469841480255,177181.857837677,1123168.0701031685,0.1704219442449118,0.0004534082239555765,0.0035895632126515635,0.012058518005927143,0.9704101085662842,,0.008642,-1309933.141935393,0.842856893637409
635,231775,603.4,-1231974.9837216516,-1216419.6715392158,0.9165450764028993,47159.60556602478,895845.9450683594,31589.105575561523,87795.0,2565.8330154418945,214179.10110473633,1231974.9847640991,0.1835978686025268,0.00048037605727969143,0.003545928424787953,0.008395441158331539,0.9778551459312439,,0.008588000000000002,-1309933.141935393,0.842856893637409
636,232140,604.1,-1138958.9122102913,-1193303.1851329822,0.8989762435220692,58755.93736457825,763677.8880615234,38093.14520692825,103415.0,1851.2516341209412,231921.62312698364,1138958.9080295563,0.1835978686025268,0.00048037605727969143,0.003545928424787953,0.008395441158331539,0.9778551459312439,,0.008588000000000002,-1309933.141935393,0.842856893637409
637,232505,605.5,-1266543.2321265177,-1196897.3178714714,0.9184161423003837,46977.247676849365,920731.3065185547,31199.423996925354,85960.0,1004.2293610572815,227648.27807235718,1266543.2379488945,0.15591694159727348,0.0003332994423257524,0.002860621411328841,0.007344727545339418,0.9824556708335876,,0.008552,-1309933.141935393,0.842856893637409
638,232870,606.1,-1134203.720690788,-1195233.042004769,0.8843784007307601,54111.053809165955,790822.1721191406,38139.37588214874,110135.0,2947.687114715576,192159.4930419922,1134203.7281579971,0.15591694159727348,0.0003332994423257524,0.002860621411328841,0.007344727545339418,0.9824556708335876,,0.008552,-1309933.141935393,0.842856893637409
639,233235,606.8,-1332424.2423693368,-1198401.1513056974,0.8468566066598239,74406.27812767029,793096.0805664062,49880.517084121704,128650.0,20060.18440169096,340737.46354675293,1332424.2455989718,0.15591694159727348,0.0003332994423257524,0.002860621411328841,0.007344727545339418,0.9824556708335876,,0.008552,-1309933.141935393,0.842856893637409
640,233600,608.1,-1148258.6758555933,-1199450.534397539,0.8964962800888167,58680.04511833191,755441.8100585938,38231.607729911804,104220.0,2532.7623579502106,247832.48510742188,1148258.6652538776,0.1904083509978495,0.00026023579836251693,0.0015320359635600318,0.009800756190854468,0.9752379059791565,,0.008498,-1309933.141935393,0.842856893637409
641,233965,608.8,-1182946.8556826902,-1201119.5670074369,0.8622227773274461,57049.97671222687,805778.4527587891,41195.21125793457,120455.0,5448.253053665161,210069.94190979004,1182946.8589801788,0.1904083509978495,0.00026023579836251693,0.0015320359635600318,0.009800756190854468,0.9752379059791565,,0.008498,-1309933.141935393,0.842856893637409
642,234330,609.4,-1317912.3733560806,-1208798.1100951312,0.926173355481396,40555.602907180786,1019642.6014404297,27870.354010105133,78845.0,1238.8022842407227,190315.60456848145,1317912.362303257,0.1904083509978495,0.00026023579836251693,0.0015320359635600318,0.009800756190854468,0.9752379059791565,,0.008498,-1309933.141935393,0.842856893637409
643,234695,610.8,-1170029.069093034,-1207407.4858341482,0.9006383554576195,58521.25671291351,772002.8715820312,37903.34989738464,102595.0,3502.532770395279,254025.31866455078,1170029.072914362,0.1704755574464798,0.0004403125791022352,0.0034348337304484296,0.008500845784223393,0.9799185395240784,,0.008444,-1309933.141935393,0.842856893637409
644,235060,611.6,-1263671.5773349092,-1213140.3257354216,0.921026473829191,46068.01791763306,919952.3317871094,30688.399802207947,85310.0,2260.147404193878,225460.6937789917,1263671.572772503,0.1704755574464798,0.0004403125791022352,0.0034348337304484296,0.008500845784223393,0.9799185395240784,,0.008444,-1309933.141935393,0.842856893637409
645,235425,612.3,-1149749.0629833015,-1211484.7331461464,0.8580546707323152,56480.35142707825,789529.6420898438,40852.047082901,123120.0,4763.472166061401,191483.90057373047,1149749.0619125366,0.1704755574464798,0.0004403125791022352,0.0034348337304484296,0.008500845784223393,0.9799185395240784,,0.008444,-1309933.141935393,0.842856893637409
646,235790,613.8,-1144048.0446635513,-1210637.4715467864,0.862869777908064,54509.04955101013,793345.2006835938,39927.75722885132,121720.0,3623.885886788368,185431.2088623047,1144048.0526615381,0.182930614995329,0.0003743112660901572,0.0026199608554107775,0.009001093708272827,0.9779619574546814,,0.008390000000000002,-1309933.141935393,0.842856893637409
647,236155,614.5,-1245268.7434400148,-1214976.895586117,0.853772125832022,71659.38234519958,787736.3935546875,48610.2712726593,125385.0,15767.970598220825,267769.1076889038,1245268.7431144714,0.182930614995329,0.0003743112660901572,0.0026199608554107775,0.009001093708272827,0.9779619574546814,,0.008390000000000002,-1309933.141935393,0.842856893637409
648,236520,615.2,-1295645.075026052,-1222101.940069306,0.928385366315711,40594.80494117737,988342.9593505859,27657.579142570496,80010.0,3731.2626037597656,195903.26822662354,1295645.0693235397,0.182930614995329,0.0003743112660901572,0.0026199608554107775,0.009001093708272827,0.9779619574546814,,0.008390000000000002,-1309933.141935393,0.842856893637409
649,236885,616.6,-1230441.0440184977,-1224299.4267499603,0.9190392361928339,46535.5424079895,901326.6577148438,31051.65787410736,88060.0,1379.980772972107,208622.74143981934,1230441.0378017426,0.1800375547456114,0.00042167660371648566,0.0036072312742410424,0.009422567599502048,0.9771746397018433,,0.008336,-1309933.141935393,0.842856893637409
650,237250,618.5,-1237243.307857581,-1222503.528149038,0.9161871490413196,48157.000648498535,892813.8395996094,31834.481855392456,90200.0,2274.103798389435,220120.87858581543,1237243.3038392067,0.1800375547456114,0.00042167660371648566,0.0036072312742410424,0.009422567599502048,0.9771746397018433,,0.008336,-1307019.1653467137,0.8451753101936759
651,237615,619.9,-1178630.864387512,-1203490.8946789023,0.9080528553218058,53483.607862472534,815456.4478759766,35027.66251182556,97660.0,4259.127899169922,226227.6245956421,1178630.8628826141,0.1551440826764232,0.0003080011801533769,0.0019397400993559706,0.007923801907485253,0.9814853072166443,,0.0083,-1307019.1653467137,0.8451753101936759
652,237980,620.6,-1209029.589101544,-1207302.497345637,0.9113073701727881,50613.16464471817,852558.4757080078,33483.2453994751,95600.0,2416.2900638878345,224971.57441711426,1209029.585588485,0.1551440826764232,0.0003080011801533769,0.0019397400993559706,0.007923801907485253,0.9814853072166443,,0.0083,-1307019.1653467137,0.8451753101936759
653,238345,621.3,-1162438.9322084943,-1208129.3190527305,0.8812606333053276,51840.306592941284,815426.4819335938,37446.52587223053,112510.0,4927.000521659851,192128.9189605713,1162438.9272880554,0.1551440826764232,0.0003080011801533769,0.0019397400993559706,0.007923801907485253,0.9814853072166443,,0.0083,-1307019.1653467137,0.8451753101936759
654,238710,622.7,-1381043.8749691471,-1221023.1090548295,0.8466661712894701,74509.77397727966,836859.3082275391,49426.79547691345,129790.0,22054.47833108902,342913.2888031006,1381043.8708386421,0.1830706166985788,0.0005251038735303538,0.0032905444815313737,0.009199345827494798,0.9768394231796265,,0.008246,-1307019.1653467137,0.8451753101936759
655,239075,623.4,-1231023.4607549703,-1220975.5329064955,0.857442301266814,67543.85639762878,812482.7856445312,46323.44424819946,123720.0,11789.23375427723,236708.00453186035,1231023.4681788683,0.1830706166985788,0.0005251038735303538,0.0032905444815313737,0.009199345827494798,0.9768394231796265,,0.008246,-1307019.1653467137,0.8451753101936759
656,239440,624.1,-1212594.1628249777,-1224657.2954372298,0.9138096943293532,49910.103837013245,861176.0120849609,32803.51125049591,93205.0,2603.7001037597656,222805.9345588684,1212594.157998085,0.1830706166985788,0.0005251038735303538,0.0032905444815313737,0.009199345827494798,0.9768394231796265,,0.008246,-1307019.1653467137,0.8451753101936759
657,239805,625.5,-1265260.8991081757,-1224593.1787863127,0.924613317888077,42775.18868923187,958834.5733642578,28932.850231170654,81765.0,2401.4835290908813,193326.98835468292,1265260.8954792023,0.17272312056861425,0.00038648012129047666,0.0024459571194663447,0.009840300649796662,0.9774799346923828,,0.008192000000000001,-1307019.1653467137,0.8451753101936759
658,240170,626.2,-1159526.6410790628,-1225859.3248057265,0.8851514824449199,51914.0003657341,814212.4837646484,37049.13444852829,110615.0,3747.6431741714478,193902.3885421753,1159526.6499295235,0.17272312056861425,0.00038648012129047666,0.0024459571194663447,0.009840300649796662,0.9774799346923828,,0.008192000000000001,-1307019.1653467137,0.8451753101936759
659,240535,626.9,-1178230.964188145,-1218149.6608966668,0.8600495091856343,54720.30868148804,801212.1450195312,39752.556968688965,122500.0,5980.7332881093025,208785.53366088867,1178230.9689372182,0.17272312056861425,0.00038648012129047666,0.0024459571194663447,0.009840300649796662,0.9774799346923828,,0.008192000000000001,-1307019.1653467137,0.8451753101936759
660,240900,628.2,-1143134.6761024105,-1217893.4609090076,0.8944055936107896,54659.311363220215,785191.5496826172,36409.79253864288,105995.0,2858.259889602661,212680.0694580078,1143134.6715688705,0.17913604488498286,0.00048710028371906926,0.0029275459176125495,0.008563751581517098,0.9778060913085938,,0.008138,-1307019.1653467137,0.8451753101936759
661,241265,629.0,-1169387.98680175,-1217215.5174649607,0.8984740373206466,58151.4600315094,783677.12890625,37836.91046619415,105070.0,2921.0687255859375,239882.87803649902,1169387.986134529,0.17913604488498286,0.00048710028371906926,0.0029275459176125495,0.008563751581517098,0.9778060913085938,,0.008138,-1307019.1653467137,0.8451753101936759
662,241630,629.6,-1208636.9775589318,-1211751.7476751031,0.9062071323394776,55394.072257995605,816569.7608642578,36167.37362861633,99070.0,3512.651603460312,253317.1902999878,1208636.9763963223,0.17913604488498286,0.00048710028371906926,0.0029275459176125495,0.008563751581517098,0.9778060913085938,,0.008138,-1307019.1653467137,0.8451753101936759
663,241995,631.0,-1312947.9104824814,-1218897.6897445754,0.8485073163084788,74879.08004760742,787763.3857421875,49970.23564338684,129140.0,20640.826061546803,325433.4643249512,1312947.9117720723,0.17594887747576363,0.00041360624493934567,0.002997682812029349,0.008295776690111348,0.9789426922798157,,0.008084000000000001,-1307019.1653467137,0.8451753101936759
664,242360,631.7,-1265429.8253539081,-1218985.6021455256,0.9210657883996833,45841.15686368942,933094.1519775391,30610.606513500214,86340.0,2353.710879802704,213031.35056304932,1265429.8199338913,0.17594887747576363,0.00041360624493934567,0.002997682812029349,0.008295776690111348,0.9789426922798157,,0.008084000000000001,-1307019.1653467137,0.8451753101936759
665,242725,633.1,-1208155.0574142078,-1221905.9018670707,0.9122352182048641,49792.4303188324,862319.4602050781,33076.065214157104,92715.0,2176.2828254699707,217868.24615478516,1208155.0543994904,0.1674267149677402,0.00046508382102298417,0.003933019808181071,0.00923525002834044,0.9783281087875366,,0.008048,-1307019.1653467137,0.8451753101936759
666,243090,633.9,-1144886.847240497,-1221947.841995918,0.8761443667215844,51722.00162982941,803131.7454833984,38153.98213672638,114590.0,2724.68678855896,186286.43615341187,1144886.8505620956,0.1674267149677402,0.00046508382102298417,0.003933019808181071,0.00923525002834044,0.9783281087875366,,0.008048,-1307019.1653467137,0.8451753101936759
667,243455,634.6,-1228973.928692586,-1221133.1012585466,0.9166019500118412,48950.55335235596,882184.5856933594,32245.909625053406,89285.0,3540.5009455680847,221717.94095611572,1228973.9372200966,0.1674267149677402,0.00046508382102298417,0.003933019808181071,0.00923525002834044,0.9783281087875366,,0.008048,-1307019.1653467137,0.8451753101936759
668,243820,636.0,-1151165.538298793,-1213909.1244221837,0.8765314526753882,52179.510553359985,810930.1552734375,38356.58396720886,114905.0,4091.895552635193,182881.9140472412,1151165.5488405228,0.17682240903377533,0.0003699239542631978,0.0024114240812578877,0.008259393366690921,0.9796898365020752,,0.007994000000000001,-1307019.1653467137,0.8451753101936759
669,244185,636.7,-1296343.9060051034,-1217204.267521514,0.8511325511213851,74172.3237953186,787112.5738525391,49809.85434103012,128255.0,17966.737270355225,313199.7422981262,1296343.9077620506,0.17682240903377533,0.0003699239542631978,0.0024114240812578877,0.008259393366690921,0.9796898365020752,,0.007994000000000001,-1307019.1653467137,0.8451753101936759
670,244550,637.4,-1159430.2129429867,-1213313.6127757842,0.8943630337715149,55181.47719955444,781758.1936035156,36793.93935871124,106370.0,3073.4825063943863,231434.6111755371,1159430.2266441584,0.17682240903377533,0.0003699239542631978,0.0024114240812578877,0.008259393366690921,0.9796898365020752,,0.007994000000000001,-1307019.1653467137,0.8451753101936759
671,244915,638.9,-1298701.3192251627,-1219317.1355176668,0.8527177056221112,74553.62738323212,794410.1030273438,49754.781410217285,127070.0,17077.209585666656,310389.2276611328,1298701.3216843605,0.18858743870728895,0.0003817366127565803,0.0029366476534816778,0.01022365132934953,0.9736493825912476,,0.00794,-1307019.1653467137,0.8451753101936759
672,245280,639.6,-1142196.7929140702,-1215975.495708293,0.8816358863490902,52538.09409713745,795150.6514892578,37994.05316925049,113335.0,2882.530143737793,192834.55680847168,1142196.7916107178,0.18858743870728895,0.0003817366127565803,0.0029366476534816778,0.01022365132934953,0.9736493825912476,,0.00794,-1307019.1653467137,0.8451753101936759
673,245645,640.3,-1156542.7487285044,-1215680.6865342937,0.8737566283304398,53276.98771095276,796265.8173828125,39029.30067443848,115460.0,7176.9762748628855,198610.6510925293,1156542.7454246432,0.18858743870728895,0.0003817366127565803,0.0029366476534816778,0.01022365132934953,0.9736493825912476,,0.00794,-1307019.1653467137,0.8451753101936759
674,246010,641.8,-1131087.997400612,-1203182.892655867,0.8975911453978657,56011.89166641235,768997.9506835938,36788.03340053558,105810.0,2338.3924097418785,217153.62553405762,1131088.0020279288,0.18777735472509735,0.0004384822838179197,0.0034811454917010117,0.009707604155042454,0.9758378863334656,,0.007886,-1307019.1653467137,0.8451753101936759
675,246375,643.8,-1232618.5911212321,-1203262.6491741799,0.9185676006421651,47535.98325920105,893231.376953125,31509.015048980713,88590.0,2818.572654426098,216469.62966156006,1232618.5943180919,0.18777735472509735,0.0004384822838179197,0.0034811454917010117,0.009707604155042454,0.9758378863334656,,0.007886,-1311502.1832965575,0.8454586323809951
676,246740,644.4,-1185579.643203084,-1201911.9231930855,0.9078501340461104,54331.07716035843,819566.3702392578,35457.691999435425,98715.0,3258.2977933883667,228582.28092956543,1185579.640961647,0.18777735472509735,0.0004384822838179197,0.0034811454917010117,0.009707604155042454,0.9758378863334656,,0.007886,-1311502.1832965575,0.8454586323809951
677,247105,645.9,-1150749.5076670162,-1196186.3536210272,0.8734238248981842,53351.12996482849,801886.3197021484,39126.7068939209,117895.0,5134.818318605423,186706.6692199707,1150749.5141346455,0.16656286818416496,0.00031448588144580993,0.0018653200455255022,0.008195158388269575,0.9798186421394348,,0.007831999999999999,-1311502.1832965575,0.8454586323809951
678,247470,646.6,-1180872.2741331393,-1197253.635273731,0.8714710911659346,53940.223927497864,803249.6258544922,39407.459075927734,118520.0,4282.132084608078,215413.06100463867,1180872.2780196667,0.16656286818416496,0.00031448588144580993,0.0018653200455255022,0.008195158388269575,0.9798186421394348,,0.007831999999999999,-1311502.1832965575,0.8454586323809951
679,247835,648.0,-1156308.2628065415,-1196157.500204651,0.8759361761890045,53666.3351020813,799460.8525390625,38913.24045753479,116250.0,4077.9381058216095,197606.23553466797,1156308.2666370869,0.18867232866193118,0.00040440043386824024,0.003173292737349249,0.008791223376695263,0.9770348072052002,,0.007796,-1311502.1832965575,0.8454586323809951
680,248200,648.6,-1151243.0296001846,-1196562.9178795395,0.8964218613219588,56739.24488258362,768161.3231201172,37359.43777370453,106530.0,2957.8731606006622,236234.38314819336,1151243.0172026157,0.18867232866193118,0.00040440043386824024,0.003173292737349249,0.008791223376695263,0.9770348072052002,,0.007796,-1311502.1832965575,0.8454586323809951
681,248565,649.3,-1145524.5007287594,-1195369.74357589,0.8884327194462084,55455.1768283844,775076.0811767578,37887.86859703064,109180.0,2243.464277744293,221137.07605171204,1145524.4901032448,0.18867232866193118,0.00040440043386824024,0.003173292737349249,0.008791223376695263,0.9770348072052002,,0.007796,-1311502.1832965575,0.8454586323809951
682,248930,650.6,-1146466.4063864641,-1192261.2150172668,0.8959543051784986,56634.90704536438,775330.8032226562,37165.049357414246,106705.0,2958.9379465579987,224306.616897583,1146466.4074242115,0.1761578842997551,0.00047620190339090954,0.0028774863856501484,0.008079808340162822,0.9787483811378479,,0.007742,-1311502.1832965575,0.8454586323809951
683,249295,651.4,-1165118.9005628603,-1184869.7645212857,0.8838052901503158,52987.75981140137,803311.4974365234,37629.43287277222,112780.0,4679.005965709686,206718.9645767212,1165118.9008517265,0.1761578842997551,0.00047620190339090954,0.0028774863856501484,0.008079808340162822,0.9787483811378479,,0.007742,-1311502.1832965575,0.8454586323809951
684,249660,652.1,-1356120.3995763352,-1189404.293232407,0.847161964031115,73986.63333320618,814287.6350097656,49420.045583724976,131130.0,22320.915785312653,338961.79906463623,1356120.3954434395,0.1761578842997551,0.00047620190339090954,0.0028774863856501484,0.008079808340162822,0.9787483811378479,,0.007742,-1311502.1832965575,0.8454586323809951
685,250025,653.5,-1202852.5619730297,-1189139.1684603482,0.920001271326248,45562.67377281189,893421.0496826172,30405.219853401184,87925.0,1543.245062470436,189558.04434204102,1202852.5589405298,0.18111736229375788,0.00039688308635576455,0.003180520586810369,0.009450392662792614,0.977110743522644,,0.0076879999999999995,-1311502.1832965575,0.8454586323809951
686,250390,654.2,-1130909.7626425931,-1188440.3142304528,0.8968114314013964,59076.85417556763,756694.3948974609,38577.32820701599,105565.0,3922.8542304039,226150.18582439423,1130909.763159275,0.18111736229375788,0.00039688308635576455,0.003180520586810369,0.009450392662792614,0.977110743522644,,0.0076879999999999995,-1311502.1832965575,0.8454586323809951
687,250755,654.9,-1124179.9832070346,-1183200.6169561753,0.8860552967411198,55345.152448654175,779724.2253417969,38825.08266162872,111150.0,3019.901671409607,191460.77083969116,1124179.9805145264,0.18111736229375788,0.00039688308635576455,0.003180520586810369,0.009450392662792614,0.977110743522644,,0.0076879999999999995,-1311502.1832965575,0.8454586323809951
688,251120,656.2,-1127331.1101807104,-1182008.895550271,0.8841988254899849,56408.0241355896,778284.0777587891,39058.90996360779,111015.0,1884.7957253456116,197088.32188415527,1127331.1053318977,0.17525843472072952,0.0004404855112385887,0.003160175526557539,0.008211226490522293,0.9786108732223511,,0.007633999999999999,-1311502.1832965575,0.8454586323809951
689,251485,656.9,-1151145.9568520323,-1174748.9980926178,0.8921967410061458,57983.76089668274,762676.3564453125,38315.213468551636,107695.0,3492.4081239700317,238966.97861099243,1151145.9566488266,0.17525843472072952,0.0004404855112385887,0.003160175526557539,0.008211226490522293,0.9786108732223511,,0.007633999999999999,-1311502.1832965575,0.8454586323809951
690,251850,657.6,-1197495.3370483704,-1176652.254297887,0.9072249631359153,54837.39433479309,815925.5024414062,35830.666828632355,98095.0,2958.7943861484528,244685.37197875977,1197495.3356349468,0.17525843472072952,0.0004404855112385887,0.003160175526557539,0.008211226490522293,0.9786108732223511,,0.007633999999999999,-1311502.1832965575,0.8454586323809951
691,252215,659.0,-1144148.8675859277,-1168924.631715925,0.8870591328568654,57271.64060020447,763325.4075927734,39003.06569671631,109345.0,3258.8567123413086,229216.544631958,1144148.874633789,0.17459815564124206,0.0002785845780588141,0.0021830776363219086,0.007844513086111922,0.9807317852973938,,0.007580000000000002,-1311502.1832965575,0.8454586323809951
692,252580,659.7,-1240362.3978947315,-1173832.9119649583,0.914256354227458,51178.870166778564,869244.9449462891,33592.75108242035,90110.0,1144.2083110809326,246270.49109649658,1240362.395436287,0.17459815564124206,0.0002785845780588141,0.0021830776363219086,0.007844513086111922,0.9807317852973938,,0.007580000000000002,-1311502.1832965575,0.8454586323809951
693,252945,661.2,-1177295.9194912142,-1174870.5705030938,0.8999771805658733,59126.72701931,775576.3253173828,38285.72926044464,101400.0,2058.345931529999,259975.52322387695,1177295.9237332344,0.1672418727294395,0.0004766473851448513,0.002850448877372975,0.008314333506859839,0.9803622961044312,,0.007544000000000001,-1311502.1832965575,0.8454586323809951
694,253310,661.8,-1147283.7431631382,-1175680.3577912198,0.8559804065586769,58154.9868183136,761410.4119873047,42130.98627948761,123235.0,3676.8205654621124,216830.52655029297,1147283.7453825474,0.1672418727294395,0.0004766473851448513,0.002850448877372975,0.008314333506859839,0.9803622961044312,,0.007544000000000001,-1311502.1832965575,0.8454586323809951
695,253675,662.5,-1289438.4114796806,-1178521.3488091426,0.845582640171051,74677.43008804321,777631.8000488281,50098.51387786865,129800.0,17716.38935804367,314191.7060623169,1289438.4093470573,0.1672418727294395,0.0004766473851448513,0.002850448877372975,0.008314333506859839,0.9803622961044312,,0.007544000000000001,-1311502.1832965575,0.8454586323809951
696,254040,663.8,-1277863.1152416265,-1183135.5224110696,0.8483660234163886,77168.99171638489,768040.9476318359,51727.710384845734,126765.0,17870.61089372635,313458.8518218994,1277863.1207323074,0.20061682125455454,0.00031910703455650946,0.0021616617879389147,0.010553175706024232,0.9698852300643921,,0.007490000000000002,-1311502.1832965575,0.8454586323809951
697,254405,664.5,-1297413.8514890664,-1190468.7396021723,0.8461398000586523,78178.06904029846,760411.43359375,52094.972982406616,128695.0,19723.951523840427,336488.4974975586,1297413.8555975556,0.20061682125455454,0.00031910703455650946,0.0021616617879389147,0.010553175706024232,0.9698852300643921,,0.007490000000000002,-1311502.1832965575,0.8454586323809951
698,254770,665.2,-1218742.742169606,-1192362.2630039956,0.908827326722341,53744.294860839844,831833.5745849609,35221.74001979828,94125.0,2545.818473815918,255016.61323547363,1218742.7463140488,0.20061682125455454,0.00031910703455650946,0.0021616617879389147,0.010553175706024232,0.9698852300643921,,0.007490000000000002,-1311502.1832965575,0.8454586323809951
699,255135,666.6,-1170963.5378880012,-1193095.0267580687,0.8706859699667316,55064.96266365051,793379.2476806641,40389.5405254364,114905.0,5024.688318729401,217265.05270385742,1170963.5292286873,0.1855206236635384,0.00042917164994019243,0.0029853686953030868,0.011032571587221403,0.9730819463729858,,0.007436000000000002,-1311502.1832965575,0.8454586323809951
700,255500,668.6,-1181505.5164179537,-1194608.1510989568,0.9039063625139733,57595.88517284393,796368.0380859375,37436.45768880844,98180.0,3077.167206764221,246443.8549232483,1181505.5179047585,0.1855206236635384,0.00042917164994019243,0.0029853686953030868,0.011032571587221403,0.9730819463729858,,0.007436000000000002,-1286037.6766998451,0.8411883078209341
701,255865,669.3,-1139365.5537450514,-1194300.2037497715,0.8564359248500981,58394.752656936646,761482.0015869141,41980.798931121826,122370.0,2428.5603709220886,211104.1863822937,1139365.5472712517,0.1855206236635384,0.00042917164994019243,0.0029853686953030868,0.011032571587221403,0.9730819463729858,,0.007436000000000002,-1286037.6766998451,0.8411883078209341
702,256230,670.7,-1140966.7502752831,-1194025.2209442123,0.8965878509495356,62383.73108482361,742937.8452148438,40268.02016353607,104610.0,1501.4392700195312,251649.45428466797,1140966.7589330673,0.1747424433890142,0.00034165234735969294,0.002409014787094508,0.00891211844588581,0.9772875905036926,,0.007382000000000001,-1286037.6766998451,0.8411883078209341
703,256595,671.4,-1384081.0619129469,-1204973.3290117166,0.9259243566695958,41371.82271671295,1046869.8480224609,28818.286295890808,77880.0,1904.4432935714722,228608.4977493286,1384081.0753612518,0.1747424433890142,0.00034165234735969294,0.002409014787094508,0.00891211844588581,0.9772875905036926,,0.007382000000000001,-1286037.6766998451,0.8411883078209341
704,256960,672.1,-1155924.9929928211,-1194963.558682541,0.8614283888307336,58121.26475906372,781743.3536376953,41783.22153663635,121240.0,3733.697904586792,207424.72343444824,1155924.9965133667,0.1747424433890142,0.00034165234735969294,0.002409014787094508,0.00891211844588581,0.9772875905036926,,0.007382000000000001,-1286037.6766998451,0.8411883078209341
705,257325,673.5,-1137784.712257286,-1191710.1661967537,0.8712996629819478,55388.25396823883,778529.2315673828,40359.45411491394,115955.0,2386.8871450424194,200554.14237213135,1137784.7151994705,0.17055177551351094,0.00033525948995367417,0.002051905581825658,0.010520186630616846,0.9743911027908325,,0.007328000000000001,-1286037.6766998451,0.8411883078209341
706,257690,674.2,-1284804.43392455,-1199404.8997608514,0.8514973828237351,76486.50216674805,767238.9287109375,51053.35408401489,125355.0,15728.953439712524,325428.1978530884,1284804.4340877533,0.17055177551351094,0.00033525948995367417,0.002051905581825658,0.010520186630616846,0.9743911027908325,,0.007328000000000001,-1286037.6766998451,0.8411883078209341
707,258055,675.5,-1181355.6567831545,-1202263.6834396576,0.8674971898941145,57547.93615150452,798609.7817382812,41757.51582145691,117015.0,6020.126302480698,217953.23188781738,1181355.6557500362,0.18853868563708506,0.000475856092156104,0.002849913484073783,0.010847206411295031,0.972133219242096,,0.007292000000000002,-1286037.6766998451,0.8411883078209341
708,258420,676.2,-1164919.5493691852,-1204143.1053990813,0.8997331460861311,60081.762716293335,763556.1512451172,38773.215443611145,101480.0,2557.963799715042,258552.21926879883,1164919.5497572422,0.18853868563708506,0.000475856092156104,0.002849913484073783,0.010847206411295031,0.972133219242096,,0.007292000000000002,-1286037.6766998451,0.8411883078209341
709,258785,676.9,-1279509.7040074365,-1210561.2927568515,0.9220042808415139,44641.818972587585,935384.6776123047,30000.238786697388,81480.0,2177.596820831299,230467.19075775146,1279509.7039775848,0.18853868563708506,0.000475856092156104,0.002849913484073783,0.010847206411295031,0.972133219242096,,0.007292000000000002,-1286037.6766998451,0.8411883078209341
710,259150,678.3,-1167106.8436583418,-1209041.8680873502,0.8562032915141484,66674.77743148804,768432.9725341797,46219.60791969299,122900.0,4429.913490176201,225124.34815979004,1167106.842103839,0.15989315745077634,0.00036320950130175333,0.0024229350904198853,0.009108417986058876,0.9777999520301819,,0.007238000000000001,-1286037.6766998451,0.8411883078209341
711,259515,679.0,-1520839.9359376403,-1227876.4215049357,0.9239038702559798,41005.56125020981,1177253.5661621094,28687.527247428894,76495.0,3318.313560962677,235085.54429626465,1520839.9512667656,0.15989315745077634,0.00036320950130175333,0.0024229350904198853,0.009108417986058876,0.9777999520301819,,0.007238000000000001,-1286037.6766998451,0.8411883078209341
712,259880,679.6,-1151917.5921098096,-1223454.1812156895,0.8687109472000436,55988.35799407959,779794.1530761719,40960.58145236969,114020.0,4399.900103569031,212742.95584869385,1151917.5904808044,0.15989315745077634,0.00036320950130175333,0.0024229350904198853,0.009108417986058876,0.9777999520301819,,0.007238000000000001,-1286037.6766998451,0.8411883078209341
713,260245,681.0,-1236265.345470836,-1226402.6525146707,0.915263022625283,49652.584188461304,879733.2797851562,32977.30623984337,88115.0,2047.4680099487305,233392.29176330566,1236265.345798254,0.15126674975219526,0.00027235455390358477,0.0017167476207281364,0.01138492924847493,0.974617600440979,,0.007184000000000001,-1286037.6766998451,0.8411883078209341
714,260610,681.6,-1149262.4685202828,-1226501.588782528,0.8650055499926005,57424.45004272461,771835.6712646484,41695.62493515015,118235.0,2582.8480565547943,214913.32164001465,1149262.465896368,0.15126674975219526,0.00027235455390358477,0.0017167476207281364,0.01138492924847493,0.974617600440979,,0.007184000000000001,-1286037.6766998451,0.8411883078209341
715,260975,682.3,-1150606.8802072043,-1219560.0122189042,0.8909386866713224,59851.778988838196,751475.1607666016,39373.34208488464,106125.0,2540.666266441345,251092.70849609375,1150606.8776140213,0.15126674975219526,0.00027235455390358477,0.0017167476207281364,0.01138492924847493,0.974617600440979,,0.007184000000000001,-1286037.6766998451,0.8411883078209341
716,261340,683.6,-1309573.090006495,-1221145.5109571475,0.8440681188073876,78327.05782985687,767196.0784912109,52531.23357772827,127600.0,12963.758852481842,349282.01583099365,1309573.0867524147,0.17852902745729998,0.0002996875752949946,0.0019210012341270492,0.009791784478645576,0.9745638370513916,,0.007130000000000001,-1286037.6766998451,0.8411883078209341
717,261705,684.2,-1253439.21538848,-1218946.7791521181,0.909729074288721,52980.874205589294,857889.7932128906,34805.79937887192,90395.0,2198.0019779354334,268150.6103591919,1253439.2049288899,0.17852902745729998,0.0002996875752949946,0.0019210012341270492,0.009791784478645576,0.9745638370513916,,0.007130000000000001,-1286037.6766998451,0.8411883078209341
718,262070,684.9,-1171140.7920651955,-1216566.681646898,0.8578543249874899,59365.563979148865,768073.4993896484,42787.815561294556,121395.0,2299.5606832504272,236584.91680908203,1171140.7924432755,0.17852902745729998,0.0002996875752949946,0.0019210012341270492,0.009791784478645576,0.9745638370513916,,0.007130000000000001,-1286037.6766998451,0.8411883078209341
719,262435,686.3,-1174399.6533021987,-1216738.4874176076,0.8649662868617333,55169.20442581177,795406.4656982422,40620.30679321289,117130.0,4228.8017954826355,217014.08807373047,1174399.6623606682,0.18074592340149379,0.00036319132634257824,0.0026925070269498974,0.010519637456653934,0.9738556742668152,,0.0070760000000000016,-1286037.6766998451,0.8411883078209341
720,262800,687.0,-1141191.8509745933,-1214722.8041454398,0.8773548201338885,54543.532245635986,780178.6989746094,39505.43524932861,113195.0,3323.1912908554077,204989.52375030518,1141191.8492650986,0.18074592340149379,0.00036319132634257824,0.0026925070269498974,0.010519637456653934,0.9738556742668152,,0.0070760000000000016,-1286037.6766998451,0.8411883078209341
721,263165,687.7,-1178623.5964914563,-1216685.70628276,0.8599758425804034,57258.644323349,793376.4255371094,41706.22908592224,119945.0,3937.9827466011047,219657.95881652832,1178623.596186161,0.18074592340149379,0.00036319132634257824,0.0026925070269498974,0.010519637456653934,0.9738556742668152,,0.0070760000000000016,-1286037.6766998451,0.8411883078209341
722,263530,689.1,-1302354.220867474,-1224755.0798123695,0.8471312067280077,75558.5781211853,774971.447265625,51036.93471908569,127210.0,14673.646053314209,334462.191986084,1302354.220024109,0.18235537350962036,0.00030891712891676243,0.0018465811751268216,0.009912071136855766,0.9746463894844055,,0.007022000000000001,-1286037.6766998451,0.8411883078209341
723,263895,689.8,-1227721.2820037738,-1216937.0908169108,0.9090850402231085,52440.59222602844,837210.0491943359,34681.146164894104,93295.0,2998.7687225341797,259536.32485961914,1227721.2889413834,0.18235537350962036,0.00030891712891676243,0.0018465811751268216,0.009912071136855766,0.9746463894844055,,0.007022000000000001,-1286037.6766998451,0.8411883078209341
724,264260,691.2,-1172121.922521004,-1217746.9372933197,0.8982764871153113,59655.21584701538,773246.9940185547,38647.00098133087,100575.0,2151.493797302246,257501.438495636,1172121.9272928238,0.16705181430044927,0.00022907455796054196,0.0014750162765841722,0.009702912433759162,0.9757755994796753,,0.006986000000000001,-1286037.6766998451,0.8411883078209341
725,264625,693.0,-1334418.8778744878,-1227578.64557418,0.8425368635621789,75592.73578262329,805926.4633789062,50598.70714092255,129250.0,18996.21673500538,329647.49382019043,1334418.8810750246,0.16705181430044927,0.00022907455796054196,0.0014750162765841722,0.009702912433759162,0.9757755994796753,,0.006986000000000001,-1293250.8333071484,0.8398398037642649
726,264990,693.7,-1142518.505647218,-1220464.3491603134,0.8685555410711733,54845.758648872375,783387.6491699219,40541.86085128784,115860.0,2995.9578466415405,199733.04081726074,1142518.508685112,0.16705181430044927,0.00022907455796054196,0.0014750162765841722,0.009702912433759162,0.9757755994796753,,0.006986000000000001,-1293250.8333071484,0.8398398037642649
727,265355,695.2,-1174627.713186277,-1220127.9519804693,0.8541104529001942,57442.88037109375,781505.4381103516,41700.745473861694,121960.0,2729.142268180847,226732.38527679443,1174627.7111291885,0.18665668133058047,0.0003551493043089163,0.00237983570581204,0.011193068158861837,0.9715210199356079,,0.006932000000000001,-1293250.8333071484,0.8398398037642649
728,265720,696.0,-1300302.2675527097,-1226897.0878896457,0.8447892762210271,76050.30032730103,762063.2138671875,50988.21545505524,128675.0,15209.165090560913,343366.6735610962,1300302.2679738998,0.18665668133058047,0.0003551493043089163,0.00237983570581204,0.011193068158861837,0.9715210199356079,,0.006932000000000001,-1293250.8333071484,0.8398398037642649
729,266085,696.7,-1148421.972152251,-1220342.7012968867,0.8656012863329012,54301.92048072815,781249.7952880859,40344.80501937866,117350.0,4095.1987266540527,205382.17474365234,1148421.973777771,0.18665668133058047,0.0003551493043089163,0.00237983570581204,0.011193068158861837,0.9715210199356079,,0.006932000000000001,-1293250.8333071484,0.8398398037642649
730,266450,698.1,-1189152.2064297965,-1221444.9694354595,0.9073040918128131,53353.47324180603,820655.4626464844,35384.16241836548,94760.0,1735.7411422729492,236616.84071350098,1189152.2069206238,0.18398893428476235,0.0003282179105601819,0.0014977706121403333,0.010535716802175892,0.9739543199539185,,0.006878000000000001,-1293250.8333071484,0.8398398037642649
731,266815,698.9,-1160627.058362496,-1203434.325556702,0.8870757862313153,55828.71464443207,765341.1007080078,38069.042081832886,106320.0,3864.713836669922,247032.20149230957,1160627.0581188202,0.18398893428476235,0.0003282179105601819,0.0014977706121403333,0.010535716802175892,0.9739543199539185,,0.006878000000000001,-1293250.8333071484,0.8398398037642649
732,267180,699.6,-1174986.1502681596,-1204587.7534646196,0.8985038113920656,58289.35416126251,781362.5963134766,38025.46854019165,100420.0,2197.738182067871,252980.35525512695,1174986.158290863,0.18398893428476235,0.0003282179105601819,0.0014977706121403333,0.010535716802175892,0.9739543199539185,,0.006878000000000001,-1293250.8333071484,0.8398398037642649
733,267545,701.0,-1264719.184235227,-1206010.445402839,0.8507398508999445,75351.20179080963,774716.7301025391,50782.03738594055,124675.0,13532.628999233246,301012.7849121094,1264719.1813998222,0.16547943475215057,0.0003314773723200472,0.002357081365373329,0.009006558745903405,0.976041853427887,,0.006824000000000001,-1293250.8333071484,0.8398398037642649
734,267910,701.6,-1233189.1289674747,-1210206.7784251985,0.8502576424650949,72931.85608100891,770697.7680664062,49644.00767707825,123225.0,11356.006195545197,278266.3422241211,1233189.1241631508,0.16547943475215057,0.0003314773723200472,0.002357081365373329,0.009006558745903405,0.976041853427887,,0.006824000000000001,-1293250.8333071484,0.8398398037642649
735,268275,702.3,-1150115.507760129,-1210182.2098028448,0.8803739341970992,53736.295864105225,789744.1513671875,38439.092027664185,109940.0,4535.982694387436,207456.28868865967,1150115.5147778988,0.16547943475215057,0.0003314773723200472,0.002357081365373329,0.009006558745903405,0.976041853427887,,0.006824000000000001,-1293250.8333071484,0.8398398037642649
736,268640,703.8,-1164285.668564315,-1202917.838730736,0.8725576428517904,54977.31091880798,786860.0766601562,40401.875982284546,113400.0,4196.654634475708,219427.05764770508,1164285.6649246216,0.1858431612582583,0.0002691236022656085,0.001936260026444583,0.010886553172512274,0.972506046295166,,0.006770000000000001,-1293250.8333071484,0.8398398037642649
737,269005,704.5,-1156531.793365298,-1198072.4676295768,0.8844711955279521,57029.843212127686,772013.8327636719,39343.99507904053,107320.0,3205.3811210393906,234648.58067321777,1156531.7896369696,0.1858431612582583,0.0002691236022656085,0.001936260026444583,0.010886553172512274,0.972506046295166,,0.006770000000000001,-1293250.8333071484,0.8398398037642649
738,269370,705.8,-1159628.446772375,-1197496.8503649358,0.8972833460324431,59622.903871536255,752675.3604736328,38759.15617752075,101595.0,2401.993095397949,264196.9339904785,1159628.44373703,0.16816995743858187,0.00030651258557076,0.001708181286965938,0.008640166568128686,0.9779412746429443,,0.006734,-1293250.8333071484,0.8398398037642649
739,269735,706.5,-1169548.8848998712,-1197254.3119448195,0.853660988317777,64833.194232940674,779484.6472167969,45636.24490356445,121705.0,4934.976496577263,217788.01765441895,1169548.8862713575,0.16816995743858187,0.00030651258557076,0.001708181286965938,0.008640166568128686,0.9779412746429443,,0.006734,-1293250.8333071484,0.8398398037642649
740,270100,707.2,-1207453.7118857808,-1200567.4049903785,0.9101312010255579,51880.0322599411,852519.001953125,34456.06364154816,91550.0,1885.835925102234,227042.8123779297,1207453.713897705,0.16816995743858187,0.00030651258557076,0.001708181286965938,0.008640166568128686,0.9779412746429443,,0.006734,-1293250.8333071484,0.8398398037642649
741,270465,708.5,-1133430.3689183306,-1198307.7436117223,0.8592117541456876,56971.586606025696,777140.2141113281,41392.895193099976,119630.0,3503.60899323225,191763.6491546631,1133430.3674523234,0.163884736597538,0.0004624342542037515,0.0028014601373701894,0.009272316409471003,0.9768086671829224,,0.006680000000000001,-1293250.8333071484,0.8398398037642649
742,270830,709.3,-1164850.1372566912,-1191432.5394311831,0.8644571304321289,56740.07159900665,785325.1756591797,41691.81460189819,114865.0,3646.8243809342384,219321.32446289062,1164850.1391049027,0.163884736597538,0.0004624342542037515,0.0028014601373701894,0.009272316409471003,0.9768086671829224,,0.006680000000000001,-1293250.8333071484,0.8398398037642649
743,271195,710.0,-1345580.0156012122,-1197325.4761110551,0.8413371593984839,76551.71947288513,804249.6904296875,51010.986894607544,126665.0,16405.62983083725,347248.7087249756,1345580.0158801079,0.163884736597538,0.0004624342542037515,0.0028014601373701894,0.009272316409471003,0.9768086671829224,,0.006680000000000001,-1293250.8333071484,0.8398398037642649
744,271560,711.4,-1151200.6677052188,-1196279.4133702656,0.8589524100904595,57281.82174682617,783591.63671875,41712.47031021118,118070.0,3350.720541357994,204475.83338928223,1151200.6609596014,0.182553914816756,0.0003240131552861146,0.0019405431935171549,0.011583755540318395,0.9711785912513733,,0.006626000000000001,-1293250.8333071484,0.8398398037642649
745,271925,712.1,-1216706.0066839538,-1190393.769810739,0.9102729573641738,51376.388484954834,855867.8041992188,34110.39611721039,89715.0,1286.8594026565552,235725.94133758545,1216706.0010566711,0.182553914816756,0.0003240131552861146,0.0019405431935171549,0.011583755540318395,0.9711785912513733,,0.006626000000000001,-1293250.8333071484,0.8398398037642649
746,272290,712.7,-1159052.8049414721,-1191220.484775452,0.8939650117534481,59711.444615364075,764697.2580566406,39132.93996334076,102890.0,1689.461748123169,250643.14002799988,1159052.7997961044,0.182553914816756,0.0003240131552861146,0.0019405431935171549,0.011583755540318395,0.9711785912513733,,0.006626000000000001,-1293250.8333071484,0.8398398037642649
747,272655,714.1,-1347222.2598146293,-1199850.2121068693,0.842761305423632,76461.29271697998,778360.6202392578,51429.22978591919,126725.0,20098.14422607422,370609.26136016846,1347222.2556114197,0.1578052892888847,0.0003419021762678504,0.002718473737140333,0.009864530660898277,0.9759938716888428,,0.006572000000000001,-1293250.8333071484,0.8398398037642649
748,273020,714.8,-1175265.5013646097,-1193598.3737974647,0.9011750882619047,57954.61573982239,784144.5428466797,37777.070358753204,98445.0,2533.924118041992,252364.98066711426,1175265.5179905891,0.1578052892888847,0.0003419021762678504,0.002718473737140333,0.009864530660898277,0.9759938716888428,,0.006572000000000001,-1293250.8333071484,0.8398398037642649
749,273385,715.5,-1175570.4855571308,-1194955.7994677084,0.8536460840538757,58787.22799015045,786322.6763916016,42576.35174560547,120430.0,5179.184057712555,221062.2773590088,1175570.4895539284,0.1578052892888847,0.0003419021762678504,0.002718473737140333,0.009864530660898277,0.9759938716888428,,0.006572000000000001,-1293250.8333071484,0.8398398037642649
750,273750,718.0,-1147856.0040182592,-1192890.9893471317,0.8676219451917361,54880.587938308716,785802.0327148438,40360.47220134735,115870.0,3506.3031246066093,202317.19372558594,1147856.0017663836,0.17663799363531565,0.00039656462314795996,0.0034704375700943943,0.010926063540146538,0.9724855422973633,,0.006518,-1305689.308306724,0.8395671757116709
751,274115,718.7,-1592983.0800706304,-1214508.7904325384,0.9240267876076371,41100.45230388641,1199329.8549804688,28874.261095523834,76430.0,3715.9234649837017,284633.037689209,1592983.0772301853,0.17663799363531565,0.00039656462314795996,0.0034704375700943943,0.010926063540146538,0.9724855422973633,,0.006518,-1305689.308306724,0.8395671757116709
752,274480,720.1,-1228383.357854031,-1217178.650811832,0.9193635963413813,46697.43775653839,897651.5369873047,31308.24726486206,84265.0,1091.234230041504,214067.3423690796,1228383.3608512878,0.13756778267653366,0.00032633458632565297,0.0026258502161669497,0.011602864772277443,0.9733323454856873,,0.006482000000000001,-1305689.308306724,0.8395671757116709
753,274845,720.8,-1148322.2950302814,-1211358.8063515846,0.8788832795130064,53247.56554222107,805364.1182861328,38459.11383342743,109035.0,4565.291577100754,190898.7649383545,1148322.2886350155,0.13756778267653366,0.00032633458632565297,0.0026258502161669497,0.011602864772277443,0.9733323454856873,,0.006482000000000001,-1305689.308306724,0.8395671757116709
754,275210,721.5,-1281408.8100629565,-1213769.790406359,0.9236598668033129,44446.277952194214,950213.9527587891,29927.287723064423,80675.0,1355.6849460601807,219236.8834991455,1281408.8089270592,0.13756778267653366,0.00032633458632565297,0.0026258502161669497,0.011602864772277443,0.9733323454856873,,0.006482000000000001,-1305689.308306724,0.8395671757116709
755,275575,722.9,-1170285.3483578078,-1214778.2824362428,0.8594808482143977,55918.7829580307,809208.7141113281,40882.44711112976,118325.0,3988.3594512939453,197880.83032226562,1170285.3509960175,0.1510508223191688,0.00037336506183668173,0.001964903718448783,0.009053667468067846,0.9787833094596863,,0.0064280000000000006,-1305689.308306724,0.8395671757116709
756,275940,723.5,-1148022.0627629734,-1213965.1021461757,0.8700198730377302,54662.3489112854,797260.6953125,40357.924934864044,113085.0,3491.249526977539,193827.1967010498,1148022.0664753914,0.1510508223191688,0.00037336506183668173,0.001964903718448783,0.009053667468067846,0.9787833094596863,,0.0064280000000000006,-1305689.308306724,0.8395671757116709
757,276305,724.2,-1312575.3222474046,-1221767.278590281,0.8455805171025943,76336.04877471924,788211.9940185547,51315.419613838196,125140.0,15877.56051492691,332030.3485984802,1312575.3227458,0.1510508223191688,0.00037336506183668173,0.001964903718448783,0.009053667468067846,0.9787833094596863,,0.0064280000000000006,-1305689.308306724,0.8395671757116709
758,276670,725.6,-1170500.7323916317,-1222310.8928712439,0.8848914655920578,55363.9033241272,791733.4836425781,38314.201045036316,106210.0,5526.513996064663,228716.53173971176,1170500.7304233909,0.17647316189188705,0.0003340587456094861,0.0013644569813837542,0.01077113094690599,0.9723047018051147,,0.006374,-1305689.308306724,0.8395671757116709
759,277035,726.3,-1135052.0759376995,-1220586.0524231354,0.8951094232193412,58154.61813926697,763547.2515869141,38176.04970741272,101520.0,1669.0387163162231,230139.7435684204,1135052.0835790634,0.17647316189188705,0.0003340587456094861,0.0013644569813837542,0.01077113094690599,0.9723047018051147,,0.006374,-1305689.308306724,0.8395671757116709
760,277400,727.0,-1176197.4078475498,-1219023.2372212238,0.9043209431922599,54298.35715484619,810913.6214599609,35866.38608837128,96095.0,2572.999434918165,230749.41033935547,1176197.4173226058,0.17647316189188705,0.0003340587456094861,0.0013644569813837542,0.01077113094690599,0.9723047018051147,,0.006374,-1305689.308306724,0.8395671757116709
761,277765,728.3,-1156355.3185897763,-1220169.484704796,0.9016224492086123,54814.84001350403,802642.2889404297,36326.834444999695,96385.0,1954.476863861084,219046.71667861938,1156355.3169279099,0.149297581691491,0.0003176513426679824,0.0020409299628992906,0.00821651567974569,0.9795012474060059,,0.00632,-1305689.308306724,0.8395671757116709
762,278130,729.0,-1164871.730784276,-1220170.5643811752,0.8667052753984111,53170.865661621094,814762.0252685547,39559.179898262024,114335.0,3535.279273942113,192680.2445526123,1164871.7289933711,0.149297581691491,0.0003176513426679824,0.0020409299628992906,0.00821651567974569,0.9795012474060059,,0.00632,-1305689.308306724,0.8395671757116709
763,278495,729.7,-1136332.9065085957,-1209708.2089265443,0.875247776834932,51836.837505340576,797728.1188964844,38614.98276042938,110690.0,3834.90323638916,185464.89867591858,1136332.9035692215,0.149297581691491,0.0003176513426679824,0.0020409299628992906,0.00821651567974569,0.9795012474060059,,0.00632,-1305689.308306724,0.8395671757116709
764,278860,731.0,-1257664.3487248048,-1215031.3929775236,0.9262851207223657,39170.09228134155,976013.513671875,27512.26670026779,76500.0,1363.163010597229,176275.40182113647,1257664.3452038765,0.16096204440844686,0.0003296959936338489,0.0023669861961695318,0.00953679846746749,0.9759380221366882,,0.006266000000000001,-1305689.308306724,0.8395671757116709
765,279225,731.7,-1163872.1564099505,-1212389.7004638233,0.8816807075722577,53034.64703941345,802530.4443359375,38088.70903158188,107630.0,5999.75171995163,209623.25191497803,1163872.157002449,0.16096204440844686,0.0003296959936338489,0.0023669861961695318,0.00953679846746749,0.9759380221366882,,0.006266000000000001,-1305689.308306724,0.8395671757116709
766,279590,733.0,-1135956.017701931,-1211234.8611018464,0.8742205113580782,52023.12742328644,797087.9932861328,38695.57039260864,110920.0,2455.697597503662,186796.75346374512,1135956.0147399902,0.14672467681138138,0.0002932427675994787,0.002303541757435979,0.007945578802671088,0.9812279343605042,,0.00623,-1305689.308306724,0.8395671757116709
767,279955,733.7,-1114581.4378994515,-1199602.8200060877,0.8818575220565273,54776.31546497345,780674.3751220703,38848.28598403931,106810.0,2638.9596276283264,185609.81953811646,1114581.4402718544,0.14672467681138138,0.0002932427675994787,0.002303541757435979,0.007945578802671088,0.9812279343605042,,0.00623,-1305689.308306724,0.8395671757116709
768,280320,734.3,-1173876.5449305929,-1199533.3721843867,0.8777453696891053,54108.89754104614,801826.4711914062,38922.78078651428,108950.0,6840.202937722206,217337.08737182617,1173876.542287469,0.14672467681138138,0.0002932427675994787,0.002303541757435979,0.007945578802671088,0.9812279343605042,,0.00623,-1305689.308306724,0.8395671757116709
769,280685,735.6,-1121337.3143695025,-1196821.7136250052,0.8777926591977682,52506.39935874939,786229.5441894531,38551.85399436951,109375.0,3212.407349586487,183968.51607513428,1121337.3216085434,0.16250431753302874,0.0003227602616166941,0.002302203265188789,0.00921717741967816,0.9770302176475525,,0.006176,-1305689.308306724,0.8395671757116709
770,281050,736.3,-1155595.204148042,-1197208.6736314946,0.8615515365992507,56008.3660697937,790461.1573486328,41357.387435913086,116145.0,4921.72062587738,202709.94535827637,1155595.2107686996,0.16250431753302874,0.0003227602616166941,0.002302203265188789,0.00921717741967816,0.9770302176475525,,0.006176,-1305689.308306724,0.8395671757116709
771,281415,736.9,-1128850.5901708389,-1174002.049136505,0.8779599888683999,54096.15216255188,780634.9918212891,39277.01197910309,109665.0,2718.041763305664,196555.54526901245,1128850.5908327103,0.16250431753302874,0.0003227602616166941,0.002302203265188789,0.00921717741967816,0.9770302176475525,,0.006176,-1305689.308306724,0.8395671757116709
772,281780,738.3,-1164593.7633970247,-1170812.5694136545,0.8668733245705905,55980.091651916504,790293.5201416016,41177.97579574585,113305.0,2936.2471528053284,216881.0228881836,1164593.7659783363,0.16415994790823837,0.00029818533039360773,0.0019697222834158886,0.00931507540180495,0.9765768051147461,,0.006122,-1305689.308306724,0.8395671757116709
773,282145,738.9,-1115388.6987493602,-1169165.8895996085,0.8795691137444483,54951.580224990845,764329.1870117188,39390.12508940697,108845.0,1894.0167350769043,200930.37377166748,1115388.70260787,0.16415994790823837,0.00029818533039360773,0.0019697222834158886,0.00931507540180495,0.9765768051147461,,0.006122,-1305689.308306724,0.8395671757116709
774,282510,739.6,-1169943.5033216188,-1163592.6242625413,0.8830321893300096,56580.2845287323,764612.0524902344,39492.86194419861,106565.0,1466.5379095077515,257807.0552253723,1169943.507569313,0.16415994790823837,0.00029818533039360773,0.0019697222834158886,0.00931507540180495,0.9765768051147461,,0.006122,-1305689.308306724,0.8395671757116709
775,282875,742.0,-1221596.4145633318,-1166158.1775728178,0.9090285604947234,52197.434549331665,853575.8621826172,34526.92471265793,89260.0,2474.3896853923798,241759.2317352295,1221596.408315897,0.15531941405252406,0.0003265800797204352,0.001870138608960827,0.008689095008824217,0.9791066646575928,,0.0060680000000000005,-1302469.4482969013,0.838979501675253
776,283240,742.7,-1300484.0945353801,-1173781.279161438,0.8431596517562866,76566.92961883545,771865.6239013672,51576.280888557434,125570.0,11677.834421873093,339794.35148620605,1300484.0906980038,0.15531941405252406,0.0003265800797204352,0.001870138608960827,0.008689095008824217,0.9791066646575928,,0.0060680000000000005,-1302469.4482969013,0.838979501675253
777,283605,743.3,-1167594.9199643885,-1166532.2590472873,0.8674726398023841,55810.533016204834,791402.6339111328,41110.715982437134,113070.0,4008.7466049194336,218002.8270263672,1167594.9235248566,0.15531941405252406,0.0003265800797204352,0.001870138608960827,0.008689095008824217,0.9791066646575928,,0.0060680000000000005,-1302469.4482969013,0.838979501675253
778,283970,744.7,-1304396.8082672306,-1173227.0628410676,0.8467256875887309,77559.60824775696,774901.1195068359,52113.20380973816,124985.0,13494.004744529724,338903.47428131104,1304396.8023424149,0.16737378643531547,0.0003820875894904786,0.0028689200499732244,0.010662182626363478,0.9729435443878174,,0.006014,-1302469.4482969013,0.838979501675253
779,284335,745.3,-1141075.8815113946,-1173528.2531197523,0.85309696703741,57908.91276931763,764428.7824707031,42153.134395599365,120295.0,2440.826057910919,211758.13842773438,1141075.8813519478,0.16737378643531547,0.0003820875894904786,0.0028689200499732244,0.010662182626363478,0.9729435443878174,,0.006014,-1302469.4482969013,0.838979501675253
780,284700,746.6,-1211082.8238031631,-1175272.523917533,0.9109108967323826,52443.64009284973,846467.3583984375,34686.32699966431,90505.0,2051.411247253418,237372.72578430176,1211082.822429657,0.16332949286228732,0.0002805469635189327,0.0019333153491300579,0.010342499523080494,0.9738695025444031,,0.005978,-1302469.4482969013,0.838979501675253
781,285065,747.3,-1217332.1646792386,-1178321.3662220058,0.9156140258867447,46658.85270500183,896714.2430419922,31612.336980819702,85205.0,1204.857195854187,202595.72608947754,1217332.1633081436,0.16332949286228732,0.0002805469635189327,0.0019333153491300579,0.010342499523080494,0.9738695025444031,,0.005978,-1302469.4482969013,0.838979501675253
782,285430,747.9,-1307656.741921873,-1185460.6167788855,0.8431988760216595,78286.69425582886,761001.7854003906,52397.98480129242,126035.0,12977.35669517517,355244.6183013916,1307656.7451982498,0.16332949286228732,0.0002805469635189327,0.0019333153491300579,0.010342499523080494,0.9738695025444031,,0.005978,-1302469.4482969013,0.838979501675253
783,285795,749.2,-1136084.874410489,-1185448.2151739802,0.8585051294875472,57186.279724121094,773922.6834716797,41702.56097793579,118850.0,2737.8835713863373,198871.7469177246,1136084.8749387264,0.15829239432748995,0.00030284911865333255,0.001903065466027137,0.010237270439239709,0.9751743078231812,,0.005924,-1302469.4482969013,0.838979501675253
784,286160,749.9,-1132642.522580664,-1179197.1238667732,0.856212145008453,58502.91830062866,759680.576171875,42414.894735336304,120145.0,2562.332920074463,207839.73443984985,1132642.5382671356,0.15829239432748995,0.00030284911865333255,0.001903065466027137,0.010237270439239709,0.9751743078231812,,0.005924,-1302469.4482969013,0.838979501675253
785,286525,750.5,-1140988.1705819652,-1178052.924575374,0.8633563082512111,54466.913555145264,774589.1862792969,40658.2319355011,115550.0,2237.9793952703476,207952.7720336914,1140988.1696437597,0.15829239432748995,0.00030284911865333255,0.001903065466027137,0.010237270439239709,0.9751743078231812,,0.005924,-1302469.4482969013,0.838979501675253
786,286890,751.9,-1280115.7465621177,-1185260.9110183835,0.9228852992188441,43577.22591781616,941515.9798583984,29902.390300750732,79120.0,1383.1280136108398,228194.24731826782,1280115.7454910278,0.1655900833245955,0.000359286839643334,0.0019458971571446838,0.009998710299106804,0.9753121733665466,,0.00587,-1302469.4482969013,0.838979501675253
787,287255,752.5,-1251080.8840890513,-1192085.8833278636,0.9183969077998645,47321.52012825012,900360.7576904297,31843.188164711,83695.0,1613.4404373168945,233568.49392700195,1251080.8802194595,0.1655900833245955,0.000359286839643334,0.0019458971571446838,0.009998710299106804,0.9753121733665466,,0.00587,-1302469.4482969013,0.838979501675253
788,287620,753.2,-1294420.8102012025,-1198113.096591394,0.8438950522305214,76517.28828430176,778813.8383789062,51406.624400138855,127945.0,13472.769320487976,322782.5787124634,1294420.8108119965,0.1655900833245955,0.000359286839643334,0.0019458971571446838,0.009998710299106804,0.9753121733665466,,0.00587,-1302469.4482969013,0.838979501675253
789,287985,754.5,-1139998.9346596356,-1199046.1776059004,0.8637122412250466,58005.56232261658,761144.2127685547,42627.21490097046,115925.0,3124.0015182495117,217178.49825286865,1139998.9274406433,0.15535670165952883,0.0002082451052334172,0.0013475920055306663,0.010522546773580345,0.9749947786331177,,0.005816,-1302469.4482969013,0.838979501675253
790,288350,755.2,-1271889.566451177,-1204860.8957210574,0.9199712668379693,45714.30169868469,930566.0760498047,30909.316304206848,80505.0,1159.8458709716797,228749.32594299316,1271889.5641679764,0.15535670165952883,0.0002082451052334172,0.0013475920055306663,0.010522546773580345,0.9749947786331177,,0.005816,-1302469.4482969013,0.838979501675253
791,288715,755.9,-1163340.5376804394,-1206585.393096537,0.8963245569843136,62296.34755039215,746124.8212890625,40317.47000217438,100110.0,1520.0084381103516,275268.2345123291,1163340.5342416763,0.15535670165952883,0.0002082451052334172,0.0013475920055306663,0.010522546773580345,0.9749947786331177,,0.005816,-1302469.4482969013,0.838979501675253
792,289080,757.2,-1184232.9050538163,-1207567.3501793768,0.8562600390551841,60189.1979598999,776817.9232177734,43427.5935382843,118970.0,3191.38138961792,241826.00955963135,1184232.907705307,0.14639751632746897,0.0001965392626324932,0.0009848611409420539,0.009602346592337677,0.9779811501502991,,0.005762,-1302469.4482969013,0.838979501675253
793,289445,757.9,-1119256.3178586175,-1207760.7311348398,0.8869372684661656,59034.62783050537,745291.0297851562,39788.91954803467,106360.0,457.83225202560425,227358.52701568604,1119256.3086009026,0.14639751632746897,0.0001965392626324932,0.0009848611409420539,0.009602346592337677,0.9779811501502991,,0.005762,-1302469.4482969013,0.838979501675253
794,289810,759.2,-1132303.3453413534,-1205878.7232358265,0.8918997277952221,61345.15491104126,728985.6552734375,40202.59898233414,103540.0,2082.090337395668,257493.00081253052,1132303.3454056978,0.16430814877936714,0.0002945036779860139,0.0018602337773987337,0.009262874085260065,0.9767459034919739,,0.005726,-1302469.4482969013,0.838979501675253
795,290175,759.9,-1157948.901575669,-1202696.3475864434,0.8583824574130855,59836.558780670166,767184.8798828125,43268.8299369812,118540.0,2891.8909311294556,226063.2992553711,1157948.9000062943,0.16430814877936714,0.0002945036779860139,0.0018602337773987337,0.009262874085260065,0.9767459034919739,,0.005726,-1302469.4482969013,0.838979501675253
796,290540,760.5,-1171433.3322870224,-1196243.8094740254,0.8745093151314618,57755.12816810608,765130.8853759766,40925.37853050232,111450.0,1258.2574844360352,252668.79751968384,1171433.3189105988,0.16430814877936714,0.0002945036779860139,0.0018602337773987337,0.009262874085260065,0.9767459034919739,,0.005726,-1302469.4482969013,0.838979501675253
797,290905,761.8,-1161002.1636840496,-1195914.1716600086,0.8716413693885281,58512.97564315796,766280.8121337891,42100.21519756317,112695.0,2514.6382464170456,237411.4974937439,1161002.1630715132,0.17306639744262947,0.0003227068386638022,0.0020652904855332486,0.010261640418320894,0.9749180674552917,,0.005672,-1302469.4482969013,0.838979501675253
798,291270,762.5,-1246761.6262949896,-1193032.4125613964,0.9133240157610749,51153.316762924194,870656.9956054688,33957.5854010582,87250.0,1090.4101428985596,253806.62718200684,1246761.6183314323,0.17306639744262947,0.0003227068386638022,0.0020652904855332486,0.010261640418320894,0.9749180674552917,,0.005672,-1302469.4482969013,0.838979501675253
799,291635,763.2,-1205227.4514514867,-1196239.9910584008,0.9035441592948078,57983.51191329956,791071.6947021484,37961.3389415741,96215.0,2048.868570327759,277930.5422515869,1205227.4444656372,0.17306639744262947,0.0003227068386638022,0.0020652904855332486,0.010261640418320894,0.9749180674552917,,0.005672,-1302469.4482969013,0.838979501675253
800,292000,765.6,-1276679.4198228468,-1199519.8208593852,0.9216479187142359,45444.248416900635,936592.158203125,30632.53106880188,80775.0,1386.3163566589355,227293.41369628906,1276679.4193248749,0.13740288309360804,0.0002870130496088869,0.0019207335426472127,0.00856557331587139,0.9811152815818787,,0.005618,-1279549.6209387314,0.8381884125814045
801,292365,766.2,-1139994.4975613186,-1195652.9375034892,0.8536115563079102,58957.22972869873,757851.2111816406,42676.47912597656,121230.0,1747.5314102172852,216489.27501678467,1139994.4967346191,0.13740288309360804,0.0002870130496088869,0.0019207335426472127,0.00856557331587139,0.9811152815818787,,0.005618,-1279549.6209387314,0.8381884125814045
802,292730,766.9,-1183538.76119478,-1189447.0384671346,0.8507741702746039,66603.62069511414,762513.1832275391,46757.03937911987,121600.0,2869.6643266677856,249798.86486816406,1183538.7518014908,0.13740288309360804,0.0002870130496088869,0.0019207335426472127,0.00856557331587139,0.9811152815818787,,0.005618,-1279549.6209387314,0.8381884125814045
803,293095,768.3,-1218928.6954816931,-1193589.2295206946,0.9075583353434523,53286.926208496094,844127.1115722656,35393.380558013916,90420.0,1386.2743797302246,247601.93231201172,1218928.6988220215,0.16369247005174034,0.00025054302554245193,0.0014637729588062747,0.009915893260193499,0.975109875202179,,0.0055639999999999995,-1279549.6209387314,0.8381884125814045
804,293460,768.9,-1212150.3302037742,-1197564.6199018504,0.9068491617294206,54766.64289665222,824847.5874023438,36258.95531249046,92030.0,2003.9795722961426,257009.81001663208,1212150.3323037624,0.16369247005174034,0.00025054302554245193,0.0014637729588062747,0.009915893260193499,0.975109875202179,,0.0055639999999999995,-1279549.6209387314,0.8381884125814045
805,293825,769.6,-1141526.629462896,-1197591.5428458967,0.8550673314969833,61336.62391376495,744652.4033203125,44081.62925720215,120730.0,1993.835629940033,230068.76132202148,1141526.6295294762,0.16369247005174034,0.00025054302554245193,0.0014637729588062747,0.009915893260193499,0.975109875202179,,0.0055639999999999995,-1279549.6209387314,0.8381884125814045
806,294190,770.9,-1214271.2930377312,-1194299.3201696775,0.848982093758779,73913.30869674683,749347.1101074219,50697.1500377655,123635.0,6992.277066707611,283599.74978637695,1214271.286998272,0.1583345565748842,0.00038839552905157787,0.002530817401221659,0.009278841586293359,0.9771856069564819,,0.005509999999999999,-1279549.6209387314,0.8381884125814045
807,294555,771.6,-1119896.5578749718,-1187740.1038589734,0.8748131415615343,56614.38208770752,755743.4764404297,40603.93525505066,110605.0,3829.2643880844116,209114.8869781494,1119896.5630617142,0.1583345565748842,0.00038839552905157787,0.002530817401221659,0.009278841586293359,0.9771856069564819,,0.005509999999999999,-1279549.6209387314,0.8381884125814045
808,294920,772.9,-1282301.9148460822,-1187134.1590912174,0.9231186172733569,42941.00665664673,954812.6975097656,29495.290804862976,78170.0,722.5883588790894,219101.34006118774,1282301.9167346954,0.1542877149032919,0.00034599231912579853,0.002236081844832944,0.009790445567647877,0.9770309329032898,,0.005474,-1279549.6209387314,0.8381884125814045
809,295285,773.5,-1162900.4352710233,-1188279.234121787,0.8572250266597695,59058.771099090576,771381.7960205078,42885.8042640686,118515.0,2395.6380710601807,227722.19268798828,1162900.4310436249,0.1542877149032919,0.00034599231912579853,0.002236081844832944,0.009790445567647877,0.9770309329032898,,0.005474,-1279549.6209387314,0.8381884125814045
810,295650,774.2,-1197363.0899493266,-1184552.9102966941,0.8495060585949519,70945.86466789246,756254.6573486328,48952.747787475586,121640.0,5290.768486022949,265224.91552352905,1197363.0891456604,0.1542877149032919,0.00034599231912579853,0.002236081844832944,0.009790445567647877,0.9770309329032898,,0.005474,-1279549.6209387314,0.8381884125814045
811,296015,775.6,-1186240.1999898432,-1185697.8934121644,0.9005828839458832,60199.04531955719,770288.8081054688,39189.07057142258,97665.0,1824.428588628769,277272.88902282715,1186240.1962883472,0.1659623704066402,0.0004138208844443924,0.003505238316153593,0.010870080919152028,0.9732189178466797,,0.0054199999999999995,-1279549.6209387314,0.8381884125814045
812,296380,776.2,-1130995.1440561546,-1183036.0053622813,0.8750210781619974,56835.91097450256,760388.416015625,40596.51201057434,111615.0,2216.3788746595383,216178.84115600586,1130995.1480568647,0.1659623704066402,0.0004138208844443924,0.003505238316153593,0.010870080919152028,0.9732189178466797,,0.0054199999999999995,-1279549.6209387314,0.8381884125814045
813,296745,776.9,-1203953.0612703105,-1187270.8425328662,0.9036839583148695,55948.4701499939,809212.6795654297,36970.52049922943,94020.0,1831.8998250961304,261917.9591217041,1203953.0590114594,0.1659623704066402,0.0004138208844443924,0.003505238316153593,0.010870080919152028,0.9732189178466797,,0.0054199999999999995,-1279549.6209387314,0.8381884125814045
814,297110,778.2,-1162488.033098211,-1188780.076920709,0.8813182721399281,56894.05574798584,755942.3563232422,39734.72234630585,108205.0,887.5322208404541,257718.42807006836,1162488.0389604568,0.15837889419574486,0.0003364167054506221,0.0023431610694196457,0.009455685932679396,0.9761112928390503,,0.005366000000000001,-1279549.6209387314,0.8381884125814045
815,297475,778.9,-1125548.2884897394,-1187160.0462664126,0.874098443821685,55593.68681716919,770826.8262939453,40560.173583984375,111345.0,2471.5055418014526,200344.77722930908,1125548.2826490402,0.15837889419574486,0.0003364167054506221,0.0023431610694196457,0.009455685932679396,0.9761112928390503,,0.005366000000000001,-1279549.6209387314,0.8381884125814045
816,297840,779.5,-1146653.8366985081,-1185921.0714869867,0.8880999926018388,60422.27378940582,741067.1063232422,40078.75818824768,104495.0,2735.633741378784,258277.3373413086,1146653.8355941772,0.15837889419574486,0.0003364167054506221,0.0023431610694196457,0.009455685932679396,0.9761112928390503,,0.005366000000000001,-1279549.6209387314,0.8381884125814045
817,298205,780.8,-1298160.632323227,-1192778.9949189457,0.923290793699761,42259.76760864258,968607.8551025391,29521.172688484192,77365.0,802.2609367370605,221864.34503173828,1298160.6337594986,0.1525616830116824,0.00017998306841610954,0.0007567824006975187,0.008569970242924205,0.9787397384643555,,0.005312000000000001,-1279549.6209387314,0.8381884125814045
818,298570,781.5,-1129898.6701077186,-1186935.8471095823,0.8745122274307355,55862.48059463501,761497.2192382812,40670.53186130524,111985.0,2232.940570831299,213512.98807525635,1129898.6797456741,0.1525616830116824,0.00017998306841610954,0.0007567824006975187,0.008569970242924205,0.9787397384643555,,0.005312000000000001,-1279549.6209387314,0.8381884125814045
819,298935,782.2,-1146105.5835143924,-1183979.7537127275,0.8817172243170542,59128.46441364288,751969.1665039062,40766.34230136871,107350.0,2800.305708885193,243219.76332235336,1146105.5778365135,0.1525616830116824,0.00017998306841610954,0.0007567824006975187,0.008569970242924205,0.9787397384643555,,0.005312000000000001,-1279549.6209387314,0.8381884125814045
820,299300,783.5,-1149751.7595826718,-1177633.3707007188,0.8707757451762892,56869.98407459259,771135.0606689453,41491.405970573425,112235.0,2765.910320043564,222124.38885498047,1149751.7658145428,0.15144124489865804,0.00032440899801593713,0.0021860223098069823,0.008550678514630386,0.979081928730011,,0.005258000000000001,-1279549.6209387314,0.8381884125814045
821,299665,784.1,-1304812.9264794132,-1185874.2921466236,0.922263757496664,41690.82721328735,982408.9041748047,29438.711400032043,76510.0,784.7211799621582,215670.58571624756,1304812.9224710464,0.15144124489865804,0.00032440899801593713,0.0021860223098069823,0.008550678514630386,0.979081928730011,,0.005258000000000001,-1279549.6209387314,0.8381884125814045
822,300030,784.8,-1137701.8883215,-1183582.4485029595,0.8641603811146462,56700.64789390564,766187.5649414062,41766.10896682739,115680.0,1908.248722538352,212159.97602844238,1137701.8986592144,0.15144124489865804,0.00032440899801593713,0.0021860223098069823,0.008550678514630386,0.979081928730011,,0.005258000000000001,-1279549.6209387314,0.8381884125814045
823,300395,786.1,-1136804.7315717004,-1179476.2503074598,0.8839090801265141,57954.699127197266,755251.7294921875,39787.15163230896,105675.0,2464.125440597534,233626.72918891907,1136804.735754013,0.14466914456141622,0.00026855470275079013,0.001635635109299696,0.009100419775533834,0.9790306091308594,,0.005204000000000001,-1279549.6209387314,0.8381884125814045
824,300760,786.8,-1246024.2302361738,-1181169.9453090797,0.8494589887253226,75060.6967830658,762216.3139648438,50943.450671195984,122180.0,11848.456007003784,298836.01207733154,1246024.232720375,0.14466914456141622,0.00026855470275079013,0.001635635109299696,0.009100419775533834,0.9790306091308594,,0.005204000000000001,-1279549.6209387314,0.8381884125814045
825,301125,789.2,-1173105.2185952805,-1182748.874765699,0.9010144813420021,58451.14760017395,776366.5,38270.788887023926,96645.0,1163.3317470550537,260659.5979156494,1173105.2185497284,0.1549129293937432,0.00021360615717544294,0.0010895310796944326,0.010359983842231725,0.9737882018089294,,0.005168000000000001,-1285028.6698341426,0.8377372308136666
826,301490,789.8,-1133650.4226447856,-1178717.8312460517,0.8565831715113497,58507.46231651306,757819.0758056641,42444.860297203064,118480.0,2319.6493549346924,212586.8348388672,1133650.420296669,0.1549129293937432,0.00021360615717544294,0.0010895310796944326,0.010359983842231725,0.9737882018089294,,0.005168000000000001,-1285028.6698341426,0.8377372308136666
827,301855,790.5,-1196303.6847800473,-1182538.1875913055,0.908697745244797,53853.311891555786,828509.5382080078,35695.038001060486,89400.0,1823.1946716308594,240875.90783691406,1196303.6787176132,0.1549129293937432,0.00021360615717544294,0.0010895310796944326,0.010359983842231725,0.9737882018089294,,0.005168000000000001,-1285028.6698341426,0.8377372308136666
828,302220,791.8,-1157920.212640028,-1176319.1024810027,0.8647107341518141,57006.96839570999,772220.4401855469,41782.56063747406,113620.0,2831.6212519407272,227465.58865356445,1157920.210728526,0.15156100435476555,0.00026607362456400693,0.0014080917652264408,0.009247363201881709,0.977034330368042,,0.005114000000000001,-1285028.6698341426,0.8377372308136666
829,302585,792.5,-1214938.5092168378,-1178921.0061782936,0.9081115463008619,53103.969828128815,841524.255859375,35255.66855812073,88675.0,1658.7747259140015,247824.80731201172,1214938.5064554214,0.15156100435476555,0.00026607362456400693,0.0014080917652264408,0.009247363201881709,0.977034330368042,,0.005114000000000001,-1285028.6698341426,0.8377372308136666
830,302950,793.1,-1329256.1592395878,-1185515.6596428065,0.8382001063595079,78692.62958145142,784474.3651123047,52634.59169769287,125310.0,16054.712194442749,350782.48777008057,1329256.1567745209,0.15156100435476555,0.00026607362456400693,0.0014080917652264408,0.009247363201881709,0.977034330368042,,0.005114000000000001,-1285028.6698341426,0.8377372308136666
831,303315,794.4,-1176071.6418796764,-1185007.2317372982,0.897561834283071,61380.23391342163,758728.3248291016,39744.650062561035,98005.0,1821.2106251716614,277772.45264434814,1176071.6381611824,0.15028788188570424,0.00027985896399753215,0.001516241780145241,0.011291045499475379,0.9727794528007507,,0.005060000000000001,-1285028.6698341426,0.8377372308136666
832,303680,795.1,-1156877.2070639406,-1186301.3348876873,0.8518076290823009,61851.871881484985,763022.8559570312,44211.34426689148,119855.0,2529.470055580139,227258.5420074463,1156877.2122869492,0.15028788188570424,0.00027985896399753215,0.001516241780145241,0.011291045499475379,0.9727794528007507,,0.005060000000000001,-1285028.6698341426,0.8377372308136666
833,304045,795.7,-1267317.6533034304,-1189469.5644893434,0.9220600404151499,44854.73914146423,938952.9289550781,30323.944206237793,78820.0,1216.045331954956,218004.73722839355,1267317.6557216644,0.15028788188570424,0.00027985896399753215,0.001516241780145241,0.011291045499475379,0.9727794528007507,,0.005060000000000001,-1285028.6698341426,0.8377372308136666
834,304410,797.1,-1151256.967738441,-1188908.011221355,0.8889141079497664,60899.68098831177,749910.8642578125,40263.26101589203,102730.0,2233.756043434143,256119.08908462524,1151256.970401764,0.14491298931993937,0.00024192110719779616,0.001033046790421634,0.00963816069997847,0.9770622253417969,,0.005006000000000001,-1285028.6698341426,0.8377372308136666
835,304775,797.7,-1247968.8033010706,-1195029.0369619215,0.9164889508730745,48269.37995624542,897262.3854980469,32281.326394081116,83095.0,3183.2620849609375,232146.83542633057,1247968.8094034195,0.14491298931993937,0.00024192110719779616,0.001033046790421634,0.00963816069997847,0.9770622253417969,,0.005006000000000001,-1285028.6698341426,0.8377372308136666
836,305140,798.4,-1291078.2162546846,-1202250.2559397302,0.8482370329229799,77143.93739318848,761771.4342041016,51894.36581802368,124025.0,9937.950664281845,343449.459526062,1291078.210212469,0.14491298931993937,0.00024192110719779616,0.001033046790421634,0.00963816069997847,0.9770622253417969,,0.005006000000000001,-1285028.6698341426,0.8377372308136666
837,305505,799.7,-1259280.0019359826,-1200306.2244203682,0.847038978909793,74852.00862312317,763525.2825927734,50921.00322151184,122420.0,8578.200515270233,313835.50970458984,1259279.9960341454,0.15097405859514287,0.0002115000227748073,0.0010156464189716836,0.010304802673329649,0.9762070178985596,,0.0049520000000000015,-1285028.6698341426,0.8377372308136666
838,305870,800.3,-1134659.639731906,-1200544.2729015774,0.8916535192972993,59878.40546989441,748703.8675537109,39416.67347431183,102500.0,2005.2810928821564,242033.80787467957,1134659.6299955845,0.15097405859514287,0.0002115000227748073,0.0010156464189716836,0.010304802673329649,0.9762070178985596,,0.0049520000000000015,-1285028.6698341426,0.8377372308136666
839,306235,801.6,-1160894.9856975235,-1201283.743010734,0.8620863729960297,56597.73575973511,790167.4781494141,41661.37232017517,116635.0,2207.655571937561,210223.47715377808,1160894.9831953049,0.16135790199041367,0.0003001943072568362,0.0019740054520202407,0.011082499582124384,0.9730255007743835,,0.004916000000000001,-1285028.6698341426,0.8377372308136666
840,306600,802.3,-1249506.0331111667,-1206271.4566871587,0.8483056995966664,75122.88265991211,769632.7158203125,50744.884464263916,122795.0,8471.798276901245,297861.6418685913,1249506.040430069,0.16135790199041367,0.0003001943072568362,0.0019740054520202407,0.011082499582124384,0.9730255007743835,,0.004916000000000001,-1285028.6698341426,0.8377372308136666
841,306965,803.0,-1148046.2944192765,-1198433.125084152,0.854020778283681,57950.65991783142,766931.0350341797,42086.14660072327,120535.0,3008.4153290987015,215485.6893005371,1148046.2862645388,0.16135790199041367,0.0003001943072568362,0.0019740054520202407,0.011082499582124384,0.9730255007743835,,0.004916000000000001,-1285028.6698341426,0.8377372308136666
842,307330,804.3,-1155261.6995537914,-1199311.1156457667,0.8674995559535614,54598.02387332916,791535.3568115234,40478.993079185486,115130.0,2000.4167544841766,206116.93292236328,1155261.6995675564,0.16871779588492294,0.00028982239717534916,0.0014865272923519736,0.011247313299559449,0.9716699123382568,,0.004862000000000001,-1285028.6698341426,0.8377372308136666
843,307695,804.9,-1658258.6571736909,-1225383.8119258662,0.9227710069042363,41626.365852832794,1249859.9377441406,29237.65439414978,75535.0,4621.048416137695,299005.01246643066,1658258.6530208588,0.16871779588492294,0.00028982239717534916,0.0014865272923519736,0.011247313299559449,0.9716699123382568,,0.004862000000000001,-1285028.6698341426,0.8377372308136666
844,308060,805.6,-1116251.4096066812,-1218895.1708943914,0.8813634647081976,53854.060262680054,779446.5692138672,38620.05425453186,108640.0,2423.9438647031784,187120.8399887085,1116251.4073218107,0.16871779588492294,0.00028982239717534916,0.0014865272923519736,0.011247313299559449,0.9716699123382568,,0.004862000000000001,-1285028.6698341426,0.8377372308136666
845,308425,806.9,-1224626.6147857853,-1221471.2407039166,0.9111150109604613,50001.625469207764,863862.4063720703,33239.629289627075,87805.0,1767.3815565109253,237952.1996307373,1224626.6168489456,0.13181693361778007,0.00018405616116835613,0.0007685611153168505,0.013089871622229876,0.9701172113418579,,0.0048080000000000015,-1285028.6698341426,0.8377372308136666
846,308790,807.6,-1141099.883882631,-1221843.7137658088,0.8722332180362858,53866.53406333923,794061.3444824219,39636.54648780823,111850.0,2755.495946288109,192796.4987564087,1141099.885672927,0.13181693361778007,0.00018405616116835613,0.0007685611153168505,0.013089871622229876,0.9701172113418579,,0.0048080000000000015,-1285028.6698341426,0.8377372308136666
847,309155,808.2,-1185710.7175843683,-1221314.065406025,0.902677966960489,55670.276165008545,800333.1298828125,36719.10591125488,96700.0,2157.454553604126,249801.03792572021,1185710.7282733917,0.13181693361778007,0.00018405616116835613,0.0007685611153168505,0.013089871622229876,0.9701172113418579,,0.0048080000000000015,-1285028.6698341426,0.8377372308136666
848,309520,809.6,-1299159.8761841638,-1228376.0485832319,0.8438719623709379,76681.7033405304,772760.9520263672,51487.47322368622,125405.0,15193.7265791893,334312.7300376892,1299159.881866932,0.14720607215636655,0.00020335256723276536,0.0014635052617737337,0.00950460118780795,0.9763875603675842,,0.004754000000000001,-1285028.6698341426,0.8377372308136666
849,309885,810.2,-1157574.5109442803,-1225507.848669604,0.8964031751841715,60924.94345283508,760793.0172119141,39656.78724145889,100060.0,1814.3630619645119,255250.33710479736,1157574.5046201348,0.14720607215636655,0.00020335256723276536,0.0014635052617737337,0.00950460118780795,0.9763875603675842,,0.004754000000000001,-1285028.6698341426,0.8377372308136666
850,310250,812.0,-1280042.9396205805,-1223047.1876886538,0.9250126196913523,41418.87543487549,967148.896484375,28529.15319442749,76800.0,1514.8521842956543,206050.03652763367,1280042.9383907318,0.14720607215636655,0.00020335256723276536,0.0014635052617737337,0.00950460118780795,0.9763875603675842,,0.004754000000000001,-1308725.7367189378,0.8394768029859622
851,310615,813.4,-1305286.8797868434,-1229507.9495840122,0.8454208906382731,76333.80644798279,779635.2003173828,51347.85204124451,125805.0,18525.322754859924,329973.4966125488,1305286.871726036,0.14287782264383217,0.00025458573317767953,0.0018904836577253025,0.010056334069782966,0.9771798253059387,,0.004700000000000001,-1308725.7367189378,0.8394768029859622
852,310980,814.0,-1275473.4222864523,-1235437.7603451374,0.9255177698723257,41037.49760580063,976497.6149902344,28391.324933052063,77300.0,1694.1189823150635,191590.36376190186,1275473.4226675034,0.14287782264383217,0.00025458573317767953,0.0018904836577253025,0.010056334069782966,0.9771798253059387,,0.004700000000000001,-1308725.7367189378,0.8394768029859622
853,311345,815.4,-1139927.9826552866,-1229068.2768127304,0.8692247776136006,53455.44863629341,790893.3255615234,39679.50198376179,112815.0,2560.1575756073,193979.9957962036,1139927.9809170961,0.14730351006514147,0.00020181687087690654,0.0012940523917534033,0.01013353832164093,0.9773087501525879,,0.004664000000000001,-1308725.7367189378,0.8394768029859622
854,311710,816.0,-1193529.3651544019,-1231181.8966835283,0.9065820155078418,52682.372223854065,831948.2459716797,34902.94228744507,92530.0,2217.884563446045,231930.28999328613,1193529.362815857,0.14730351006514147,0.00020181687087690654,0.0012940523917534033,0.01013353832164093,0.9773087501525879,,0.004664000000000001,-1308725.7367189378,0.8394768029859622
855,312075,816.6,-1145584.5009079194,-1226062.6815638705,0.8925950597410333,57537.254430770874,765351.7269287109,38090.53711605072,102660.0,3087.2465195655823,236394.9965648651,1145584.5071291924,0.14730351006514147,0.00020181687087690654,0.0012940523917534033,0.01013353832164093,0.9773087501525879,,0.004664000000000001,-1308725.7367189378,0.8394768029859622
856,312440,818.0,-1133717.053610462,-1218194.6234316598,0.8764521428983505,52538.05920410156,801127.5057373047,38633.610776901245,110455.0,3598.077974677086,179902.86003112793,1133717.054520011,0.14613473650656247,0.00031017262096467773,0.001615290056322824,0.009755722038741959,0.9766361713409424,,0.004610000000000001,-1308725.7367189378,0.8394768029859622
857,312805,818.7,-1170933.7986373468,-1213777.3132667278,0.8614940091355207,53958.17984867096,815967.0740966797,39806.97438907623,116750.0,3397.7402715981007,195012.0137939453,1170933.8025512993,0.14613473650656247,0.00031017262096467773,0.001615290056322824,0.009755722038741959,0.9766361713409424,,0.004610000000000001,-1308725.7367189378,0.8394768029859622
858,313170,819.3,-1262999.8052853188,-1220194.3215443986,0.9258289812362357,40606.324113845825,976462.2641601562,28029.709719657898,77225.0,1372.3901739120483,179910.43813323975,1262999.802186966,0.14613473650656247,0.00031017262096467773,0.001615290056322824,0.009755722038741959,0.9766361713409424,,0.004610000000000001,-1308725.7367189378,0.8394768029859622
859,313535,820.6,-1140251.801446871,-1219162.1623318659,0.8907354524690811,53499.956827163696,778257.6199951172,36683.37640953064,103810.0,1629.1615413427353,219871.64361953735,1140251.801565528,0.13544745429566032,0.00019755721002997904,0.0008472643421555404,0.009059190688850848,0.9795028567314148,,0.004556000000000001,-1308725.7367189378,0.8394768029859622
860,313900,821.3,-1329071.467312123,-1223140.4340419136,0.844608396373383,74750.00239372253,790034.1938476562,50412.19856262207,125135.0,16318.108822077513,347171.9666290283,1329071.4678613842,0.13544745429566032,0.00019755721002997904,0.0008472643421555404,0.009059190688850848,0.9795028567314148,,0.004556000000000001,-1308725.7367189378,0.8394768029859622
861,314265,821.9,-1136306.0197436907,-1222553.4203081345,0.8999270561623247,55477.537450790405,774287.265625,36437.08862018585,98000.0,2351.8172841072083,225229.8425140381,1136306.0140433311,0.13544745429566032,0.00019755721002997904,0.0008472643421555404,0.009059190688850848,0.9795028567314148,,0.004556000000000001,-1308725.7367189378,0.8394768029859622
862,314630,823.2,-1147597.003392953,-1222170.1855000926,0.8640356988123018,54269.498987197876,794605.5760498047,40380.052238464355,115440.0,2541.4407031536102,194629.93005371094,1147596.9990451336,0.1572437284416274,0.00023654671258555027,0.0010009230249316285,0.010763989982048148,0.9741742610931396,,0.004502000000000001,-1308725.7367189378,0.8394768029859622
863,314995,823.9,-1159566.5330202505,-1197235.5792924205,0.856781937978039,56870.57513809204,777140.6414794922,41573.03677368164,118555.0,2947.0515279769897,219350.8002166748,1159566.5299978256,0.1572437284416274,0.00023654671258555027,0.0010009230249316285,0.010763989982048148,0.9741742610931396,,0.004502000000000001,-1308725.7367189378,0.8394768029859622
864,315360,824.5,-1154661.4273595007,-1199156.0801800615,0.8560237917181563,55207.68554878235,790478.8236083984,40465.33428955078,119085.0,2743.8386840820312,201888.42379760742,1154661.4203796387,0.1572437284416274,0.00023654671258555027,0.0010009230249316285,0.010763989982048148,0.9741742610931396,,0.004502000000000001,-1308725.7367189378,0.8394768029859622
865,315725,825.8,-1154468.5913197217,-1195648.1790067581,0.8973340850986846,60164.20384025574,758593.2102050781,39070.16396331787,99900.0,1778.4969458580017,255126.70932006836,1154468.5804343224,0.15987577250129298,0.0002770752076972521,0.0012793290008726455,0.009779523114526742,0.9735386371612549,,0.0044480000000000006,-1308725.7367189378,0.8394768029859622
866,316090,826.4,-1131826.6179731917,-1195184.5157112863,0.8585429413677895,56126.023571014404,778699.2470703125,41168.336621284485,117610.0,2091.6354093551636,192257.3983154297,1131826.6174163818,0.15987577250129298,0.0002770752076972521,0.0012793290008726455,0.009779523114526742,0.9735386371612549,,0.0044480000000000006,-1308725.7367189378,0.8394768029859622
867,316455,827.8,-1292231.5872333166,-1200510.5591937336,0.9215534208572074,45242.477509498596,944938.1800537109,30523.106207847595,79720.0,1135.2170867919922,235915.08387756348,1292231.587225914,0.14061667181943593,0.00027856716032578045,0.0010983651160418766,0.009166653317056205,0.9782344102859497,,0.004412000000000001,-1308725.7367189378,0.8394768029859622
868,316820,828.4,-1162940.3340017367,-1193699.5820846125,0.8534916347020293,56667.99647426605,788114.4699707031,41525.80227947235,120100.0,3482.093379020691,209717.9684906006,1162940.3341197968,0.14061667181943593,0.00027856716032578045,0.0010983651160418766,0.009166653317056205,0.9782344102859497,,0.004412000000000001,-1308725.7367189378,0.8394768029859622
869,317185,829.1,-1160471.3461703304,-1193844.4238459147,0.866161948360809,55164.86098098755,802399.1331787109,40737.85182094574,115155.0,1790.1183235645294,200389.24104309082,1160471.344366312,0.14061667181943593,0.00027856716032578045,0.0010983651160418766,0.009166653317056205,0.9782344102859497,,0.004412000000000001,-1308725.7367189378,0.8394768029859622
870,317550,830.4,-1530645.1340637174,-1206374.5335680717,0.9246304453235783,39851.36502933502,1176209.6451416016,28105.66098356247,75825.0,3619.508609652519,246885.32153320312,1530645.1362680197,0.14595070657761475,0.00018585916328256165,0.0009203459098659407,0.013472863571032098,0.9690349698066711,,0.004358000000000001,-1308725.7367189378,0.8394768029859622
871,317915,831.0,-1157560.9687707021,-1198988.2380172643,0.8605886905160669,56223.04874134064,791483.9167480469,41235.26620388031,118570.0,2783.7492141723633,203488.03729248047,1157560.96945858,0.14595070657761475,0.00018585916328256165,0.0009203459098659407,0.013472863571032098,0.9690349698066711,,0.004358000000000001,-1308725.7367189378,0.8394768029859622
872,318280,831.7,-1170315.6482469724,-1193730.3493152906,0.8533940632049352,64460.196352005005,780652.6750488281,45415.93982505798,121710.0,3786.6368684768677,218750.39567565918,1170315.6474180222,0.14595070657761475,0.00018585916328256165,0.0009203459098659407,0.013472863571032098,0.9690349698066711,,0.004358000000000001,-1308725.7367189378,0.8394768029859622
873,318645,833.0,-1147583.599002562,-1194113.1301326544,0.8716288302042713,53602.09975242615,788115.4215087891,39586.914472579956,112790.0,2504.60288053751,204586.6520843506,1147583.590946257,0.16103423857375196,0.00019165494354398871,0.001171982081838283,0.010901130650094465,0.9723188281059265,,0.0043040000000000005,-1308725.7367189378,0.8394768029859622
874,319010,833.6,-1305796.5981371072,-1199726.4917817898,0.92405295257699,41383.87699317932,977759.9593505859,28926.484035491943,76895.0,1362.4280109405518,220852.73008728027,1305796.6014842987,0.16103423857375196,0.00019165494354398871,0.001171982081838283,0.010901130650094465,0.9723188281059265,,0.0043040000000000005,-1308725.7367189378,0.8394768029859622
875,319375,835.4,-1200712.9702413082,-1202482.9152484592,0.9059486810475179,54019.7886762619,821018.3011474609,35810.656067848206,93590.0,2265.7683334350586,248028.24435424805,1200712.9699029922,0.16103423857375196,0.00019165494354398871,0.001171982081838283,0.010901130650094465,0.9723188281059265,,0.0043040000000000005,-1302601.1296266236,0.8391335488182224
876,319740,836.8,-1173076.6818578658,-1204450.8966608292,0.8794907994466286,55535.63385391235,780902.0500488281,39697.28363323212,109530.0,3350.2735736370087,239597.063621521,1173076.6708772182,0.12931595321156478,0.0002540202602559523,0.0012795966988625495,0.009351545687470781,0.9785410165786743,,0.00425,-1302601.1296266236,0.8391335488182224
877,320105,837.4,-1662947.3277226212,-1229051.573115093,0.9221777943715658,42408.78767108917,1219465.5256347656,29796.90210533142,75810.0,5687.025289297104,332187.85900878906,1662947.3120381832,0.12931595321156478,0.0002540202602559523,0.0012795966988625495,0.009351545687470781,0.9785410165786743,,0.00425,-1302601.1296266236,0.8391335488182224
878,320470,838.0,-1123537.1603492084,-1222078.4408682873,0.871711032194634,54576.90650558472,768299.845703125,40317.62563037872,112595.0,2880.2037440538406,199444.5007019043,1123537.1757794619,0.12931595321156478,0.0002540202602559523,0.0012795966988625495,0.009351545687470781,0.9785410165786743,,0.00425,-1302601.1296266236,0.8391335488182224
879,320835,839.3,-1130892.517315544,-1221610.4766617212,0.8666443189529524,55957.55008506775,767005.7915039062,41391.84285736084,115120.0,2682.7241592407227,204692.15844726562,1130892.5169677734,0.14061594342714862,9.719587035904529e-05,0.00019461648557090054,0.01359724909018137,0.9699198603630066,,0.004196,-1302601.1296266236,0.8391335488182224
880,321200,840.0,-1138688.79555078,-1212091.3430736538,0.8689908406505846,55640.08623313904,782025.7517089844,40842.56910133362,114340.0,3052.667411327362,198427.81175994873,1138688.799981594,0.14061594342714862,9.719587035904529e-05,0.00019461648557090054,0.01359724909018137,0.9699198603630066,,0.004196,-1302601.1296266236,0.8391335488182224
881,321565,841.4,-1133968.334337442,-1211974.4588033415,0.8633867500579521,55672.25171470642,771563.0849609375,41314.83782291412,116520.0,2241.8674290180206,202328.53756713867,1133968.3277800083,0.16175339155291257,0.00026753213057274577,0.0011877762670720632,0.010238809045404196,0.9741340279579163,,0.0041600000000000005,-1302601.1296266236,0.8391335488182224
882,321930,842.0,-1305747.5793250934,-1219881.987599949,0.8440700011710598,78022.9009771347,758870.0285644531,52203.21522521973,126900.0,9380.447817325592,358393.8852996826,1305747.576906681,0.16175339155291257,0.00026753213057274577,0.0011877762670720632,0.010238809045404196,0.9741340279579163,,0.0041600000000000005,-1302601.1296266236,0.8391335488182224
883,322295,842.7,-1619174.1701704059,-1242862.3694574565,0.9242629402304349,42405.79531288147,1247929.519897461,29622.53454399109,75810.0,3955.435902118683,261856.68397521973,1619174.1743187904,0.16175339155291257,0.00026753213057274577,0.0011877762670720632,0.010238809045404196,0.9741340279579163,,0.0041600000000000005,-1302601.1296266236,0.8391335488182224
884,322660,844.0,-1231163.3115247474,-1246687.463665719,0.9065623668775167,55966.48575973511,824741.4528808594,36719.813406944275,92520.0,2930.7123641967773,274251.3310852051,1231163.3097372055,0.13806137991578957,0.00021920385446911066,0.0010110955500797565,0.012608436438696165,0.9728357195854187,,0.004106,-1302601.1296266236,0.8391335488182224
885,323025,844.6,-1130439.9406644693,-1245486.0311329563,0.8826612884051179,57074.66744709015,749776.8298339844,39701.74584197998,107795.0,1426.6560592651367,231739.7042236328,1130439.9359588623,0.13806137991578957,0.00021920385446911066,0.0010110955500797565,0.012608436438696165,0.9728357195854187,,0.004106,-1302601.1296266236,0.8391335488182224
886,323390,845.3,-1150034.8793842653,-1246396.4442035097,0.8684647653200855,57371.56616687775,774323.8228759766,41597.92150115967,113810.0,2550.1801319122314,217752.9447631836,1150034.869272232,0.13806137991578957,0.00021920385446911066,0.0010110955500797565,0.012608436438696165,0.9728357195854187,,0.004106,-1302601.1296266236,0.8391335488182224
887,323755,846.7,-1148298.989764546,-1239199.8143300714,0.8741814422280821,56656.48389816284,769876.2062988281,41325.05466175079,112460.0,1919.2885017246008,222718.44265174866,1148298.9921140522,0.1628875397145748,0.00021831619089521394,0.0011923271323260117,0.010104576285046182,0.9748839139938354,,0.004052,-1302601.1296266236,0.8391335488182224
888,324120,847.3,-1317240.6014635817,-1246914.8277031635,0.8416745210347111,77956.95071411133,776313.0357666016,52028.57401847839,127320.0,9959.86161994934,351619.13653564453,1317240.6079406738,0.1628875397145748,0.00021831619089521394,0.0011923271323260117,0.010104576285046182,0.9748839139938354,,0.004052,-1302601.1296266236,0.8391335488182224
889,324485,848.0,-1139382.9326193228,-1245860.4070256131,0.8625166951793514,58456.15936088562,765461.2906494141,42544.47846984863,117265.0,1746.9243640899658,212365.24531173706,1139382.9387950897,0.1628875397145748,0.00021831619089521394,0.0011923271323260117,0.010104576285046182,0.9748839139938354,,0.004052,-1302601.1296266236,0.8391335488182224
890,324850,849.3,-1138462.5077767058,-1226251.2757112624,0.8930463797425571,62961.51847457886,726814.4365234375,40807.1510887146,102035.0,822.937032699585,267982.99555778503,1138462.5202026367,0.16029700087873558,0.00020908943286868683,0.0010252835483314765,0.010979873937015472,0.9731699228286743,,0.003998,-1302601.1296266236,0.8391335488182224
891,325215,849.9,-1139193.5162570279,-1225332.903085579,0.8710135975929155,55296.858602523804,777297.9200439453,40622.819427490234,112245.0,1518.802220582962,207508.98165893555,1139193.523350954,0.16029700087873558,0.00020908943286868683,0.0010252835483314765,0.010979873937015472,0.9731699228286743,,0.003998,-1302601.1296266236,0.8391335488182224
892,325580,850.6,-1119202.545243985,-1222777.2479354297,0.8926106336998613,59894.713665008545,735889.7750244141,39482.53166437149,102815.0,1874.5386848449707,239140.70050048828,1119202.5458741188,0.16029700087873558,0.00020908943286868683,0.0010252835483314765,0.010979873937015472,0.9731699228286743,,0.003998,-1302601.1296266236,0.8391335488182224
893,325945,851.9,-1130449.3446541168,-1221920.5352180074,0.8800815240977562,57680.52083969116,766470.0604248047,40700.959309101105,107530.0,833.233971118927,214915.0985031128,1130449.3522081375,0.15221789498862467,0.0002033777398441759,0.0009843257477385986,0.009491965750624476,0.9759978652000427,,0.003944,-1302601.1296266236,0.8391335488182224
894,326310,852.6,-1124704.594862301,-1212865.935054267,0.8688330129401325,57280.97294425964,762400.4097900391,41915.65538978577,112365.0,1810.2202444076538,206213.30809783936,1124704.5935220718,0.15221789498862467,0.0002033777398441759,0.0009843257477385986,0.009491965750624476,0.9759978652000427,,0.003944,-1302601.1296266236,0.8391335488182224
895,326675,853.9,-1199684.186878652,-1212814.495886134,0.9028014570066374,58843.76718902588,782264.2856445312,38348.85280036926,95215.0,2084.8251247406006,281771.225856781,1199684.1894264221,0.15016998840790047,0.0001687858400959828,0.0005273651668654853,0.009476404526810112,0.9774216413497925,,0.003908,-1302601.1296266236,0.8391335488182224
896,327040,854.5,-1164584.1884109564,-1212389.8712137886,0.8833521486961678,59111.55783510208,750984.3289794922,40443.31988620758,105950.0,2772.398684501648,264434.14801216125,1164584.1955623627,0.15016998840790047,0.0001687858400959828,0.0005273651668654853,0.009476404526810112,0.9774216413497925,,0.003908,-1302601.1296266236,0.8391335488182224
897,327405,855.2,-1303060.2574063921,-1194395.5176979771,0.9201502710172574,47466.169372558594,924015.5999755859,31785.031257152557,79650.0,943.5506534576416,266666.0749359131,1303060.2568221092,0.15016998840790047,0.0001687858400959828,0.0005273651668654853,0.009476404526810112,0.9774216413497925,,0.003908,-1302601.1296266236,0.8391335488182224
898,327770,856.5,-1320858.4530507377,-1204261.5823330535,0.9231580846930203,43628.62251710892,977557.7121582031,29798.61187696457,77060.0,1402.2785034179688,235039.85207939148,1320858.4546179771,0.12734431410698513,0.0001596947174556063,0.0007377758367128033,0.008689045746761718,0.9814648032188416,,0.003854,-1302601.1296266236,0.8391335488182224
899,328135,857.1,-1114436.5876488779,-1203438.7858497202,0.872111834891855,55210.322801589966,763935.6446533203,40597.35932826996,111655.0,1886.9234037399292,196361.66650390625,1114436.5938892365,0.12734431410698513,0.0001596947174556063,0.0007377758367128033,0.008689045746761718,0.9814648032188416,,0.003854,-1302601.1296266236,0.8391335488182224
900,328500,858.9,-1126027.4338421132,-1202805.717764287,0.8584351622895019,59269.94403839111,748849.7823486328,42855.52140426636,118620.0,2366.5179517269135,213335.6106262207,1126027.4323308468,0.12734431410698513,0.0001596947174556063,0.0007377758367128033,0.008689045746761718,0.9814648032188416,,0.003854,-1294033.2208470511,0.8384436800871811
901,328865,860.3,-1250078.323601114,-1208611.2172274706,0.9183143529173446,48410.15926170349,891236.2717285156,32238.76206588745,82280.0,1701.0416831970215,242622.25159454346,1250078.3270721436,0.14768367809684654,0.00024115884934872156,0.0010980974176690278,0.009026042712656291,0.9788384437561035,,0.0037999999999999996,-1294033.2208470511,0.8384436800871811
902,329230,861.0,-1185837.82513562,-1202615.7295179968,0.8994892976055406,60949.94962692261,767138.2769775391,39464.941051483154,97605.0,1182.49942111969,280447.0972061157,1185837.8146562576,0.14768367809684654,0.00024115884934872156,0.0010980974176690278,0.009026042712656291,0.9788384437561035,,0.0037999999999999996,-1294033.2208470511,0.8384436800871811
903,329595,861.6,-1180182.3180932305,-1180666.1369141382,0.8508440319805929,70449.39102172852,760987.3131103516,48719.47119998932,119965.0,6123.800737857819,244386.73150634766,1180182.3165545464,0.14768367809684654,0.00024115884934872156,0.0010980974176690278,0.009026042712656291,0.9788384437561035,,0.0037999999999999996,-1294033.2208470511,0.8384436800871811
904,329960,862.9,-1216712.1479934754,-1179943.5787375744,0.8475798428875126,75047.13974761963,741889.1149902344,50780.613554000854,122035.0,5754.4350752830505,296252.9841156006,1216712.1477351189,0.14908319299942568,0.00010675761384510751,0.000478376422554567,0.010050338215047592,0.9749507308006287,,0.0037459999999999998,-1294033.2208470511,0.8384436800871811
905,330325,863.6,-1213462.103726768,-1184094.6868906892,0.8500692122603116,75136.61198043823,750371.0695800781,51013.242347717285,121545.0,6581.957499742508,283950.8411254883,1213462.1105530262,0.14908319299942568,0.00010675761384510751,0.000478376422554567,0.010050338215047592,0.9749507308006287,,0.0037459999999999998,-1294033.2208470511,0.8384436800871811
906,330690,864.3,-1160253.7475481122,-1184605.6302988818,0.8586276511623435,58863.45664978027,770176.3669433594,42641.590923309326,117850.0,2567.8862401247025,227017.90202331543,1160253.7461301088,0.14908319299942568,0.00010675761384510751,0.000478376422554567,0.010050338215047592,0.9749507308006287,,0.0037459999999999998,-1294033.2208470511,0.8384436800871811
907,331055,865.7,-1307240.0382557297,-1192552.682723441,0.9226771088495647,44982.988073825836,966936.4862060547,30398.92657661438,77370.0,2128.5703125,230406.05096054077,1307240.0340557098,0.16393475489396797,0.00015110566360626283,0.0005966989625257587,0.012258284357621482,0.9698708057403564,,0.003692,-1294033.2208470511,0.8384436800871811
908,331420,866.4,-1142941.024623879,-1183837.7038814556,0.8544669990670191,60292.94980812073,753099.7644042969,43414.52147102356,118875.0,1418.7890825271606,226132.95084762573,1142941.0258054733,0.16393475489396797,0.00015110566360626283,0.0005966989625257587,0.012258284357621482,0.9698708057403564,,0.003692,-1294033.2208470511,0.8384436800871811
909,331785,867.8,-1155418.3221072732,-1184639.4733558535,0.8551031672791259,61415.45779800415,757290.7559814453,43678.04662513733,118815.0,2152.8732376098633,233481.64083480835,1155418.3166790009,0.14774277669034505,0.0001531507641151333,0.0009131180612664474,0.009406410059646556,0.976670503616333,,0.0036559999999999995,-1294033.2208470511,0.8384436800871811
910,332150,868.4,-1593714.9993257432,-1207402.0979333052,0.9232118810692879,42282.63942527771,1228587.1958007812,29529.684602737427,74265.0,3372.7371048927307,257960.38037109375,1593714.9978795052,0.14774277669034505,0.0001531507641151333,0.0009131180612664474,0.009406410059646556,0.976670503616333,,0.0036559999999999995,-1294033.2208470511,0.8384436800871811
911,332515,869.1,-1154033.1706500866,-1208144.0806529582,0.8771659601224612,55843.71643257141,772490.5876464844,39739.9990940094,108060.0,3136.72362780571,230605.86079788208,1154033.1711661816,0.14774277669034505,0.0001531507641151333,0.0009131180612664474,0.009406410059646556,0.976670503616333,,0.0036559999999999995,-1294033.2208470511,0.8384436800871811
912,332880,870.5,-1166264.2511616158,-1210497.1659488399,0.899416351155059,60325.56068992615,761871.3466796875,38878.054923057556,97865.0,1104.964349746704,266544.88890457153,1166264.2548570633,0.12981779079296088,0.0001920350931342048,0.001065170557060475,0.01161569632638834,0.9736675024032593,,0.0036019999999999997,-1294033.2208470511,0.8384436800871811
913,333245,871.2,-1149928.0624516285,-1211471.1018387154,0.8767653432610917,55894.63815116882,774049.9934082031,39901.982162475586,108720.0,3983.940210342407,223272.14797210693,1149928.063753128,0.12981779079296088,0.0001920350931342048,0.001065170557060475,0.01161569632638834,0.9736675024032593,,0.0036019999999999997,-1294033.2208470511,0.8384436800871811
914,333610,871.8,-1151197.6392029556,-1212795.7540557482,0.877361039102894,56017.72427749634,771257.5726318359,39856.39299583435,108215.0,2832.3131461143494,229036.3758544922,1151197.6546282768,0.12981779079296088,0.0001920350931342048,0.001065170557060475,0.01161569632638834,0.9736675024032593,,0.0036019999999999997,-1294033.2208470511,0.8384436800871811
915,333975,873.2,-1288336.9179114525,-1217228.390607388,0.9239723241492493,43697.11143875122,965469.0560302734,29626.282427310944,77500.0,1091.0094146728516,214650.5690765381,1288336.9169487953,0.14185058070640816,0.00026776308516817055,0.0012729042480618534,0.009343028215593413,0.9788240790367126,,0.0035479999999999995,-1294033.2208470511,0.8384436800871811
916,334340,873.8,-1132593.2599415712,-1215628.8441839188,0.8765114469070957,55008.03669166565,775272.8420410156,39541.2205324173,108385.0,2989.4299821853638,206404.7562942505,1132593.2488498688,0.14185058070640816,0.00026776308516817055,0.0012729042480618534,0.009343028215593413,0.9788240790367126,,0.0035479999999999995,-1294033.2208470511,0.8384436800871811
917,334705,874.5,-1108127.9706782154,-1205882.2298475099,0.8951764464378357,60374.46207046509,742779.8978271484,39263.49057006836,100855.0,1379.465271472931,223850.11972045898,1108127.9733891487,0.14185058070640816,0.00026776308516817055,0.0012729042480618534,0.009343028215593413,0.9788240790367126,,0.0035479999999999995,-1294033.2208470511,0.8384436800871811
918,335070,875.9,-1270561.0433877409,-1203367.35936436,0.8480489391170136,76243.49340057373,767474.2611083984,51618.79629898071,121275.0,12298.849553346634,317894.12771606445,1270561.0346767902,0.14020255306049398,0.00021449965199855413,0.0006213271852558185,0.008425854514107892,0.9789969325065613,,0.0034939999999999997,-1294033.2208470511,0.8384436800871811
919,335435,876.6,-1248497.4631877576,-1210070.403141304,0.9206944106376335,43958.28482437134,930514.3612060547,29873.37420630455,79305.0,588.2018309831619,208216.5309009552,1248497.4681442976,0.14020255306049398,0.00021449965199855413,0.0006213271852558185,0.008425854514107892,0.9789969325065613,,0.0034939999999999997,-1294033.2208470511,0.8384436800871811
920,335800,877.3,-1139746.9387646976,-1210756.3783874335,0.8934672518952252,59427.88543319702,754932.7391357422,39089.425479888916,100765.0,697.7684268951416,244262.01454925537,1139746.9475917816,0.14020255306049398,0.00021449965199855413,0.0006213271852558185,0.008425854514107892,0.9789969325065613,,0.0034939999999999997,-1294033.2208470511,0.8384436800871811
921,336165,878.7,-1192832.6248163036,-1207894.0934481928,0.9107540200834405,52469.11135482788,840378.9379882812,34671.401463508606,87285.0,2088.127329826355,228409.15773010254,1192832.6245117188,0.13200240190091886,0.00024293411283188586,0.0012378358024809706,0.009749061317722263,0.9781525135040283,,0.0034399999999999995,-1294033.2208470511,0.8384436800871811
922,336530,879.3,-1222184.0816473775,-1209711.4062737806,0.9121823096928531,50090.03577041626,869878.8719482422,33281.43045711517,84680.0,2512.458562850952,231831.3218536377,1222184.082821846,0.13200240190091886,0.00024293411283188586,0.0012378358024809706,0.009749061317722263,0.9781525135040283,,0.0034399999999999995,-1294033.2208470511,0.8384436800871811
923,336895,880.0,-1134135.218607396,-1207409.0512994889,0.8701404558469171,55210.85995101929,785669.4200439453,40374.26306152344,109585.0,2948.9786529541016,195557.55418395996,1134135.2159423828,0.13200240190091886,0.00024293411283188586,0.0012378358024809706,0.009749061317722263,0.9781525135040283,,0.0034399999999999995,-1294033.2208470511,0.8384436800871811
924,337260,881.4,-1189979.886874576,-1206072.438243544,0.8526186400896882,67945.30221748352,779032.6613769531,47421.731885910034,118835.0,9562.360212802887,235128.13052368164,1189979.8839993477,0.13064497787701457,0.00011907847848353987,0.0003769188609256066,0.009076194126943224,0.9786447882652283,,0.0033859999999999993,-1294033.2208470511,0.8384436800871811
925,337625,883.3,-1161186.0309580395,-1203458.6346051074,0.9036422995671834,53739.150007247925,805513.9373779297,35640.60101604462,93155.0,1035.9323196411133,225840.5647354126,1161186.035449028,0.13064497787701457,0.00011907847848353987,0.0003769188609256066,0.009076194126943224,0.9786447882652283,,0.0033859999999999993,-1306878.6375298426,0.8391985700555045
926,337990,884.7,-1224325.9173921412,-1206662.243097309,0.8518018686608092,72572.0104007721,779125.0096435547,49369.59322357178,118910.0,11951.285519599915,264970.0300292969,1224325.9184160233,0.14532365473477463,0.0002047559800733947,0.0009524696777493533,0.010599070596263596,0.973081111907959,,0.0033499999999999997,-1306878.6375298426,0.8391985700555045
927,338355,885.3,-1257620.0316055105,-1204181.242764798,0.9210647427872436,44090.28747177124,943933.4858398438,30103.36014842987,77200.0,2821.956329345703,203561.23263549805,1257620.0349531174,0.14532365473477463,0.0002047559800733947,0.0009524696777493533,0.010599070596263596,0.973081111907959,,0.0033499999999999997,-1306878.6375298426,0.8391985700555045
928,338720,886.0,-1255550.8209887503,-1209811.7325830418,0.9164024397118451,47681.6932849884,908245.2281494141,32006.59933233261,81265.0,2084.2682275772095,231949.72842025757,1255550.8241295815,0.14532365473477463,0.0002047559800733947,0.0009524696777493533,0.010599070596263596,0.973081111907959,,0.0033499999999999997,-1306878.6375298426,0.8391985700555045
929,339085,887.4,-1262804.7913675285,-1215181.0560460542,0.9179512371755626,47619.369302749634,913938.7681884766,31851.761507987976,80010.0,1029.842516899109,235974.42101287842,1262804.793226242,0.1095710310496782,0.00016047873089662876,0.0008697509771369177,0.008811098351878556,0.9818271994590759,,0.0032959999999999995,-1306878.6375298426,0.8391985700555045
930,339450,888.3,-1130945.5020232887,-1192042.5811809315,0.8802944307457911,56057.65581321716,769093.4653320312,39622.96058988571,104585.0,2166.659947872162,215477.39433574677,1130945.480205536,0.1095710310496782,0.00016047873089662876,0.0008697509771369177,0.008811098351878556,0.9818271994590759,,0.0032959999999999995,-1306878.6375298426,0.8391985700555045
931,339815,888.9,-1208404.4622230395,-1194761.145759579,0.9114662428424783,50021.02252960205,861135.2900390625,33522.26273345947,85475.0,2625.0424785614014,225646.868434906,1208404.4636859894,0.1095710310496782,0.00016047873089662876,0.0008697509771369177,0.008811098351878556,0.9818271994590759,,0.0032959999999999995,-1306878.6375298426,0.8391985700555045
932,340180,890.5,-1129927.1970689658,-1192944.2930549465,0.8754026630153394,53932.46895694733,783403.0932617188,39492.90799617767,107670.0,2772.6569788455963,196588.5467224121,1129927.2049591541,0.13280987112145676,0.00015773239690468856,0.0006649619661306803,0.008779958484841413,0.9791043996810913,,0.0032419999999999992,-1306878.6375298426,0.8391985700555045
933,340545,891.2,-1138795.9121478961,-1192387.68553976,0.8753920855587476,54862.715951919556,778529.8172607422,40060.95420837402,106670.0,2482.9819507598877,211052.1591796875,1138795.9125995636,0.13280987112145676,0.00015773239690468856,0.0006649619661306803,0.008779958484841413,0.9791043996810913,,0.0032419999999999992,-1306878.6375298426,0.8391985700555045
934,340910,891.8,-1138649.4297384652,-1191760.2750665355,0.8795056305519522,55802.3483505249,784723.4396972656,39620.6531791687,105055.0,2088.225815653801,207162.10571289062,1138649.4244049788,0.13280987112145676,0.00015773239690468856,0.0006649619661306803,0.008779958484841413,0.9791043996810913,,0.0032419999999999992,-1306878.6375298426,0.8391985700555045
935,341275,893.2,-1115762.99348083,-1183131.5788450046,0.8895841260478922,55593.373304367065,757399.7941894531,37932.63002681732,101320.0,3219.776819229126,215890.80052566528,1115763.0015611649,0.13935156382228198,0.00010160929598082715,0.0005225466009410171,0.00833145733677635,0.979477047920227,,0.003187999999999999,-1306878.6375298426,0.8391985700555045
936,341640,893.9,-1275245.92997838,-1190264.212346845,0.9206866476633777,45006.89989089966,938232.6849365234,30429.535662651062,77875.0,1403.7385578155518,227304.97397613525,1275245.9331331253,0.13935156382228198,0.00010160929598082715,0.0005225466009410171,0.00833145733677635,0.979477047920227,,0.003187999999999999,-1306878.6375298426,0.8391985700555045
937,342005,894.6,-1184519.5040503838,-1194083.7890154535,0.904024575834405,55494.94979476929,809688.0148925781,36552.48443984985,91525.0,2976.5394592285156,243777.46389770508,1184519.5026893616,0.13935156382228198,0.00010160929598082715,0.0005225466009410171,0.00833145733677635,0.979477047920227,,0.003187999999999999,-1306878.6375298426,0.8391985700555045
938,342370,895.9,-1268334.2329006856,-1193972.4484911007,0.9234288060501831,42698.451436042786,948586.55859375,29225.842435359955,77095.0,2380.6051893234253,211046.22303390503,1268334.2292523384,0.12475417152439293,0.00023181002181541101,0.0009878058205542498,0.00816066618273525,0.9818834066390991,,0.003133999999999999,-1306878.6375298426,0.8391985700555045
939,342735,896.6,-1109468.0107306985,-1187020.975868248,0.8962300676189057,60191.949796676636,743715.4916992188,39039.67402267456,98975.0,1130.4617929458618,226607.38148498535,1109468.0089998245,0.12475417152439293,0.00023181002181541101,0.0009878058205542498,0.00816066618273525,0.9818834066390991,,0.003133999999999999,-1306878.6375298426,0.8391985700555045
940,343100,898.0,-1265948.0778026383,-1193331.0328201451,0.9255038850928006,41909.81482028961,961671.8745117188,28855.253010988235,75600.0,1692.6481628417969,198128.30310058594,1265948.0787861347,0.11492048645097959,0.00012852212967118248,0.0005693937605668141,0.0072189298715736525,0.9848705530166626,,0.003098000000000001,-1306878.6375298426,0.8391985700555045
941,343465,898.6,-1148075.2631064975,-1191093.1647346546,0.8834328623667155,55427.80027294159,762834.0712890625,38753.91873073578,103315.0,2720.5243759155273,240451.7518749237,1148075.2662706375,0.11492048645097959,0.00012852212967118248,0.0005693937605668141,0.0072189298715736525,0.9848705530166626,,0.003098000000000001,-1306878.6375298426,0.8391985700555045
942,343830,899.3,-1315476.4665047037,-1195757.7839775211,0.8409138498240954,74770.65803909302,787109.2779541016,50535.60373687744,123990.0,20054.010816574097,333787.5785446167,1315476.4710521698,0.11492048645097959,0.00012852212967118248,0.0005693937605668141,0.0072189298715736525,0.9848705530166626,,0.003098000000000001,-1306878.6375298426,0.8391985700555045
943,344195,900.6,-1146445.0686859165,-1196373.276481447,0.8912760344270158,58601.10257148743,768861.8751220703,38788.87242603302,100875.0,2878.193672180176,235041.12649536133,1146445.0677156448,0.1455214251028864,0.00018376912641159785,0.0006925348670368916,0.010781215160692992,0.9736548662185669,,0.003044000000000001,-1306878.6375298426,0.8391985700555045
944,344560,901.3,-1145817.481808499,-1194165.156228143,0.8670808677803981,55581.76403427124,785629.6575927734,41025.4075050354,111665.0,3221.0129356384277,204276.40084838867,1145817.478881836,0.1455214251028864,0.00018376912641159785,0.0006925348670368916,0.010781215160692992,0.9736548662185669,,0.003044000000000001,-1306878.6375298426,0.8391985700555045
945,344925,901.9,-1224732.4745286023,-1197342.478406671,0.8504458917330389,70522.9412727356,778204.060546875,48541.63256263733,118475.0,7043.754518028349,272468.02407455444,1224732.4717020951,0.1455214251028864,0.00018376912641159785,0.0006925348670368916,0.010781215160692992,0.9736548662185669,,0.003044000000000001,-1306878.6375298426,0.8391985700555045
946,345290,903.2,-1232798.4335492188,-1197766.1042145246,0.9183084674077491,47476.43449115753,896657.9105224609,31781.95940065384,82165.0,2140.1459469795227,220053.41759109497,1232798.4334611893,0.1445718362535301,0.0002542934664808471,0.0008336117400751008,0.01081243130427442,0.9752998352050781,,0.0029900000000000013,-1306878.6375298426,0.8391985700555045
947,345655,903.9,-1126988.6090971748,-1191234.533089108,0.8707289378936977,54782.948435783386,773177.78125,40580.42523956299,112635.0,2150.357547044754,198445.0453567505,1126988.6093933582,0.1445718362535301,0.0002542934664808471,0.0008336117400751008,0.01081243130427442,0.9752998352050781,,0.0029900000000000013,-1306878.6375298426,0.8391985700555045
948,346020,904.5,-1171236.1183983893,-1187018.79795959,0.8986530124324642,59411.499406814575,774146.646484375,38632.741690158844,96500.0,1829.069786310196,260127.66272735596,1171236.1206882,0.1445718362535301,0.0002542934664808471,0.0008336117400751008,0.01081243130427442,0.9752998352050781,,0.0029900000000000013,-1306878.6375298426,0.8391985700555045
949,346385,905.8,-1211456.3355856068,-1184451.375170494,0.9096638766053605,52700.58806228638,847264.5989990234,35035.80104160309,87995.0,2202.827313542366,238958.10664367676,1211456.3339978456,0.13504520646835627,0.00020162431045671263,0.0010378653548143216,0.009510937085571257,0.9781445860862732,,0.002936000000000001,-1306878.6375298426,0.8391985700555045
950,346750,907.6,-1154071.4525215048,-1185607.6726954046,0.8680756732209088,55617.456555366516,789420.6126708984,40967.03287220001,111930.0,3712.7824144363403,208041.02615356445,1154071.4541110992,0.13504520646835627,0.00020162431045671263,0.0010378653548143216,0.009510937085571257,0.9781445860862732,,0.002936000000000001,-1299409.9906515512,0.8392551355165978
951,347115,908.2,-1123458.74426186,-1181360.3867973457,0.8782495038150108,54837.9697227478,774595.7517089844,39380.81422042847,106930.0,3112.0379164218903,199440.1434249878,1123458.7472708225,0.13504520646835627,0.00020162431045671263,0.0010378653548143216,0.009510937085571257,0.9781445860862732,,0.002936000000000001,-1299409.9906515512,0.8392551355165978
952,347480,909.6,-1128860.3553603874,-1181307.044711917,0.8673471272808232,54885.71597576141,779918.0426025391,40753.38350200653,111180.0,2825.3303236961365,194183.60511779785,1128860.3615460396,0.14348726876472173,0.00012758712104617812,0.0003563061108204573,0.009240999278661451,0.9776803851127625,,0.002882000000000001,-1299409.9906515512,0.8392551355165978
953,347845,910.3,-1187582.8406014005,-1183746.3911345922,0.8661970295318185,55973.00063896179,799378.0738525391,41054.18052661419,111860.0,3887.838767528534,231402.7442932129,1187582.8374398947,0.14348726876472173,0.00012758712104617812,0.0003563061108204573,0.009240999278661451,0.9776803851127625,,0.002882000000000001,-1299409.9906515512,0.8392551355165978
954,348210,911.6,-1278928.9843238327,-1190760.3688638606,0.9226599979074034,43394.86347389221,956249.0753173828,29580.301694869995,76915.0,1971.4610424041748,214213.1418762207,1278928.9799308777,0.13679639681389458,0.00024622235325391797,0.001543011584879806,0.009074821063366375,0.9796230792999268,,0.002846000000000001,-1299409.9906515512,0.8392551355165978
955,348575,912.2,-1312807.4347930343,-1200612.5909294707,0.8439511901711765,75194.64456653595,773948.2994384766,50908.3796005249,123245.0,15972.215896725655,348733.5493774414,1312807.4443131685,0.13679639681389458,0.00024622235325391797,0.001543011584879806,0.009074821063366375,0.9796230792999268,,0.002846000000000001,-1299409.9906515512,0.8392551355165978
956,348940,912.9,-1157443.9273453678,-1194722.49079782,0.8540388309792296,60238.71010971069,779302.0557861328,43244.0971288681,117120.0,3926.5498490333703,213851.23054504395,1157443.9333090782,0.13679639681389458,0.00024622235325391797,0.001543011584879806,0.009074821063366375,0.9796230792999268,,0.002846000000000001,-1299409.9906515512,0.8392551355165978
957,349305,914.2,-1149847.6522510715,-1192988.8982078545,0.8663215922982725,54829.36809158325,788196.3106689453,40486.025071144104,112775.0,2819.432519197464,205570.88848304749,1149847.6567423344,0.15626890290724604,0.00013601560457525346,0.00034158271697187477,0.011183335139465175,0.9716899394989014,,0.002792000000000001,-1299409.9906515512,0.8392551355165978
958,349670,915.0,-1179670.2562243182,-1188555.6993740364,0.8531413057079054,67928.20904541016,773492.8894042969,47324.40736961365,119300.0,8996.878923416138,230556.0786743164,1179670.254371643,0.15626890290724604,0.00013601560457525346,0.00034158271697187477,0.011183335139465175,0.9716899394989014,,0.002792000000000001,-1299409.9906515512,0.8392551355165978
959,350035,915.7,-1215637.85868616,-1193864.1917718095,0.9115569160409169,49856.04118156433,865956.0880126953,33361.52555465698,86495.0,1076.6182136535645,228748.62878799438,1215637.8605690002,0.15626890290724604,0.00013601560457525346,0.00034158271697187477,0.011183335139465175,0.9716899394989014,,0.002792000000000001,-1299409.9906515512,0.8392551355165978
960,350400,917.1,-1141809.6507109483,-1187657.2704172248,0.87394322516167,52831.51104927063,790311.0791015625,39161.60685825348,109600.0,3388.155637025833,199348.80599975586,1141809.6475965977,0.1446306862329182,0.00013952947778019925,0.0006620172879545288,0.010857084876318512,0.9743595719337463,,0.002738000000000001,-1299409.9906515512,0.8392551355165978
961,350765,917.7,-1163163.6443076932,-1188411.6894772844,0.8645963356919485,54887.6569480896,787209.4345703125,40630.8897190094,112575.0,2277.5077209472656,220470.81983947754,1163163.6518497467,0.1446306862329182,0.00013952947778019925,0.0006620172879545288,0.010857084876318512,0.9743595719337463,,0.002738000000000001,-1299409.9906515512,0.8392551355165978
962,351130,918.4,-1183229.430181504,-1181799.3376611243,0.8575291057155557,57757.69771003723,803413.9243164062,41833.155230522156,116115.0,3534.8777294158936,218332.4780883789,1183229.4353647232,0.1446306862329182,0.00013952947778019925,0.0006620172879545288,0.010857084876318512,0.9743595719337463,,0.002738000000000001,-1299409.9906515512,0.8392551355165978
963,351495,919.7,-1149478.3885863079,-1181951.003656144,0.8594924347041405,56346.28306388855,781782.0220947266,41306.19838523865,114690.0,3477.405969619751,208222.75733947754,1149478.3837890625,0.1499935661099459,0.00023343843742240048,0.0010825709300422062,0.010371772302804809,0.974349856376648,,0.0026840000000000006,-1299409.9906515512,0.8392551355165978
964,351860,920.3,-1321274.0946081914,-1190723.8342961287,0.8420590982045213,78623.28985023499,767088.2265625,52491.83936500549,123095.0,18204.97838807106,360394.0501976013,1321274.0945131779,0.1499935661099459,0.00023343843742240048,0.0010825709300422062,0.010371772302804809,0.974349856376648,,0.0026840000000000006,-1299409.9906515512,0.8392551355165978
965,352225,921.0,-1140563.7576122598,-1186515.3984503117,0.8707556471432725,56311.70482254028,782731.1507568359,41151.91335773468,109230.0,2283.7219557762146,205166.97206878662,1140563.7581391335,0.1499935661099459,0.00023343843742240048,0.0010825709300422062,0.010371772302804809,0.974349856376648,,0.0026840000000000006,-1299409.9906515512,0.8392551355165978
966,352590,922.4,-1145950.9016091898,-1182173.02185331,0.8545728783084922,60908.48926734924,768389.462890625,43626.55306434631,117765.0,3650.148286819458,212519.73721313477,1145950.9014549255,0.15587375646359042,0.00016945315119779765,0.0006151701289988859,0.011265138740112124,0.9724516272544861,,0.002630000000000001,-1299409.9906515512,0.8392551355165978
967,352955,923.0,-1234970.177628241,-1187572.1002798635,0.9160629719904024,47725.28370666504,894843.9063720703,32067.634565353394,82715.0,1180.268398284912,224163.37300109863,1234970.1823368073,0.15587375646359042,0.00016945315119779765,0.0006151701289988859,0.011265138740112124,0.9724516272544861,,0.002630000000000001,-1299409.9906515512,0.8392551355165978
968,353320,924.4,-1138574.7343732342,-1185939.0310786057,0.8725613940252017,54592.19101905823,783715.6706542969,39897.1913394928,109700.0,3491.9425773620605,201769.92916488647,1138574.7337360382,0.14059679367040334,0.00015694044663848073,0.0006799530582563756,0.009690878532924935,0.9770634174346924,,0.002594000000000001,-1299409.9906515512,0.8392551355165978
969,353685,925.0,-1136727.4257917157,-1182202.585588911,0.8955460159745935,61057.50351476669,744609.2868652344,39880.320605278015,100055.0,3063.154119491577,249119.66996765137,1136727.4315576553,0.14059679367040334,0.00015694044663848073,0.0006799530582563756,0.009690878532924935,0.9770634174346924,,0.002594000000000001,-1299409.9906515512,0.8392551355165978
970,354050,925.6,-1129468.7794080754,-1180972.4519332396,0.8918299944433448,59753.56933784485,746854.5447998047,39323.194776535034,100850.0,3492.5820484161377,238948.4528503418,1129468.7744750977,0.14059679367040334,0.00015694044663848073,0.0006799530582563756,0.009690878532924935,0.9770634174346924,,0.002594000000000001,-1299409.9906515512,0.8392551355165978
971,354415,926.9,-1124664.4160859943,-1181032.7355244462,0.8761959348639397,54049.97136116028,777199.1962890625,39448.21297264099,107905.0,2608.4157676696777,197503.58744812012,1124664.4124774933,0.14438678735965177,0.00022770412459450248,0.001592000326414372,0.00945663689880779,0.9763436317443848,,0.0025400000000000006,-1299409.9906515512,0.8392551355165978
972,354780,927.6,-1236486.2887620754,-1186414.0321945308,0.9163278093076732,47648.54510116577,886978.7916259766,31746.507083892822,82715.0,1374.4846514463425,233671.50756835938,1236486.290929675,0.14438678735965177,0.00022770412459450248,0.001592000326414372,0.00945663689880779,0.9763436317443848,,0.0025400000000000006,-1299409.9906515512,0.8392551355165978
973,355145,928.2,-1144602.2114374328,-1184265.0007363325,0.8954402706394456,60997.028173446655,749813.2081298828,39611.33756160736,99095.0,1800.983272075653,254281.66807937622,1144602.197042942,0.14438678735965177,0.00022770412459450248,0.001592000326414372,0.00945663689880779,0.9763436317443848,,0.0025400000000000006,-1299409.9906515512,0.8392551355165978
974,355510,929.6,-1194052.6503791902,-1180021.1840391003,0.9121212484085397,49760.61112499237,853015.3411865234,33156.505970954895,86515.0,1043.4868631362915,220322.3171081543,1194052.651128769,0.12456107816021693,0.00011914332543184221,0.0006304289180613859,0.008292052594601716,0.981617271900177,,0.0024860000000000004,-1299409.9906515512,0.8392551355165978
975,355875,931.4,-1299132.998254673,-1179337.462212182,0.8449945088935225,76917.46307182312,774394.2952880859,51842.67783164978,122515.0,16474.22073365748,333906.80697250366,1299133.0008258969,0.12456107816021693,0.00011914332543184221,0.0006304289180613859,0.008292052594601716,0.981617271900177,,0.0024860000000000004,-1298122.8925010408,0.8407021791151126
976,356240,932.0,-1122475.9970481326,-1177589.0656973205,0.8710406107445285,53902.94355392456,783227.5679931641,39694.815954208374,110455.0,2038.0206871032715,187060.60162353516,1122476.0062580109,0.12456107816021693,0.00011914332543184221,0.0006304289180613859,0.008292052594601716,0.981617271900177,,0.0024860000000000004,-1298122.8925010408,0.8407021791151126
977,356605,933.4,-1140199.2792559748,-1177106.6470475653,0.8704638654238557,53938.219606399536,787519.7646484375,39815.70213699341,109540.0,3274.595192492008,200049.2257232666,1140199.2877011895,0.15266185744028343,0.00021325738946057084,0.0007897092605401811,0.010790692948687234,0.973243772983551,,0.0024320000000000006,-1298122.8925010408,0.8407021791151126
978,356970,934.0,-1139233.1716310033,-1175084.7928178997,0.8828873944609132,55809.48018741608,769279.3123779297,39470.60795402527,105185.0,3357.784611940384,221940.4701385498,1139233.1750824451,0.15266185744028343,0.00021325738946057084,0.0007897092605401811,0.010790692948687234,0.973243772983551,,0.0024320000000000006,-1298122.8925010408,0.8407021791151126
979,357335,934.7,-1253784.157347274,-1176992.1077509555,0.8506011126792594,74648.14478206635,766717.3416748047,50281.461082458496,119350.0,12666.006871819496,304769.35106277466,1253784.1606918573,0.15266185744028343,0.00021325738946057084,0.0007897092605401811,0.010790692948687234,0.973243772983551,,0.0024320000000000006,-1298122.8925010408,0.8407021791151126
980,357700,936.0,-1130095.8139536544,-1176406.4159130908,0.87705989226903,54963.578956604004,782720.23046875,39845.99802017212,106785.0,3149.438398838043,197595.14072418213,1130095.8076119423,0.14804487773462346,9.65047771674826e-05,0.0001892625246239875,0.010576104610472134,0.9746707677841187,,0.0023780000000000003,-1298122.8925010408,0.8407021791151126
981,358065,936.6,-1223096.371871667,-1179403.0522912894,0.910869588590648,51026.21057319641,861457.5267333984,34012.9033408165,85685.0,2299.278091073036,239641.66010284424,1223096.3682681322,0.14804487773462346,9.65047771674826e-05,0.0001892625246239875,0.010576104610472134,0.9746707677841187,,0.0023780000000000003,-1298122.8925010408,0.8407021791151126
982,358430,937.9,-1265224.8423265382,-1183502.822898541,0.9247303283377869,41229.15129470825,966161.7530517578,28646.012225151062,74685.0,1143.2641096115112,194588.8157043457,1265224.845090866,0.12145216449310905,0.00014949382363594945,0.0004981860790729499,0.008074912022014982,0.9820961356163025,,0.0023420000000000003,-1298122.8925010408,0.8407021791151126
983,358795,938.6,-1238907.8150367022,-1187974.2942210608,0.9161483947544882,48217.605328559875,896543.0255126953,32235.771342635155,81330.0,2126.316625595093,226672.70109558105,1238907.8145765066,0.12145216449310905,0.00014949382363594945,0.0004981860790729499,0.008074912022014982,0.9820961356163025,,0.0023420000000000003,-1298122.8925010408,0.8407021791151126
984,359160,939.2,-1164255.9399148664,-1180123.3864863946,0.8593638656890555,57526.99523925781,791247.2620849609,41933.14704322815,114150.0,3967.112690925598,212958.4162750244,1164255.938094139,0.12145216449310905,0.00014949382363594945,0.0004981860790729499,0.008074912022014982,0.9820961356163025,,0.0023420000000000003,-1298122.8925010408,0.8407021791151126
985,359525,940.6,-1127958.9010020099,-1179493.143655882,0.8670973888815265,55307.88411903381,779858.4837646484,40548.6344909668,111230.0,2556.1551117897034,193765.62893676758,1127958.9023041725,0.13300519965981183,0.00015441469565159518,0.00037638346379696345,0.009063258276958214,0.9791157245635986,,0.002288,-1298122.8925010408,0.8407021791151126
986,359890,941.2,-1147708.6183039309,-1179581.0294906194,0.8888783123395214,57766.38329792023,764159.5959472656,38838.57922744751,99945.0,2507.524456143379,242257.92216777802,1147708.6217986345,0.13300519965981183,0.00015441469565159518,0.00037638346379696345,0.009063258276958214,0.9791157245635986,,0.002288,-1298122.8925010408,0.8407021791151126
987,360255,941.8,-1316490.2699350337,-1183657.0341059589,0.8444264509906507,77843.83536624908,772868.904296875,52007.75435733795,120505.0,19529.2397043705,351579.36837387085,1316490.2667324543,0.13300519965981183,0.00015441469565159518,0.00037638346379696345,0.009063258276958214,0.9791157245635986,,0.002288,-1298122.8925010408,0.8407021791151126
988,360620,943.1,-1186715.6194645856,-1186064.0783605266,0.9049799796653121,56727.97828722,805359.8992919922,37109.78603172302,90525.0,2614.6211290359497,251106.31609344482,1186715.622546196,0.13925810883703985,0.0001253941256053574,0.00040743643799750746,0.011082483872183059,0.973773717880249,,0.0022340000000000003,-1298122.8925010408,0.8407021791151126
989,360985,943.8,-1137200.0139259966,-1186087.7077672405,0.8786829816151972,55414.81160545349,777962.5239257812,39517.07681655884,104335.0,3946.1465578079224,211439.2650604248,1137200.0123605728,0.13925810883703985,0.0001253941256053574,0.00040743643799750746,0.011082483872183059,0.973773717880249,,0.0022340000000000003,-1298122.8925010408,0.8407021791151126
990,361350,944.4,-1158452.5317617035,-1187536.895384922,0.873745837276929,55598.90755558014,791642.4499511719,40580.390115737915,106360.0,1894.0552060604095,217975.64443969727,1158452.5397126675,0.13925810883703985,0.0001253941256053574,0.00040743643799750746,0.011082483872183059,0.973773717880249,,0.0022340000000000003,-1298122.8925010408,0.8407021791151126
991,361715,945.8,-1121513.4553092027,-1187379.347346082,0.8768745175779682,55425.514919281006,771492.4176025391,40089.16896247864,105485.0,2496.087724208832,201950.77949142456,1121513.453780651,0.1436116622858926,0.0002728433438326312,0.0012568423653168505,0.009521227636325517,0.9762202501296997,,0.00218,-1298122.8925010408,0.8407021791151126
992,362080,946.4,-1287124.1908367183,-1189911.242449814,0.9229015738996741,44379.12961578369,956133.3271484375,29959.197741508484,75820.0,3071.7628326416016,222139.90592956543,1287124.193652153,0.1436116622858926,0.0002728433438326312,0.0012568423653168505,0.009521227636325517,0.9762202501296997,,0.00218,-1298122.8925010408,0.8407021791151126
993,362445,947.1,-1270761.5328435858,-1196219.208520122,0.8495131824114551,76272.88381576538,770544.2355957031,51460.47281932831,118825.0,20067.14032036066,309864.6827926636,1270761.5315280557,0.1436116622858926,0.0002728433438326312,0.0012568423653168505,0.009521227636325517,0.9762202501296997,,0.00218,-1298122.8925010408,0.8407021791151126
994,362810,948.4,-1199391.5683891342,-1196486.1544206194,0.9075797921990695,54913.19358730316,822422.1066894531,36191.70132732391,88600.0,3378.1998221874237,248799.56512451172,1199391.5729634762,0.12910246594171776,0.00012505830114892697,0.0003546999218279349,0.009947598017262001,0.9778610467910767,,0.0021260000000000003,-1298122.8925010408,0.8407021791151126
995,363175,949.2,-1247271.4890430686,-1193893.0789600392,0.9184089737395718,47339.05205154419,910933.9792480469,31695.555877685547,79970.0,1073.2525453567505,223598.7006263733,1247271.4882974625,0.12910246594171776,0.00012505830114892697,0.0003546999218279349,0.009947598017262001,0.9778610467910767,,0.0021260000000000003,-1298122.8925010408,0.8407021791151126
996,363540,950.6,-1149896.2437482115,-1195264.091295043,0.8600587441496653,58764.091875076294,784222.7725830078,42301.40070724487,113855.0,4136.701600551605,205380.37092590332,1149896.2458167076,0.12773184635137258,0.0001270433287189869,0.0007586562845206476,0.009290652704964342,0.9788401126861572,,0.0020900000000000003,-1298122.8925010408,0.8407021791151126
997,363905,951.2,-1163762.2091411916,-1196442.2377893038,0.8678891484051534,56815.49316883087,786596.2731933594,41501.451836586,109770.0,3946.922333598137,221947.56369018555,1163762.211053729,0.12773184635137258,0.0001270433287189869,0.0007586562845206476,0.009290652704964342,0.9788401126861572,,0.0020900000000000003,-1298122.8925010408,0.8407021791151126
998,364270,951.9,-1116398.2268081442,-1195300.490548161,0.8819258479222859,55317.240661621094,774213.7471923828,39168.68175125122,104185.0,3359.2286252975464,195471.55548858643,1116398.213057518,0.12773184635137258,0.0001270433287189869,0.0007586562845206476,0.009290652704964342,0.9788401126861572,,0.0020900000000000003,-1298122.8925010408,0.8407021791151126
999,364635,953.3,-1166354.918824657,-1190929.02862203,0.8895975704062475,56888.48511505127,769884.2072753906,38576.62743759155,100960.0,2246.5952434539795,254687.4850921631,1166354.9150485992,0.1440721160094989,0.00015956717700311472,0.0008154082733151307,0.009455416474099221,0.9767742156982422,,0.002036,-1298122.8925010408,0.8407021791151126
1000,365000,955.1,-1130238.317708112,-1190936.153809753,0.8873478090926392,57602.53645515442,764091.6177978516,39274.23321342468,101595.0,2329.6385707855225,222947.8247680664,1130238.3143501282,0.1440721160094989,0.00015956717700311472,0.0008154082733151307,0.009455416474099221,0.9767742156982422,,0.002036,-1290925.8257530085,0.8419003635236662
