episode,global_step,elapsed_s,reward_raw,reward_smooth,fill_rate,stockout,cost_holding,cost_stockout,cost_ordering,cost_overflow,cost_service_penalty,cost_total,entropy,approx_kl,clip_frac,value_loss,explained_variance,lr_scale,ent_coef,eval_reward,eval_fill
1,365,1.5,-7929941.400088505,-7929941.400088505,0.8986869954083064,49807.92461395264,1500037.0411376953,35226.00005912781,455940.0,5719417.713500977,219320.63652038574,7929941.391218185,,,,,,,0.02,nan,nan
2,730,2.2,-7922683.784151642,-7926312.592120074,0.9150931647379105,44302.375376701355,1506172.9321289062,32953.527371406555,456280.0,5743334.107170105,183943.2148399353,7922683.781510353,,,,,,,0.02,nan,nan
3,1095,4.5,-8138386.045915499,-7997003.743385215,0.9265322097360271,47647.32108831406,1551065.6220703125,32033.223138332367,452510.0,5875045.875,227731.32824516296,8138386.048453808,1.7766174328954596,0.015580189894535579,0.24958078563213348,0.8780101380850139,-0.001467585563659668,,0.019964000000000003,nan,nan
4,1460,5.3,-7017690.138735789,-7752175.342222859,0.9076290597654368,52050.72735500336,1505852.7724609375,37451.7699136734,437890.0,4780778.6326293945,255716.95426940918,7017690.129273415,1.7766174328954596,0.015580189894535579,0.24958078563213348,0.8780101380850139,-0.001467585563659668,,0.019964000000000003,nan,nan
5,1825,6.1,-7032824.156100824,-7608305.104998452,0.9278846069558025,56188.782066345215,1523323.8310546875,36204.430468559265,437665.0,4716403.484375,319227.39964675903,7032824.145545006,1.7766174328954596,0.015580189894535579,0.24958078563213348,0.8780101380850139,-0.001467585563659668,,0.019964000000000003,nan,nan
6,2190,7.6,-7422566.171643783,-7577348.616106007,0.9308969420929477,52913.052580833435,1631454.3493652344,35185.777114868164,429550.0,4975977.119171143,350398.9181060791,7422566.163757324,1.7317759598556317,0.013689887962180748,0.2407673626746002,0.6621743354358172,0.13203614950180054,,0.019910000000000004,nan,nan
7,2555,8.4,-6327320.602184923,-7398773.185545852,0.9208673593116133,69037.74335765839,1510713.7668457031,43235.08652687073,415335.0,3885266.4071655273,472770.32635498047,6327320.586893082,1.7317759598556317,0.013689887962180748,0.2407673626746002,0.6621743354358172,0.13203614950180054,,0.019910000000000004,nan,nan
8,2920,9.3,-6067290.274082358,-7232337.821612915,0.8943788791356021,63429.20239520073,1492510.9467773438,43079.622271090746,415170.0,3764954.0483398438,351575.653427124,6067290.270815402,1.7317759598556317,0.013689887962180748,0.2407673626746002,0.6621743354358172,0.13203614950180054,,0.019910000000000004,nan,nan
9,3285,10.9,-5846405.239852445,-7078345.312528418,0.9213793752944632,76230.84442329407,1522056.1909179688,47252.360973358154,400160.0,3300963.834350586,575972.8479118347,5846405.234153748,1.6600179813410108,0.01494260772410359,0.23612280111563833,0.5052043575989572,0.18339413404464722,,0.019856,nan,nan
10,3650,11.7,-5560857.13119276,-6926596.494394852,0.8801762507386404,103571.07035255432,1473474.1589355469,63164.24538421631,391460.0,2890723.889526367,742034.834487915,5560857.128334045,1.6600179813410108,0.01494260772410359,0.23612280111563833,0.5052043575989572,0.18339413404464722,,0.019856,nan,nan
11,4015,12.4,-5494037.2929867115,-6796363.839721384,0.8837419831589477,105636.35824584961,1465272.9914550781,64608.045150756836,390040.0,2786445.638671875,787670.6251373291,5494037.300415039,1.6600179813410108,0.01494260772410359,0.23612280111563833,0.5052043575989572,0.18339413404464722,,0.019856,nan,nan
12,4380,13.8,-5384425.54152771,-6678702.314871911,0.9121726135685019,92521.37035369873,1530843.6794433594,56340.52494430542,365340.0,2585662.3369140625,846238.9804039001,5384425.521705627,1.5692742937489559,0.01345170342804187,0.2158508302741929,0.3970840185096389,0.2293439507484436,,0.019802,nan,nan
13,4745,14.5,-4934965.888430034,-6544568.74360715,0.8967715849615123,85681.57686424255,1482483.1909179688,55808.97310590744,359150.0,2322913.977127075,714609.7526321411,4934965.8937830925,1.5692742937489559,0.01345170342804187,0.2158508302741929,0.3970840185096389,0.2293439507484436,,0.019802,nan,nan
14,5110,15.3,-5010796.926127685,-6435013.613787189,0.8733278906508668,117687.34306716919,1449424.1806640625,72546.60939216614,360370.0,2211946.828338623,916509.3080749512,5010796.926469803,1.5692742937489559,0.01345170342804187,0.2158508302741929,0.3970840185096389,0.2293439507484436,,0.019802,nan,nan
15,5475,16.7,-4717539.212106056,-6320515.32034178,0.859565924944943,134214.1587562561,1427269.84375,82630.99239730835,325160.0,1694700.6159667969,1187777.7608261108,4717539.212940216,1.4650464951992035,0.012289195229976414,0.21193521077695646,0.3437531590461731,0.28004616498947144,,0.019748,nan,nan
16,5840,17.4,-4581988.30998926,-6211857.382194749,0.8647943872295014,107108.43810462952,1460716.9548339844,69248.25213712454,321145.0,1675116.9359893799,1055761.167098999,4581988.310059488,1.4650464951992035,0.012289195229976414,0.21193521077695646,0.3437531590461731,0.28004616498947144,,0.019748,nan,nan
17,6205,18.8,-4535633.231411347,-6113255.961560432,0.8841587788438143,104580.82989883423,1451686.4753417969,66596.68793869019,315120.0,1675077.1141967773,1027152.9384155273,4535633.215892792,1.3521930167549534,0.013270137138773097,0.22322430569482477,0.30474041245485606,0.33206868171691895,,0.019712,nan,nan
18,6570,19.5,-4951194.19921928,-6048696.974763702,0.8801225853292909,108262.38092422485,1590024.7451171875,69078.65811920166,276195.0,1690913.7285003662,1324982.0714759827,4951194.203212738,1.3521930167549534,0.013270137138773097,0.22322430569482477,0.30474041245485606,0.33206868171691895,,0.019712,nan,nan
19,6935,20.2,-4848546.465249786,-5985531.158473495,0.8372680838793924,169365.47788238525,1410322.5939941406,101993.3616104126,280165.0,1181294.2878417969,1874771.235961914,4848546.479408264,1.3521930167549534,0.013270137138773097,0.22322430569482477,0.30474041245485606,0.33206868171691895,,0.019712,nan,nan
20,7300,21.6,-4425664.762984375,-5907537.83869904,0.8409306460863923,128048.90576553345,1419735.3452148438,84771.76960033178,259855.0,1196137.272977829,1465165.3803710938,4425664.768164098,1.2178661148799093,0.01597921534281149,0.17091690886177516,0.3018353604956677,0.3910621404647827,,0.019658000000000002,nan,nan
21,7665,22.3,-4855930.021455116,-5753837.269767369,0.8536849918430799,107795.42245864868,1638762.5549316406,73028.24287033081,224675.0,1509327.6424102783,1410136.5827560425,4855930.022968292,1.2178661148799093,0.01597921534281149,0.17091690886177516,0.3018353604956677,0.3910621404647827,,0.019658000000000002,nan,nan
22,8030,23.0,-4554836.35920317,-5585444.898519946,0.8107315793429335,157737.38551330566,1373149.3754882812,100899.38354110718,229975.0,925002.1931686997,1925810.3969268799,4554836.349124968,1.2178661148799093,0.01597921534281149,0.17091690886177516,0.3018353604956677,0.3910621404647827,,0.019658000000000002,nan,nan
23,8395,24.4,-4586205.14454874,-5407835.853451608,0.7984582745865599,157299.5634613037,1332647.5092773438,103860.94617503881,208835.0,838952.7832551003,2101908.9020080566,4586205.140715539,1.0848446519751298,0.011858607487642746,0.11388490917651277,0.2846439833703794,0.4713647961616516,,0.019604000000000003,nan,nan
24,8760,25.1,-4690957.828655227,-5291499.23794758,0.8229045600107271,157603.2663192749,1386351.5607910156,98445.72835159302,187825.0,888056.0738391578,2130279.465438843,4690957.828420609,1.0848446519751298,0.011858607487642746,0.11388490917651277,0.2846439833703794,0.4713647961616516,,0.019604000000000003,nan,nan
25,9125,26.9,-4525568.347641205,-5166136.447524598,0.7760882335166409,166857.15921783447,1313448.7239990234,109144.3848080039,193485.0,691992.8131828308,2217497.4194259644,4525568.3414158225,1.0848446519751298,0.011858607487642746,0.11388490917651277,0.2846439833703794,0.4713647961616516,,0.019604000000000003,-9265627.350581422,0.1143994400099124
26,9490,28.4,-4409716.931981884,-5015493.985541503,0.827800702232204,115238.59983825684,1561584.5134277344,78373.26964569092,167285.0,1050703.6061896086,1551770.556137085,4409716.945400119,0.9941663898919758,0.007209400238169014,0.07533505103109699,0.2683618872573501,0.562322735786438,,0.019550000000000005,-9265627.350581422,0.1143994400099124
27,9855,29.1,-4157466.175168772,-4907001.264190695,0.770184804152136,149995.52423858643,1242967.7099609375,103038.4321140647,173710.0,658224.6913919449,1979525.3479766846,4157466.1814436316,0.9941663898919758,0.007209400238169014,0.07533505103109699,0.2683618872573501,0.562322735786438,,0.019550000000000005,-9265627.350581422,0.1143994400099124
28,10220,29.8,-4269793.295405698,-4817126.4152568625,0.8293800708365767,109210.2336807251,1578286.9438476562,76040.83616733551,160815.0,993785.2475299835,1460865.2606544495,4269793.288199425,0.9941663898919758,0.007209400238169014,0.07533505103109699,0.2683618872573501,0.562322735786438,,0.019550000000000005,-9265627.350581422,0.1143994400099124
29,10585,31.2,-3703062.3991187057,-4709959.273220176,0.8111030318965651,136565.76150512695,1222313.3256835938,87624.33904314041,156455.0,626846.7001771927,1609823.0374145508,3703062.4023184776,0.9127417049909893,0.006558346314178428,0.08464077075845317,0.19404979677576767,0.6738158464431763,,0.019496,-9265627.350581422,0.1143994400099124
30,10950,31.8,-3657339.1572509347,-4614783.374523085,0.8008436609620917,131372.66466522217,1195711.1159667969,87175.30779647827,160070.0,649167.3616757393,1565215.3780670166,3657339.163506031,0.9127417049909893,0.006558346314178428,0.08464077075845317,0.19404979677576767,0.6738158464431763,,0.019496,-9265627.350581422,0.1143994400099124
31,11315,33.3,-3464343.4675863255,-4513298.683253066,0.7519673110687569,142111.32926940918,1163384.8579101562,97578.69432067871,169140.0,595784.1951417923,1438455.714126587,3464343.461499214,0.9067312000613463,0.005048808427138857,0.06791446103077185,0.11462782323360443,0.785930871963501,,0.019460000000000005,-9265627.350581422,0.1143994400099124
32,11680,34.0,-3306233.849561097,-4409389.098654735,0.8508067877325293,83114.26145935059,1532537.5144042969,59682.654693603516,139400.0,639998.626789093,934615.0596694946,3306233.855556488,0.9067312000613463,0.005048808427138857,0.06791446103077185,0.11462782323360443,0.785930871963501,,0.019460000000000005,-9265627.350581422,0.1143994400099124
33,12045,34.6,-3176633.6043098858,-4321472.484448728,0.8311848245254935,109163.69453811646,1224335.9287109375,72359.78154373169,150105.0,581906.5798683167,1147926.3061828613,3176633.596305847,0.9067312000613463,0.005048808427138857,0.06791446103077185,0.11462782323360443,0.785930871963501,,0.019460000000000005,-9265627.350581422,0.1143994400099124
34,12410,36.0,-2980826.3248742246,-4219973.954386054,0.7874058517691207,107554.09564971924,1158634.3142089844,77835.2924118042,164620.0,503554.39441871643,1076182.3210830688,2980826.322122574,0.8418589218666679,0.005052241175402933,0.06760874978805843,0.06736170314252377,0.866911768913269,,0.019406,-9265627.350581422,0.1143994400099124
35,12775,36.7,-2991528.104315287,-4133673.3989965157,0.866652999185536,72989.79506111145,1484286.4794921875,52746.14905548096,134025.0,552007.4376716651,768463.0457000732,2991528.111919407,0.8418589218666679,0.005052241175402933,0.06760874978805843,0.06736170314252377,0.866911768913269,,0.019406,-9265627.350581422,0.1143994400099124
36,13140,37.5,-2789799.229523872,-4044063.944973246,0.7909107343791283,102794.4345626831,1125919.8618164062,73775.19242858887,165800.0,466233.6770043373,958070.5038757324,2789799.235125065,0.8418589218666679,0.005052241175402933,0.06760874978805843,0.06736170314252377,0.866911768913269,,0.019406,-9265627.350581422,0.1143994400099124
37,13505,38.8,-2678344.246823857,-3951199.4957438717,0.7868942152963926,108501.42681121826,1104126.0270996094,75671.34462356567,172930.0,462746.1769475937,862870.7007446289,2678344.2494153976,0.8356752113292092,0.004221139631322569,0.05562979727983475,0.04394962212168857,0.9136379957199097,,0.019352,-9265627.350581422,0.1143994400099124
38,13870,39.5,-2502472.870166821,-3828763.4292912493,0.8230629906262437,90174.82162475586,1087511.2768554688,64801.78464508057,160960.0,410545.2928105593,778654.5190315247,2502472.8733426332,0.8356752113292092,0.004221139631322569,0.05562979727983475,0.04394962212168857,0.9136379957199097,,0.019352,-9265627.350581422,0.1143994400099124
39,14235,40.3,-2496507.995847692,-3711161.5058211447,0.8057851342305745,91099.23704910278,1099757.269897461,65968.49970626831,167940.0,409891.7696094513,752950.4535064697,2496507.9927196503,0.8356752113292092,0.004221139631322569,0.05562979727983475,0.04394962212168857,0.9136379957199097,,0.019352,-9265627.350581422,0.1143994400099124
40,14600,41.6,-2325321.264191186,-3606144.330881485,0.8256436841128624,80937.93831443787,1101330.3840332031,59318.501026153564,164725.0,389748.18558835983,610199.1961288452,2325321.2667765617,0.886714369058609,0.0037147131054696635,0.048477172998613434,0.02754659205675125,0.9460791945457458,,0.019298000000000003,-9265627.350581422,0.1143994400099124
41,14965,42.3,-2379072.909269222,-3482301.4752721908,0.8291773088990826,84911.54509162903,1094073.8232421875,60711.99884223938,164295.0,371657.87366586924,688334.2143707275,2379072.9101210237,0.886714369058609,0.0037147131054696635,0.048477172998613434,0.02754659205675125,0.9460791945457458,,0.019298000000000003,-9265627.350581422,0.1143994400099124
42,15330,43.0,-2399706.7110969652,-3374544.9928668803,0.8249742726757102,85572.77165222168,1090301.904296875,61455.344120025635,166360.0,392403.0055990219,689186.4521179199,2399706.7061338425,0.886714369058609,0.0037147131054696635,0.048477172998613434,0.02754659205675125,0.9460791945457458,,0.019298000000000003,-9265627.350581422,0.1143994400099124
43,15695,44.4,-2309338.520752706,-3260701.6616770783,0.9038439435501621,65250.44776439667,1321294.090209961,43038.93479156494,130225.0,286730.51726305485,528049.9825019836,2309338.5247665644,0.8399461907775778,0.003236659086724103,0.04003237011401277,0.022604086975518026,0.9594494104385376,,0.019244000000000004,-9265627.350581422,0.1143994400099124
44,16060,45.1,-2241264.704241001,-3138217.005456367,0.8297771257896945,79803.79306459427,1081029.6939697266,56396.3530626297,172420.0,368832.9976978302,562585.6547241211,2241264.6994543076,0.8399461907775778,0.003236659086724103,0.04003237011401277,0.022604086975518026,0.9594494104385376,,0.019244000000000004,-9265627.350581422,0.1143994400099124
45,16425,46.5,-2442666.6266180305,-3034071.919405208,0.8138551197639884,103775.29626083374,1055130.2033691406,68724.0539150238,181235.0,417144.59943056107,720432.7734718323,2442666.630186558,0.7919452237455469,0.0031724391898311105,0.035235220983036254,0.018106770138011166,0.9701131582260132,,0.019208000000000003,-9265627.350581422,0.1143994400099124
46,16790,47.2,-2161667.150655226,-2921669.4303388754,0.8530808685577079,73029.64463996887,1093621.6729736328,51827.36031150818,157670.0,348634.1138920784,509914.0022277832,2161667.1494050026,0.7919452237455469,0.0031724391898311105,0.035235220983036254,0.018106770138011166,0.9701131582260132,,0.019208000000000003,-9265627.350581422,0.1143994400099124
47,17155,47.8,-2182333.172075757,-2822912.7801842242,0.8611780535684873,77586.83360671997,1083876.6865234375,52313.68422740698,152830.0,336615.2919946611,556697.5152225494,2182333.177968055,0.7919452237455469,0.0031724391898311105,0.035235220983036254,0.018106770138011166,0.9701131582260132,,0.019208000000000003,-9265627.350581422,0.1143994400099124
48,17520,49.2,-2160049.3457693914,-2717425.582702409,0.8667033610278613,76377.65267181396,1079908.6469726562,51366.53465461731,151370.0,327626.02911925316,549778.1309509277,2160049.3416974545,0.7605600772719634,0.0029075851978057855,0.02728726575151086,0.014935196181269069,0.9771432280540466,,0.019154000000000004,-9265627.350581422,0.1143994400099124
49,17885,49.9,-2084171.379584114,-2636481.0317256795,0.8292304806513329,94021.97454452515,1020591.1002197266,62469.39663696289,168185.0,298627.51052710414,534298.3694458008,2084171.3768295944,0.7605600772719634,0.0029075851978057855,0.02728726575151086,0.014935196181269069,0.9771432280540466,,0.019154000000000004,-9265627.350581422,0.1143994400099124
50,18250,51.7,-1994655.0342127238,-2553346.8255737694,0.8593100474305349,71378.10021781921,1051491.4520263672,49886.30558204651,152875.0,289783.9649672508,450618.31326675415,1994655.0358424187,0.7605600772719634,0.0029075851978057855,0.02728726575151086,0.014935196181269069,0.9771432280540466,,0.019154000000000004,-2423478.9413265483,0.6702755891296961
51,18615,53.2,-2073646.0718008662,-2483811.955784496,0.8363948051243613,88657.50065994263,1039556.5703125,58985.96996307373,166335.0,304635.9926853329,504132.5411376953,2073646.074098602,0.7620720337880286,0.0023850625463972775,0.019000940171903687,0.01344357698077434,0.9810125827789307,,0.0191,-2423478.9413265483,0.6702755891296961
52,18980,53.9,-1956856.9846732817,-2416343.1125401054,0.867851568248174,65946.33720970154,1069782.5754394531,46225.47026348114,152465.0,305093.9419503212,383289.9998245239,1956856.9874777794,0.7620720337880286,0.0023850625463972775,0.019000940171903687,0.01344357698077434,0.9810125827789307,,0.0191,-2423478.9413265483,0.6702755891296961
53,19345,54.5,-2095313.289801007,-2362277.0968146618,0.9012368837448016,67308.2090215683,1163219.4161376953,42965.372168540955,131475.0,329295.14374923706,428358.3610839844,2095313.2931394577,0.7620720337880286,0.0023850625463972775,0.019000940171903687,0.01344357698077434,0.9810125827789307,,0.0191,-2423478.9413265483,0.6702755891296961
54,19710,56.0,-2033179.3736249942,-2314894.7492522,0.9132356625713715,60436.08147382736,1233828.9071044922,38304.280769348145,120550.0,230402.63721847534,410093.5389251709,2033179.3640174866,0.6785390573112589,0.002388820319538354,0.01915272499287599,0.01106095578717558,0.984667181968689,,0.019046,-2423478.9413265483,0.6702755891296961
55,20075,56.6,-1960106.3199776146,-2263323.660035317,0.8879286245123981,74402.0714559555,1025060.4049072266,46919.28560256958,139340.0,268429.8029193878,480356.8267364502,1960106.3201656342,0.6785390573112589,0.002388820319538354,0.01915272499287599,0.01106095578717558,0.984667181968689,,0.019046,-2423478.9413265483,0.6702755891296961
56,20440,57.3,-1981604.762863915,-2222913.9367023185,0.929650468042452,48897.9823846817,1350978.2504882812,31853.346817970276,107220.0,128360.49496912953,363192.67277526855,1981604.7650506496,0.6785390573112589,0.002388820319538354,0.01915272499287599,0.01106095578717558,0.984667181968689,,0.019046,-2423478.9413265483,0.6702755891296961
57,20805,58.7,-1904108.8858152772,-2184202.1686518895,0.8773501851787305,68792.82789421082,1044844.1102294922,46585.125781059265,145060.0,259656.41085481644,407963.2365255356,1904108.8833909035,0.567425192186707,0.0021935943788871795,0.02052253590112454,0.01106700172500783,0.9849449992179871,,0.018992000000000002,-2423478.9413265483,0.6702755891296961
58,21170,59.4,-1799465.822450653,-2149051.816266081,0.8662577712372558,65203.55867576599,1032144.7973632812,45652.709634780884,149415.0,242242.77174687386,330010.5457763672,1799465.8245213032,0.567425192186707,0.0021935943788871795,0.02052253590112454,0.01106700172500783,0.9849449992179871,,0.018992000000000002,-2423478.9413265483,0.6702755891296961
59,21535,60.8,-2051145.5620762422,-2126783.6945775086,0.8370180575814966,92804.61240386963,1002594.2485351562,60053.04030036926,168090.0,262037.75684213638,558370.5129737854,2051145.5586514473,0.6644209301785419,0.0019538678731183417,0.013424254341149017,0.01068536146838022,0.9859732389450073,,0.018956,-2423478.9413265483,0.6702755891296961
60,21900,61.5,-1831105.4200320705,-2102072.9023695528,0.8774341924549782,65641.26392745972,1032062.2551269531,44586.68605899811,143715.0,216484.67829605937,394256.7999343872,1831105.4194163978,0.6644209301785419,0.0019538678731183417,0.013424254341149017,0.01068536146838022,0.9859732389450073,,0.018956,-2423478.9413265483,0.6702755891296961
61,22265,62.2,-1789543.9801487532,-2072596.4559135295,0.9065776168483577,63141.21744632721,1083105.4438476562,40023.354526519775,126965.0,167546.5016874075,371903.6831932068,1789543.9832547903,0.6644209301785419,0.0019538678731183417,0.013424254341149017,0.01068536146838022,0.9859732389450073,,0.018956,-2423478.9413265483,0.6702755891296961
62,22630,63.6,-1770330.5217196832,-2041127.6464446657,0.8873021935763424,66124.03876590729,1024856.6448974609,43313.036907196045,138325.0,183614.6337080598,380221.20677280426,1770330.522285521,0.5822983721369192,0.0015202417103194563,0.014114379895066744,0.009087867777500497,0.987873375415802,,0.018902000000000002,-2423478.9413265483,0.6702755891296961
63,22995,64.2,-1948453.4586194698,-2023083.3933380037,0.8421127885988314,87332.65545654297,1007626.0306396484,56691.44819641113,166555.0,227592.26502090693,489988.7131958008,1948453.4570527673,0.5822983721369192,0.0015202417103194563,0.014114379895066744,0.009087867777500497,0.987873375415802,,0.018902000000000002,-2423478.9413265483,0.6702755891296961
64,23360,64.9,-1778199.9322891186,-1999930.1547404095,0.8665134622626108,62633.55243682861,1024312.3509521484,44207.801681518555,149330.0,229877.0852947235,330472.6934738159,1778199.9314022064,0.5822983721369192,0.0015202417103194563,0.014114379895066744,0.009087867777500497,0.987873375415802,,0.018902000000000002,-2423478.9413265483,0.6702755891296961
65,23725,66.3,-1828065.4278204315,-1969200.0948005293,0.8424547900892284,87885.83688354492,968564.548828125,56804.02110290527,162350.0,181360.24040412903,458986.61700439453,1828065.4273395538,0.6384498155430743,0.0012456261524436598,0.008424993151014573,0.011183990190099729,0.9847573041915894,,0.018848000000000004,-2423478.9413265483,0.6702755891296961
66,24090,67.0,-1668760.9537646342,-1944554.7849559996,0.8780738802805339,63596.45695114136,1001361.5202636719,43560.863973617554,140590.0,154939.95776849985,328308.613861084,1668760.9558668733,0.6384498155430743,0.0012456261524436598,0.008424993151014573,0.011183990190099729,0.9847573041915894,,0.018848000000000004,-2423478.9413265483,0.6702755891296961
67,24455,67.8,-1776634.756039966,-1924269.8641542108,0.9327807620780109,41967.18463420868,1310338.6719970703,28063.722674369812,99010.0,78459.02965989709,260763.3395462036,1776634.7638775408,0.6384498155430743,0.0012456261524436598,0.008424993151014573,0.011183990190099729,0.9847573041915894,,0.018848000000000004,-2423478.9413265483,0.6702755891296961
68,24820,69.2,-1691664.7540344554,-1900850.6345674638,0.8685631505430561,63896.49664878845,1014839.0334472656,44147.34118080139,147265.0,163368.43029212952,322044.9510192871,1691664.7559394836,0.5508173672776473,0.0011613452848714108,0.008804321307443866,0.008271688564778551,0.9885267019271851,,0.018794000000000005,-2423478.9413265483,0.6702755891296961
69,25185,69.8,-1751359.2491778596,-1884210.0280471507,0.9301255591928143,46961.290925979614,1230778.8491210938,30276.033952713013,105835.0,105219.92616200447,279249.4401397705,1751359.2493755817,0.5508173672776473,0.0011613452848714108,0.008804321307443866,0.008271688564778551,0.9885267019271851,,0.018794000000000005,-2423478.9413265483,0.6702755891296961
70,25550,70.6,-1768208.8920917623,-1872887.7209411026,0.9292458828181437,46432.3872961998,1259957.9873046875,29979.520241737366,104625.0,111126.03072088212,262520.3532485962,1768208.8915159032,0.5508173672776473,0.0011613452848714108,0.008804321307443866,0.008271688564778551,0.9885267019271851,,0.018794000000000005,-2423478.9413265483,0.6702755891296961
71,25915,71.9,-1753369.5546574327,-1856873.895083931,0.8490390761257851,82801.78717803955,974745.7153320312,54083.24728393555,154700.0,173415.32074931264,396425.26692962646,1753369.550294906,0.4799702700815703,0.0011949091368047735,0.010569789979949985,0.007218426981891848,0.9898152351379395,,0.01874,-2423478.9413265483,0.6702755891296961
72,26280,72.6,-1712894.1609018096,-1844675.7538953573,0.9126697777068778,58301.818813323975,1086060.3276367188,37049.946420669556,113950.0,141644.9933013767,334188.9002609253,1712894.1676196903,0.4799702700815703,0.0011949091368047735,0.010569789979949985,0.007218426981891848,0.9898152351379395,,0.01874,-2423478.9413265483,0.6702755891296961
73,26645,74.0,-1725282.802625298,-1826174.229536572,0.9292470881383713,44193.18912315369,1233428.4920654297,28887.411705970764,102915.0,106771.92818522453,253279.96991729736,1725282.8018739223,0.4887875040110789,0.0010614580738834583,0.009787308548479095,0.007897269048139845,0.9884994029998779,,0.018704000000000005,-2423478.9413265483,0.6702755891296961
74,27010,74.7,-1589811.4896095153,-1804005.835335798,0.883693977741346,60790.0457367897,978590.4510498047,40981.12313699722,132415.0,138283.71651721,299541.1997718811,1589811.490475893,0.4887875040110789,0.0010614580738834583,0.009787308548479095,0.007897269048139845,0.9884994029998779,,0.018704000000000005,-2423478.9413265483,0.6702755891296961
75,27375,76.6,-1730908.0463413515,-1792545.9216539848,0.8443338145948436,83172.31756591797,957403.9055175781,54468.100916326046,154805.0,156508.96366649866,407722.07737731934,1730908.0474777222,0.4887875040110789,0.0010614580738834583,0.009787308548479095,0.007897269048139845,0.9884994029998779,,0.018704000000000005,-1550283.4135332652,0.8042260342264829
76,27740,78.1,-1602620.5721598307,-1773596.712118781,0.8509272420243041,67709.97849273682,974624.2121582031,46386.97395515442,148895.0,127290.724152565,305423.6614379883,1602620.5717039108,0.5559818321152737,0.0012181319844354508,0.007353130144397973,0.009596486808732152,0.9850442409515381,,0.01865,-1550283.4135332652,0.8042260342264829
77,28105,78.9,-1587379.4842560426,-1757760.2420408193,0.8882157185306288,65329.3208656311,966414.7587890625,42608.54946041107,126915.0,135242.40262794495,316198.77604675293,1587379.4869241714,0.5559818321152737,0.0012181319844354508,0.007353130144397973,0.009596486808732152,0.9850442409515381,,0.01865,-1550283.4135332652,0.8042260342264829
78,28470,79.6,-1647569.0198254683,-1750165.40190956,0.9100241634943714,61482.911757946014,1049755.994506836,38714.69819879532,111510.0,108818.70889997482,338769.6224975586,1647569.0241031647,0.5559818321152737,0.0012181319844354508,0.007353130144397973,0.009596486808732152,0.9850442409515381,,0.01865,-1550283.4135332652,0.8042260342264829
79,28835,81.0,-1614596.1477747995,-1728337.9311944875,0.864835026819412,63624.28939247131,966716.2342529297,44301.248931884766,139190.0,135886.38108551502,328502.2828063965,1614596.147076726,0.4929937461489125,0.0011159753336725867,0.00879789654802727,0.0069807718973606825,0.9887689352035522,,0.018596,-1550283.4135332652,0.8042260342264829
80,29200,81.7,-1595402.3752156436,-1716552.7789536666,0.9044775523551523,63501.35183143616,989895.0075683594,39933.683773994446,114575.0,102103.15054890513,348895.5259170532,1595402.3678083122,0.4929937461489125,0.0011159753336725867,0.00879789654802727,0.0069807718973606825,0.9887689352035522,,0.018596,-1550283.4135332652,0.8042260342264829
81,29565,82.4,-1603413.8941816133,-1707246.2746553093,0.9128292274801698,56183.78759765625,1050613.4213867188,35878.1743888855,108780.0,105443.72374199331,302698.5707397461,1603413.8902573436,0.4929937461489125,0.0011159753336725867,0.00879789654802727,0.0069807718973606825,0.9887689352035522,,0.018596,-1550283.4135332652,0.8042260342264829
82,29930,83.8,-1556669.4439578722,-1696563.2207672186,0.9305192401964371,43557.86950969696,1144847.6407470703,28452.863018512726,92900.0,56287.73502922058,234181.20707702637,1556669.44587183,0.44066822764120606,0.0010693458449455456,0.008093047592985002,0.00706416994676386,0.988622784614563,,0.018542000000000003,-1550283.4135332652,0.8042260342264829
83,30295,84.5,-1553700.0049742244,-1676825.5480849561,0.8829488829390644,61374.05925321579,962935.9506835938,41472.27717399597,124620.0,116616.10429871082,308055.6735839844,1553700.005740285,0.44066822764120606,0.0010693458449455456,0.008093047592985002,0.00706416994676386,0.988622784614563,,0.018542000000000003,-1550283.4135332652,0.8042260342264829
84,30660,85.1,-1557414.319166888,-1665786.2674288447,0.865818148606444,61729.539752960205,956898.5367431641,43302.60907936096,134495.0,119856.43516331911,302861.739692688,1557414.3206785321,0.44066822764120606,0.0010693458449455456,0.008093047592985002,0.00706416994676386,0.988622784614563,,0.018542000000000003,-1550283.4135332652,0.8042260342264829
85,31025,86.5,-1563607.9645362338,-1652563.3942646352,0.8819924124299663,60589.65649175644,975361.6978759766,40988.163660526276,125160.0,107543.51200664043,314554.5950803757,1563607.968623519,0.4532665073087341,0.0010424873873585295,0.008833500397342601,0.007427551244434558,0.9871812462806702,,0.018488000000000004,-1550283.4135332652,0.8042260342264829
86,31390,87.3,-1535158.9987326872,-1645883.2965130375,0.9074538869400547,59105.72588825226,990345.1684570312,37627.84425354004,109680.0,100327.88486361504,297178.0962982178,1535158.993872404,0.4532665073087341,0.0010424873873585295,0.008833500397342601,0.007427551244434558,0.9871812462806702,,0.018488000000000004,-1550283.4135332652,0.8042260342264829
87,31755,88.7,-1518828.5232479186,-1632992.9848734355,0.8935756312657709,61225.04710674286,950449.7685546875,39499.56946849823,118710.0,97276.65379881859,312892.5336303711,1518828.5254523754,0.4307825267314911,0.001150406827515613,0.009387099956113257,0.006126008701118592,0.9888565540313721,,0.018452000000000003,-1550283.4135332652,0.8042260342264829
88,32120,89.4,-1523453.3275762852,-1624582.413550527,0.8683707433204129,58841.00825500488,972055.2902832031,41594.31615447998,129795.0,103326.44217038155,276682.2800292969,1523453.3286373615,0.4307825267314911,0.001150406827515613,0.009387099956113257,0.006126008701118592,0.9888565540313721,,0.018452000000000003,-1550283.4135332652,0.8042260342264829
89,32485,90.1,-1636939.3820664757,-1618861.4201949576,0.8471264277418998,81033.77168560028,945308.1041259766,53313.32510948181,142385.0,110216.47478580475,385716.4783782959,1636939.382399559,0.4307825267314911,0.001150406827515613,0.009387099956113257,0.006126008701118592,0.9888565540313721,,0.018452000000000003,-1550283.4135332652,0.8042260342264829
90,32850,91.5,-1505307.0121764836,-1605716.326199194,0.8782542019674223,59429.010164260864,954245.3198242188,40991.04928779602,123865.0,97311.65258407593,288893.9949874878,1505307.0166835785,0.4681197287220704,0.001042459294120291,0.0071429871757955924,0.00843984864063953,0.9842000603675842,,0.018398000000000005,-1550283.4135332652,0.8042260342264829
91,33215,92.2,-1487628.597214299,-1592429.2783270373,0.8589683439633617,60976.32035064697,950953.0308837891,42607.15169620514,133080.0,81959.2343480587,279029.18159484863,1487628.5985229015,0.4681197287220704,0.001042459294120291,0.0071429871757955924,0.00843984864063953,0.9842000603675842,,0.018398000000000005,-1550283.4135332652,0.8042260342264829
92,33580,92.9,-1615504.1103787425,-1587559.7758008838,0.8447403702017379,81987.00638580322,918436.0778808594,53744.936307907104,141705.0,114230.96040153503,387387.1389465332,1615504.1135368347,0.4681197287220704,0.001042459294120291,0.0071429871757955924,0.00843984864063953,0.9842000603675842,,0.018398000000000005,-1550283.4135332652,0.8042260342264829
93,33945,94.3,-1492504.1236890592,-1575920.8418540717,0.9094643274398699,56720.200768470764,988591.8399658203,36282.71687412262,102800.0,71687.53837513921,293142.0339050293,1492504.1291201115,0.43424910385357707,0.0008231654732490393,0.0046595523293179114,0.00821531317074244,0.9845966100692749,,0.018344,-1550283.4135332652,0.8042260342264829
94,34310,95.0,-1540750.771564167,-1573467.8059518044,0.8496411896731756,78935.41501617432,909682.6616210938,52125.094146728516,135810.0,103099.9542260468,340033.0592651367,1540750.7692590058,0.43424910385357707,0.0008231654732490393,0.0046595523293179114,0.00821531317074244,0.9845966100692749,,0.018344,-1550283.4135332652,0.8042260342264829
95,34675,95.7,-1517720.334177347,-1562808.420343604,0.924156712342615,47322.20084476471,1085280.349609375,31053.211431980133,89060.0,50277.657185431555,262049.11656188965,1517720.3347886764,0.43424910385357707,0.0008231654732490393,0.0046595523293179114,0.00821531317074244,0.9845966100692749,,0.018344,-1550283.4135332652,0.8042260342264829
96,35040,97.1,-1514726.6218615363,-1558413.7228286895,0.9309379329420115,39875.90827846527,1142342.4714355469,27231.02210712433,85165.0,34767.48593664169,225220.63691711426,1514726.6163964272,0.37739699020197515,0.0007828192680168094,0.004752443551919178,0.0069866380347919305,0.9865480065345764,,0.01829,-1550283.4135332652,0.8042260342264829
97,35405,97.8,-1482879.7308141086,-1553188.7351565927,0.90620140245516,59708.423243522644,951086.8930664062,38041.68771457672,104880.0,66298.55836009979,322572.5918121338,1482879.7309532166,0.37739699020197515,0.0007828192680168094,0.004752443551919178,0.0069866380347919305,0.9865480065345764,,0.01829,-1550283.4135332652,0.8042260342264829
98,35770,98.5,-1511545.3488166989,-1546387.551606154,0.9014130236351326,64147.94786262512,937966.8258056641,40186.489599227905,107875.0,84740.80963039398,340776.2234992981,1511545.348534584,0.37739699020197515,0.0007828192680168094,0.004752443551919178,0.0069866380347919305,0.9865480065345764,,0.01829,-1550283.4135332652,0.8042260342264829
99,36135,99.9,-1487631.625182097,-1540039.3254765193,0.9184658963386326,50725.179973602295,1029727.1654052734,32832.87345075607,93485.0,49970.83361649327,281615.75664520264,1487631.6291177254,0.33889165246172953,0.0007724960528082049,0.006603307899479803,0.006067135928835916,0.9884124398231506,,0.018236000000000002,-1550283.4135332652,0.8042260342264829
100,36500,101.8,-1428663.3542196327,-1531702.3744267183,0.8921913057157438,60223.97276687622,917915.3590087891,38889.271916389465,112350.0,65488.92737841606,294019.78929901123,1428663.3476026058,0.33889165246172953,0.0007724960528082049,0.006603307899479803,0.006067135928835916,0.9884124398231506,,0.018236000000000002,-1459052.243809876,0.8282609183494358
101,36865,103.3,-1456549.4980997269,-1524359.1546226242,0.8598258720685358,60912.809841156006,936985.580078125,42747.24806022644,130855.0,73672.14147722721,272289.5261001587,1456549.4957157373,0.37100785225629807,0.0009359385704604057,0.007150750417311333,0.007101336880096872,0.9853293895721436,,0.0182,-1459052.243809876,0.8282609183494358
102,37230,104.0,-1403103.5777744877,-1516680.8613134548,0.8671444404615115,58331.03707122803,925470.974609375,41954.71747303009,124245.0,59158.735801935196,252274.1447906494,1403103.5726749897,0.37100785225629807,0.0009359385704604057,0.007150750417311333,0.007101336880096872,0.9853293895721436,,0.0182,-1459052.243809876,0.8282609183494358
103,37595,104.7,-1463416.834284465,-1512166.7027789669,0.8637854466699574,59323.19141960144,947579.1589355469,42164.64950656891,127065.0,82135.95676898956,264472.06939697266,1463416.834608078,0.37100785225629807,0.0009359385704604057,0.007150750417311333,0.007101336880096872,0.9853293895721436,,0.0182,-1459052.243809876,0.8282609183494358
104,37960,106.2,-1559215.1010447883,-1512256.741872862,0.8412373879184462,79944.20219612122,899097.8570556641,52927.04535675049,139290.0,101496.99560427666,366403.1999511719,1559215.097967863,0.4092875021068673,0.000866885280773108,0.005471480523211588,0.008159768847307484,0.9819203615188599,,0.018146000000000002,-1459052.243809876,0.8282609183494358
105,38325,106.9,-1428185.9295805865,-1505485.6401250798,0.8969504771167285,62989.99034023285,904034.0229492188,40101.89238834381,109970.0,57026.443131029606,317053.5697860718,1428185.928254664,0.4092875021068673,0.000866885280773108,0.005471480523211588,0.008159768847307484,0.9819203615188599,,0.018146000000000002,-1459052.243809876,0.8282609183494358
106,38690,107.6,-1438675.9091931665,-1500661.4856481035,0.8980176768890799,63783.5529794693,903610.1824951172,40330.67945098877,109840.0,58831.06528568268,326063.9809398651,1438675.9081716537,0.4092875021068673,0.000866885280773108,0.005471480523211588,0.008159768847307484,0.9819203615188599,,0.018146000000000002,-1459052.243809876,0.8282609183494358
107,39055,109.0,-1454212.3180794003,-1497430.6753896778,0.863020336954561,60885.669630527496,933663.7489013672,42731.81955242157,129050.0,63460.52023538947,285306.23126220703,1454212.3199513853,0.37008630915691976,0.0008404409471423653,0.005719368921984967,0.006603154353797436,0.9857245087623596,,0.018092000000000004,-1459052.243809876,0.8282609183494358
108,39420,109.7,-1550176.281455192,-1498766.8230836228,0.8461088631251087,77240.31456756592,911962.5329589844,51005.82060623169,142090.0,76173.88948392868,368944.03775787354,1550176.2808070183,0.37008630915691976,0.0008404409471423653,0.005719368921984967,0.006603154353797436,0.9857245087623596,,0.018092000000000004,-1459052.243809876,0.8282609183494358
109,39785,110.4,-1393875.9869244834,-1486613.6533265233,0.8578406497223736,62329.67574310303,904994.7576904297,43378.094621658325,134515.0,58197.58432817459,252790.54986953735,1393875.9865098,0.37008630915691976,0.0008404409471423653,0.005719368921984967,0.006603154353797436,0.9857245087623596,,0.018092000000000004,-1459052.243809876,0.8282609183494358
110,40150,111.8,-1542481.2689165697,-1488472.3661635278,0.8456626433215729,77664.6655330658,927568.9545898438,51057.33965301514,141200.0,64990.63519525528,357664.3366088867,1542481.266047001,0.4113379760008109,0.0008108995298243826,0.005073681233242448,0.009565256536006927,0.978184700012207,,0.018038000000000005,-1459052.243809876,0.8282609183494358
111,40515,112.5,-1424027.9832869582,-1485292.3354671607,0.9160220531568135,51755.496050834656,992666.4822998047,33539.46189451218,95865.0,37198.55815410614,264758.4767074585,1424027.9790558815,0.4113379760008109,0.0008108995298243826,0.005073681233242448,0.009565256536006927,0.978184700012207,,0.018038000000000005,-1459052.243809876,0.8282609183494358
112,40880,113.2,-1350830.7060572773,-1472058.6652510874,0.884959544710917,56891.35587501526,909502.4376220703,39322.276456832886,117660.0,40948.1283788681,243397.86395263672,1350830.706410408,0.4113379760008109,0.0008108995298243826,0.005073681233242448,0.009565256536006927,0.978184700012207,,0.018038000000000005,-1459052.243809876,0.8282609183494358
113,41245,114.7,-1380955.907285281,-1466481.2544308982,0.8615207169153919,59645.33009433746,911539.4637451172,42302.19961357117,129345.0,46773.06922322512,250996.17561340332,1380955.9081953168,0.3578597965993379,0.0007777277891555537,0.004626625464114018,0.0069497708770397465,0.9848730564117432,,0.017984,-1459052.243809876,0.8282609183494358
114,41610,115.3,-1423511.2650757749,-1460619.2791064787,0.9062457287148253,59585.30952835083,922059.2347412109,37953.27126407623,103595.0,51405.06608250737,308498.69020843506,1423511.2622962296,0.3578597965993379,0.0007777277891555537,0.004626625464114018,0.0069497708770397465,0.9848730564117432,,0.017984,-1459052.243809876,0.8282609183494358
115,41975,116.0,-1451872.6723032463,-1457326.8960127737,0.9290253864575739,42287.1841545105,1070191.8319091797,28442.355770468712,84050.0,18844.536040067673,250343.9457244873,1451872.6694442034,0.3578597965993379,0.0007777277891555537,0.004626625464114018,0.0069497708770397465,0.9848730564117432,,0.017984,-1459052.243809876,0.8282609183494358
116,42340,117.5,-1356495.012877163,-1449415.3155635553,0.8842163512151535,53788.77620220184,934510.1853027344,37646.77245283127,118130.0,41439.85208526254,224768.203540802,1356495.0133816302,0.3152749746253616,0.0007882302053124141,0.005939416734403686,0.006229939839900716,0.9863760471343994,,0.01793,-1459052.243809876,0.8282609183494358
117,42705,118.2,-1376713.8872266065,-1444107.02338418,0.9125309119485829,50366.59780597687,968202.7508544922,32930.06830358505,100510.0,39017.32420825958,236053.74604797363,1376713.8894143105,0.3152749746253616,0.0007882302053124141,0.005939416734403686,0.006229939839900716,0.9863760471343994,,0.01793,-1459052.243809876,0.8282609183494358
118,43070,119.6,-1393847.1235798837,-1438222.1121223394,0.9252494144113097,44260.52674865723,1037017.6281738281,29268.55313062668,89965.0,33970.2193505764,203625.72369384766,1393847.1243488789,0.3035605291002675,0.0006218543801782959,0.00471228884998709,0.005460469493348347,0.9877589344978333,,0.017894,-1459052.243809876,0.8282609183494358
119,43435,120.3,-1368301.6228714238,-1432255.6120068056,0.8839357781083617,55715.31400966644,914924.4552001953,38840.016092300415,118295.0,44295.19060468301,251946.96451568604,1368301.6264128648,0.3035605291002675,0.0006218543801782959,0.00471228884998709,0.005460469493348347,0.9877589344978333,,0.017894,-1459052.243809876,0.8282609183494358
120,43800,121.0,-1355385.0987923364,-1428591.699235441,0.8837620047673788,55148.16214942932,910713.2626953125,38377.364391326904,117190.0,37152.037591040134,251952.4370727539,1355385.1017504334,0.3035605291002675,0.0006218543801782959,0.00471228884998709,0.005460469493348347,0.9877589344978333,,0.017894,-1459052.243809876,0.8282609183494358
121,44165,122.4,-1386475.6488566087,-1425088.006773285,0.9114320203049542,54474.08010005951,943275.8381347656,35141.359835624695,100075.0,33520.18807697296,274463.26012420654,1386475.6461715698,0.3189926661158863,0.0005775486768853673,0.004246226530277023,0.005860636078164373,0.9861398339271545,,0.01784,-1459052.243809876,0.8282609183494358
122,44530,123.1,-1799489.8117074613,-1444907.3184699337,0.9289186185353423,40782.796617507935,1302327.1981201172,27916.83193588257,82720.0,26902.630787137896,359623.1577758789,1799489.8186190166,0.3189926661158863,0.0005775486768853673,0.004246226530277023,0.005860636078164373,0.9861398339271545,,0.01784,-1459052.243809876,0.8282609183494358
123,44895,123.9,-1320138.8260995522,-1437743.4180606883,0.8837919277687595,54079.38022136688,913293.763671875,37822.26551055908,116805.0,41697.784507751465,210520.00881958008,1320138.8225097656,0.3189926661158863,0.0005775486768853673,0.004246226530277023,0.005860636078164373,0.9861398339271545,,0.01784,-1459052.243809876,0.8282609183494358
124,45260,125.3,-1334962.528437584,-1426530.7894303282,0.9016324373140727,57569.53677558899,896385.8099365234,37218.58528518677,107880.0,32115.264662981033,261362.8684463501,1334962.5283310413,0.29005888575001765,0.0006971020810803901,0.005171926407216999,0.0076795652582261125,0.9820040464401245,,0.017786000000000003,-1459052.243809876,0.8282609183494358
125,45625,127.1,-1305646.7397619374,-1420403.8299393954,0.8714856206554256,53299.39514255524,916782.8566894531,39043.029733181,122595.0,38949.02106940746,188276.83129882812,1305646.7387908697,0.29005888575001765,0.0006971020810803901,0.005171926407216999,0.0076795652582261125,0.9820040464401245,,0.017786000000000003,-1433893.324906258,0.833666851422558
126,45990,127.8,-1352488.2218080987,-1416094.445570142,0.9123970012142234,50372.3567943573,955269.453125,33238.67632102966,96200.0,25646.614285111427,242133.47811698914,1352488.2218481302,0.29005888575001765,0.0006971020810803901,0.005171926407216999,0.0076795652582261125,0.9820040464401245,,0.017786000000000003,-1433893.324906258,0.833666851422558
127,46355,129.3,-1297654.2022885666,-1408266.5397806005,0.899744598832849,55758.16033363342,886986.2374267578,36415.478684425354,106545.0,26746.689865589142,240960.7928466797,1297654.198823452,0.3104595530189966,0.0006789719213166359,0.004735310880565329,0.006312926195708937,0.9844182729721069,,0.017732000000000005,-1433893.324906258,0.833666851422558
128,46720,130.0,-1338233.333852983,-1397669.39240049,0.8669087677785795,54365.12409210205,907517.546875,39706.168723106384,123645.0,42571.37371826172,224793.24085998535,1338233.3301763535,0.3104595530189966,0.0006789719213166359,0.004735310880565329,0.006312926195708937,0.9844182729721069,,0.017732000000000005,-1433893.324906258,0.833666851422558
129,47085,130.7,-1357932.7141636151,-1395872.2287624464,0.9141291401157641,47912.90002441406,980721.3532714844,31919.447226524353,93905.0,25728.83872282505,225658.07527160645,1357932.7144924402,0.3104595530189966,0.0006789719213166359,0.004735310880565329,0.006312926195708937,0.9844182729721069,,0.017732000000000005,-1433893.324906258,0.833666851422558
130,47450,132.1,-1306097.1190871955,-1384053.021270978,0.884034919085568,52300.02274799347,906963.3160400391,36881.307240486145,116315.0,38133.86903190613,207803.6219177246,1306097.114230156,0.3044830388144443,0.000648706185338118,0.004864876731421407,0.006502931766015918,0.9837023019790649,,0.017678,-1433893.324906258,0.833666851422558
131,47815,132.8,-1371399.4491212154,-1381421.5945626907,0.8544760047572932,66457.13934993744,902278.1507568359,45817.53258419037,132640.0,40781.205035209656,249882.55754089355,1371399.4459171295,0.3044830388144443,0.000648706185338118,0.004864876731421407,0.006502931766015918,0.9837023019790649,,0.017678,-1433893.324906258,0.833666851422558
132,48180,134.2,-1367532.3231959855,-1382256.675419626,0.9254236560978302,42145.35514450073,1021322.5255126953,28242.462178230286,87350.0,21326.078058302402,209291.2579650879,1367532.323714316,0.3034248983389453,0.0006760681474253559,0.005389832621930461,0.006731255776493957,0.9831405878067017,,0.017642000000000005,-1433893.324906258,0.833666851422558
133,48545,134.9,-1327601.9377759374,-1379588.9769441588,0.8829836876425025,53827.9930896759,905081.6828613281,38135.84124994278,116930.0,37889.806854486465,229564.60829162598,1327601.9392573833,0.3034248983389453,0.0006760681474253559,0.005389832621930461,0.006731255776493957,0.9831405878067017,,0.017642000000000005,-1433893.324906258,0.833666851422558
134,48910,135.7,-1351742.1328255653,-1376000.5203316484,0.9124455300095963,48150.54270839691,948928.1265869141,32020.207222938538,97020.0,30869.049109458923,242904.74757766724,1351742.1304969788,0.3034248983389453,0.0006760681474253559,0.005389832621930461,0.006731255776493957,0.9831405878067017,,0.017642000000000005,-1433893.324906258,0.833666851422558
135,49275,137.1,-1297017.6153175766,-1368257.7674823648,0.8611282337201784,53843.37145805359,895407.5345458984,39040.83165550232,129600.0,28780.65812820196,204188.59381103516,1297017.6181406379,0.29659157324778407,0.0007359671810837952,0.0057038424512077315,0.006521664731400578,0.9832541942596436,,0.017588,-1433893.324906258,0.833666851422558
136,49640,137.8,-1286621.0751164828,-1364764.0705943306,0.8831802511868412,50674.51169204712,902591.1257324219,36167.81454849243,118220.0,35407.872000187635,194234.26768493652,1286621.0799660385,0.29659157324778407,0.0007359671810837952,0.0057038424512077315,0.006521664731400578,0.9832541942596436,,0.017588,-1433893.324906258,0.833666851422558
137,50005,138.5,-1473844.0231756773,-1369620.5773917842,0.848241949571322,70498.76364707947,918394.3215332031,47282.84983062744,140555.0,54906.02338409424,312705.8279533386,1473844.0227012634,0.29659157324778407,0.0007359671810837952,0.0057038424512077315,0.006521664731400578,0.9832541942596436,,0.017588,-1433893.324906258,0.833666851422558
138,50370,139.9,-1312506.2283217064,-1365553.532628875,0.89499281987752,54093.16653394699,900211.3620605469,36124.18240404129,113085.0,31348.177080631256,231737.50691223145,1312506.2284574509,0.33001957794553355,0.0007139999069247432,0.00575791744172181,0.007695526497340516,0.9799537658691406,,0.017534,-1433893.324906258,0.833666851422558
139,50735,140.6,-1284211.5999849313,-1361349.0314845506,0.8750355132638592,49455.745018959045,915678.6087646484,36582.4432849884,123610.0,32507.58145046234,175832.96336364746,1284211.5968637466,0.33001957794553355,0.0007139999069247432,0.00575791744172181,0.007695526497340516,0.9799537658691406,,0.017534,-1433893.324906258,0.833666851422558
140,51100,141.3,-1340473.7015294475,-1360603.4616214065,0.9062056655753149,52304.93748188019,919035.6784667969,34277.519062042236,105380.0,29845.60554933548,251934.89080810547,1340473.69388628,0.33001957794553355,0.0007139999069247432,0.00575791744172181,0.007695526497340516,0.9799537658691406,,0.017534,-1433893.324906258,0.833666851422558
141,51465,142.7,-1282015.6980021563,-1355380.4640786839,0.8762745029305758,50328.06899833679,904051.5655517578,37068.69856643677,122835.0,31811.62341070175,186248.8120727539,1282015.6996016502,0.3069456086346978,0.0006704229121360664,0.004774662497526917,0.0064912376263620035,0.982791543006897,,0.017480000000000002,-1433893.324906258,0.833666851422558
142,51830,143.4,-1304575.313332279,-1330634.7391599244,0.8843131945557791,50295.596232414246,904840.5412597656,35874.121064186096,118380.0,39260.89834821224,206219.75633239746,1304575.3170045614,0.3069456086346978,0.0006704229121360664,0.004774662497526917,0.0064912376263620035,0.982791543006897,,0.017480000000000002,-1433893.324906258,0.833666851422558
143,52195,144.1,-1299256.8837575205,-1329590.642042823,0.9011569999668696,56749.29989719391,874519.2467041016,36631.116903305054,109580.0,25693.79402065277,252832.734249115,1299256.8918771744,0.3069456086346978,0.0006704229121360664,0.004774662497526917,0.0064912376263620035,0.982791543006897,,0.017480000000000002,-1433893.324906258,0.833666851422558
144,52560,145.6,-1397373.6272910058,-1332711.1969854939,0.9283430893127232,40171.82695102692,1045493.7547607422,27162.819301128387,84325.0,14969.393094062805,225422.6579437256,1397373.625099659,0.296993473250615,0.0006562031999955683,0.004881474014837295,0.0063917080344828335,0.983221709728241,,0.017426000000000004,-1433893.324906258,0.833666851422558
145,52925,146.3,-1413237.160353161,-1338090.7180150552,0.8505374219319591,73357.55348968506,882589.7727050781,49461.56867980957,135665.0,47326.283575298265,298194.5329589844,1413237.1579191703,0.296993473250615,0.0006562031999955683,0.004881474014837295,0.0063917080344828335,0.983221709728241,,0.017426000000000004,-1433893.324906258,0.833666851422558
146,53290,147.7,-1316341.7432101362,-1336283.3940851572,0.8772274992237352,51653.312067985535,909609.2110595703,37841.76336288452,122260.0,30007.89354133606,216622.87530517578,1316341.7432689667,0.29231395141074534,0.00071167696483156,0.005094293962477087,0.006721249824438833,0.9831472635269165,,0.017390000000000003,-1433893.324906258,0.833666851422558
147,53655,148.4,-1300284.9209787785,-1336414.9300196678,0.9048025738703062,55014.97071647644,880612.7261962891,35852.61649894714,105195.0,20886.072472810745,257738.50442504883,1300284.9195930958,0.29231395141074534,0.00071167696483156,0.005094293962477087,0.006721249824438833,0.9831472635269165,,0.017390000000000003,-1433893.324906258,0.833666851422558
148,54020,149.1,-1349486.6874275524,-1336977.5976983965,0.9262923315779804,38853.41147327423,1024962.556640625,26751.60080909729,85625.0,14718.634630143642,197428.89797210693,1349486.6900519729,0.29231395141074534,0.00071167696483156,0.005094293962477087,0.006721249824438833,0.9831472635269165,,0.017390000000000003,-1433893.324906258,0.833666851422558
149,54385,150.5,-1337607.0040340144,-1335961.3121919162,0.9186328171050712,45756.417837142944,976761.1555175781,30606.669863700867,91250.0,15931.922373771667,223057.25450897217,1337607.0022640228,0.2424727352826219,0.0005730311149339908,0.0037467019681475663,0.005446707143595344,0.9869080781936646,,0.017336,-1433893.324906258,0.833666851422558
150,54750,152.4,-1298955.155265674,-1335604.2140008402,0.9008725450463491,54563.44180679321,888162.0786132812,36011.665667533875,104175.0,22617.36852377653,247989.04545593262,1298955.1582605243,0.2424727352826219,0.0005730311149339908,0.0037467019681475663,0.005446707143595344,0.9869080781936646,,0.017336,-1417993.742456229,0.8332670786609389
151,55115,153.2,-1277067.5113329906,-1330887.6171114289,0.8546734413055525,63736.730030059814,856011.9400634766,44664.934659957886,132960.0,24693.96783399582,218736.67100524902,1277067.5135626793,0.2424727352826219,0.0005730311149339908,0.0037467019681475663,0.005446707143595344,0.9869080781936646,,0.017336,-1417993.742456229,0.8332670786609389
152,55480,154.8,-1334837.195993085,-1329252.8607512838,0.9221625550152505,41017.25459194183,994278.9239501953,28004.49877166748,88580.0,13028.23670721054,210945.53322601318,1334837.1926550865,0.2768252660569392,0.0007281234512016741,0.005111694339001061,0.007014839940606372,0.9824610352516174,,0.017282000000000002,-1417993.742456229,0.8332670786609389
153,55845,155.6,-1290298.096354401,-1327387.6686802073,0.8677526763040726,52909.753034591675,891476.2911376953,38857.83194732666,127510.0,25366.393644571304,207087.58128356934,1290298.0980131626,0.2768252660569392,0.0007281234512016741,0.005111694339001061,0.007014839940606372,0.9824610352516174,,0.017282000000000002,-1417993.742456229,0.8332670786609389
154,56210,156.5,-1293783.7825214604,-1324489.751165002,0.8642440529718791,52833.75453853607,896940.4921875,38915.83345794678,129670.0,21294.989827275276,206962.4679107666,1293783.7833834887,0.2768252660569392,0.0007281234512016741,0.005111694339001061,0.007014839940606372,0.9824610352516174,,0.017282000000000002,-1417993.742456229,0.8332670786609389
155,56575,158.1,-1428752.8861397116,-1331076.5147061087,0.8472882767246194,73485.23783016205,871730.2259521484,49134.80710601807,139565.0,40589.518560647964,327733.33448791504,1428752.8861067295,0.29642821377829504,0.0006508365494913672,0.004546583761877723,0.007177435033219426,0.979992687702179,,0.017228,-1417993.742456229,0.8332670786609389
156,56940,158.9,-1297081.3535025718,-1331599.5286254133,0.9112460515270494,50219.35836029053,915677.5084228516,33214.4728512764,100350.0,19297.848059475422,228541.52229309082,1297081.3516266942,0.29642821377829504,0.0006508365494913672,0.004546583761877723,0.007177435033219426,0.979992687702179,,0.017228,-1417993.742456229,0.8332670786609389
157,57305,159.7,-1318093.4034387944,-1323811.997638569,0.9296279678606008,35892.22144603729,1037939.0257568359,25172.846932411194,84970.0,9887.501560211182,160124.03135299683,1318093.4056024551,0.29642821377829504,0.0006508365494913672,0.004546583761877723,0.007177435033219426,0.979992687702179,,0.017228,-1417993.742456229,0.8332670786609389
158,57670,161.3,-1392303.4427224603,-1327801.8583586067,0.8496342167462388,72732.55652427673,860844.4714355469,48954.91274642944,136255.0,36681.374064326286,309567.6879043579,1392303.4461506605,0.2635975362438905,0.0005815537529806056,0.004279956489642102,0.006736582316654294,0.9829645752906799,,0.017174000000000002,-1417993.742456229,0.8332670786609389
159,58035,162.0,-1269227.698450983,-1327052.6632819094,0.8824544277909684,51475.820150375366,892988.3127441406,36767.107109069824,117955.0,19623.459302931995,201893.8232574463,1269227.7024135888,0.2635975362438905,0.0005815537529806056,0.004279956489642102,0.006736582316654294,0.9829645752906799,,0.017174000000000002,-1417993.742456229,0.8332670786609389
160,58400,163.4,-1253742.9788619103,-1322716.1271485323,0.9051356514839277,53567.461391448975,871253.6225585938,34953.385142326355,106705.0,16731.134697556496,224099.83741760254,1253742.9798160791,0.29018208698222514,0.0007362472465741264,0.0053542287818058145,0.007284379460064596,0.9806151986122131,,0.017138,-1417993.742456229,0.8332670786609389
161,58765,164.2,-1433625.5437679386,-1330296.6194368217,0.846461628724451,70019.62049245834,903751.7443847656,47372.076177597046,140545.0,39241.87660509348,302714.8448410034,1433625.5420084596,0.29018208698222514,0.0007362472465741264,0.0053542287818058145,0.007284379460064596,0.9806151986122131,,0.017138,-1417993.742456229,0.8332670786609389
162,59130,164.9,-1289920.83772567,-1329563.895656491,0.8639972792912836,51914.7350358963,899128.6560058594,38150.58048248291,129795.0,30372.742970228195,192473.8589706421,1289920.8384292126,0.29018208698222514,0.0007362472465741264,0.0053542287818058145,0.007284379460064596,0.9806151986122131,,0.017138,-1417993.742456229,0.8332670786609389
163,59495,166.4,-1292318.8622126325,-1329216.9945792467,0.9120942693867096,49733.5910282135,923402.7790527344,32878.210478782654,101420.0,15081.970777988434,219535.90255737305,1292318.8628668785,0.29804630499137075,0.0007781862978893179,0.005253574311561687,0.007968797587397458,0.979170024394989,,0.017084000000000002,-1417993.742456229,0.8332670786609389
164,59860,167.1,-1265084.6553956144,-1322602.5459844773,0.8600130770304432,55910.15575218201,858887.5391845703,40280.54361152649,133020.0,21162.642367362976,211733.93351745605,1265084.6586809158,0.29804630499137075,0.0007781862978893179,0.005253574311561687,0.007968797587397458,0.979170024394989,,0.017084000000000002,-1417993.742456229,0.8332670786609389
165,60225,167.8,-1361800.1600096617,-1320030.6959673022,0.9279274259528069,39534.61259031296,1030065.2237548828,27080.449231147766,86240.0,9439.507586479187,208974.98264312744,1361800.1632156372,0.29804630499137075,0.0007781862978893179,0.005253574311561687,0.007968797587397458,0.979170024394989,,0.017084000000000002,-1417993.742456229,0.8332670786609389
166,60590,169.2,-1320225.786208428,-1320224.8981172168,0.9147380324259197,48324.083684921265,938320.9113769531,31896.066607952118,97080.0,14149.92088522017,238778.89390563965,1320225.792775765,0.263091868083728,0.0005734935857138847,0.004603068037938915,0.006101721836450069,0.9841939210891724,,0.017030000000000003,-1417993.742456229,0.8332670786609389
167,60955,169.9,-1344151.7897492375,-1322418.2415557397,0.9256082528258023,41657.95155906677,1005136.3159179688,28075.590171813965,89140.0,11868.331899642944,209931.5537033081,1344151.7916927338,0.263091868083728,0.0005734935857138847,0.004603068037938915,0.006101721836450069,0.9841939210891724,,0.017030000000000003,-1417993.742456229,0.8332670786609389
168,61320,170.6,-1230049.9718425153,-1316446.4057764881,0.8894809401198609,52360.81594371796,855225.1407470703,36057.739515304565,117155.0,19259.095545887947,202353.00016784668,1230049.9759761095,0.263091868083728,0.0005734935857138847,0.004603068037938915,0.006101721836450069,0.9841939210891724,,0.017030000000000003,-1417993.742456229,0.8332670786609389
169,61685,172.0,-1266722.8965025228,-1312902.2003999134,0.8692995149795323,52087.44633388519,883707.1840820312,38425.61549568176,128980.0,23502.328831911087,192107.76707458496,1266722.895484209,0.26190279188909027,0.00045683641555545985,0.002968236030459306,0.006248614671149929,0.983566403388977,,0.016976,-1417993.742456229,0.8332670786609389
170,62050,172.7,-1269599.0651095307,-1311434.3958921062,0.9030362292511822,53963.06214237213,870631.0629882812,35235.03632354736,108395.0,16592.306645065546,238745.6569290161,1269599.0628859103,0.26190279188909027,0.00045683641555545985,0.002968236030459306,0.006248614671149929,0.983566403388977,,0.016976,-1417993.742456229,0.8332670786609389
171,62415,173.3,-1432999.3148370115,-1319230.986067307,0.8475243628841557,73569.51917076111,863822.6395263672,49492.350481033325,141550.0,39213.300276994705,338921.0245513916,1432999.3148357868,0.26190279188909027,0.00045683641555545985,0.002968236030459306,0.006248614671149929,0.983566403388977,,0.016976,-1417993.742456229,0.8332670786609389
172,62780,174.7,-1240614.4667978005,-1314519.8496075429,0.8743814287120348,51315.63967323303,874548.486328125,37889.092785835266,125670.0,18618.821639060974,183888.0677947998,1240614.468547821,0.2957164445205739,0.0005469818787260968,0.0033036616831324003,0.007994877854607216,0.9781563878059387,,0.016922,-1417993.742456229,0.8332670786609389
173,63145,175.3,-1305079.9986223471,-1315258.9447209402,0.8545284583143992,61803.59182548523,862127.421875,43406.1266708374,135255.0,20216.925937652588,244074.52056884766,1305079.9950523376,0.2957164445205739,0.0005469818787260968,0.0033036616831324003,0.007994877854607216,0.9781563878059387,,0.016922,-1417993.742456229,0.8332670786609389
174,63510,176.6,-1258499.941990042,-1313494.752694369,0.8758662001727379,52502.02881240845,868518.1346435547,38439.98349428177,125055.0,14672.464619874954,211814.3572692871,1258499.9400269985,0.30358732374090897,0.0007986297961044903,0.004592895513939622,0.007386412692109221,0.9791707992553711,,0.016886,-1417993.742456229,0.8332670786609389
175,63875,178.5,-1335769.4250018892,-1308845.5796374779,0.9219229064575614,43989.243350982666,976508.7196044922,29563.984223365784,89355.0,9797.02596604824,230544.69398212433,1335769.4237760305,0.30358732374090897,0.0007986297961044903,0.004592895513939622,0.007386412692109221,0.9791707992553711,,0.016886,-1401902.6331493482,0.8354578115352213
176,64240,179.2,-1208524.012116821,-1304417.7125681904,0.8859613813766062,54243.814514160156,839392.4526367188,37848.36121559143,119350.0,15157.121948003769,196776.07501220703,1208524.010812521,0.30358732374090897,0.0007986297961044903,0.004592895513939622,0.007386412692109221,0.9791707992553711,,0.016886,-1401902.6331493482,0.8354578115352213
177,64605,180.6,-1290699.349939935,-1303048.0098932474,0.9123639890592392,48686.39661979675,933550.5150146484,32276.493408203125,97865.0,10828.415909290314,216178.92638015747,1290699.3507122993,0.2474664873198459,0.0005699726595450652,0.0042103549961833965,0.0058661674235114146,0.9846633672714233,,0.016832000000000003,-1401902.6331493482,0.8354578115352213
178,64970,181.3,-1371793.984236472,-1302022.5369689479,0.8444752355144448,73217.02554416656,845618.0559082031,49155.67115974426,142200.0,32268.91498684883,302551.33543014526,1371793.9774849415,0.2474664873198459,0.0005699726595450652,0.0042103549961833965,0.0058661674235114146,0.9846633672714233,,0.016832000000000003,-1401902.6331493482,0.8354578115352213
179,65335,181.9,-1260616.151348874,-1301591.9596138424,0.9043558657985844,52890.4117641449,856725.8327636719,34918.50730705261,105220.0,13862.952673196793,249888.85654449463,1260616.149288416,0.2474664873198459,0.0005699726595450652,0.0042103549961833965,0.0058661674235114146,0.9846633672714233,,0.016832000000000003,-1401902.6331493482,0.8354578115352213
180,65700,183.4,-1246629.108185307,-1301236.2660800125,0.8988274017425433,56960.03922557831,832527.1629638672,37077.256576538086,111180.0,15967.579707145691,249877.11361694336,1246629.1128644943,0.2829327034322839,0.0006268741099120234,0.003877874016516695,0.007827051572109523,0.9789037704467773,,0.016778,-1401902.6331493482,0.8354578115352213
181,66065,184.4,-1373299.3925868114,-1298219.9585209559,0.9255516303728705,41635.75845718384,1022369.2297363281,28359.704770088196,87020.0,6875.987376213074,228674.4714050293,1373299.3932876587,0.2829327034322839,0.0006268741099120234,0.003877874016516695,0.007827051572109523,0.9789037704467773,,0.016778,-1401902.6331493482,0.8354578115352213
182,66430,185.1,-1275623.2121121837,-1297505.077240282,0.8625391783779615,55829.56109046936,873982.7264404297,40547.131872177124,131685.0,17775.325449943542,211633.024559021,1275623.2083215714,0.2829327034322839,0.0006268741099120234,0.003877874016516695,0.007827051572109523,0.9789037704467773,,0.016778,-1401902.6331493482,0.8354578115352213
183,66795,186.6,-1236076.4623964156,-1294692.9572494712,0.8851213316394858,53536.54581069946,844674.0744628906,37540.80343866348,120710.0,13597.221546113491,219554.35916900635,1236076.458616674,0.2716295472101161,0.0005895408649418019,0.00467668500067176,0.006941298672341202,0.9818792939186096,,0.016724000000000003,-1401902.6331493482,0.8354578115352213
184,67160,187.2,-1203926.479280985,-1291635.0484437398,0.8967103362083435,56101.312841415405,815014.3454589844,36786.30688381195,114085.0,15373.756322860718,222667.06888198853,1203926.4775476456,0.2716295472101161,0.0005895408649418019,0.00467668500067176,0.006941298672341202,0.9818792939186096,,0.016724000000000003,-1401902.6331493482,0.8354578115352213
185,67525,187.9,-1415475.2747551862,-1294318.8041810158,0.8471727967262268,74797.08242416382,849682.3995361328,50244.53288459778,142650.0,36009.92599630356,336888.4162902832,1415475.2747073174,0.2716295472101161,0.0005895408649418019,0.00467668500067176,0.006941298672341202,0.9818792939186096,,0.016724000000000003,-1401902.6331493482,0.8354578115352213
186,67890,189.3,-1330123.579431307,-1294813.69384216,0.9172423849367115,47789.19156742096,944556.7634277344,31738.92207145691,95575.0,11515.518424272537,246737.3824005127,1330123.5863239765,0.2953374009383352,0.0005834292530715558,0.003997802740502122,0.007739940008736755,0.9787642359733582,,0.01667,-1401902.6331493482,0.8354578115352213
187,68255,190.0,-1291060.7971652406,-1292159.14421296,0.9076998645312165,54851.17408132553,881667.8098144531,35739.34222984314,103920.0,11829.86340546608,257903.7765045166,1291060.791954279,0.2953374009383352,0.0005834292530715558,0.003997802740502122,0.007739940008736755,0.9787642359733582,,0.01667,-1401902.6331493482,0.8354578115352213
188,68620,191.4,-1261675.3955581544,-1293740.415398742,0.8852743408451341,55983.37833595276,835198.3594970703,38396.15329170227,118775.0,13522.147467374802,255783.72944641113,1261675.3897025585,0.2611485927512771,0.0005787898757932309,0.003666392550497365,0.006419916128690697,0.9828992486000061,,0.016634000000000003,-1401902.6331493482,0.8354578115352213
189,68985,192.1,-1262416.24450803,-1293525.0827990174,0.8858556574338103,54966.24662017822,837354.4763183594,38072.11635017395,121735.0,19004.732582330704,246249.9174041748,1262416.2426550388,0.2611485927512771,0.0005787898757932309,0.003666392550497365,0.006419916128690697,0.9828992486000061,,0.016634000000000003,-1401902.6331493482,0.8354578115352213
190,69350,192.8,-1241694.7267631763,-1292129.8658816998,0.8570425152778626,55842.735825538635,838085.0181884766,40694.03241634369,136180.0,14989.23989534378,211746.44177246094,1241694.732272625,0.2611485927512771,0.0005787898757932309,0.003666392550497365,0.006419916128690697,0.9828992486000061,,0.016634000000000003,-1401902.6331493482,0.8354578115352213
191,69715,194.2,-1308172.3591304612,-1285888.518096372,0.9132553915454916,49710.859687805176,918239.2149658203,32693.34302330017,98920.0,11601.112065315247,246718.6890182495,1308172.3590726852,0.2830667660424584,0.0005153926288728957,0.0031687418660639147,0.006991432648838351,0.9812166094779968,,0.016580000000000004,-1401902.6331493482,0.8354578115352213
192,70080,194.9,-1407810.8518691934,-1294248.3373499415,0.8445097887352722,78808.14201927185,812297.3454589844,52374.47014045715,143775.0,28675.259919166565,370688.7759094238,1407810.851428032,0.2830667660424584,0.0005153926288728957,0.0031687418660639147,0.006991432648838351,0.9812166094779968,,0.016580000000000004,-1401902.6331493482,0.8354578115352213
193,70445,195.6,-1276609.1789930416,-1292824.7963684765,0.8610489330879629,57241.13624191284,849870.4676513672,41506.48971939087,133225.0,18327.695657730103,233679.52647399902,1276609.1795024872,0.2830667660424584,0.0005153926288728957,0.0031687418660639147,0.006991432648838351,0.9812166094779968,,0.016580000000000004,-1401902.6331493482,0.8354578115352213
194,70810,197.0,-1316311.0905436128,-1295715.3537961547,0.9168223152421925,49119.1702003479,924645.0335693359,32337.076743602753,96885.0,10643.332494735718,251800.6460647583,1316311.0888724327,0.29700174731643575,0.0004902869510069171,0.0033555951055237337,0.008535433903728662,0.9776186347007751,,0.016526,-1401902.6331493482,0.8354578115352213
195,71175,197.7,-1231181.7762047742,-1290485.9713562992,0.8690386099358127,55343.182443618774,832863.8569335938,40410.36121273041,127185.0,14041.891796708107,216680.6626586914,1231181.7726017237,0.29700174731643575,0.0004902869510069171,0.0033555951055237337,0.008535433903728662,0.9776186347007751,,0.016526,-1401902.6331493482,0.8354578115352213
196,71540,198.4,-1337954.6645962559,-1296957.503980271,0.9121813594478451,52073.59848403931,912161.6604003906,33925.53525543213,98585.0,10632.360471725464,282650.1087036133,1337954.6648311615,0.29700174731643575,0.0004902869510069171,0.0033555951055237337,0.008535433903728662,0.9776186347007751,,0.016526,-1401902.6331493482,0.8354578115352213
197,71905,199.8,-1353088.153910553,-1300076.9441788015,0.9239491774611277,45116.080545425415,976584.2336425781,30190.188817977905,88185.0,7079.496503829956,251049.23175048828,1353088.1507148743,0.2547720762851991,0.0005034338868139649,0.003108509803975099,0.0071253726798060696,0.9813962578773499,,0.016472,-1401902.6331493482,0.8354578115352213
198,72270,200.5,-1394316.7814467042,-1301203.084039313,0.8429540573734127,78239.39205932617,809070.32421875,52290.33688545227,140580.0,26844.16715337336,365531.9525375366,1394316.7807951123,0.2547720762851991,0.0005034338868139649,0.003108509803975099,0.0071253726798060696,0.9813962578773499,,0.016472,-1401902.6331493482,0.8354578115352213
199,72635,201.2,-1231681.2964331098,-1299756.3412935252,0.8776082598999755,56866.08305168152,817562.8723144531,40232.01135635376,122100.0,18226.73406982422,233559.6808013916,1231681.2985420227,0.2547720762851991,0.0005034338868139649,0.003108509803975099,0.0071253726798060696,0.9813962578773499,,0.016472,-1401902.6331493482,0.8354578115352213
200,73000,203.8,-1251171.6925516373,-1299983.4705118418,0.8550032692412808,61962.24395751953,816337.5579833984,43776.28582763672,134720.0,9524.737127780914,246813.10634613037,1251171.6872849464,0.28345724156028346,0.0009059723071052423,0.008623089730175898,0.008525818402535822,0.9771338105201721,,0.016418000000000002,-1385715.136479407,0.8332413754234576
201,73365,204.5,-1267965.3558648473,-1294716.7686757436,0.8512909585482453,69183.16289520264,814887.6450195312,47658.630655288696,136655.0,12982.278470009565,255781.8019104004,1267965.35605523,0.28345724156028346,0.0009059723071052423,0.008623089730175898,0.008525818402535822,0.9771338105201721,,0.016418000000000002,-1385715.136479407,0.8332413754234576
202,73730,205.9,-1238168.6646234307,-1292844.041301306,0.8701789444440031,57738.792375564575,815242.8922119141,41508.408407211304,125580.0,14035.377343654633,241801.9761352539,1238168.654098034,0.30359111530216115,0.0006281221449650108,0.0038950066878705434,0.008330119602186116,0.9757872819900513,,0.016382,-1385715.136479407,0.8332413754234576
203,74095,206.6,-1342942.2993662069,-1298187.3331497957,0.9244463043670131,43276.31089782715,985042.1739501953,29058.654079437256,87470.0,9932.988283634186,231438.47510528564,1342942.2914185524,0.30359111530216115,0.0006281221449650108,0.0038950066878705434,0.008330119602186116,0.9757872819900513,,0.016382,-1385715.136479407,0.8332413754234576
204,74460,207.3,-1235639.4217857914,-1299772.9802750356,0.8709741197220267,56232.85451412201,832992.2720947266,40539.99063587189,124620.0,13898.880842208862,223588.28204345703,1235639.4256162643,0.30359111530216115,0.0006281221449650108,0.0038950066878705434,0.008330119602186116,0.9757872819900513,,0.016382,-1385715.136479407,0.8332413754234576
205,74825,208.7,-1330570.2508874682,-1295527.7290816498,0.9133976822030054,51483.23090529442,918399.7359619141,33803.08573436737,96270.0,12582.206936836243,269515.2224960327,1330570.2511291504,0.24184164718577736,0.0004117990454592234,0.0024775454903168508,0.006361137187157415,0.9832602739334106,,0.016328000000000002,-1385715.136479407,0.8332413754234576
206,75190,209.4,-1233206.6098901844,-1290681.8806045935,0.8951700646583348,61424.62128353119,792047.4595947266,39584.7938041687,111635.0,11175.703833639622,278763.6539001465,1233206.6111326814,0.24184164718577736,0.0004117990454592234,0.0024775454903168508,0.006361137187157415,0.9832602739334106,,0.016328000000000002,-1385715.136479407,0.8332413754234576
207,75555,210.1,-1267493.9576489872,-1289503.5386287812,0.8935388886765258,62711.22877788544,797481.9127197266,40345.29728126526,112425.0,14484.47008228302,302757.2822265625,1267493.9623098373,0.24184164718577736,0.0004117990454592234,0.0024775454903168508,0.006361137187157415,0.9832602739334106,,0.016328000000000002,-1385715.136479407,0.8332413754234576
208,75920,211.5,-1296321.5173731416,-1291235.8447195305,0.9097518612260688,53840.623876571655,884867.8106689453,35285.79275226593,99030.0,7601.016951560974,269536.8960571289,1296321.5164299011,0.251033982948253,0.0006498459544768833,0.005162021572591345,0.006964452852691083,0.9806634187698364,,0.016274000000000004,-1385715.136479407,0.8332413754234576
209,76285,212.2,-1264793.5188757835,-1291354.7084379182,0.904533218357661,55773.25566482544,846870.0762939453,36458.044056892395,103930.0,11960.948292255402,265574.4477844238,1264793.516427517,0.251033982948253,0.0006498459544768833,0.005162021572591345,0.006964452852691083,0.9806634187698364,,0.016274000000000004,-1385715.136479407,0.8332413754234576
210,76650,212.9,-1354261.7843163153,-1296983.0613155751,0.8485415577888489,77431.93635559082,815215.0469970703,51898.51335525513,135830.0,20406.090834617615,330912.1330718994,1354261.7842588425,0.251033982948253,0.0006498459544768833,0.005162021572591345,0.006964452852691083,0.9806634187698364,,0.016274000000000004,-1385715.136479407,0.8332413754234576
211,77015,214.3,-1367802.241967958,-1299964.55545745,0.8454402802741691,77506.24812889099,815645.7022705078,51818.52480506897,139860.0,26549.004153251648,333929.01571655273,1367802.2469453812,0.26901060891778844,0.0006625178937515317,0.0058020876190551605,0.008476991040975247,0.976219892501831,,0.016220000000000002,-1385715.136479407,0.8332413754234576
212,77380,215.0,-1244533.2258238047,-1291800.6741551806,0.8621569800050292,58154.548933029175,850147.5051269531,41926.15072250366,129010.0,11791.033950090408,211658.5361328125,1244533.2259323597,0.26901060891778844,0.0006625178937515317,0.0058020876190551605,0.008476991040975247,0.976219892501831,,0.016220000000000002,-1385715.136479407,0.8332413754234576
213,77745,215.7,-1243178.7046715345,-1290129.1504391052,0.8640578180143278,57635.04724884033,835464.9409179688,41674.94997596741,127960.0,14814.906216621399,223263.909614563,1243178.7067251205,0.26901060891778844,0.0006625178937515317,0.0058020876190551605,0.008476991040975247,0.976219892501831,,0.016220000000000002,-1385715.136479407,0.8332413754234576
214,78110,217.1,-1222138.945883958,-1285420.5432061225,0.8772810945772145,53938.570137023926,841266.9132080078,39266.12946128845,123445.0,12333.964492797852,205826.93492126465,1222138.9420833588,0.28961771569753947,0.0006949646915113829,0.004608689697067204,0.008935059224696536,0.9743989706039429,,0.016166,-1385715.136479407,0.8332413754234576
215,78475,217.8,-1227961.6328011153,-1285259.5360359396,0.8858942719355022,56956.40605831146,823700.076171875,38832.03082084656,115900.0,8063.897542953491,241465.62217903137,1227961.6267147064,0.28961771569753947,0.0006949646915113829,0.004608689697067204,0.008935059224696536,0.9743989706039429,,0.016166,-1385715.136479407,0.8332413754234576
216,78840,218.5,-1275869.6254905027,-1282155.2840806518,0.9118433900075416,50969.24392700195,882639.1623535156,33602.07937049866,99295.0,8068.020603179932,252265.36024475098,1275869.6225719452,0.28961771569753947,0.0006949646915113829,0.004608689697067204,0.008935059224696536,0.9743989706039429,,0.016166,-1385715.136479407,0.8332413754234576
217,79205,219.9,-1331203.177949299,-1281061.035282589,0.92132798090373,44855.38224411011,966416.52734375,30003.005989551544,89510.0,7663.083927154541,237610.56031036377,1331203.1775708199,0.2509321529222162,0.0005598108456117762,0.004169932587262194,0.006688208864560645,0.9814414381980896,,0.016112,-1385715.136479407,0.8332413754234576
218,79570,220.7,-1354709.710141466,-1279080.681717327,0.8447981958519922,71909.3826713562,843040.9255371094,48686.1612071991,140655.0,25036.150573968887,297291.4687728882,1354709.7060911655,0.2509321529222162,0.0005598108456117762,0.004169932587262194,0.006688208864560645,0.9814414381980896,,0.016112,-1385715.136479407,0.8332413754234576
219,79935,222.1,-1355463.5443509247,-1285269.7941132179,0.8454333643390708,72437.23666381836,833497.2863769531,48800.32919692993,141125.0,25486.247126698494,306554.67797088623,1355463.5406714678,0.2643260928361039,0.000522265434339811,0.0036270409320039968,0.00910512392262095,0.9760348200798035,,0.016076,-1385715.136479407,0.8332413754234576
220,80300,222.8,-1202454.3409431526,-1282833.9265327936,0.8788270079926269,52256.79620933533,833501.0694580078,37548.43445301056,120140.0,10899.693586707115,200365.14124298096,1202454.3387407064,0.2643260928361039,0.000522265434339811,0.0036270409320039968,0.00910512392262095,0.9760348200798035,,0.016076,-1385715.136479407,0.8332413754234576
221,80665,223.5,-1224659.0407559874,-1280668.6107773506,0.8937072371783322,56768.2055311203,820172.48046875,37484.28991365433,112275.0,12835.88158607483,241891.39393615723,1224659.0459046364,0.2643260928361039,0.000522265434339811,0.0036270409320039968,0.00910512392262095,0.9760348200798035,,0.016076,-1385715.136479407,0.8332413754234576
222,81030,224.9,-1317191.7076765657,-1284619.7629300077,0.8507173988917103,70969.36427879333,834229.6794433594,48562.024839401245,134805.0,18499.469990849495,281095.5307998657,1317191.7050734758,0.26476981412423284,0.0005459152342059257,0.004078915250781728,0.007896003766769641,0.9777370691299438,,0.016022,-1385715.136479407,0.8332413754234576
223,81395,225.6,-1267833.109663708,-1280864.3034448824,0.852714346859553,66304.34494972229,828696.5833740234,46083.46168136597,133695.0,14593.067437171936,244764.99337768555,1267833.105870247,0.26476981412423284,0.0005459152342059257,0.004078915250781728,0.007896003766769641,0.9777370691299438,,0.016022,-1385715.136479407,0.8332413754234576
224,81760,226.3,-1371458.915356522,-1287655.2781234188,0.8465991934684858,75364.1147480011,823130.9144287109,50662.3268032074,138125.0,25787.611377477646,333753.06228637695,1371458.914895773,0.26476981412423284,0.0005459152342059257,0.004078915250781728,0.007896003766769641,0.9777370691299438,,0.016022,-1385715.136479407,0.8332413754234576
225,82125,228.8,-1224247.849003799,-1282339.1580292354,0.8638682300097322,54872.19960021973,846540.1477050781,40036.682205200195,128515.0,11276.783553123474,197879.2321472168,1224247.8456106186,0.29127227946331624,0.000820721703588022,0.007811696914263609,0.009591159533317151,0.9730913639068604,,0.015968000000000003,-1367685.4147601333,0.8363433236128663
226,82490,229.5,-1231893.2263619376,-1282273.4888528232,0.874137816363818,53214.008991241455,855295.3774414062,38939.89448070526,123515.0,12795.335423231125,201347.61630249023,1231893.2236478329,0.29127227946331624,0.000820721703588022,0.007811696914263609,0.009591159533317151,0.9730913639068604,,0.015968000000000003,-1367685.4147601333,0.8363433236128663
227,82855,230.2,-1184167.332648388,-1278107.157602793,0.8951559602397762,55721.68992996216,810448.2192382812,36777.6703710556,112940.0,8295.980108112097,215705.46768951416,1184167.337406963,0.29127227946331624,0.000820721703588022,0.007811696914263609,0.009591159533317151,0.9730913639068604,,0.015968000000000003,-1367685.4147601333,0.8363433236128663
228,83220,231.6,-1261208.2147124605,-1276351.4924697592,0.8587585228763215,56532.36693191528,839839.3684082031,41085.54524421692,130305.0,16233.93969810009,233744.36395263672,1261208.2173031569,0.26624491379449244,0.0006229120736909527,0.0050506591919417445,0.007692917795410674,0.9778789281845093,,0.015914000000000005,-1367685.4147601333,0.8363433236128663
229,83585,232.3,-1296083.2672570741,-1277915.9798888236,0.916988132587851,47734.57787895203,926025.0524902344,31698.98156929016,93365.0,7682.000812530518,237312.2218723297,1296083.2567443848,0.26624491379449244,0.0006229120736909527,0.0050506591919417445,0.007692917795410674,0.9778789281845093,,0.015914000000000005,-1367685.4147601333,0.8363433236128663
230,83950,233.1,-1366705.6984399636,-1278538.1755950062,0.8473899678008198,75455.42765331268,818292.7861328125,50725.22739982605,138285.0,24015.40480518341,335387.2807006836,1366705.6990385056,0.26624491379449244,0.0006229120736909527,0.0050506591919417445,0.007692917795410674,0.9778789281845093,,0.015914000000000005,-1367685.4147601333,0.8363433236128663
231,84315,234.5,-1249980.9054176353,-1272647.1087674901,0.8531448217287455,62055.2715587616,821668.4190673828,43833.99079322815,134265.0,12640.828709244728,237572.66521453857,1249980.9037843943,0.26089152850602804,0.0005264777287026702,0.0035140723553731255,0.008278145320027283,0.9780824184417725,,0.015860000000000003,-1367685.4147601333,0.8363433236128663
232,84680,235.2,-1260516.1361831324,-1273446.2542854564,0.8890552804894644,57886.773458480835,812662.4610595703,38909.613366127014,115925.0,12779.834354162216,280239.2202758789,1260516.1290557384,0.26089152850602804,0.0005264777287026702,0.0035140723553731255,0.008278145320027283,0.9780824184417725,,0.015860000000000003,-1367685.4147601333,0.8363433236128663
233,85045,236.6,-1333567.912212712,-1277965.714662515,0.9260196494729551,41323.37705421448,997409.5061035156,28282.22713470459,86005.0,5632.191840171814,216238.98847198486,1333567.913550377,0.24733659389771914,0.0005064191878103118,0.0036144591270529324,0.007589033602638857,0.9801201820373535,,0.015824,-1367685.4147601333,0.8363433236128663
234,85410,237.3,-1246765.1962524662,-1279197.0271809406,0.9068991662704782,54645.38811683655,848033.3868408203,35797.552287101746,102130.0,4617.487039089203,256186.76568603516,1246765.1918530464,0.24733659389771914,0.0005064191878103118,0.0036144591270529324,0.007589033602638857,0.9801201820373535,,0.015824,-1367685.4147601333,0.8363433236128663
235,85775,237.9,-1239101.0029430925,-1279753.9956880393,0.8609399663258905,58341.36897087097,828276.2821044922,41900.77403640747,129815.0,8310.424290776253,230798.52194213867,1239101.0023738146,0.24733659389771914,0.0005064191878103118,0.0036144591270529324,0.007589033602638857,0.9801201820373535,,0.015824,-1367685.4147601333,0.8363433236128663
236,86140,239.3,-1238079.5378784551,-1277864.491307437,0.8663314928747203,56852.05775117874,823988.9370117188,41297.332621097565,127550.0,7569.123558998108,237674.14849853516,1238079.5416903496,0.25773821182941137,0.0008167443421418858,0.007843552976306742,0.007770368645555879,0.9789102673530579,,0.01577,-1367685.4147601333,0.8363433236128663
237,86505,240.0,-1220927.6699423052,-1272350.715907087,0.8550437109111106,59412.67316246033,807002.7585449219,42675.92220687866,132375.0,7045.683967351913,231828.31391906738,1220927.6786382198,0.25773821182941137,0.0008167443421418858,0.007843552976306742,0.007770368645555879,0.9789102673530579,,0.01577,-1367685.4147601333,0.8363433236128663
238,86870,240.7,-1206949.5651859855,-1264962.7086593132,0.8772974994084607,55985.60852813721,817509.9871826172,39651.173573970795,120245.0,10700.055034160614,218843.34497451782,1206949.5607652664,0.25773821182941137,0.0008167443421418858,0.007843552976306742,0.007770368645555879,0.9789102673530579,,0.01577,-1367685.4147601333,0.8363433236128663
239,87235,242.1,-1244680.5470356243,-1259423.5587935483,0.8836788814361781,56605.88465499878,802898.3707275391,39163.82177734375,117655.0,11169.879318237305,273793.4811401367,1244680.5529632568,0.26919702558141007,0.0005283311462143933,0.0036297179145836516,0.008292215245187674,0.9761816263198853,,0.015716,-1367685.4147601333,0.8363433236128663
240,87600,242.9,-1253803.444281015,-1261991.0139604416,0.9079758513463687,53474.257555007935,863314.8134765625,34957.949531555176,100720.0,6592.632054567337,248218.05416870117,1253803.4492313862,0.26919702558141007,0.0005283311462143933,0.0036297179145836516,0.008292215245187674,0.9761816263198853,,0.015716,-1367685.4147601333,0.8363433236128663
241,87965,243.5,-1247619.558651462,-1263139.0398552152,0.8763793925716452,57377.53437423706,824295.5646972656,40210.007018089294,120955.0,11825.128641605377,250333.85974121094,1247619.5600981712,0.26919702558141007,0.0005283311462143933,0.0036297179145836516,0.008292215245187674,0.9761816263198853,,0.015716,-1367685.4147601333,0.8363433236128663
242,88330,244.9,-1369178.3208016127,-1265738.3705114676,0.8475276818014171,76618.20265769958,814094.4840087891,51348.02620124817,136410.0,23722.552453041077,343603.25617980957,1369178.3188428879,0.2510878190790352,0.0004899839276683787,0.002977873152734614,0.006826064984412177,0.9812996983528137,,0.015662000000000002,-1367685.4147601333,0.8363433236128663
243,88695,245.6,-1225641.654002106,-1263628.7977283876,0.8972746844161047,59803.488637924194,809295.3942871094,38742.08119392395,109095.0,8698.628675222397,259810.5493774414,1225641.6535336971,0.2510878190790352,0.0004899839276683787,0.002977873152734614,0.006826064984412177,0.9812996983528137,,0.015662000000000002,-1367685.4147601333,0.8363433236128663
244,89060,246.3,-1212915.4223544507,-1255701.6230782839,0.8960971530169657,60234.55806350708,784904.8403320312,38976.817992687225,110725.0,6832.002906799316,271476.76165771484,1212915.4228892326,0.2510878190790352,0.0004899839276683787,0.002977873152734614,0.006826064984412177,0.9812996983528137,,0.015662000000000002,-1367685.4147601333,0.8363433236128663
245,89425,247.7,-1191509.8996376805,-1254064.7256099782,0.8802319476049241,56027.48858833313,816169.1517333984,39267.871052742004,117540.0,9699.88300704956,208832.99276733398,1191509.898560524,0.25726314869366196,0.0006275605353374359,0.004588612349164721,0.008598631787064829,0.9762850403785706,,0.015608000000000002,-1367685.4147601333,0.8363433236128663
246,89790,248.5,-1204812.4243665794,-1252710.6855102102,0.8547315331354534,58719.77752494812,798162.1450195312,42233.119091033936,132385.0,8953.138343334198,223079.02452087402,1204812.4269747734,0.25726314869366196,0.0006275605353374359,0.004588612349164721,0.008598631787064829,0.9762850403785706,,0.015608000000000002,-1367685.4147601333,0.8363433236128663
247,90155,249.9,-1225926.9261300394,-1254798.6651842925,0.8558128655773319,58983.71618270874,813710.0856933594,42634.701274871826,130960.0,9787.933871269226,228834.2046661377,1225926.9255056381,0.2726144935739668,0.0006186550958055273,0.005059225521491547,0.008028842625208199,0.9763358235359192,,0.015572000000000003,-1367685.4147601333,0.8363433236128663
248,90520,250.5,-1208128.1248517407,-1252144.6606912564,0.852231826520946,60207.50001525879,813167.4735107422,43056.32767868042,132695.0,8500.883677482605,210708.44354629517,1208128.1284132004,0.2726144935739668,0.0006186550958055273,0.005059225521491547,0.008028842625208199,0.9763358235359192,,0.015572000000000003,-1367685.4147601333,0.8363433236128663
249,90885,251.2,-1283621.750913943,-1251521.5848741003,0.9141366356039701,49922.246832847595,910050.1889648438,33031.651750564575,95215.0,6769.845054626465,238555.064868927,1283621.7506389618,0.2726144935739668,0.0006186550958055273,0.005059225521491547,0.008028842625208199,0.9763358235359192,,0.015572000000000003,-1367685.4147601333,0.8363433236128663
250,91250,253.7,-1284119.0681324925,-1247392.2533587266,0.8504228092219731,70888.7879371643,821292.0933837891,48766.88823509216,133905.0,17080.494409799576,263074.59352111816,1284119.069549799,0.25443140966327565,0.0004755598573817559,0.0031143991611890286,0.008431162513596447,0.9763723611831665,,0.015518000000000002,-1361888.6092411305,0.8323195877140516
251,91615,254.4,-1222679.8218159825,-1246027.199178644,0.8656808391009292,54626.20384025574,831574.3734130859,40359.55736923218,126750.0,11696.56570148468,212299.32624053955,1222679.8227243423,0.25443140966327565,0.0004755598573817559,0.0031143991611890286,0.008431162513596447,0.9763723611831665,,0.015518000000000002,-1361888.6092411305,0.8323195877140516
252,91980,255.1,-1171916.5233934245,-1241597.2185391588,0.8928740558558947,57093.48400402069,793655.2214355469,37691.144567489624,111705.0,5203.084746837616,223662.0806541443,1171916.5314040184,0.25443140966327565,0.0004755598573817559,0.0031143991611890286,0.008431162513596447,0.9763723611831665,,0.015518000000000002,-1361888.6092411305,0.8323195877140516
253,92345,256.5,-1187755.556162811,-1234306.6007366637,0.8960697092422067,58741.942796230316,784344.9102783203,38231.719824790955,111135.0,10122.803091049194,243921.12294197083,1187755.5561361313,0.2583256540329833,0.0005672973654662584,0.004509641418209006,0.008699603115306482,0.9758303761482239,,0.015464000000000002,-1361888.6092411305,0.8323195877140516
254,92710,257.2,-1230220.9530010645,-1233479.3885740933,0.8999402655314093,55150.41010284424,828573.66796875,36068.64829039574,108525.0,15726.7189412117,241326.9222793579,1230220.9574797153,0.2583256540329833,0.0005672973654662584,0.004509641418209006,0.008699603115306482,0.9758303761482239,,0.015464000000000002,-1361888.6092411305,0.8323195877140516
255,93075,257.8,-1205157.2268550312,-1231782.1997696904,0.8714199062896102,53367.35820770264,834059.2478027344,39282.53538322449,123900.0,9615.872604727745,198299.57008361816,1205157.2258743048,0.2583256540329833,0.0005672973654662584,0.004509641418209006,0.008699603115306482,0.9758303761482239,,0.015464000000000002,-1361888.6092411305,0.8323195877140516
256,93440,259.2,-1246087.0739360119,-1232182.5765725682,0.8666067781513684,53515.80482673645,866129.0611572266,39510.64677524567,126095.0,13228.933866262436,201123.43105316162,1246087.0728518963,0.2560856461917099,0.0006392111837206022,0.0049652635046329935,0.007612849156813402,0.977964460849762,,0.015410000000000002,-1361888.6092411305,0.8323195877140516
257,93805,259.8,-1210344.0011113787,-1231653.3931310216,0.8976996614508432,57261.435477256775,810051.3231201172,37329.88998794556,109620.0,7849.922969818115,245492.86778259277,1210344.0038604736,0.2560856461917099,0.0006392111837206022,0.0049652635046329935,0.007612849156813402,0.977964460849762,,0.015410000000000002,-1361888.6092411305,0.8323195877140516
258,94170,260.5,-1240445.963080147,-1233328.2130257296,0.9024162264719401,55760.286871910095,832490.9831542969,36570.05786705017,106005.0,8523.658752918243,256856.26429367065,1240445.964067936,0.2560856461917099,0.0006392111837206022,0.0049652635046329935,0.007612849156813402,0.977964460849762,,0.015410000000000002,-1361888.6092411305,0.8323195877140516
259,94535,261.8,-1220925.005514151,-1232140.4359496562,0.89933369371989,55089.510261535645,826415.9084472656,36104.87017917633,106925.0,7035.177289485931,244444.03882217407,1220924.994738102,0.23820171642460322,0.0004560546369343922,0.0026702880951281834,0.00789953346707319,0.9783118963241577,,0.015356000000000002,-1361888.6092411305,0.8323195877140516
260,94900,262.4,-1280567.1941882626,-1233478.6234450184,0.9204255257567314,43768.57140350342,959591.6485595703,29556.41220474243,90025.0,5773.791244983673,195620.34051513672,1280567.1925244331,0.23820171642460322,0.0004560546369343922,0.0026702880951281834,0.00789953346707319,0.9783118963241577,,0.015356000000000002,-1361888.6092411305,0.8323195877140516
261,95265,263.8,-1234778.4858027392,-1232836.5698025825,0.8679750707051526,53630.382091999054,845700.6865234375,39387.79969406128,126735.0,11202.638741016388,211752.3625278473,1234778.4874863625,0.23343069008306452,0.0004803853437471461,0.0030798661173321307,0.007536019884834164,0.97984379529953,,0.015320000000000002,-1361888.6092411305,0.8323195877140516
262,95630,264.5,-1243227.1030061946,-1226539.0089128118,0.8640401965951267,55193.79838371277,838084.9354248047,40459.98020076752,126120.0,13670.832380920649,224891.354013443,1243227.1020199358,0.23343069008306452,0.0004803853437471461,0.0030798661173321307,0.007536019884834164,0.97984379529953,,0.015320000000000002,-1361888.6092411305,0.8323195877140516
263,95995,265.1,-1233374.292285185,-1226925.6408269657,0.8557806849479676,57520.271297454834,830307.2017822266,41468.00288581848,132065.0,11486.947133541107,218047.14453125,1233374.2963328362,0.23343069008306452,0.0004803853437471461,0.0030798661173321307,0.007536019884834164,0.97984379529953,,0.015320000000000002,-1361888.6092411305,0.8323195877140516
264,96360,266.4,-1228796.2308992534,-1227719.6812542055,0.8580874188305581,56529.9393491745,840049.4996337891,41102.38596725464,129795.0,10626.28335505724,207223.06230926514,1228796.231265366,0.26882201119473104,0.0006885143488225845,0.006062022431778084,0.008529178810452944,0.9751843214035034,,0.015266000000000002,-1361888.6092411305,0.8323195877140516
265,96725,267.1,-1261176.2281675213,-1231202.9976806978,0.9125610544256968,50300.41679096222,894437.7943115234,33259.50801157951,97215.0,6284.2498216331005,229979.68301391602,1261176.235158652,0.26882201119473104,0.0006885143488225845,0.006062022431778084,0.008529178810452944,0.9751843214035034,,0.015266000000000002,-1361888.6092411305,0.8323195877140516
266,97090,267.7,-1190770.453386623,-1230500.8991317,0.8724354080957909,53947.781792640686,824281.8675537109,39600.02882194519,123475.0,7475.538603305817,195938.02084350586,1190770.4558224678,0.26882201119473104,0.0006885143488225845,0.006062022431778084,0.008529178810452944,0.9751843214035034,,0.015266000000000002,-1361888.6092411305,0.8323195877140516
267,97455,269.1,-1217972.8171869167,-1230103.193684544,0.8689080205682206,55062.955615997314,834818.8597412109,40339.26249170303,124930.0,10028.445278316736,207856.2565612793,1217972.82407251,0.24732364282796257,0.00046286228045669544,0.00311466685563669,0.007626756572311646,0.9791214466094971,,0.015212000000000002,-1361888.6092411305,0.8323195877140516
268,97820,269.7,-1322717.5187888648,-1235832.6633814,0.9235056055735236,41790.824182510376,986211.3620605469,28612.052487373352,86495.0,3650.326385974884,217748.77501678467,1322717.5159506798,0.24732364282796257,0.00046286228045669544,0.00311466685563669,0.007626756572311646,0.9791214466094971,,0.015212000000000002,-1361888.6092411305,0.8323195877140516
269,98185,270.4,-1216041.3850214481,-1232453.6450867753,0.8609469949382625,57551.728355407715,825960.3594970703,41455.828800201416,129690.0,6426.269663453102,212508.93188476562,1216041.3898454905,0.24732364282796257,0.00046286228045669544,0.00311466685563669,0.007626756572311646,0.9791214466094971,,0.015212000000000002,-1361888.6092411305,0.8323195877140516
270,98550,271.7,-1313631.8071869677,-1233929.282039499,0.9174737655953186,48292.66963434219,927740.9216308594,31861.091141223907,93735.0,6185.749782562256,254109.03996276855,1313631.802517414,0.22819562472010912,0.00047891981476392464,0.0033523827311766675,0.007489964433357511,0.9809730052947998,,0.015158000000000001,-1361888.6092411305,0.8323195877140516
271,98915,272.4,-1343858.0528964922,-1239988.1935935244,0.8429644824707345,74864.65451431274,799772.0474853516,50343.63414764404,140615.0,25177.080631256104,327950.2945404053,1343858.056804657,0.22819562472010912,0.00047891981476392464,0.0033523827311766675,0.007489964433357511,0.9809730052947998,,0.015158000000000001,-1361888.6092411305,0.8323195877140516
272,99280,273.0,-1398960.5922761222,-1251340.3970376593,0.8412716009845472,75643.31421852112,834772.2071533203,50571.60291862488,142170.0,28426.802514076233,343019.98126220703,1398960.5938482285,0.22819562472010912,0.00047891981476392464,0.0033523827311766675,0.007489964433357511,0.9809730052947998,,0.015158000000000001,-1361888.6092411305,0.8323195877140516
273,99645,274.4,-1325805.9835682602,-1258242.9184079317,0.924867546068479,39895.32642364502,1001835.5767822266,27963.047746658325,85000.0,2446.5254850387573,208560.82962799072,1325805.9796419144,0.26035307700696747,0.0005546355810829004,0.004557291673814976,0.010433027594301262,0.9710409045219421,,0.015104000000000001,-1361888.6092411305,0.8323195877140516
274,100010,275.0,-1310822.527396935,-1262272.9971277253,0.9180270289721554,47257.39824485779,946043.9074707031,31456.553137779236,91780.0,3868.859929084778,237673.20539093018,1310822.5259284973,0.26035307700696747,0.0005546355810829004,0.004557291673814976,0.010433027594301262,0.9710409045219421,,0.015104000000000001,-1361888.6092411305,0.8323195877140516
275,100375,277.5,-1314754.1500102964,-1267752.8432854884,0.9173426636277813,48140.64662361145,933471.7690429688,31902.52060031891,92845.0,10128.594078063965,246406.27017593384,1314754.1538972855,0.19394277683214137,0.0003510096449214248,0.002454523458781248,0.006411895744110409,0.9841477870941162,,0.015068000000000002,-1340674.1145012754,0.834109551612645
276,100740,278.1,-1214454.063679256,-1266171.1927726506,0.898543322412935,57634.1016664505,810019.4237060547,37513.85535621643,108100.0,7938.608152389526,250882.17473220825,1214454.061946869,0.19394277683214137,0.0003510096449214248,0.002454523458781248,0.006411895744110409,0.9841477870941162,,0.015068000000000002,-1340674.1145012754,0.834109551612645
277,101105,278.8,-1216538.1756599222,-1266480.901500078,0.8937581065582902,60573.920362472534,784198.4467773438,39198.20884799957,111465.0,5906.841614723206,275769.675321579,1216538.1725616455,0.19394277683214137,0.0003510096449214248,0.002454523458781248,0.006411895744110409,0.9841477870941162,,0.015068000000000002,-1340674.1145012754,0.834109551612645
278,101470,280.2,-1215125.154764856,-1265214.8610843134,0.8931780290930238,59527.99475955963,792342.4702148438,38838.63841533661,112785.0,8747.301931858063,262411.7457885742,1215125.1563506126,0.23342796140595487,0.00047395192369118665,0.0030268619011621922,0.007293580731033887,0.9796743392944336,,0.015014000000000001,-1340674.1145012754,0.834109551612645
279,101835,280.8,-1290399.2648515094,-1268688.5740511813,0.9137541083440389,48865.95576095581,906003.8522949219,32689.859611034393,95240.0,6191.061716943979,250274.4981842041,1290399.2718071043,0.23342796140595487,0.00047395192369118665,0.0030268619011621922,0.007293580731033887,0.9796743392944336,,0.015014000000000001,-1340674.1145012754,0.834109551612645
280,102200,281.5,-1346856.7265445944,-1272003.0506689982,0.8434789664124789,76352.97472190857,797882.5695800781,51342.21842956543,139910.0,17913.784871578217,339808.1583595276,1346856.7312407494,0.23342796140595487,0.00047395192369118665,0.0030268619011621922,0.007293580731033887,0.9796743392944336,,0.015014000000000001,-1340674.1145012754,0.834109551612645
281,102565,282.8,-1289433.0067453547,-1274735.7767161287,0.9205311350626488,43179.15144586563,960530.1685791016,29312.31089448929,89085.0,4192.3816776275635,206313.13592529297,1289432.9970765114,0.2301376085532339,0.0007350202093125278,0.005352622589653995,0.00815249823254386,0.9800169467926025,,0.014960000000000001,-1340674.1145012754,0.834109551612645
282,102930,283.5,-1212813.6911352887,-1273215.1061225832,0.8905918756576433,56752.381417274475,799577.7421875,37839.9075884819,114455.0,8625.944818019867,252315.09317016602,1212813.6877641678,0.2301376085532339,0.0007350202093125278,0.005352622589653995,0.00815249823254386,0.9800169467926025,,0.014960000000000001,-1340674.1145012754,0.834109551612645
283,103295,284.1,-1311979.0302364791,-1277145.343020148,0.9231354620358715,42759.093839645386,971977.1168212891,28875.825778007507,88120.0,5265.858253955841,217740.23150634766,1311979.0323596,0.2301376085532339,0.0007350202093125278,0.005352622589653995,0.00815249823254386,0.9800169467926025,,0.014960000000000001,-1340674.1145012754,0.834109551612645
284,103660,285.5,-1309906.2510915766,-1281200.8440297642,0.9197714882354214,45448.35747432709,972169.6224365234,30395.869835853577,92025.0,4119.746068954468,211196.01171875,1309906.2500600815,0.20810647857816597,0.0004383439098953539,0.0037509851298589063,0.006730430753362414,0.9833298921585083,,0.014906000000000003,-1340674.1145012754,0.834109551612645
285,104025,286.1,-1226616.5698260502,-1279472.8611126908,0.8840084394363508,54005.392656326294,817559.4636230469,37659.60389709473,118555.0,6280.753834843636,246561.7518043518,1226616.573159337,0.20810647857816597,0.0004383439098953539,0.0037509851298589063,0.006730430753362414,0.9833298921585083,,0.014906000000000003,-1340674.1145012754,0.834109551612645
286,104390,286.8,-1202755.9190639434,-1280072.1343965568,0.8866143793275911,56257.71336746216,803205.3570556641,38493.26257896423,116410.0,8186.125527620316,236461.17431640625,1202755.9194786549,0.20810647857816597,0.0004383439098953539,0.0037509851298589063,0.006730430753362414,0.9833298921585083,,0.014906000000000003,-1340674.1145012754,0.834109551612645
287,104755,288.1,-1201417.924160841,-1279244.3897452531,0.871836322464355,54739.17799663544,827208.1129150391,39846.56806087494,124050.0,6236.360973358154,204076.88592529297,1201417.9278745651,0.23168537491246274,0.0005378776396882083,0.00375312672143704,0.007447277067082101,0.9794987440109253,,0.014852,-1340674.1145012754,0.834109551612645
288,105120,288.7,-1310570.144878745,-1278637.0210497472,0.8486848791984662,73284.73273086548,805922.6483154297,49533.26799964905,137030.0,15520.760109186172,302563.46601867676,1310570.1424429417,0.23168537491246274,0.0005378776396882083,0.00375312672143704,0.007447277067082101,0.9794987440109253,,0.014852,-1340674.1145012754,0.834109551612645
289,105485,290.0,-1219087.1391686546,-1278789.3087571072,0.8617301656775278,55074.02146720886,827001.4572753906,40491.571192741394,129590.0,7706.962575674057,214297.14933776855,1219087.1403815746,0.25581642985343933,0.0005990134224798806,0.004768773135238965,0.009047620831743666,0.974005401134491,,0.014816000000000001,-1340674.1145012754,0.834109551612645
290,105850,290.7,-1251469.8883569401,-1275681.2128156058,0.8878954436681042,58372.98162269592,806633.0965576172,38995.78944015503,113730.0,5905.2120183855295,286205.793800354,1251469.8918165118,0.25581642985343933,0.0005990134224798806,0.004768773135238965,0.009047620831743666,0.974005401134491,,0.014816000000000001,-1340674.1145012754,0.834109551612645
291,106215,291.4,-1202208.515644812,-1268598.7359530218,0.8600213271297821,56315.9243812561,812975.1846923828,41046.48849487305,128920.0,6007.027077198029,213259.81550598145,1202208.5157704353,0.25581642985343933,0.0005990134224798806,0.004768773135238965,0.009047620831743666,0.974005401134491,,0.014816000000000001,-1340674.1145012754,0.834109551612645
292,106580,292.7,-1277513.8896860152,-1262526.4008235163,0.9173277307863105,46824.41961288452,919767.9051513672,31378.954493045807,91625.0,3351.032545566559,231390.99214172363,1277513.8843317032,0.22306332443105548,0.0005457661667797334,0.003718861366475099,0.007803477071176626,0.9795483946800232,,0.014762000000000003,-1340674.1145012754,0.834109551612645
293,106945,293.3,-1174308.0789583288,-1254951.5055930198,0.8676032807729016,55367.70047664642,807799.7711181641,40665.97827339172,124035.0,8264.475896835327,193542.85639190674,1174308.0816802979,0.22306332443105548,0.0005457661667797334,0.003718861366475099,0.007803477071176626,0.9795483946800232,,0.014762000000000003,-1340674.1145012754,0.834109551612645
294,107310,294.0,-1219823.4098255287,-1250401.5497144496,0.8889753336775793,60309.986676216125,791328.1734619141,39689.70921278,112785.0,5160.707915305975,270859.81970977783,1219823.410299778,0.22306332443105548,0.0005457661667797334,0.003718861366475099,0.007803477071176626,0.9795483946800232,,0.014762000000000003,-1340674.1145012754,0.834109551612645
295,107675,295.3,-1171106.0045698537,-1243219.1424424276,0.8793401082901106,54339.780265808105,805469.9318847656,38731.27820587158,117910.0,6395.5138211250305,202599.27745819092,1171106.0013699532,0.23298394660416402,0.0005375901742617747,0.004238730991920947,0.008444876875728369,0.9764794111251831,,0.014708,-1340674.1145012754,0.834109551612645
296,108040,295.9,-1236046.9903258341,-1244298.7887747567,0.8558324996739217,59329.83603191376,822121.8728027344,42724.02374267578,129120.0,8650.893668174744,233430.20013809204,1236046.990351677,0.23298394660416402,0.0005375901742617747,0.004238730991920947,0.008444876875728369,0.9764794111251831,,0.014708,-1340674.1145012754,0.834109551612645
297,108405,296.6,-1192273.7821705441,-1243085.5691002875,0.8699509202617488,53687.31764602661,819051.7880859375,39624.135917663574,121850.0,9594.182879328728,202153.67401123047,1192273.7808941603,0.23298394660416402,0.0005375901742617747,0.004238730991920947,0.008444876875728369,0.9764794111251831,,0.014708,-1340674.1145012754,0.834109551612645
298,108770,297.9,-1160471.3618660849,-1240352.879455349,0.8932133478661106,60595.90613937378,776875.3347167969,39478.18058204651,110150.0,3186.194300055504,230781.65524291992,1160471.3648418188,0.23525567097883476,0.0005750280095909195,0.004192686926169125,0.008042501830986063,0.9779038429260254,,0.014654000000000002,-1340674.1145012754,0.834109551612645
299,109135,298.6,-1209352.521507347,-1236300.5422881409,0.8655613515475025,57650.40070724487,808004.4822998047,42056.492961883545,124635.0,8853.785412788391,225802.75444030762,1209352.5151147842,0.23525567097883476,0.0005750280095909195,0.004192686926169125,0.008042501830986063,0.9779038429260254,,0.014654000000000002,-1340674.1145012754,0.834109551612645
300,109500,300.4,-1316956.308064563,-1234805.5213641392,0.9214375726164203,41171.28969287872,983092.5523681641,29006.05749797821,83955.0,2278.650901798159,218624.05078125,1316956.3115491904,0.23525567097883476,0.0005750280095909195,0.004192686926169125,0.008042501830986063,0.9779038429260254,,0.014654000000000002,-1335040.5722275048,0.8323938884147226
301,109865,301.8,-1299951.0498216157,-1235331.4235179522,0.9165788041402216,46726.035707473755,934792.439453125,31445.329206466675,88955.0,4389.456015586853,240368.82487487793,1299951.0495500565,0.21107168025092074,0.0004508552989902551,0.0031031558480064726,0.00768228717099287,0.9801292419433594,,0.0146,-1335040.5722275048,0.8323938884147226
302,110230,302.4,-1212935.395894292,-1235337.5087559023,0.85552427654397,60399.2414188385,802137.2991943359,43398.28904914856,129330.0,7287.928153991699,230781.88273620605,1212935.3991336823,0.21107168025092074,0.0004508552989902551,0.0031031558480064726,0.00768228717099287,0.9801292419433594,,0.0146,-1335040.5722275048,0.8323938884147226
303,110595,303.7,-1206814.67272929,-1230079.290880543,0.860586125230136,58842.790382385254,804180.9033203125,42676.081117630005,126000.0,3708.891159057617,230248.79277038574,1206814.6683673859,0.22740016720796885,0.0003899062908442973,0.0026435182831176605,0.008614566262909457,0.9772230982780457,,0.014564,-1335040.5722275048,0.8323938884147226
304,110960,304.4,-1259687.1907143265,-1227568.3378616807,0.9065406182040907,52905.53736782074,864035.7830810547,35045.88445663452,97285.0,3860.826937675476,259459.69412231445,1259687.1885976791,0.22740016720796885,0.0003899062908442973,0.0026435182831176605,0.008614566262909457,0.9772230982780457,,0.014564,-1335040.5722275048,0.8323938884147226
305,111325,305.0,-1200686.394490832,-1226271.8290949196,0.8679581307385066,56617.364956855774,800332.4187011719,41306.53874206543,121710.0,5100.673287272453,232236.76693725586,1200686.3976677656,0.22740016720796885,0.0003899062908442973,0.0026435182831176605,0.008614566262909457,0.9772230982780457,,0.014564,-1335040.5722275048,0.8323938884147226
306,111690,306.4,-1189523.5743750217,-1225610.2118604735,0.8694860541657226,57582.244344711304,798161.3875732422,41561.0447807312,120230.0,5433.7514724731445,224137.39601135254,1189523.579837799,0.2194373907619401,0.0005401679142156162,0.0044917056496304114,0.008255269617381456,0.9782576560974121,,0.014510000000000002,-1335040.5722275048,0.8323938884147226
307,112055,307.0,-1220196.0311998902,-1226549.1172124262,0.8825217069011845,61547.94139480591,773611.0844726562,41361.30356311798,113010.0,3889.9877495765686,288323.6689453125,1220196.0447306633,0.2194373907619401,0.0005401679142156162,0.0044917056496304114,0.008255269617381456,0.9782576560974121,,0.014510000000000002,-1335040.5722275048,0.8323938884147226
308,112420,307.7,-1204596.6102320957,-1221250.4404800935,0.8493958182530861,62633.733295440674,766452.1839599609,45001.7659740448,128895.0,4707.545683860779,259540.1159210205,1204596.611538887,0.2194373907619401,0.0005401679142156162,0.0044917056496304114,0.008255269617381456,0.9782576560974121,,0.014510000000000002,-1335040.5722275048,0.8323938884147226
309,112785,309.0,-1186765.6494027632,-1219634.365991799,0.8573330147625648,59155.33070373535,784749.0139160156,43190.91291427612,124800.0,3973.387258529663,230052.32900238037,1186765.6430912018,0.23413264378905296,0.0006159853497880057,0.005700897774659097,0.008559895483286757,0.9761205315589905,,0.014456,-1335040.5722275048,0.8323938884147226
310,113150,309.6,-1225955.230578479,-1218358.633102876,0.853140265157778,60858.45497894287,807869.2376708984,44014.99353790283,128790.0,5432.132736206055,239848.87520217896,1225955.2391471863,0.23413264378905296,0.0006159853497880057,0.005700897774659097,0.008559895483286757,0.9761205315589905,,0.014456,-1335040.5722275048,0.8323938884147226
311,113515,310.3,-1217351.3911492233,-1219115.7768780964,0.8543445456517886,60187.492199897766,802599.7740478516,43840.350927352905,126880.0,6262.970811843872,237768.29364013672,1217351.389427185,0.23413264378905296,0.0006159853497880057,0.005700897774659097,0.008559895483286757,0.9761205315589905,,0.014456,-1335040.5722275048,0.8323938884147226
312,113880,311.6,-1198857.8595428993,-1215182.9753709405,0.8629336899274016,58196.86804199219,790068.8616943359,42593.822432518005,123420.0,8554.022733092308,234221.1571044922,1198857.8639644384,0.24547732915533216,0.0005713508918760406,0.004797416837199738,0.009745172776379868,0.9723992347717285,,0.014402000000000003,-1335040.5722275048,0.8323938884147226
313,114245,312.2,-1172405.3417110993,-1215087.8385085792,0.8697872955505163,57757.7360496521,789636.0161132812,41936.55545806885,119705.0,5404.1427693367,215723.6263771057,1172405.3407177925,0.24547732915533216,0.0005713508918760406,0.004797416837199738,0.009745172776379868,0.9723992347717285,,0.014402000000000003,-1335040.5722275048,0.8323938884147226
314,114610,312.9,-1199538.979282097,-1214073.6169814074,0.8623383615114918,58386.85712814331,789890.0665283203,42741.1006603241,123705.0,4623.328790664673,238579.47747802734,1199538.9734573364,0.24547732915533216,0.0005713508918760406,0.004797416837199738,0.009745172776379868,0.9723992347717285,,0.014402000000000003,-1335040.5722275048,0.8323938884147226
315,114975,314.2,-1196499.8589883512,-1215343.3097023326,0.8538537637828147,61241.239919662476,788085.5936279297,44268.01483917236,128000.0,4183.230933666229,231963.02225494385,1196499.8616557121,0.23609989391345726,0.0005345365860098115,0.004109165128044735,0.009374687301093027,0.9745948910713196,,0.014348,-1335040.5722275048,0.8323938884147226
316,115340,314.8,-1310097.7509594038,-1219045.847734011,0.8401210781646101,80369.15519285202,757738.8608398438,53997.47463750839,133995.0,11100.00224351883,353266.4119415283,1310097.7496623993,0.23609989391345726,0.0005345365860098115,0.004109165128044735,0.009374687301093027,0.9745948910713196,,0.014348,-1335040.5722275048,0.8323938884147226
317,115705,315.5,-1276757.4125630378,-1223270.0292536358,0.8428478432028261,79886.77304267883,757138.7794189453,53796.07106781006,133545.0,8960.292715072632,323317.27376556396,1276757.416967392,0.23609989391345726,0.0005345365860098115,0.004109165128044735,0.009374687301093027,0.9745948910713196,,0.014348,-1335040.5722275048,0.8323938884147226
318,116070,316.8,-1163671.7968342658,-1223430.0510020447,0.870783092387735,55428.388810157776,773878.3217773438,40108.34754562378,119105.0,5341.543222904205,225238.59189987183,1163671.8044457436,0.24725619134934326,0.0006145567369075204,0.0051288270195455924,0.010630341148690173,0.9689802527427673,,0.014294000000000003,-1335040.5722275048,0.8323938884147226
319,116435,317.5,-1196435.129518445,-1222784.1814025997,0.8534366026316603,60130.80363750458,784996.669921875,43698.9226102829,127665.0,3896.356906890869,236178.18084716797,1196435.1302862167,0.24725619134934326,0.0006145567369075204,0.0051288270195455924,0.010630341148690173,0.9689802527427673,,0.014294000000000003,-1335040.5722275048,0.8323938884147226
320,116800,318.8,-1185532.6559050425,-1216212.9987946234,0.8854158461910404,60898.62860965729,763998.7478027344,40497.959641456604,113340.0,2561.2944107055664,265134.66554641724,1185532.6674013138,0.23321995982214025,0.0005210413137798529,0.004240604873446405,0.0088206602039894,0.9746479988098145,,0.014258000000000002,-1335040.5722275048,0.8323938884147226
321,117165,319.5,-1163494.1415713448,-1209390.15338211,0.888630872556608,63357.04696273804,746326.8321533203,41185.4566693306,110455.0,1403.2468614578247,264123.6082763672,1163494.143960476,0.23321995982214025,0.0005210413137798529,0.004240604873446405,0.0088206602039894,0.9746479988098145,,0.014258000000000002,-1335040.5722275048,0.8323938884147226
322,117530,320.1,-1210609.3968526882,-1209273.8534300297,0.8536842404979549,60543.963945388794,789509.7810058594,43862.72994041443,127355.0,4122.628271579742,245759.24913024902,1210609.3883481026,0.23321995982214025,0.0005210413137798529,0.004240604873446405,0.0088206602039894,0.9746479988098145,,0.014258000000000002,-1335040.5722275048,0.8323938884147226
323,117895,321.4,-1196961.4890227108,-1208781.1942447007,0.8590669842615519,58494.834785461426,789902.1016845703,42964.001563072205,123945.0,5600.148039698601,234550.24169921875,1196961.4929865599,0.2286569860420729,0.0005826728061756034,0.004203394843850555,0.00830529341596718,0.9771120548248291,,0.014204,-1335040.5722275048,0.8323938884147226
324,118260,322.0,-1177378.605794462,-1204665.7649987077,0.8561296286648267,58367.76045703888,780679.0847167969,42867.42490577698,125155.0,3878.762050151825,224798.33805847168,1177378.6097311974,0.2286569860420729,0.0005826728061756034,0.004203394843850555,0.00830529341596718,0.9771120548248291,,0.014204,-1335040.5722275048,0.8323938884147226
325,118625,323.8,-1208023.7640101179,-1205032.6334746717,0.8533680706808012,61639.28741455078,787947.4477539062,44433.67012500763,126620.0,4516.964393615723,244505.68399047852,1208023.7662630081,0.2286569860420729,0.0005826728061756034,0.004203394843850555,0.00830529341596718,0.9771120548248291,,0.014204,-1332429.9783432973,0.8270596353975062
326,118990,325.2,-1178748.767231869,-1204493.8931175142,0.865752181614915,58406.85381317139,779978.7723388672,42380.30635261536,121395.0,5377.1140241622925,229617.5707397461,1178748.763455391,0.2401820964326984,0.0005418922190457172,0.004440039927813862,0.009653837603859995,0.9730193018913269,,0.014150000000000003,-1332429.9783432973,0.8270596353975062
327,119355,325.8,-1205332.8240756923,-1203750.7327613044,0.9010576400038314,57745.377489089966,797118.4381103516,37824.932601451874,102750.0,2416.403832912445,265223.04471588135,1205332.8192605972,0.2401820964326984,0.0005418922190457172,0.004440039927813862,0.009653837603859995,0.9730193018913269,,0.014150000000000003,-1332429.9783432973,0.8270596353975062
328,119720,326.5,-1195318.1422257961,-1203286.8093609894,0.8929437340122379,62526.76915931702,751561.4903564453,40451.92484283447,108835.0,3965.380983352661,290504.3422527313,1195318.1384353638,0.2401820964326984,0.0005418922190457172,0.004440039927813862,0.009653837603859995,0.9730193018913269,,0.014150000000000003,-1332429.9783432973,0.8270596353975062
329,120085,327.8,-1210495.2119807096,-1204473.2874898864,0.8577636653429841,59373.98022937775,794866.0303955078,43211.1817073822,125385.0,5424.502920627594,241608.49755859375,1210495.2125821114,0.215670395642519,0.00040009291167639036,0.0030306096718720112,0.008482991491052272,0.9766156077384949,,0.014096000000000001,-1332429.9783432973,0.8270596353975062
330,120450,328.5,-1328751.6214198756,-1209613.1070319563,0.9215232029353102,43132.472229003906,989986.8453369141,29573.50075340271,84465.0,3220.2056980133057,221506.07036590576,1328751.6221542358,0.215670395642519,0.00040009291167639036,0.0030306096718720112,0.008482991491052272,0.9766156077384949,,0.014096000000000001,-1332429.9783432973,0.8270596353975062
331,120815,329.1,-1208813.6441715774,-1209186.219683074,0.8993401040769603,58043.42252159119,794477.0689697266,38168.61612415314,103680.0,4689.239318847656,267798.71755218506,1208813.6419649124,0.215670395642519,0.00040009291167639036,0.0030306096718720112,0.008482991491052272,0.9766156077384949,,0.014096000000000001,-1332429.9783432973,0.8270596353975062
332,121180,330.4,-1207546.9660391863,-1209620.6750078883,0.8459602460469285,67208.4097290039,770195.0374755859,47225.138175964355,130405.0,4284.119798719883,255437.669631958,1207546.9650822282,0.2014519880084615,0.00047148109153663666,0.004037957448561333,0.008345017454733974,0.9779468774795532,,0.014042000000000002,-1332429.9783432973,0.8270596353975062
333,121545,331.1,-1194190.2158443413,-1210709.9187145506,0.8783167747602071,57638.82911205292,771594.7293701172,40366.32134151459,114920.0,7197.773725509644,260111.40086746216,1194190.2253046036,0.2014519880084615,0.00047148109153663666,0.004037957448561333,0.008345017454733974,0.9779468774795532,,0.014042000000000002,-1332429.9783432973,0.8270596353975062
334,121910,332.4,-1197253.0105207479,-1210595.6202764832,0.8802814321975185,61428.37816429138,766756.4630126953,41549.80414867401,113065.0,6329.731274604797,269552.0071487427,1197253.0055847168,0.23018750646396688,0.0005060147371918184,0.003866362992036892,0.008623442490045962,0.9752025008201599,,0.014006000000000003,-1332429.9783432973,0.8270596353975062
335,122275,333.1,-1270247.4668398416,-1214283.0006690577,0.9135261106164488,47928.31871795654,903375.1439208984,32289.113312721252,89435.0,2206.605700492859,242941.6004562378,1270247.4633903503,0.23018750646396688,0.0005060147371918184,0.003866362992036892,0.008623442490045962,0.9752025008201599,,0.014006000000000003,-1332429.9783432973,0.8270596353975062
336,122640,333.7,-1195386.9866089243,-1208547.4624515336,0.8832879816016106,60248.16866016388,766950.7410888672,40686.34294128418,112950.0,4916.511432647705,269883.38179302216,1195386.9772558212,0.23018750646396688,0.0005060147371918184,0.003866362992036892,0.008623442490045962,0.9752025008201599,,0.014006000000000003,-1332429.9783432973,0.8270596353975062
337,123005,335.0,-1260300.9405554635,-1207724.638851155,0.8445075472740278,76377.55396652222,768723.8408203125,51808.65585231781,133385.0,9084.747154712677,297298.6932220459,1260300.937049389,0.21107717819119753,0.0005031474119708659,0.003463745120251061,0.008541929498805027,0.9777548313140869,,0.013952,-1332429.9783432973,0.8270596353975062
338,123370,335.7,-1239270.6125072374,-1211504.5796348038,0.8453400853562029,71025.77228736877,774898.5169677734,49209.58261299133,132460.0,5975.386940062046,276727.12383651733,1239270.6103573442,0.21107717819119753,0.0005031474119708659,0.003463745120251061,0.008541929498805027,0.9777548313140869,,0.013952,-1332429.9783432973,0.8270596353975062
339,123735,336.3,-1171537.4270217177,-1210259.6945099675,0.8484230010476831,59332.90441322327,772249.7524414062,43283.25985336304,130555.0,4510.111430168152,220939.30893707275,1171537.4326620102,0.21107717819119753,0.0005031474119708659,0.003463745120251061,0.008541929498805027,0.9777548313140869,,0.013952,-1332429.9783432973,0.8270596353975062
340,124100,337.7,-1194864.8925185287,-1210726.3063406416,0.8576789132536274,57400.47010231018,804263.8828125,42107.49008369446,125955.0,5516.76745223999,217021.7459564209,1194864.8863048553,0.24974739433903442,0.0007124439809654417,0.005741587864529146,0.010153848481805701,0.9701244831085205,,0.013898000000000002,-1332429.9783432973,0.8270596353975062
341,124465,338.4,-1182071.6498039104,-1211655.1817522699,0.8898529036404336,61063.027070999146,763512.6638183594,39971.99807071686,110135.0,5048.828489303589,263403.1700630188,1182071.6604413986,0.24974739433903442,0.0007124439809654417,0.005741587864529146,0.010153848481805701,0.9701244831085205,,0.013898000000000002,-1332429.9783432973,0.8270596353975062
342,124830,339.0,-1277875.319356049,-1215018.477877438,0.9144313452994987,47256.502617836,909218.6966552734,32018.62108373642,89615.0,4411.7070026397705,242611.29354858398,1277875.3182902336,0.24974739433903442,0.0007124439809654417,0.005741587864529146,0.010153848481805701,0.9701244831085205,,0.013898000000000002,-1332429.9783432973,0.8270596353975062
343,125195,340.3,-1197443.6640386106,-1215042.5866282328,0.8970217828881251,58924.988441467285,789150.9387207031,38492.295854091644,105070.0,3382.726303100586,261347.70574569702,1197443.6666235924,0.2022248777119737,0.0005563155951006736,0.0047374524583574384,0.008568061233841275,0.9772379994392395,,0.013844,-1332429.9783432973,0.8270596353975062
344,125560,341.0,-1290096.2272176184,-1220678.4676993908,0.9189301038441593,43886.94022941589,950231.6148681641,29949.076189041138,85405.0,1910.214702129364,222600.32084655762,1290096.2266058922,0.2022248777119737,0.0005563155951006736,0.0047374524583574384,0.008568061233841275,0.9772379994392395,,0.013844,-1332429.9783432973,0.8270596353975062
345,125925,341.6,-1229396.9492721623,-1221747.1269624932,0.907858726586381,50194.69964790344,869624.2877197266,33765.17241859436,95395.0,2580.1422004699707,228032.34643936157,1229396.9487781525,0.2022248777119737,0.0005563155951006736,0.0047374524583574384,0.008568061233841275,0.9772379994392395,,0.013844,-1332429.9783432973,0.8270596353975062
346,126290,342.9,-1195253.3976435424,-1222572.3584830768,0.8949105994342125,59400.33834409714,787515.9265136719,38729.49637889862,106805.0,4132.538785934448,258070.43446350098,1195253.396142006,0.1874477496664775,0.00038045670498831896,0.0026312041736673564,0.007870136490581851,0.9796248078346252,,0.013790000000000002,-1332429.9783432973,0.8270596353975062
347,126655,343.6,-1179077.9511442354,-1221259.614836504,0.8716556162050325,53714.90692901611,808244.1763916016,39636.51375865936,119830.0,4810.732132434845,206556.53175354004,1179077.9540362358,0.1874477496664775,0.00038045670498831896,0.0026312041736673564,0.007870136490581851,0.9796248078346252,,0.013790000000000002,-1332429.9783432973,0.8270596353975062
348,127020,344.9,-1160547.2730367098,-1219521.0713770497,0.8890719304346059,56691.35939455032,771353.9660644531,38061.468978881836,110530.0,5574.900452613831,235026.94703483582,1160547.2825307846,0.2200424961353603,0.0006064395962120647,0.005472015926467353,0.008066630303418558,0.9773197770118713,,0.013754000000000002,-1332429.9783432973,0.8270596353975062
349,127385,345.5,-1142588.0500599174,-1216125.71328101,0.8799081547619545,55438.57120323181,793384.3206787109,39125.75433540344,115425.0,4883.635895729065,189769.33039855957,1142588.041308403,0.2200424961353603,0.0006064395962120647,0.005472015926467353,0.008066630303418558,0.9773197770118713,,0.013754000000000002,-1332429.9783432973,0.8270596353975062
350,127750,347.3,-1176827.7949374323,-1208529.5219568878,0.8861536367298806,56517.61671924591,782892.3326416016,38313.564254283905,111355.0,6351.49709174037,237915.40809440613,1176827.802082032,0.2200424961353603,0.0006064395962120647,0.005472015926467353,0.008066630303418558,0.9773197770118713,,0.013754000000000002,-1342110.546440725,0.8308919434678065
351,128115,348.7,-1186485.1745808076,-1207413.0984773494,0.9024854898452759,53656.27992630005,810340.7012939453,35747.779185295105,102020.0,4393.272089958191,233983.42470550537,1186485.177274704,0.2096121381772192,0.0005137111450638162,0.004141824295450198,0.007694013900809774,0.979011595249176,,0.013700000000000002,-1342110.546440725,0.8308919434678065
352,128480,349.3,-1605627.6466183027,-1227317.1325063051,0.92020105989012,39740.908885002136,1201537.3204345703,28274.801320552826,81135.0,5843.988416671753,288836.5473175049,1605627.6574892998,0.2096121381772192,0.0005137111450638162,0.004141824295450198,0.007694013900809774,0.979011595249176,,0.013700000000000002,-1342110.546440725,0.8308919434678065
353,128845,349.9,-1208683.5909945471,-1228041.8012638153,0.856808351653896,56228.63396835327,819720.3500976562,41241.43565368652,126110.0,7038.550071716309,214573.25914764404,1208683.5949707031,0.2096121381772192,0.0005137111450638162,0.004141824295450198,0.007694013900809774,0.979011595249176,,0.013700000000000002,-1342110.546440725,0.8308919434678065
354,129210,351.3,-1222152.862055143,-1229286.793840535,0.8575728837757894,55426.11763429642,828092.2939453125,41061.59557914734,126240.0,7613.60411131382,219145.3652191162,1222152.8588548899,0.2075421125873139,0.0005544540612103638,0.004224275297019631,0.011522948717404353,0.9705051183700562,,0.013646000000000002,-1342110.546440725,0.8308919434678065
355,129575,352.0,-1215757.8643070797,-1226562.313713897,0.8505824892488244,62145.5199546814,805235.9468994141,44401.23684692383,129695.0,9137.914596498013,227287.7727355957,1215757.8710784316,0.2075421125873139,0.0005544540612103638,0.004224275297019631,0.011522948717404353,0.9705051183700562,,0.013646000000000002,-1342110.546440725,0.8308919434678065
356,129940,352.6,-1573901.052696571,-1245488.0170182793,0.9230915597040359,40864.72369170189,1209557.9370117188,28751.564534902573,81470.0,5898.641098737717,248222.9016418457,1573901.0442872047,0.2075421125873139,0.0005544540612103638,0.004224275297019631,0.011522948717404353,0.9705051183700562,,0.013646000000000002,-1342110.546440725,0.8308919434678065
357,130305,354.0,-1297719.1582572078,-1247358.9279033665,0.9203894675594486,42192.88558292389,961800.0340576172,28896.95014476776,85325.0,3582.857666015625,218114.32179260254,1297719.163661003,0.2041752342330782,0.0004298270665745612,0.0035191586204363326,0.01066064139779069,0.973406195640564,,0.013592000000000002,-1342110.546440725,0.8308919434678065
358,130670,354.6,-1138453.9617028756,-1242318.0953631485,0.8890266798946955,54649.770270347595,787584.5168457031,37026.17150735855,110370.0,4810.879356384277,198662.3913192749,1138453.9590287209,0.2041752342330782,0.0004298270665745612,0.0035191586204363326,0.01066064139779069,0.973406195640564,,0.013592000000000002,-1342110.546440725,0.8308919434678065
359,131035,355.3,-1166735.732937994,-1242078.0106589624,0.8882564980689793,54695.015241622925,787459.9696044922,37457.797105789185,110710.0,6014.763517856598,225093.20832824707,1166735.738556385,0.2041752342330782,0.0004298270665745612,0.0035191586204363326,0.01066064139779069,0.973406195640564,,0.013592000000000002,-1342110.546440725,0.8308919434678065
360,131400,356.6,-1191491.0389835087,-1241909.3179822115,0.8665102282615557,53581.51417827606,816180.4439697266,39717.391030311584,120190.0,6099.940742254257,209303.2586517334,1191491.0343940258,0.20604582542651578,0.00037467551273469947,0.0026287948896520233,0.00836405479104111,0.977576732635498,,0.013538000000000001,-1342110.546440725,0.8308919434678065
361,131765,357.2,-1231507.2309061596,-1244381.0970373238,0.8548201311124515,56639.627796173096,836284.5822753906,41589.256474494934,126400.0,7898.932435750961,219334.45700073242,1231507.228186369,0.20604582542651578,0.00037467551273469947,0.0026287948896520233,0.00836405479104111,0.977576732635498,,0.013538000000000001,-1342110.546440725,0.8308919434678065
362,132130,358.5,-1161635.8199829014,-1238569.1220686664,0.8888759103539872,54446.70141983032,783952.09375,37191.31582736969,111715.0,5584.592657923698,223192.82287979126,1161635.8251150846,0.22926909378484675,0.0005271528483909174,0.00443307977107715,0.008922343166839136,0.9753657579421997,,0.013502000000000002,-1342110.546440725,0.8308919434678065
363,132495,359.1,-1342392.8328364845,-1245816.58050856,0.8388998212879651,74898.36038017273,794142.0424804688,50786.61818695068,135405.0,19297.46314072609,342761.7151031494,1342392.838911295,0.22926909378484675,0.0005271528483909174,0.00443307977107715,0.008922343166839136,0.9753657579421997,,0.013502000000000002,-1342110.546440725,0.8308919434678065
364,132860,359.8,-1286899.1871258642,-1245656.7285039725,0.9231029007532825,41769.98273086548,970815.6156005859,28698.45876312256,82955.0,3928.175584793091,200501.93552398682,1286899.1854724884,0.22926909378484675,0.0005271528483909174,0.00443307977107715,0.008922343166839136,0.9753657579421997,,0.013502000000000002,-1342110.546440725,0.8308919434678065
365,133225,361.1,-1176288.088678838,-1243001.2854743062,0.8721113830396574,51605.533140182495,816488.9150390625,38347.71392059326,117660.0,6550.320859491825,197241.14038085938,1176288.090200007,0.21543306190716593,0.0005040088427018705,0.0034003006811345634,0.009350425674040852,0.9763444066047668,,0.013448000000000002,-1342110.546440725,0.8308919434678065
366,133590,361.8,-1202704.7915821665,-1243373.8551712374,0.8568832296214691,56917.50387573242,812052.5767822266,41792.38419628143,125120.0,6015.530267715454,217724.3020172119,1202704.7932634354,0.21543306190716593,0.0005040088427018705,0.0034003006811345634,0.009350425674040852,0.9763444066047668,,0.013448000000000002,-1342110.546440725,0.8308919434678065
367,133955,362.5,-1228875.852635086,-1245863.75024578,0.9074161652016313,51295.15948009491,861898.7115478516,34168.918318748474,95520.0,5051.647015571594,232236.5775756836,1228875.8544578552,0.21543306190716593,0.0005040088427018705,0.0034003006811345634,0.009350425674040852,0.9763444066047668,,0.013448000000000002,-1342110.546440725,0.8308919434678065
368,134320,363.8,-1174707.8674585107,-1246571.7799668699,0.8888127777674427,54086.08741760254,785568.3577880859,36871.25291252136,112055.0,6860.75581073761,233352.49629211426,1174707.8628034592,0.21241745372351847,0.0004201158172260253,0.0031995271412214557,0.008906019557463495,0.9769377112388611,,0.013394000000000001,-1342110.546440725,0.8308919434678065
369,134685,364.4,-1318230.1825536084,-1255353.8865915544,0.8422449737378995,73222.86793327332,809202.259765625,49284.112456321716,136430.0,23277.083740234375,300036.7266807556,1318230.1826429367,0.21241745372351847,0.0004201158172260253,0.0031995271412214557,0.008906019557463495,0.9769377112388611,,0.013394000000000001,-1342110.546440725,0.8308919434678065
370,135050,365.1,-1162300.8653564337,-1254627.5401125045,0.881347571007193,51585.85595703125,808713.9645996094,36828.86356925964,114865.0,5952.877993583679,195940.15869140625,1162300.864853859,0.21241745372351847,0.0004201158172260253,0.0031995271412214557,0.008906019557463495,0.9769377112388611,,0.013394000000000001,-1342110.546440725,0.8308919434678065
371,135415,366.4,-1164776.009156383,-1253542.0818412832,0.8728527054394761,52085.119453430176,813780.1763916016,38501.07859039307,119705.0,5237.355014920235,187552.3965549469,1164776.0065518618,0.24019824595827804,0.0004665374251903574,0.0033539889202649264,0.009808968188927361,0.9731094837188721,,0.013340000000000001,-1342110.546440725,0.8308919434678065
372,135780,367.1,-1184320.317801322,-1232476.7154004343,0.8972777350308144,57132.96649360657,795615.9564208984,37334.64066028595,106595.0,3432.6448769569397,241342.07179260254,1184320.3137507439,0.24019824595827804,0.0004665374251903574,0.0033539889202649264,0.009808968188927361,0.9731094837188721,,0.013340000000000001,-1342110.546440725,0.8308919434678065
373,136145,367.7,-1175412.213355405,-1230813.1465184772,0.8935260392215154,56725.87063121796,784997.1002197266,37586.56545352936,110295.0,4275.295548200607,238258.25643730164,1175412.2176587582,0.24019824595827804,0.0004665374251903574,0.0033539889202649264,0.009808968188927361,0.9731094837188721,,0.013340000000000001,-1342110.546440725,0.8308919434678065
374,136510,369.1,-1129675.9317286708,-1226189.3000021535,0.8884729592767481,55932.87162399292,775537.3527832031,37987.129386901855,111200.0,3456.934175014496,201494.52055358887,1129675.9368987083,0.2145004541073975,0.0005229428909986286,0.004608689697067204,0.007767747284991569,0.9791914224624634,,0.013286000000000001,-1342110.546440725,0.8308919434678065
375,136875,370.9,-1152368.4253217177,-1223019.8280528854,0.8804107259397638,53556.75037384033,792875.4300537109,38322.08510971069,115260.0,5083.051443576813,200827.85287475586,1152368.4194817543,0.2145004541073975,0.0005229428909986286,0.004608689697067204,0.007767747284991569,0.9791914224624634,,0.013286000000000001,-1332007.207480283,0.833065818352242
376,137240,372.2,-1174756.9623818886,-1203062.6235371511,0.8695877320145907,54015.033829689026,806314.8415527344,39886.641454696655,118760.0,8220.533668041695,201574.93780136108,1174756.9544768338,0.22080517893559054,0.0005078464903961407,0.003454911090605157,0.008012894871889761,0.9784746766090393,,0.013250000000000001,-1332007.207480283,0.833065818352242
377,137605,372.9,-1302553.2205172526,-1203304.3266501534,0.8456019984532709,75520.41033267975,786145.5521240234,51035.017557144165,132580.0,21943.898111343384,310848.75135040283,1302553.2191429138,0.22080517893559054,0.0005078464903961407,0.003454911090605157,0.008012894871889761,0.9784746766090393,,0.013250000000000001,-1332007.207480283,0.833065818352242
378,137970,373.5,-1167033.4669568304,-1204733.3019128512,0.8785990909354328,56110.69560813904,790090.6251220703,39847.455741882324,114880.0,4371.913883924484,217843.47246551514,1167033.4672133923,0.22080517893559054,0.0005078464903961407,0.003454911090605157,0.008012894871889761,0.9784746766090393,,0.013250000000000001,-1332007.207480283,0.833065818352242
379,138335,374.8,-1139563.673162755,-1203374.6989240893,0.8763236930925552,53978.302662849426,793838.8526611328,38783.712161540985,114715.0,5327.020364761323,186899.09396743774,1139563.679154873,0.2301736728925454,0.0005172937481850232,0.004071419718552773,0.010017704451456666,0.9730002284049988,,0.013196000000000001,-1332007.207480283,0.833065818352242
380,138700,375.5,-1205690.14087063,-1204084.6540184456,0.9028122364658199,54141.01849937439,832516.21484375,35896.54424953461,99180.0,5611.293101072311,232486.08780288696,1205690.1399972439,0.2301736728925454,0.0005172937481850232,0.004071419718552773,0.010017704451456666,0.9730002284049988,,0.013196000000000001,-1332007.207480283,0.833065818352242
381,139065,376.1,-1280158.4304014684,-1206517.2139932108,0.9212438870782722,42731.326422691345,962200.5626220703,29115.33992099762,83450.0,3671.7731001377106,201720.7599029541,1280158.4355461597,0.2301736728925454,0.0005172937481850232,0.004071419718552773,0.010017704451456666,0.9730002284049988,,0.013196000000000001,-1332007.207480283,0.833065818352242
382,139430,377.4,-1161510.5072251735,-1206510.9483553246,0.8971911471183985,57010.87661933899,788447.8599853516,37457.804032325745,105010.0,4614.94181060791,225979.9059753418,1161510.511803627,0.18079235600797752,0.0004336939146014629,0.0037105627293624963,0.007564464853586335,0.9807037115097046,,0.013142000000000001,-1332007.207480283,0.833065818352242
383,139795,378.1,-1210634.1507979562,-1199923.014253398,0.8519958295234262,62175.21279335022,812157.8247070312,44228.723569869995,127530.0,7719.4067533016205,218998.19456481934,1210634.1495950222,0.18079235600797752,0.0004336939146014629,0.0037105627293624963,0.007564464853586335,0.9807037115097046,,0.013142000000000001,-1332007.207480283,0.833065818352242
384,140160,378.7,-1721616.4922337723,-1221658.8795087934,0.9218651879323672,39259.58055925369,1257120.40234375,27875.915802001953,80480.0,8802.215127706528,347337.97395324707,1721616.5072267056,0.18079235600797752,0.0004336939146014629,0.0037105627293624963,0.007564464853586335,0.9807037115097046,,0.013142000000000001,-1332007.207480283,0.833065818352242
385,140525,380.0,-1142775.8161207153,-1219983.2658808872,0.8723531688729378,51276.26214027405,808539.3923339844,38399.92654848099,117770.0,4122.074502944946,173944.42308044434,1142775.8164658546,0.20774952733987256,0.0004595961380274323,0.003143310549938561,0.013282780425230923,0.9663398861885071,,0.013088,-1332007.207480283,0.833065818352242
386,140890,380.7,-1156356.7997601037,-1217665.8662897842,0.8547098643159213,54732.577726364136,795408.9533691406,40534.54924583435,125645.0,3116.7018179893494,191651.59463500977,1156356.799067974,0.20774952733987256,0.0004595961380274323,0.003143310549938561,0.013282780425230923,0.9663398861885071,,0.013088,-1332007.207480283,0.833065818352242
387,141255,381.3,-1177846.3204315086,-1215114.3896796051,0.8503862140929862,64394.661113739014,795701.3060302734,45601.09120750427,126875.0,7065.13150537014,202603.78839111328,1177846.3171342611,0.20774952733987256,0.0004595961380274323,0.003143310549938561,0.013282780425230923,0.9663398861885071,,0.013088,-1332007.207480283,0.833065818352242
388,141620,382.6,-1280250.8429588894,-1220391.5384546244,0.9202817008919912,42549.78615570068,952630.8607177734,29068.20092010498,83375.0,2687.531660556793,212489.2463684082,1280250.8396668434,0.23179531999324499,0.0005125673674946915,0.003196314772235622,0.009309102597303297,0.9739490151405334,,0.013034,-1332007.207480283,0.833065818352242
389,141985,383.3,-1184729.7122416233,-1213716.514939025,0.8971395979188893,56566.206857681274,794183.3741455078,37098.945932388306,103080.0,4902.8189420849085,245464.5745010376,1184729.7135210186,0.23179531999324499,0.0005125673674946915,0.003196314772235622,0.009309102597303297,0.9739490151405334,,0.013034,-1332007.207480283,0.833065818352242
390,142350,384.6,-1285615.8075757024,-1219882.2620499884,0.8446637312026873,73493.43023586273,791015.4359130859,50041.831444740295,132650.0,17990.507955789566,293918.030544281,1285615.8058578968,0.2067696614877174,0.0005031245089316814,0.0037113658219919002,0.00963168357204842,0.9751464128494263,,0.012998000000000001,-1332007.207480283,0.833065818352242
391,142715,385.3,-1185980.2160636717,-1220942.4723953528,0.8844416335837482,56343.2404460907,792649.8195800781,38677.67456817627,109220.0,6306.5217542648315,239126.20854187012,1185980.2244443893,0.2067696614877174,0.0005031245089316814,0.0037113658219919002,0.00963168357204842,0.9751464128494263,,0.012998000000000001,-1332007.207480283,0.833065818352242
392,143080,386.0,-1177613.1037923251,-1220607.111694903,0.8880494445970614,57618.04939746857,785933.67578125,38402.43250083923,107115.0,5242.967807769775,240919.02478027344,1177613.1008701324,0.2067696614877174,0.0005031245089316814,0.0037113658219919002,0.00963168357204842,0.9751464128494263,,0.012998000000000001,-1332007.207480283,0.833065818352242
393,143445,387.3,-1262405.423593639,-1224956.7722068147,0.915798840457446,44620.09456157684,928410.4942626953,30367.50381088257,86365.0,4424.2839514017105,212838.1396598816,1262405.4216848612,0.19242218195607788,0.0005267853195236009,0.0036428351204928107,0.007878921092732957,0.9796242117881775,,0.012944,-1332007.207480283,0.833065818352242
394,143810,387.9,-1150147.4101361863,-1225980.3461271904,0.8940519220208468,57451.85994267464,772413.0336914062,37920.16621589661,105265.0,6575.381323814392,227973.82660102844,1150147.4078321457,0.19242218195607788,0.0005267853195236009,0.0036428351204928107,0.007878921092732957,0.9796242117881775,,0.012944,-1332007.207480283,0.833065818352242
395,144175,388.6,-1180066.8592884322,-1227365.2678255262,0.8669566036903695,52502.906160354614,817003.025390625,39364.704162597656,116895.0,8300.192778587341,198503.9375076294,1180066.8598394394,0.19242218195607788,0.0005267853195236009,0.0036428351204928107,0.007878921092732957,0.9796242117881775,,0.012944,-1332007.207480283,0.833065818352242
396,144540,389.9,-1286691.3487763067,-1232961.9871452472,0.8421531845445502,72691.32385921478,791008.9876708984,49688.920802116394,132050.0,17969.098130702972,295974.35134887695,1286691.3579525948,0.21298061919055486,0.00047596796603580803,0.003785518187980511,0.009048918519463194,0.9754414558410645,,0.01289,-1332007.207480283,0.833065818352242
397,144905,390.6,-1189979.5966316229,-1227333.3059509655,0.9030939412443605,55198.09023475647,816724.28125,36403.61589431763,97880.0,3216.4817543029785,235755.22051239014,1189979.5994110107,0.21298061919055486,0.00047596796603580803,0.003785518187980511,0.009048918519463194,0.9754414558410645,,0.01289,-1332007.207480283,0.833065818352242
398,145270,391.2,-1322343.5765531636,-1235098.8114307823,0.8421137605627922,75321.35214614868,795459.5191650391,50949.36851119995,131540.0,17100.780387878418,327293.9122619629,1322343.5803260803,0.21298061919055486,0.00047596796603580803,0.003785518187980511,0.009048918519463194,0.9754414558410645,,0.01289,-1332007.207480283,0.833065818352242
399,145635,392.5,-1161336.5822297507,-1236187.4568841322,0.8693619698694307,53068.22296619415,802705.4859619141,39589.839977264404,116895.0,5307.605188965797,196838.65565490723,1161336.5867830515,0.22403947675698682,0.00042272183968873974,0.002960205081188561,0.010064920704615744,0.9731888175010681,,0.012836,-1332007.207480283,0.833065818352242
400,146000,394.3,-1265466.716889917,-1239176.2856850964,0.9160534850538593,44170.18999481201,937618.0122070312,30197.844696998596,84325.0,1739.7317514419556,211586.13357543945,1265466.7222309113,0.22403947675698682,0.00042272183968873974,0.002960205081188561,0.010064920704615744,0.9731888175010681,,0.012836,-1341928.9506561945,0.8315963447910466
401,146365,394.9,-1184250.726560552,-1234380.9004930505,0.9018022208997648,54219.025619506836,816078.806640625,36112.883195877075,97810.0,3477.097005844116,230771.94232940674,1184250.729171753,0.22403947675698682,0.00042272183968873974,0.002960205081188561,0.010064920704615744,0.9731888175010681,,0.012836,-1341928.9506561945,0.8315963447910466
402,146730,396.3,-1184588.5245470472,-1235534.8013591445,0.9012690297544819,54278.098620414734,819179.8358154297,35998.297773361206,100370.0,3620.629117488861,225419.76902008057,1184588.5317263603,0.18657680051891426,0.0004284289499130529,0.003260026909533496,0.007511094616922109,0.9815468788146973,,0.012782000000000002,-1341928.9506561945,0.8315963447910466
403,147095,396.9,-1219780.231495888,-1235992.105394041,0.9084370310992411,47677.90730667114,881437.5905761719,32342.236245155334,92735.0,3355.9025372564793,209909.51504135132,1219780.244399935,0.18657680051891426,0.0004284289499130529,0.003260026909533496,0.007511094616922109,0.9815468788146973,,0.012782000000000002,-1341928.9506561945,0.8315963447910466
404,147460,398.3,-1212068.586810587,-1210514.7101228815,0.9057094263703855,51726.00974750519,851295.7730712891,34434.471163749695,96265.0,3873.773334503174,226199.56634521484,1212068.5839147568,0.18737278702227692,0.00044060025672814317,0.0033389978328303093,0.007697773245653431,0.980719268321991,,0.012746,-1341928.9506561945,0.8315963447910466
405,147825,398.9,-1250444.1818578048,-1215898.128409736,0.9107852578163147,48990.052734375,894186.0806884766,32948.933245658875,90625.0,2384.479257583618,230299.6841316223,1250444.1773233414,0.18737278702227692,0.00044060025672814317,0.0033389978328303093,0.007697773245653431,0.980719268321991,,0.012746,-1341928.9506561945,0.8315963447910466
406,148190,399.6,-1165582.6368997463,-1216359.4202667181,0.8689121873411414,53360.4300365448,800854.1668701172,39941.86147880554,116485.0,4275.631599903107,204025.97688293457,1165582.6368317604,0.18737278702227692,0.00044060025672814317,0.0033389978328303093,0.007697773245653431,0.980719268321991,,0.012746,-1341928.9506561945,0.8315963447910466
407,148555,400.9,-1199358.5042008632,-1217435.029455186,0.8499115893285568,65607.06804466248,792660.3477783203,46311.25245189667,127250.0,7731.639427185059,225405.2652244568,1199358.5048818588,0.2043438318528627,0.0006660619884841205,0.004936619821053587,0.00859573909302095,0.9779648184776306,,0.012692,-1341928.9506561945,0.8315963447910466
408,148920,401.5,-1202083.0794968617,-1213526.6412820849,0.8508017414236722,60972.736419677734,801009.8917236328,43623.70621967316,125925.0,7609.171425819397,223915.31233215332,1202083.0817012787,0.2043438318528627,0.0006660619884841205,0.004936619821053587,0.00859573909302095,0.9779648184776306,,0.012692,-1341928.9506561945,0.8315963447910466
409,149285,402.2,-1185215.7918563553,-1213550.9452628212,0.881023972328395,52843.94190645218,802802.9652099609,37409.37938499451,110745.0,6915.590449333191,227342.85702896118,1185215.7920732498,0.2043438318528627,0.0006660619884841205,0.004936619821053587,0.00859573909302095,0.9779648184776306,,0.012692,-1341928.9506561945,0.8315963447910466
410,149650,403.5,-1335268.8621824007,-1216033.5979931562,0.8415404525521684,73605.16407775879,820873.9658203125,49879.257604599,132080.0,20841.109796516597,311594.5281600952,1335268.8613815233,0.22812732328709803,0.000436734867482875,0.0023204067329061218,0.0098201089146498,0.972564697265625,,0.012638,-1341928.9506561945,0.8315963447910466
411,150015,404.2,-1269698.2826924198,-1220219.5013245936,0.9209003237828817,41011.23195743561,962282.7967529297,28344.28390645981,81700.0,3254.828810930252,194116.37001800537,1269698.2794883251,0.22812732328709803,0.000436734867482875,0.0023204067329061218,0.0098201089146498,0.972564697265625,,0.012638,-1341928.9506561945,0.8315963447910466
412,150380,404.8,-1169960.7714217277,-1219836.8847060637,0.8849006380120369,54833.46308708191,798729.8975830078,38031.09156990051,109760.0,4579.646690607071,218860.1334400177,1169960.769283533,0.22812732328709803,0.000436734867482875,0.0023204067329061218,0.0098201089146498,0.972564697265625,,0.012638,-1341928.9506561945,0.8315963447910466
413,150745,406.2,-1149880.1257839252,-1214210.619815578,0.8784068875116845,54675.31910896301,802233.6364746094,39000.773529052734,110565.0,5546.744007587433,192533.97384643555,1149880.127857685,0.19594398493829526,0.0005223436932474693,0.004286381239868014,0.008438802042387818,0.9786971807479858,,0.012584000000000003,-1341928.9506561945,0.8315963447910466
414,151110,406.8,-1303003.3696370202,-1221853.4177906197,0.8423536721974203,75705.4201221466,784286.6638183594,51132.09732437134,129880.0,20018.082443475723,317686.52645874023,1303003.3700449467,0.19594398493829526,0.0005223436932474693,0.004286381239868014,0.008438802042387818,0.9786971807479858,,0.012584000000000003,-1341928.9506561945,0.8315963447910466
415,151475,407.5,-1176403.4737038559,-1221670.2485113908,0.8932733605985772,60501.98456573486,771315.3929443359,39490.33315086365,103995.0,5095.354242324829,256507.394821167,1176403.4751586914,0.19594398493829526,0.0005223436932474693,0.004286381239868014,0.008438802042387818,0.9786971807479858,,0.012584000000000003,-1341928.9506561945,0.8315963447910466
416,151840,408.8,-1231024.2570865913,-1218886.893926905,0.9099181332000315,48765.430976867676,889830.8974609375,32627.854076385498,90195.0,3402.0364609360695,214968.4683456421,1231024.2563439012,0.21230614361794373,0.0003920381334051183,0.0026365581372948853,0.009543103717365548,0.9763005971908569,,0.012530000000000001,-1341928.9506561945,0.8315963447910466
417,152205,409.5,-1221558.9419724206,-1220465.8611939447,0.9051401363660212,53417.45251274109,836211.0299072266,35231.101422309875,94930.0,4989.180402994156,250197.629196167,1221558.9409286976,0.21230614361794373,0.0003920381334051183,0.0026365581372948853,0.009543103717365548,0.9763005971908569,,0.012530000000000001,-1341928.9506561945,0.8315963447910466
418,152570,410.1,-1197719.8921864997,-1214234.6769756118,0.9043064817990343,52380.24783325195,834260.2800292969,34917.18046283722,95135.0,3997.626250743866,229409.8046875,1197719.891430378,0.21230614361794373,0.0003920381334051183,0.0026365581372948853,0.009543103717365548,0.9763005971908569,,0.012530000000000001,-1341928.9506561945,0.8315963447910466
419,152935,411.4,-1178218.168491726,-1215078.7562887105,0.8974426336484412,56274.338183403015,791257.4370117188,37233.032917022705,98760.0,5789.67134475708,245178.02801513672,1178218.1692886353,0.17782433448653473,0.0005982684785378392,0.00460735121496806,0.008153694191653477,0.9798294305801392,,0.012476000000000003,-1341928.9506561945,0.8315963447910466
420,153300,412.1,-1180804.4448786979,-1210845.6426881494,0.8766691090309456,56286.46255111694,794188.0603027344,40051.64766120911,109745.0,7177.161027431488,229642.58520126343,1180804.4541926384,0.17782433448653473,0.0005982684785378392,0.00460735121496806,0.008153694191653477,0.9798294305801392,,0.012476000000000003,-1341928.9506561945,0.8315963447910466
421,153665,413.4,-1149898.171170028,-1209128.014918623,0.8764119308288784,53669.46871471405,806653.6087646484,38855.45413398743,110630.0,6013.481981754303,187745.6290435791,1149898.1739239693,0.2012009306957847,0.00047596485968058816,0.003959521923924943,0.008150942507199943,0.9787079691886902,,0.012440000000000003,-1341928.9506561945,0.8315963447910466
422,154030,414.0,-1171150.5325283816,-1208456.1153176902,0.8691613396553144,53664.18810081482,815290.9627685547,39765.78838253021,113835.0,5406.370450556278,196852.41137695312,1171150.5329785943,0.2012009306957847,0.00047596485968058816,0.003959521923924943,0.008150942507199943,0.9787079691886902,,0.012440000000000003,-1341928.9506561945,0.8315963447910466
423,154395,414.7,-1157979.9671744634,-1205366.1021016187,0.8686695639401266,52890.84318733215,807179.4184570312,39269.09575653076,113455.0,7718.435590744019,190358.0189819336,1157979.9687862396,0.2012009306957847,0.00047596485968058816,0.003959521923924943,0.008150942507199943,0.9787079691886902,,0.012440000000000003,-1341928.9506561945,0.8315963447910466
424,154760,416.0,-1365436.2941234438,-1213034.4874672617,0.8418005820823042,75613.64863395691,807451.4176025391,51125.68870162964,128980.0,25598.274381414056,352280.9139099121,1365436.2945954949,0.21660783553594037,0.0005827411716477639,0.004872372297349533,0.009087375573519813,0.9754565954208374,,0.012386000000000001,-1341928.9506561945,0.8315963447910466
425,155125,417.8,-1188235.660323156,-1209924.0613905292,0.9042035373922896,54894.280754089355,824102.4304199219,36065.44701004028,96580.0,3095.6626014709473,228392.1247062683,1188235.6647377014,0.21660783553594037,0.0005827411716477639,0.004872372297349533,0.009087375573519813,0.9754565954208374,,0.012386000000000001,-1337277.7512106933,0.8355540575229958
426,155490,418.4,-1227967.0847378746,-1213043.2837824356,0.848245722790287,70160.34480285645,786359.8940429688,48370.159648895264,124105.0,12717.650368213654,256414.38131713867,1227967.0853772163,0.21660783553594037,0.0005827411716477639,0.004872372297349533,0.009087375573519813,0.9754565954208374,,0.012386000000000001,-1337277.7512106933,0.8355540575229958
427,155855,419.8,-1138291.861355322,-1209989.9516401587,0.8856812566927035,53777.41425704956,794318.7552490234,37465.04461669922,106580.0,5478.099309921265,194449.95909881592,1138291.8582744598,0.20823115404499204,0.0004910138423407549,0.002953512632398327,0.009906546898970478,0.974117636680603,,0.012332000000000003,-1337277.7512106933,0.8355540575229958
428,156220,420.4,-1201255.10262187,-1209948.5527964092,0.8771415687587163,53210.22297000885,824096.6219482422,38250.5592212677,110675.0,8046.6637172698975,220186.25175857544,1201255.0966453552,0.20823115404499204,0.0004910138423407549,0.002953512632398327,0.009906546898970478,0.974117636680603,,0.012332000000000003,-1337277.7512106933,0.8355540575229958
429,156585,421.1,-1162223.2886868943,-1208798.927637936,0.8772658142324996,52702.94409942627,802064.9011230469,38171.97390174866,110585.0,5845.83319067955,205555.5792388916,1162223.2874543667,0.20823115404499204,0.0004910138423407549,0.002953512632398327,0.009906546898970478,0.974117636680603,,0.012332000000000003,-1337277.7512106933,0.8355540575229958
430,156950,422.4,-1150769.8324802388,-1199573.976152828,0.881095076097201,53389.795607089996,810569.9964599609,38012.92528104782,109960.0,4648.788800597191,187578.11577415466,1150769.8263157606,0.20459744647929543,0.0004466870698850375,0.0034281412801264147,0.007961795058738636,0.978615403175354,,0.012278,-1337277.7512106933,0.8355540575229958
431,157315,423.0,-1193638.0113630716,-1195770.9625863603,0.8820366080493143,53174.7259311676,808704.1380615234,37706.15984916687,108925.0,7264.633551120758,231038.08007240295,1193638.011534214,0.20459744647929543,0.0004466870698850375,0.0034281412801264147,0.007961795058738636,0.978615403175354,,0.012278,-1337277.7512106933,0.8355540575229958
432,157680,423.7,-1144875.036278046,-1194516.6758291763,0.8897596380481981,55570.79531431198,784752.9721679688,37368.222599983215,104945.0,4474.76239681241,213334.08003234863,1144875.037197113,0.20459744647929543,0.0004466870698850375,0.0034281412801264147,0.007961795058738636,0.978615403175354,,0.012278,-1337277.7512106933,0.8355540575229958
433,158045,425.0,-1161413.3954976748,-1195093.3393148638,0.8836149574959115,53241.41855812073,802633.1126708984,37594.86501121521,109105.0,5237.626665055752,206842.78746032715,1161413.3918074965,0.20052997846352427,0.0004562436396027854,0.0035909016968569056,0.007668369351641128,0.9800459146499634,,0.012224000000000002,-1337277.7512106933,0.8355540575229958
434,158410,425.7,-1137273.5342403327,-1186806.8475450294,0.8994538013249227,56961.62671947479,776462.6748046875,37184.00426054001,101180.0,3992.874601840973,218453.98086547852,1137273.534532547,0.20052997846352427,0.0004562436396027854,0.0035909016968569056,0.007668369351641128,0.9800459146499634,,0.012224000000000002,-1337277.7512106933,0.8355540575229958
435,158775,427.0,-1161550.265401058,-1186064.1871298896,0.8994129189073223,55202.902505874634,798338.7882080078,36146.58860206604,100780.0,3029.6980488300323,223255.1883430481,1161550.263201952,0.18743626283187614,0.000473416069613258,0.003707082654153438,0.007551046805211196,0.9804548025131226,,0.012188000000000003,-1337277.7512106933,0.8355540575229958
436,159140,427.7,-1319244.3999688588,-1190475.194274003,0.8459374174679796,76581.74783802032,800221.1614990234,51169.60578727722,129305.0,16068.8236181736,322479.805267334,1319244.3961718082,0.18743626283187614,0.000473416069613258,0.003707082654153438,0.007551046805211196,0.9804548025131226,,0.012188000000000003,-1337277.7512106933,0.8355540575229958
437,159505,428.3,-1154837.1583613711,-1187139.1050934505,0.8954698464641833,58277.76828765869,785801.7243652344,38081.17367267609,103845.0,4540.081137359142,222569.17414474487,1154837.1533200145,0.18743626283187614,0.000473416069613258,0.003707082654153438,0.007551046805211196,0.9804548025131226,,0.012188000000000003,-1337277.7512106933,0.8355540575229958
438,159870,429.7,-1295088.8370230722,-1192007.552335279,0.9257773472838206,40070.73615837097,997593.6525878906,27823.728499889374,79010.0,2339.3221187591553,188322.1421508789,1295088.845357418,0.19011296331882477,0.00043933659052479353,0.0031872130317711516,0.009641530653951983,0.9762436747550964,,0.012134,-1337277.7512106933,0.8355540575229958
439,160235,430.3,-1183815.409235924,-1192287.414372489,0.8632359455709588,54552.41721725464,826615.8673095703,40198.5034866333,118885.0,7493.559804916382,190622.47157287598,1183815.402173996,0.19011296331882477,0.00043933659052479353,0.0031872130317711516,0.009641530653951983,0.9762436747550964,,0.012134,-1337277.7512106933,0.8355540575229958
440,160600,431.0,-1162734.3833488259,-1191383.9112959956,0.8673342467987374,53520.837094306946,803144.4771728516,39669.05338573456,118065.0,5380.126334190369,196475.73696899414,1162734.3938617706,0.19011296331882477,0.00043933659052479353,0.0031872130317711516,0.009641530653951983,0.9762436747550964,,0.012134,-1337277.7512106933,0.8355540575229958
441,160965,432.3,-1233864.6985762583,-1195582.2376663068,0.9171037487787743,46862.49406337738,907473.6815185547,31356.366611480713,86130.0,2004.7134218215942,206899.94052124023,1233864.7020730972,0.1926077374894368,0.0005347036530063059,0.004929124273506827,0.009450384011296066,0.9764309525489807,,0.012080000000000002,-1337277.7512106933,0.8355540575229958
442,161330,432.9,-1164536.9746591349,-1195251.5597728444,0.9005790743109298,55206.778354644775,807403.2990722656,36416.15791511536,98810.0,3299.130220413208,218608.39016723633,1164536.9773750305,0.1926077374894368,0.0005347036530063059,0.004929124273506827,0.009450384011296066,0.9764309525489807,,0.012080000000000002,-1337277.7512106933,0.8355540575229958
443,161695,433.6,-1198571.8561956398,-1197281.1542239033,0.8554143882777593,65608.40563774109,807912.1431884766,45673.243465423584,123555.0,11110.998240232468,210320.46981811523,1198571.8547122478,0.1926077374894368,0.0005347036530063059,0.004929124273506827,0.009450384011296066,0.9764309525489807,,0.012080000000000002,-1337277.7512106933,0.8355540575229958
444,162060,434.9,-1151327.0409161516,-1186575.6915635387,0.868370828236619,53636.31179237366,797248.6129150391,39574.8851890564,117370.0,4096.96796131134,193036.57272338867,1151327.0387887955,0.19404760591293635,0.0005479489292204226,0.004883883309575092,0.00962110534065256,0.9748517274856567,,0.012026,-1337277.7512106933,0.8355540575229958
445,162425,435.6,-1144894.938684155,-1184408.6554815886,0.8947678356954496,58044.511362075806,767466.7117919922,38061.15959739685,103540.0,3068.746965408325,232758.31803894043,1144894.9363937378,0.19404760591293635,0.0005479489292204226,0.004883883309575092,0.00962110534065256,0.9748517274856567,,0.012026,-1337277.7512106933,0.8355540575229958
446,162790,436.2,-1251164.5911256343,-1185568.5308009768,0.9213225287933872,43222.59085273743,939156.3862304688,29353.031165122986,81725.0,2172.136682510376,198758.0260438919,1251164.580121994,0.19404760591293635,0.0005479489292204226,0.004883883309575092,0.00962110534065256,0.9748517274856567,,0.012026,-1337277.7512106933,0.8355540575229958
447,163155,437.5,-1186413.0515306962,-1187974.5903097454,0.8994099427575935,57416.31804275513,799652.3035888672,37578.346239089966,97765.0,3035.0034942626953,248382.40061950684,1186413.0539417267,0.17843676103573097,0.00033548660298708314,0.0022400973156388652,0.00810106719329365,0.9802783727645874,,0.011972000000000002,-1337277.7512106933,0.8355540575229958
448,163520,438.2,-1168040.7239613805,-1186313.8713767207,0.8657624275717016,55163.5480594635,807059.6391601562,40524.32800579071,115450.0,4159.206161737442,200847.55142974854,1168040.724757433,0.17843676103573097,0.00033548660298708314,0.0022400973156388652,0.00810106719329365,0.9802783727645874,,0.011972000000000002,-1337277.7512106933,0.8355540575229958
449,163885,439.5,-1259333.0702283042,-1191169.3604537915,0.9205245467081462,45969.62862491608,930150.4461669922,30856.828301906586,83035.0,2199.3698427677155,213091.4345855713,1259333.0788972378,0.18054166063666344,0.00032477955238918135,0.0023680569888950374,0.008094710101814647,0.9805299639701843,,0.011936000000000002,-1337277.7512106933,0.8355540575229958
450,164250,441.3,-1181255.2553902245,-1192693.6315992908,0.8630478801792615,57319.32881164551,805596.3303222656,41783.501667022705,117010.0,3165.5226154327393,213699.8993988037,1181255.2540035248,0.18054166063666344,0.00032477955238918135,0.0023680569888950374,0.008094710101814647,0.9805299639701843,,0.011936000000000002,-1321474.5929441536,0.8366783031862076
451,164615,442.0,-1249499.6909139915,-1195486.7155768366,0.9126460741644036,50111.581424713135,897022.8422851562,33132.534536361694,87270.0,2546.9430952072144,229527.37396240234,1249499.6938791275,0.18054166063666344,0.00032477955238918135,0.0023680569888950374,0.008094710101814647,0.9805299639701843,,0.011936000000000002,-1321474.5929441536,0.8366783031862076
452,164980,443.3,-1173144.4114735369,-1196900.1843366108,0.8776173593246773,56472.81220340729,792884.7225341797,40023.48874282837,110815.0,6462.3820123672485,222958.8133544922,1173144.4066438675,0.19307037109607145,0.0004885364279337074,0.004179569714898734,0.009100048680250583,0.9776196479797363,,0.011882,-1321474.5929441536,0.8366783031862076
453,165345,444.0,-1143861.750647551,-1196022.602094105,0.8581513254609826,56300.59803581238,779949.6883544922,40814.864716529846,121135.0,4308.934120178223,197653.2716217041,1143861.7588129044,0.19307037109607145,0.0004885364279337074,0.004179569714898734,0.009100048680250583,0.9776196479797363,,0.011882,-1321474.5929441536,0.8366783031862076
454,165710,444.6,-1165080.5720585776,-1197412.9539850173,0.8554209289485462,58254.204513549805,788606.4467773438,41894.74598121643,121610.0,5493.078366279602,207476.30019378662,1165080.5713186264,0.19307037109607145,0.0004885364279337074,0.004179569714898734,0.009100048680250583,0.9776196479797363,,0.011882,-1321474.5929441536,0.8366783031862076
455,166075,446.0,-1140314.8072090899,-1196351.1810754188,0.8820900280181676,56233.430148124695,783895.0103759766,39323.3680229187,109355.0,3873.3404854536057,203868.08280944824,1140314.801693797,0.21534742434558116,0.0005747203603708553,0.0039324844164136605,0.008970892301907665,0.9750580787658691,,0.011828000000000002,-1321474.5929441536,0.8366783031862076
456,166440,446.6,-1167703.406130371,-1188774.1313834942,0.8771817813180898,55060.80939865112,809156.1959228516,39793.16813659668,111040.0,5861.21236038208,201852.82682418823,1167703.4032440186,0.21534742434558116,0.0005747203603708553,0.0039324844164136605,0.008970892301907665,0.9750580787658691,,0.011828000000000002,-1321474.5929441536,0.8366783031862076
457,166805,447.2,-1152606.3352311014,-1188662.590226981,0.8782187817847892,54122.923306941986,812230.8249511719,39265.81317567825,110880.0,4841.375812530518,185388.3211326599,1152606.3350720406,0.21534742434558116,0.0005747203603708553,0.0039324844164136605,0.008970892301907665,0.9750580787658691,,0.011828000000000002,-1321474.5929441536,0.8366783031862076
458,167170,448.5,-1158535.0455635227,-1181834.9006540035,0.8924527741458318,61879.95555496216,755889.8358154297,40070.989172935486,102740.0,3679.0300855636597,256155.203125,1158535.0581989288,0.19776363866893867,0.0006028994640521552,0.00521395500292879,0.008100688524887358,0.9786105751991272,,0.011774,-1321474.5929441536,0.8366783031862076
459,167535,449.2,-1177868.0920151079,-1181537.5347929625,0.8593045255909227,57214.45108795166,803383.1948242188,41693.91751289368,118910.0,5906.182818889618,207974.79936218262,1177868.0945181847,0.19776363866893867,0.0006028994640521552,0.00521395500292879,0.008100688524887358,0.9786105751991272,,0.011774,-1321474.5929441536,0.8366783031862076
460,167900,449.8,-1191332.6543322753,-1182967.4483421352,0.9044051998282132,55789.11368370056,821947.4381103516,36615.563829422,94125.0,2024.4563064575195,236620.19873046875,1191332.6569766998,0.19776363866893867,0.0006028994640521552,0.00521395500292879,0.008100688524887358,0.9786105751991272,,0.011774,-1321474.5929441536,0.8366783031862076
461,168265,451.1,-1179206.4446468211,-1180234.5356456633,0.8755407627314737,56148.29440689087,788394.2496337891,39836.262060165405,109625.0,7776.55846786499,233574.37786865234,1179206.4480304718,0.19587302404014686,0.00041264831983617593,0.002752471393537953,0.008861531221650933,0.9770995378494263,,0.011720000000000001,-1321474.5929441536,0.8366783031862076
462,168630,451.8,-1293696.690413936,-1186692.5214334032,0.9217665172603032,41241.815996170044,982370.2259521484,28735.296000480652,77705.0,3040.290318965912,201845.87965202332,1293696.6919236183,0.19587302404014686,0.00041264831983617593,0.002752471393537953,0.008861531221650933,0.9770995378494263,,0.011720000000000001,-1321474.5929441536,0.8366783031862076
463,168995,453.1,-1181544.2175924557,-1185841.139503244,0.9008683888879541,57563.1761302948,793747.1429443359,37691.33939361572,97395.0,5001.9603979587555,247708.78024291992,1181544.2229788303,0.17402327295980954,0.0004365638341321181,0.0038585997612436153,0.007778204805952938,0.9809284806251526,,0.011684000000000002,-1321474.5929441536,0.8366783031862076
464,169360,453.8,-1302415.6472991828,-1193395.5698223957,0.8466568301801812,77381.13448619843,784781.7249755859,52003.02647399902,125370.0,18219.727707862854,322041.16818237305,1302415.6473398209,0.17402327295980954,0.0004365638341321181,0.0038585997612436153,0.007778204805952938,0.9809284806251526,,0.011684000000000002,-1321474.5929441536,0.8366783031862076
465,169725,454.4,-1266600.192244073,-1199480.8325003914,0.9188654524006256,46404.233474731445,927738.4191894531,31077.394901275635,82320.0,3989.1716079711914,221475.21188354492,1266600.1975822449,0.17402327295980954,0.0004365638341321181,0.0038585997612436153,0.007778204805952938,0.9809284806251526,,0.011684000000000002,-1321474.5929441536,0.8366783031862076
466,170090,455.7,-1250214.106632587,-1199433.3082757392,0.9181656571283733,44652.35991668701,923235.6363525391,30419.144800662994,81270.0,2698.2469589710236,212591.08097839355,1250214.1090905666,0.1787226225592588,0.0004670337836949712,0.003941318449123125,0.00934941534835257,0.9777717590332031,,0.01163,-1321474.5929441536,0.8366783031862076
467,170455,456.4,-1229118.7180479192,-1201568.5916016004,0.9083121667169545,53613.41967868805,849300.1958007812,35342.656195640564,90885.0,3032.5786623954773,250558.2897720337,1229118.720430851,0.1787226225592588,0.0004670337836949712,0.003941318449123125,0.00934941534835257,0.9777717590332031,,0.01163,-1321474.5929441536,0.8366783031862076
468,170820,457.0,-1187234.8661735002,-1202528.2987122065,0.8606218612357361,57710.33548927307,794806.0783691406,41792.60272979736,117455.0,8436.559594631195,224744.62490844727,1187234.8656020164,0.1787226225592588,0.0004670337836949712,0.003941318449123125,0.00934941534835257,0.9777717590332031,,0.01163,-1321474.5929441536,0.8366783031862076
469,171185,458.3,-1332656.8854114066,-1206194.4894713615,0.8433531411706585,77127.20508003235,805977.7282714844,51321.61338996887,127685.0,20448.59795498848,327223.9511871338,1332656.8908035755,0.19431949857818454,0.0004296340282867038,0.0032533344492549077,0.009780646117992307,0.9751386046409607,,0.011576000000000001,-1321474.5929441536,0.8366783031862076
470,171550,459.0,-1313738.0479129658,-1212818.629097499,0.8461423290918951,76514.2184715271,780009.7103271484,51125.800726890564,127285.0,17590.929109096527,337726.6039123535,1313738.044075489,0.19431949857818454,0.0004296340282867038,0.0032533344492549077,0.009780646117992307,0.9751386046409607,,0.011576000000000001,-1321474.5929441536,0.8366783031862076
471,171915,459.6,-1339245.0958361244,-1217305.8993436054,0.8439500116322138,74998.43660926819,793356.8590087891,50482.77458572388,128100.0,24157.986700057983,343147.4757537842,1339245.096048355,0.19431949857818454,0.0004296340282867038,0.0032533344492549077,0.009780646117992307,0.9751386046409607,,0.011576000000000001,-1321474.5929441536,0.8366783031862076
472,172280,461.0,-1176317.9581132587,-1217464.5766755915,0.8614440557074874,56485.23949432373,808815.6650390625,41226.55812072754,117480.0,5402.52932452783,203393.2039642334,1176317.9564485513,0.22716588272075905,0.0005283968182897967,0.0035028290463072296,0.012564428273196282,0.9666687250137329,,0.011522000000000001,-1321474.5929441536,0.8366783031862076
473,172645,461.6,-1245368.4876776815,-1222539.9135270978,0.9177601268846695,46611.278144836426,909111.5512695312,31290.83604478836,83945.0,4098.582107543945,216922.51887512207,1245368.4882969856,0.22716588272075905,0.0005283968182897967,0.0035028290463072296,0.012564428273196282,0.9666687250137329,,0.011522000000000001,-1321474.5929441536,0.8366783031862076
474,173010,462.3,-1251127.0082872552,-1226842.235338532,0.91742031051688,44557.48211097717,919106.5767822266,30161.062098503113,82305.0,1751.4462690353394,217802.92631340027,1251127.0114631653,0.22716588272075905,0.0005283968182897967,0.0035028290463072296,0.012564428273196282,0.9666687250137329,,0.011522000000000001,-1321474.5929441536,0.8366783031862076
475,173375,464.7,-1204974.3690383085,-1230075.2134299928,0.899040969103983,57348.24167251587,803160.0744628906,37613.894817352295,97780.0,4188.386165380478,262232.0107269287,1204974.366172552,0.16725622803757065,0.00035001940164204967,0.003102888147431689,0.00852465159627364,0.9801396727561951,,0.011468,-1314752.7227639274,0.8376375148557637
476,173740,465.3,-1198626.9093883634,-1231621.3885928923,0.8584776523995072,56988.66158294678,818523.7092285156,41458.33400917053,119410.0,8516.361709594727,210718.5052947998,1198626.9102420807,0.16725622803757065,0.00035001940164204967,0.003102888147431689,0.00852465159627364,0.9801396727561951,,0.011468,-1314752.7227639274,0.8376375148557637
477,174105,466.7,-1145940.3092385195,-1231288.087293263,0.9009870196041996,56010.43920612335,789875.7485351562,36864.53723049164,98535.0,1272.9820337295532,219392.04862976074,1145940.3164291382,0.19239144027233124,0.0006166668700691508,0.005683765091051005,0.008998241630922022,0.9767847061157227,,0.011432000000000001,-1314752.7227639274,0.8376375148557637
478,174470,467.4,-1285891.1953591555,-1237655.894783045,0.8440364011346477,75942.51545906067,779064.2768554688,51223.7306098938,126335.0,20842.70067214966,308425.49057006836,1285891.1987075806,0.19239144027233124,0.0006166668700691508,0.005683765091051005,0.008998241630922022,0.9767847061157227,,0.011432000000000001,-1314752.7227639274,0.8376375148557637
479,174835,468.0,-1165026.9539914127,-1237013.8378818599,0.854896691890612,57897.008071899414,792386.8409423828,41991.84314918518,120290.0,4662.34477519989,205695.91526794434,1165026.9441347122,0.19239144027233124,0.0006166668700691508,0.005683765091051005,0.008998241630922022,0.9767847061157227,,0.011432000000000001,-1314752.7227639274,0.8376375148557637
480,175200,469.4,-1150647.1357781177,-1234979.5619541523,0.8977493823391117,58690.19257259369,777212.9880371094,38256.97136211395,99935.0,3359.8061532974243,231882.3776702881,1150647.1432228088,0.20604028807658897,0.0003829940144082923,0.0029213888628873974,0.00997838237028765,0.973755419254303,,0.011378000000000001,-1314752.7227639274,0.8376375148557637
481,175565,470.0,-1142099.7385080631,-1233124.2266472145,0.8701213361465767,52755.24948883057,802562.5611572266,39247.46177482605,112390.0,5411.089912414551,182488.62127685547,1142099.7341213226,0.20604028807658897,0.0003829940144082923,0.0029213888628873974,0.00997838237028765,0.973755419254303,,0.011378000000000001,-1314752.7227639274,0.8376375148557637
482,175930,470.6,-1183303.5056938673,-1227604.5674112109,0.8792226505606142,55409.32452201843,795708.8923339844,39365.380491256714,108745.0,4329.9381585121155,235154.2947921753,1183303.5057759285,0.20604028807658897,0.0003829940144082923,0.0029213888628873974,0.00997838237028765,0.973755419254303,,0.011378000000000001,-1314752.7227639274,0.8376375148557637
483,176295,472.0,-1255111.0340867569,-1231282.9082359262,0.9205391784236856,43171.365772247314,943604.8197021484,29471.518198013306,81560.0,2156.8774337768555,198317.8187866211,1255111.0341205597,0.19150186428113988,0.000618386539922779,0.0048755846678671475,0.008487050268357913,0.9785017967224121,,0.011324,-1314752.7227639274,0.8376375148557637
484,176660,472.6,-1180550.665725303,-1225189.659157232,0.8749716747296999,55398.24268913269,803999.3034667969,39913.31060218811,110700.0,7239.116793394089,218698.9398803711,1180550.6707427502,0.19150186428113988,0.000618386539922779,0.0048755846678671475,0.008487050268357913,0.9785017967224121,,0.011324,-1314752.7227639274,0.8376375148557637
485,177025,473.2,-1257258.9187984415,-1224722.5954849503,0.9201172036667392,46036.64499950409,923215.1097412109,30754.62395811081,83720.0,3207.3386659622192,216361.84647369385,1257258.9188389778,0.19150186428113988,0.000618386539922779,0.0048755846678671475,0.008487050268357913,0.9785017967224121,,0.011324,-1314752.7227639274,0.8376375148557637
486,177390,474.6,-1133917.2437266,-1218907.7523396509,0.8713975615697365,53042.855239868164,789955.8713378906,39234.53642845154,114670.0,4775.105823278427,185281.72663879395,1133917.2402284145,0.18289843397705177,0.00045918444404952953,0.0034832870802155845,0.007983455881721488,0.9802740216255188,,0.01127,-1314752.7227639274,0.8376375148557637
487,177755,475.2,-1205315.3958215567,-1217717.586228333,0.9050385641725096,55310.51726722717,825264.1148681641,36202.26415348053,95235.0,3355.1647725105286,245258.85552978516,1205315.3993239403,0.18289843397705177,0.00045918444404952953,0.0034832870802155845,0.007983455881721488,0.9802740216255188,,0.01127,-1314752.7227639274,0.8376375148557637
488,178120,475.9,-1287395.5116363885,-1222725.6185014774,0.9232063174247742,42557.3991317749,982741.5236816406,28940.02973985672,79485.0,1308.9442242383957,194920.01765060425,1287395.51529634,0.18289843397705177,0.00045918444404952953,0.0034832870802155845,0.007983455881721488,0.9802740216255188,,0.01127,-1314752.7227639274,0.8376375148557637
489,178485,477.2,-1167349.2655168632,-1214460.2375067503,0.8667153853259675,53961.261723041534,813663.3616943359,39844.186155319214,117010.0,5944.121804237366,190887.60335540771,1167349.2730093002,0.1743041678870979,0.0004778307058203561,0.0036313241006083494,0.007957987321883832,0.9812853932380676,,0.011216000000000002,-1314752.7227639274,0.8376375148557637
490,178850,477.9,-1183055.7696357074,-1207926.123592887,0.9045172431697585,54137.82982444763,816566.5819091797,35706.07800769806,95055.0,3529.6660866737366,232198.4476661682,1183055.7736697197,0.1743041678870979,0.0004778307058203561,0.0036313241006083494,0.007957987321883832,0.9812853932380676,,0.011216000000000002,-1314752.7227639274,0.8376375148557637
491,179215,479.2,-1324640.8397557267,-1207195.9107888672,0.8445404624285763,75164.63547515869,788138.1759033203,50447.1153755188,128080.0,19453.066092014313,338522.48081970215,1324640.8381905556,0.20353288536793307,0.0003823256002808768,0.0023503889188807654,0.009896590190596487,0.9745182394981384,,0.01118,-1314752.7227639274,0.8376375148557637
492,179580,479.8,-1123421.4549591313,-1204551.085631161,0.8958314072595883,57718.662633895874,752475.126953125,37772.60721588135,102855.0,2966.7693367004395,227351.95820617676,1123421.4617118835,0.20353288536793307,0.0003823256002808768,0.0023503889188807654,0.009896590190596487,0.9745182394981384,,0.01118,-1314752.7227639274,0.8376375148557637
493,179945,480.5,-1185293.2442685897,-1201547.3234607063,0.9026182922598434,55425.94575691223,815931.9887695312,36516.42432308197,95770.0,1845.6193952560425,235229.21896362305,1185293.2514514923,0.20353288536793307,0.0003823256002808768,0.0023503889188807654,0.009896590190596487,0.9745182394981384,,0.01118,-1314752.7227639274,0.8376375148557637
494,180310,481.8,-1171227.4028383926,-1197552.3431882632,0.8588810223422638,56587.89441871643,803821.3803710938,41311.057943344116,118210.0,7357.6359758377075,200527.32302856445,1171227.39731884,0.19008236241183782,0.0003923075399047536,0.002734267921799696,0.008877864744710294,0.9772524833679199,,0.011126,-1314752.7227639274,0.8376375148557637
495,180675,482.5,-1175407.6633200692,-1196074.0079023514,0.9010860127945469,56289.0183467865,796654.2993164062,36740.695424079895,97480.0,3298.79421377182,241233.8703918457,1175407.6593461037,0.19008236241183782,0.0003923075399047536,0.002734267921799696,0.008877864744710294,0.9772524833679199,,0.011126,-1314752.7227639274,0.8376375148557637
496,181040,483.2,-1199944.121988286,-1196139.8685323475,0.9034740983623348,55564.65029716492,816402.6641845703,36501.346282958984,94590.0,3419.793179027678,249030.3105506897,1199944.1141972467,0.19008236241183782,0.0003923075399047536,0.002734267921799696,0.008877864744710294,0.9772524833679199,,0.011126,-1314752.7227639274,0.8376375148557637
497,181405,484.5,-1156409.7909630248,-1196663.3426185728,0.8757761383709842,53266.04098510742,796778.7309570312,38371.92305183411,109350.0,6622.920888185501,205286.2134552002,1156409.788352251,0.18635670468211174,0.00044442384301203816,0.003265916271821449,0.00856698306865598,0.9780548810958862,,0.011072000000000002,-1314752.7227639274,0.8376375148557637
498,181770,485.1,-1175936.6352034598,-1191165.6146107877,0.8834129013427316,55378.260999679565,784498.73046875,38544.6528339386,105655.0,2823.1363945007324,244415.12149047852,1175936.6411876678,0.18635670468211174,0.00044442384301203816,0.003265916271821449,0.00856698306865598,0.9780548810958862,,0.011072000000000002,-1314752.7227639274,0.8376375148557637
499,182135,485.8,-1167451.889965747,-1191286.8614095044,0.8648382562480561,54508.89229774475,795617.8171386719,40403.6251411438,114195.0,6991.628350496292,210243.8230895996,1167451.8937199116,0.18635670468211174,0.00044442384301203816,0.003265916271821449,0.00856698306865598,0.9780548810958862,,0.011072000000000002,-1314752.7227639274,0.8376375148557637
500,182500,488.2,-1147343.087289622,-1191121.6589850797,0.8581499919499437,57937.872363090515,775185.5086669922,42054.57586097717,118505.0,3520.9153690338135,208077.08854675293,1147343.088443756,0.19777475944475123,0.0004425988142764637,0.0030536317030246687,0.008720272502518799,0.9771921038627625,,0.011018000000000002,-1309958.5909855082,0.8366578268678221
501,182865,488.9,-1269378.7505511604,-1197485.6095872344,0.9189953898730343,45328.73368930817,931830.5084228516,30534.294382810593,80150.0,2853.6361770629883,224010.30801391602,1269378.7469966412,0.19777475944475123,0.0004425988142764637,0.0030536317030246687,0.008720272502518799,0.9771921038627625,,0.011018000000000002,-1309958.5909855082,0.8366578268678221
502,183230,489.6,-1253447.0845957608,-1200992.7885323295,0.9169553861226121,48169.10864067078,910758.787109375,32136.388573646545,83375.0,2446.8215370178223,224730.0898590088,1253447.0870790482,0.19777475944475123,0.0004425988142764637,0.0030536317030246687,0.008720272502518799,0.9771921038627625,,0.011018000000000002,-1309958.5909855082,0.8366578268678221
503,183595,491.0,-1321311.8988500915,-1204302.8317704962,0.8422751854543816,78197.69135189056,783768.5858154297,52505.91191768646,124525.0,14862.889729499817,345649.51416397095,1321311.901626587,0.16194560104294828,0.0004456843728468429,0.0030638042310448853,0.008310290672326167,0.9800717830657959,,0.010964000000000002,-1309958.5909855082,0.8366578268678221
504,183960,491.7,-1199023.6795056204,-1205226.482459512,0.9034000364068436,54831.87268924713,823712.7326660156,36280.056124687195,90745.0,4613.271047592163,243672.61694335938,1199023.6767816544,0.16194560104294828,0.0004456843728468429,0.0030638042310448853,0.008310290672326167,0.9800717830657959,,0.010964000000000002,-1309958.5909855082,0.8366578268678221
505,184325,493.0,-1181992.8679429772,-1201463.1799167388,0.8600287154929279,58057.13083457947,805567.0208740234,42372.31435775757,114755.0,3034.6080265045166,216263.92672729492,1181992.8699855804,0.1917416414147929,0.00033974867107501366,0.0025830185224645233,0.010366035429270644,0.9737223982810974,,0.010928,-1309958.5909855082,0.8366578268678221
506,184690,493.7,-1193111.1448601964,-1204422.8749734187,0.902915210756537,54934.83228969574,818085.2430419922,36219.727087020874,91965.0,4462.652879476547,242378.52781677246,1193111.150825262,0.1917416414147929,0.00033974867107501366,0.0025830185224645233,0.010366035429270644,0.9737223982810974,,0.010928,-1309958.5909855082,0.8366578268678221
507,185055,494.3,-1326640.9816026734,-1210489.1542624743,0.8424281644494567,78665.71403884888,788614.9305419922,52964.081481933594,123725.0,17828.882473379374,343508.0838317871,1326640.9783290923,0.1917416414147929,0.00033974867107501366,0.0025830185224645233,0.010366035429270644,0.9737223982810974,,0.010928,-1309958.5909855082,0.8366578268678221
508,185420,495.6,-1154140.2429410631,-1203826.3908277082,0.8594584548310058,55934.96508979797,797385.0134277344,40999.34281826019,115325.0,4225.835664987564,196205.05140686035,1154140.2433178425,0.1897545501981911,0.0005227620765589037,0.0042483681157280346,0.010523013966648202,0.9738060832023621,,0.010874000000000002,-1309958.5909855082,0.8366578268678221
509,185785,496.3,-1196756.2260599176,-1205296.738854861,0.856960590408273,56423.038343429565,826619.2607421875,41248.77698516846,117165.0,4763.496826171875,206959.69202423096,1196756.2265777588,0.1897545501981911,0.0005227620765589037,0.0042483681157280346,0.010523013966648202,0.9738060832023621,,0.010874000000000002,-1309958.5909855082,0.8366578268678221
510,186150,497.0,-1136876.551106411,-1202987.777928396,0.8851784882480151,56408.53744316101,782727.1904296875,38582.46856021881,103735.0,2545.1432690620422,209286.73781585693,1136876.5400748253,0.1897545501981911,0.0005227620765589037,0.0042483681157280346,0.010523013966648202,0.9738060832023621,,0.010874000000000002,-1309958.5909855082,0.8366578268678221
511,186515,498.3,-1163552.4761235095,-1194933.3597467851,0.8602140800593651,55052.23028945923,800785.9953613281,40784.30703163147,115830.0,4865.002831928432,201287.17295837402,1163552.478183262,0.19820887320920041,0.0004881335177120299,0.003968891353763051,0.00957944121603903,0.975216805934906,,0.010820000000000001,-1309958.5909855082,0.8366578268678221
512,186880,499.0,-1161032.140968508,-1196813.8940472542,0.8544643622555145,56075.91640281677,791861.7401123047,40966.12010383606,118640.0,5700.151652812958,203864.12425994873,1161032.1361289024,0.19820887320920041,0.0004881335177120299,0.003968891353763051,0.00957944121603903,0.975216805934906,,0.010820000000000001,-1309958.5909855082,0.8366578268678221
513,187245,499.6,-1159573.7183067836,-1195527.9177491637,0.8772536690921,53887.67131233215,804381.8044433594,38750.19278717041,108275.0,4981.800144910812,203184.91818618774,1159573.7155616283,0.19820887320920041,0.0004881335177120299,0.003968891353763051,0.00957944121603903,0.975216805934906,,0.010820000000000001,-1309958.5909855082,0.8366578268678221
514,187610,500.9,-1200584.247295456,-1196995.7599720168,0.9072856872049097,51292.05652999878,847548.0048828125,34263.54514455795,89600.0,4826.803986549377,224345.89310455322,1200584.247118473,0.1923528805767235,0.00032917517742852827,0.002250269843276137,0.009876683329869258,0.9748959541320801,,0.010766000000000001,-1309958.5909855082,0.8366578268678221
515,187975,501.6,-1121174.123148188,-1194284.082963423,0.880684329875528,53662.445711135864,784319.2313232422,38220.896057128906,106860.0,3088.870642185211,188685.12745666504,1121174.1254792213,0.1923528805767235,0.00032917517742852827,0.002250269843276137,0.009876683329869258,0.9748959541320801,,0.010766000000000001,-1309958.5909855082,0.8366578268678221
516,188340,502.2,-1152830.4646149678,-1191928.400094757,0.8903790353095695,58473.03625869751,766610.2352294922,38704.29939842224,101925.0,2465.755220890045,243125.1767425537,1152830.4665913582,0.1923528805767235,0.00032917517742852827,0.002250269843276137,0.009876683329869258,0.9748959541320801,,0.010766000000000001,-1309958.5909855082,0.8366578268678221
517,188705,503.6,-1153835.0669317106,-1191799.663893191,0.8750646174770512,53731.02119255066,801023.0103759766,39002.20201396942,108130.0,4880.993452310562,200798.857131958,1153835.0629742146,0.18253822546256215,0.0003080174372754348,0.0023908113255042976,0.008727892032383304,0.9763709902763367,,0.010712000000000001,-1309958.5909855082,0.8366578268678221
518,189070,504.3,-1163732.9153485522,-1191189.477900446,0.8703461942607409,53394.42977428436,803982.3715820312,39584.3097114563,110250.0,5454.927229523659,204461.30715942383,1163732.915682435,0.18253822546256215,0.0003080174372754348,0.0023908113255042976,0.008727892032383304,0.9763709902763367,,0.010712000000000001,-1309958.5909855082,0.8366578268678221
519,189435,504.9,-1297085.4729048226,-1197671.1570473998,0.8481019748400336,75808.59819412231,796070.8880615234,51087.282093048096,123360.0,17626.541473388672,308940.7606048584,1297085.4722328186,0.18253822546256215,0.0003080174372754348,0.0023908113255042976,0.008727892032383304,0.9763709902763367,,0.010712000000000001,-1309958.5909855082,0.8366578268678221
520,189800,506.6,-1145070.3066945514,-1197557.5180176462,0.8767941963182737,52969.87106323242,798027.3439941406,38438.865038871765,108110.0,6132.578278064728,194361.51697540283,1145070.30428648,0.20060431016118904,0.0004649769656871764,0.0034699021788056647,0.00994696515906406,0.9741630554199219,,0.010658,-1309958.5909855082,0.8366578268678221
521,190165,507.3,-1149193.1099407985,-1191548.235987128,0.8678446763182339,53007.95967292786,806180.2565917969,39364.40600442886,111820.0,3901.1735467910767,187927.2766418457,1149193.1127848625,0.20060431016118904,0.0004649769656871764,0.0034699021788056647,0.00994696515906406,0.9741630554199219,,0.010658,-1309958.5909855082,0.8366578268678221
522,190530,508.6,-1314653.189418023,-1194608.5412282408,0.8436030737341267,73422.81719398499,805403.2418212891,49635.633823394775,125575.0,24545.86473339796,309493.44512557983,1314653.1855036616,0.20043169079642548,0.0004813998378411174,0.003765440836248576,0.010312654041244011,0.9733176231384277,,0.010622000000000001,-1309958.5909855082,0.8366578268678221
523,190895,509.3,-1251662.2181417714,-1191126.057192825,0.9175186994957597,45936.341287612915,923815.8941650391,30985.32256412506,82535.0,1366.3929224014282,212959.61386871338,1251662.223520279,0.20043169079642548,0.0004813998378411174,0.003765440836248576,0.010312654041244011,0.9733176231384277,,0.010622000000000001,-1309958.5909855082,0.8366578268678221
524,191260,509.9,-1273573.0733864517,-1194853.5268868664,0.8454499786847258,75065.44146728516,780441.6179199219,51062.08683013916,122270.0,16884.02927017212,302915.34240722656,1273573.0764274597,0.20043169079642548,0.0004813998378411174,0.003765440836248576,0.010312654041244011,0.9733176231384277,,0.010622000000000001,-1309958.5909855082,0.8366578268678221
525,191625,512.4,-1169301.2518659951,-1194218.9460830174,0.8740266148358176,54837.9784450531,800900.9468994141,39878.91823863983,108935.0,6140.391142576933,213445.9956893921,1169301.251970023,0.1880192470393683,0.0005609470835655596,0.00421115808574924,0.010351393531125627,0.9744120240211487,,0.010568000000000001,-1304646.6534631667,0.8371232672913433
526,191990,513.0,-1340976.1252986442,-1201612.19510494,0.8414965023733165,76289.25338554382,814317.6140136719,50981.96996879578,125245.0,22606.623641490936,327824.9228515625,1340976.130475521,0.1880192470393683,0.0005609470835655596,0.00421115808574924,0.010351393531125627,0.9744120240211487,,0.010568000000000001,-1304646.6534631667,0.8371232672913433
527,192355,513.7,-1181785.99924846,-1194369.4459872295,0.8524476183603887,62978.88165283203,783167.8333740234,44509.48995780945,118900.0,6077.479727268219,229131.19203186035,1181785.9950909615,0.1880192470393683,0.0005609470835655596,0.00421115808574924,0.010351393531125627,0.9744120240211487,,0.010568000000000001,-1304646.6534631667,0.8371232672913433
528,192720,515.0,-1175561.3021403775,-1195440.498947195,0.8622225777743614,56730.11102294922,810312.3704833984,41485.88142108917,114725.0,5581.82148206234,203456.2291984558,1175561.3025850058,0.20696078966322698,0.000419053318517782,0.0033084802470464063,0.011405489199157608,0.9709190130233765,,0.010514,-1304646.6534631667,0.8371232672913433
529,193085,515.7,-1240519.934411462,-1197628.6843647724,0.9137875958664776,48346.295597076416,896509.2554931641,32368.73290538788,84725.0,1347.035470366478,225569.90994262695,1240519.9338115454,0.20696078966322698,0.000419053318517782,0.0033084802470464063,0.011405489199157608,0.9709190130233765,,0.010514,-1304646.6534631667,0.8371232672913433
530,193450,516.3,-1219489.4941187492,-1201759.331515389,0.9093094887798779,52094.56244659424,856803.9232177734,34597.938484191895,87875.0,3036.3193225860596,237176.31118774414,1219489.4922122955,0.20696078966322698,0.000419053318517782,0.0033084802470464063,0.011405489199157608,0.9709190130233765,,0.010514,-1304646.6534631667,0.8371232672913433
531,193815,517.6,-1166045.6507225605,-1201883.9902453418,0.8828782097934044,56450.48348045349,774656.1502685547,39250.442222595215,104485.0,4423.238840579987,243230.8240966797,1166045.6554284096,0.16544230948937566,0.0004128590261595826,0.002755148369990485,0.008932509471809394,0.9785861372947693,,0.01046,-1304646.6534631667,0.8371232672913433
532,194180,518.3,-1243858.7457198324,-1206025.320482908,0.9119784471106855,49824.251180648804,889619.6491699219,33235.46011066437,85400.0,5727.848854064941,229875.78993225098,1243858.7480669022,0.16544230948937566,0.0004128590261595826,0.002755148369990485,0.008932509471809394,0.9785861372947693,,0.01046,-1304646.6534631667,0.8371232672913433
533,194545,518.9,-1247754.0282135836,-1210434.335978248,0.9142460935736356,48124.416606903076,906784.7861328125,32203.62189102173,83240.0,2033.6291608810425,223491.9955406189,1247754.0327253342,0.16544230948937566,0.0004128590261595826,0.002755148369990485,0.008932509471809394,0.9785861372947693,,0.01046,-1304646.6534631667,0.8371232672913433
534,194910,520.3,-1142483.530564411,-1207529.3001416954,0.8745067696048788,55154.89009284973,775560.6335449219,40004.63317871094,109230.0,3545.9353723526,214142.3324584961,1142483.5345544815,0.16581043071652712,0.00037027722014739225,0.002342893371334005,0.008316002559455993,0.980551540851593,,0.010406,-1304646.6534631667,0.8371232672913433
535,195275,520.9,-1169287.2365534399,-1209934.9558119583,0.8755011266225005,55674.44066143036,795310.1339111328,39735.32144546509,107450.0,5400.407812893391,221391.3720550537,1169287.235224545,0.16581043071652712,0.00037027722014739225,0.002342893371334005,0.008316002559455993,0.980551540851593,,0.010406,-1304646.6534631667,0.8371232672913433
536,195640,522.2,-1160412.5826847448,-1210314.0617154469,0.8623158851714984,56696.72776222229,793918.5091552734,41563.949058532715,114905.0,5309.1347897052765,204715.99409484863,1160412.58709836,0.19486931064411214,0.00039167600583536304,0.0026036312736227715,0.009034700875513647,0.976974606513977,,0.01037,-1304646.6534631667,0.8371232672913433
537,196005,522.8,-1230151.4058983224,-1214129.8786637776,0.9134344358966775,47445.58499908447,891896.7384033203,32107.971390724182,83540.0,1249.1163940429688,221357.5803604126,1230151.4065485,0.19486931064411214,0.00039167600583536304,0.0026036312736227715,0.009034700875513647,0.976974606513977,,0.01037,-1304646.6534631667,0.8371232672913433
538,196370,523.5,-1163230.0437474402,-1214104.735083722,0.8715773878032214,54284.55390357971,805518.2303466797,40121.069427490234,109455.0,3627.5127246379852,204508.2317047119,1163230.0442035198,0.19486931064411214,0.00039167600583536304,0.0026036312736227715,0.009034700875513647,0.976974606513977,,0.01037,-1304646.6534631667,0.8371232672913433
539,196735,524.8,-1190370.3402955106,-1208768.9784532564,0.9037476410604504,54885.42784118652,817917.2396240234,36378.01127624512,91340.0,3372.810236930847,241362.2787475586,1190370.339884758,0.17000654849566912,0.0004005702256012898,0.0033122280269469086,0.008447827085068351,0.9799665212631226,,0.010316,-1304646.6534631667,0.8371232672913433
540,197100,525.5,-1285680.5002322115,-1215799.4881301397,0.8457673572514155,75000.82272529602,784586.6953125,50864.69331550598,122095.0,15980.909720361233,312153.2015533447,1285680.499901712,0.17000654849566912,0.0004005702256012898,0.0033122280269469086,0.008447827085068351,0.9799665212631226,,0.010316,-1304646.6534631667,0.8371232672913433
541,197465,526.1,-1186929.3097916485,-1217686.2981226821,0.8754170161404021,55029.306091308594,811252.5323486328,39296.1869468689,106695.0,4347.478629112244,225338.11877441406,1186929.316699028,0.17000654849566912,0.0004005702256012898,0.0033122280269469086,0.008447827085068351,0.9799665212631226,,0.010316,-1304646.6534631667,0.8371232672913433
542,197830,527.4,-1227114.3491516716,-1213309.3561093644,0.8485042362996976,70047.32647323608,792278.5755615234,48372.5084400177,118560.0,10132.14908027649,257771.1172027588,1227114.3502845764,0.19767197417585472,0.0005021608231369388,0.004225881494532682,0.01020466497069911,0.9737867116928101,,0.010262,-1304646.6534631667,0.8371232672913433
543,198195,528.0,-1147418.2219626738,-1208097.1563004095,0.8551322817802429,58216.83822059631,781170.0418701172,42340.57515716553,115505.0,3943.8079442977905,204458.79788208008,1147418.2228536606,0.19767197417585472,0.0005021608231369388,0.004225881494532682,0.01020466497069911,0.9737867116928101,,0.010262,-1304646.6534631667,0.8371232672913433
544,198560,528.7,-1183381.5042776882,-1203587.5778449713,0.8543074313908408,59264.01706123352,798395.5985107422,42945.02028274536,115135.0,5135.016610622406,221770.86625671387,1183381.5016608238,0.19767197417585472,0.0005021608231369388,0.004225881494532682,0.01020466497069911,0.9737867116928101,,0.010262,-1304646.6534631667,0.8371232672913433
545,198925,530.0,-1225282.142411437,-1206386.6223722433,0.9095884919166565,51259.45346069336,865742.7183837891,33864.2776966095,85225.0,1797.7352046966553,238652.404586792,1225282.1358718872,0.1982875134991972,0.0004927565370101212,0.0034276058860613326,0.010088022933096477,0.9737834334373474,,0.010208,-1304646.6534631667,0.8371232672913433
546,199290,530.7,-1128050.7359475184,-1195740.3529046872,0.8849366777563749,57493.880727767944,761665.6136474609,39382.78420257568,103155.0,7786.587574005127,216060.7553024292,1128050.740726471,0.1982875134991972,0.0004927565370101212,0.0034276058860613326,0.010088022933096477,0.9737834334373474,,0.010208,-1304646.6534631667,0.8371232672913433
547,199655,531.3,-1291773.016955228,-1201239.7037900253,0.9224281609874883,42037.34384918213,973889.9165039062,29090.397820711136,75350.0,730.1045274734497,212712.5965270996,1291773.0153791904,0.1982875134991972,0.0004927565370101212,0.0034276058860613326,0.010088022933096477,0.9737834334373474,,0.010208,-1304646.6534631667,0.8371232672913433
548,200020,532.6,-1250865.871375867,-1205004.9322518,0.9173891678248366,46038.37855434418,922221.9029541016,31125.154284477234,80130.0,1646.7229537963867,215742.10069274902,1250865.8808851242,0.1584974229335785,0.0003310860333122515,0.0021062482892854235,0.008332767689257468,0.9791637063026428,,0.010154,-1304646.6534631667,0.8371232672913433
549,200385,533.3,-1163370.899115778,-1201147.4804870156,0.8620578338022101,56515.06479930878,806963.0250244141,41326.78352546692,112885.0,6646.632324278355,195549.45719909668,1163370.898073256,0.1584974229335785,0.0003310860333122515,0.0021062482892854235,0.008332767689257468,0.9791637063026428,,0.010154,-1304646.6534631667,0.8371232672913433
550,200750,535.7,-1132097.7903052957,-1196777.8952963431,0.8706819473880612,53796.74443244934,787931.8232421875,39803.83075714111,109450.0,5355.92823600769,189556.2091217041,1132097.7913570404,0.17920787279543124,0.0003341495980988073,0.0024526495705542496,0.008801604915214213,0.978898286819458,,0.010118,-1300412.282802681,0.8368331807933442
551,201115,536.4,-1276760.5551778926,-1202313.6405191096,0.845605389712608,74674.45845413208,780505.5593261719,50611.21217918396,122385.0,15737.373704910278,307521.41343688965,1276760.5586471558,0.17920787279543124,0.0003341495980988073,0.0024526495705542496,0.008801604915214213,0.978898286819458,,0.010118,-1300412.282802681,0.8368331807933442
552,201480,537.0,-1269824.107299872,-1203611.9085981117,0.845422644484533,74924.71736907959,783237.0081787109,50925.08995819092,122620.0,19736.704800128937,293305.29584503174,1269824.0987820625,0.17920787279543124,0.0003341495980988073,0.0024526495705542496,0.008801604915214213,0.978898286819458,,0.010118,-1300412.282802681,0.8368331807933442
553,201845,538.4,-1121451.134295634,-1197296.7639022141,0.886196873285999,56426.541622161865,777428.8525390625,38436.88637256622,102920.0,2448.844710588455,200216.55560302734,1121451.1392252445,0.2023697415072667,0.0004319356690566086,0.0035587779344304613,0.01160271677776779,0.9689463376998901,,0.010064,-1300412.282802681,0.8368331807933442
554,202210,539.0,-1272282.1741463994,-1203786.6960813138,0.918347698205138,45127.79425621033,940773.1422119141,30467.920965194702,78795.0,2090.0503606796265,220156.0661468506,1272282.179684639,0.2023697415072667,0.0004319356690566086,0.0035587779344304613,0.01160271677776779,0.9689463376998901,,0.010064,-1300412.282802681,0.8368331807933442
555,202575,539.7,-1155407.305529132,-1203092.6995300981,0.8529330705943173,58120.82641410828,777590.9711914062,42270.32497024536,117355.0,3769.9284706115723,214421.08379364014,1155407.3084259033,0.2023697415072667,0.0004319356690566086,0.0035587779344304613,0.01160271677776779,0.9689463376998901,,0.010064,-1300412.282802681,0.8368331807933442
556,202940,541.0,-1301060.075753343,-1210125.0741835283,0.8426681319328203,74729.41058158875,789216.8424072266,50612.67600059509,123080.0,17532.62536048889,320617.93784332275,1301060.0816116333,0.17792153985876785,0.0004190948116286707,0.0030678197018508065,0.009143162285909057,0.9773425459861755,,0.01001,-1300412.282802681,0.8368331807933442
557,203305,541.6,-1287667.2390177292,-1213000.8658394986,0.8453754263381436,74473.87285995483,791082.7071533203,50406.56936645508,121215.0,17785.334349632263,307177.6198730469,1287667.2307424545,0.17792153985876785,0.0004190948116286707,0.0030678197018508065,0.009143162285909057,0.9773425459861755,,0.01001,-1300412.282802681,0.8368331807933442
558,203670,542.3,-1305233.7577570402,-1220101.0515399785,0.8424262435468909,75777.54888343811,773364.228515625,50974.89900970459,123765.0,21825.224128305912,335304.40409851074,1305233.7557521462,0.17792153985876785,0.0004190948116286707,0.0030678197018508065,0.009143162285909057,0.9773425459861755,,0.01001,-1300412.282802681,0.8368331807933442
559,204035,543.6,-1296316.7127559977,-1225398.3701630027,0.8413842080390617,74936.0740852356,784505.2370605469,50958.46596908569,122140.0,21828.20574903488,316884.8038635254,1296316.7126421928,0.2118381665725457,0.0004807894455983555,0.003336588548814976,0.012025998611199228,0.9681602120399475,,0.009956,-1300412.282802681,0.8368331807933442
560,204400,544.2,-1301229.5275720977,-1226175.821529997,0.9216091835335509,44034.87006568909,963269.3798828125,29913.005650520325,77090.0,2189.2366008758545,228767.9107131958,1301229.5328474045,0.2118381665725457,0.0004807894455983555,0.003336588548814976,0.012025998611199228,0.9681602120399475,,0.009956,-1300412.282802681,0.8368331807933442
561,204765,544.9,-1241288.3709690885,-1228893.7745888694,0.9111299774418139,49323.53514480591,893916.1304931641,33046.565428733826,84150.0,2777.6700644493103,227398.00593566895,1241288.3719220161,0.2118381665725457,0.0004807894455983555,0.003336588548814976,0.012025998611199228,0.9681602120399475,,0.009956,-1300412.282802681,0.8368331807933442
562,205130,546.2,-1350687.4041924889,-1235072.42734091,0.9233780446117872,42587.4152879715,1037380.3916015625,28852.45315361023,77230.0,1441.7463998794556,205782.80797958374,1350687.399134636,0.16575865957297778,0.0004514772951887081,0.00312751636987454,0.009943583514541388,0.9757863283157349,,0.009902,-1300412.282802681,0.8368331807933442
563,205495,546.8,-1138677.53496423,-1234635.392990988,0.8695675600064944,52885.788288116455,789405.5584716797,39329.291120529175,110145.0,4778.721840828657,195018.9637451172,1138677.5351781547,0.16575865957297778,0.0004514772951887081,0.00312751636987454,0.009943583514541388,0.9757863283157349,,0.009902,-1300412.282802681,0.8368331807933442
564,205860,548.1,-1139155.2473247042,-1232424.0801433385,0.8919096703398718,58640.44721031189,768106.8347167969,38795.172452926636,100455.0,3624.9736065864563,228173.26269817352,1139155.2434744835,0.1731796294058624,0.00033360120347711736,0.00211695621194514,0.008574777478842359,0.9786375761032104,,0.009866000000000002,-1300412.282802681,0.8368331807933442
565,206225,548.7,-1240183.5925301611,-1233169.1526492748,0.9173136796036812,47666.934659957886,907590.7250976562,31767.445373535156,82095.0,2006.634770154953,216723.7816543579,1240183.5868957043,0.1731796294058624,0.00033360120347711736,0.00211695621194514,0.008574777478842359,0.9786375761032104,,0.009866000000000002,-1300412.282802681,0.8368331807933442
566,206590,549.4,-1133562.6546005202,-1233444.748581925,0.8834578025830935,56059.897342681885,769964.6059570312,38874.43018913269,103755.0,3469.126243114457,217499.495803833,1133562.6581931114,0.1731796294058624,0.00033360120347711736,0.00211695621194514,0.008574777478842359,0.9786375761032104,,0.009866000000000002,-1300412.282802681,0.8368331807933442
567,206955,550.7,-1260856.672676169,-1231898.931367972,0.920757197843839,45269.20150756836,931494.8637695312,30428.634919166565,79415.0,2043.4373497962952,217474.74123859406,1260856.6772770882,0.16206856699366318,0.0003076702521292119,0.0022007457009749487,0.007763462410749574,0.9821152091026306,,0.009812000000000001,-1300412.282802681,0.8368331807933442
568,207320,551.3,-1163503.0988077833,-1227530.7927395678,0.8620982385661504,56782.68670654297,794998.400390625,41585.646030426025,114215.0,4696.230416238308,208007.82328796387,1163503.1001252532,0.16206856699366318,0.0003076702521292119,0.0022007457009749487,0.007763462410749574,0.9821152091026306,,0.009812000000000001,-1300412.282802681,0.8368331807933442
569,207685,552.0,-1179947.9067278728,-1228359.6431201724,0.8864437989992638,58051.46681213379,768770.7875976562,39370.30047464371,102985.0,3640.7330725193024,265181.0881576538,1179947.909302473,0.16206856699366318,0.0003076702521292119,0.0022007457009749487,0.007763462410749574,0.9821152091026306,,0.009812000000000001,-1300412.282802681,0.8368331807933442
570,208050,553.2,-1158059.1418044448,-1229657.71069513,0.8681604453962143,55194.4573841095,802060.1594238281,40567.64278459549,110800.0,4592.12925195694,200039.21098327637,1158059.142443657,0.19193708975064128,0.0004809377682441233,0.0034452739566500227,0.00949124053218647,0.9756489992141724,,0.009758000000000003,-1300412.282802681,0.8368331807933442
571,208415,553.9,-1141995.2626368525,-1222919.4460680778,0.8740457939775023,55229.05759191513,788482.150390625,40100.38289260864,106730.0,4861.746813297272,201820.97589111328,1141995.2559876442,0.19193708975064128,0.0004809377682441233,0.0034452739566500227,0.00949124053218647,0.9756489992141724,,0.009758000000000003,-1300412.282802681,0.8368331807933442
572,208780,554.5,-1273917.8068141192,-1223124.1310437904,0.9198840593638485,44815.50446510315,943497.1756591797,30279.541410446167,77840.0,1462.393814086914,220838.69999694824,1273917.810880661,0.19193708975064128,0.0004809377682441233,0.0034452739566500227,0.00949124053218647,0.9756489992141724,,0.009758000000000003,-1300412.282802681,0.8368331807933442
573,209145,555.8,-1155238.754774222,-1224813.5120677198,0.8903401138031319,58691.24129295349,764611.6619873047,38880.01530647278,99470.0,2711.5540533065796,249565.51789855957,1155238.7492456436,0.1685374416410923,0.00041838657340888047,0.0028774863825865873,0.0085548699747673,0.9800533652305603,,0.009704,-1300412.282802681,0.8368331807933442
574,209510,556.5,-1152338.6859467232,-1218816.337657736,0.8883524677524828,58231.98377609253,776567.4411621094,38897.326166152954,100205.0,2494.9868030548096,234173.9323577881,1152338.6864891052,0.1685374416410923,0.00041838657340888047,0.0028774863825865873,0.0085548699747673,0.9800533652305603,,0.009704,-1300412.282802681,0.8368331807933442
575,209875,558.2,-1334502.0417937534,-1227771.0744709666,0.8420204453272362,75804.61813926697,796496.1398925781,51097.27521324158,122080.0,17787.27527999878,347041.3476867676,1334502.038072586,0.1685374416410923,0.00041838657340888047,0.0028774863825865873,0.0085548699747673,0.9800533652305603,,0.009704,-1299869.500769946,0.8375053621318242
576,210240,559.6,-1209147.4236801905,-1223175.4418673092,0.909662152643073,49967.24230957031,865213.7225341797,33417.2022485733,86385.0,2995.161506652832,221136.33589172363,1209147.4221811295,0.1913873792478913,0.0003969103835946666,0.002926742825749036,0.009970093893475439,0.9753183722496033,,0.009650000000000002,-1299869.500769946,0.8375053621318242
577,210605,560.2,-1136279.709680997,-1215606.0654004726,0.8925661683082581,58118.5967464447,767173.5971679688,38472.01774454117,99400.0,4771.636985421181,226462.45037841797,1136279.702276349,0.1913873792478913,0.0003969103835946666,0.002926742825749036,0.009970093893475439,0.9753183722496033,,0.009650000000000002,-1299869.500769946,0.8375053621318242
578,210970,561.5,-1160648.8081806628,-1208376.8179216539,0.8543911595867105,56130.83408164978,789613.3203125,41062.08757019043,116020.0,5429.471244573593,208523.93309783936,1160648.8122251034,0.17724653941236043,0.00037386284456213044,0.002691436238341052,0.00871179110100983,0.9779224991798401,,0.009614000000000001,-1299869.500769946,0.8375053621318242
579,211335,562.2,-1298070.9749891134,-1208464.5310333096,0.9184410733719395,45291.5012922287,978264.5366210938,30579.266913414,79125.0,3126.631552696228,206975.53845214844,1298070.9735393524,0.17724653941236043,0.00037386284456213044,0.002691436238341052,0.00871179110100983,0.9779224991798401,,0.009614000000000001,-1299869.500769946,0.8375053621318242
580,211700,562.8,-1146445.5380514688,-1200725.331557278,0.8576505127018446,55662.15211677551,791115.3358154297,40715.48465538025,114865.0,4904.793147563934,194844.92555236816,1146445.539170742,0.17724653941236043,0.00037386284456213044,0.002691436238341052,0.00871179110100983,0.9779224991798401,,0.009614000000000001,-1299869.500769946,0.8375053621318242
581,212065,564.2,-1514415.8820194495,-1214381.7071097963,0.9241962183011722,39065.34332370758,1211582.5319824219,27687.62735939026,73385.0,2906.123400449753,198854.59553527832,1514415.8782775402,0.1595544899372678,0.00036105874632515845,0.002744440458053233,0.010181614099756667,0.9767605066299438,,0.009560000000000003,-1299869.500769946,0.8375053621318242
582,212430,564.8,-1183696.441725045,-1206032.158986424,0.8614329468714048,54878.438650131226,825099.7758789062,40647.34388542175,112875.0,6892.496786832809,198181.82061767578,1183696.4371688366,0.1595544899372678,0.00036105874632515845,0.002744440458053233,0.010181614099756667,0.9767605066299438,,0.009560000000000003,-1299869.500769946,0.8375053621318242
583,212795,565.5,-1145328.5309613948,-1206364.7087862822,0.8852264392865847,52569.01468086243,806534.6873779297,37179.23958492279,102105.0,5659.540629863739,193850.06565856934,1145328.5332512856,0.1595544899372678,0.00036105874632515845,0.002744440458053233,0.010181614099756667,0.9767605066299438,,0.009560000000000003,-1299869.500769946,0.8375053621318242
584,213160,566.8,-1258234.6817478633,-1212318.6805074406,0.9165982011246354,47147.638399124146,923336.5681152344,31490.1165266037,82815.0,2699.112672805786,217893.88326263428,1258234.6805772781,0.17591527104377747,0.0004129798968087447,0.0030721028666257076,0.00897363070888739,0.9788615107536316,,0.009506,-1299869.500769946,0.8375053621318242
585,213525,567.5,-1142897.185608465,-1207454.3601613555,0.8781583126277139,51298.85359597206,810310.4134521484,37303.17563033104,106280.0,4831.956339836121,184171.633934021,1142897.1793563366,0.17591527104377747,0.0004129798968087447,0.0030721028666257076,0.00897363070888739,0.9788615107536316,,0.009506,-1299869.500769946,0.8375053621318242
586,213890,568.1,-1340462.433042192,-1217799.3490834392,0.8419919064600174,71225.44713401794,838843.0148925781,48415.38241291046,122425.0,20861.37921500206,309917.65673828125,1340462.433258772,0.17591527104377747,0.0004129798968087447,0.0030721028666257076,0.00897363070888739,0.9788615107536316,,0.009506,-1299869.500769946,0.8375053621318242
587,214255,569.4,-1177355.8244186328,-1213624.3066705624,0.868575277230511,52714.37777328491,830594.6383056641,39305.41688156128,109990.0,5923.486038684845,191542.28554534912,1177355.8267712593,0.19192972524385704,0.0005637363362773996,0.004323858976070034,0.011017560297133107,0.9722153544425964,,0.009452000000000002,-1299869.500769946,0.8375053621318242
588,214620,570.1,-1154331.7829855527,-1213165.740879451,0.8992871366135061,55640.05132007599,789586.33984375,36526.7842707634,95845.0,1805.881671667099,230567.77573394775,1154331.7815201283,0.19192972524385704,0.0005637363362773996,0.004323858976070034,0.011017560297133107,0.9722153544425964,,0.009452000000000002,-1299869.500769946,0.8375053621318242
589,214985,570.7,-1177007.650371771,-1213018.7280616458,0.8533916837548556,63865.77116394043,797980.2332763672,45192.152685165405,118505.0,8792.245993375778,206538.02142333984,1177007.6533782482,0.19192972524385704,0.0005637363362773996,0.004323858976070034,0.011017560297133107,0.9722153544425964,,0.009452000000000002,-1299869.500769946,0.8375053621318242
590,215350,572.0,-1201767.1447615242,-1215204.1282094999,0.8589866254427662,55210.84759092331,820662.6237792969,40447.47674846649,115940.0,6530.2198138237,218186.82386779785,1201767.144209385,0.18822271847411207,0.0003806023800950099,0.002513417027474038,0.010476782525840559,0.9743923544883728,,0.009398000000000002,-1299869.500769946,0.8375053621318242
591,215715,572.7,-1215928.8056849784,-1218900.805361906,0.9124688646564745,48348.96750831604,882953.2528076172,32259.542492866516,86130.0,1192.8831567764282,213393.12870788574,1215928.8071651459,0.18822271847411207,0.0003806023800950099,0.002513417027474038,0.010476782525840559,0.9743923544883728,,0.009398000000000002,-1299869.500769946,0.8375053621318242
592,216080,574.0,-1181920.8749376126,-1214300.9587680807,0.8647156596183777,53661.901520729065,830672.8214111328,39946.31364250183,114300.0,4950.051869452,192051.68516540527,1181920.872088492,0.18166924169973322,0.0004134782128331656,0.0034035130642893676,0.00933814909015047,0.9781572222709656,,0.009362000000000002,-1299869.500769946,0.8375053621318242
593,216445,574.7,-1297957.6046797542,-1221436.9012633574,0.847666955974004,73774.4515542984,802150.2576904297,50045.62262630463,122495.0,17237.515630960464,306029.2057647705,1297957.6017124653,0.18166924169973322,0.0004134782128331656,0.0034035130642893676,0.00933814909015047,0.9781572222709656,,0.009362000000000002,-1299869.500769946,0.8375053621318242
594,216810,575.3,-1705304.3975813314,-1249085.1868450877,0.922519332415437,39750.61211681366,1266620.5828857422,28065.38649892807,76230.0,6629.233202934265,327759.1937713623,1705304.3963589668,0.18166924169973322,0.0004134782128331656,0.0034035130642893676,0.00933814909015047,0.9781572222709656,,0.009362000000000002,-1299869.500769946,0.8375053621318242
595,217175,576.6,-1221363.0274631274,-1243428.2361285565,0.9041987290121105,54669.67682361603,832215.4044189453,35983.73423862457,94475.0,3469.5677909851074,255219.32077598572,1221363.0272245407,0.16701758750959447,0.00038072415966445606,0.002797444665032488,0.015629122879258113,0.9650450944900513,,0.009308,-1299869.500769946,0.8375053621318242
596,217540,577.3,-1162403.5576794115,-1241091.0428285175,0.8549425603592232,55332.67366218567,795801.0593261719,40609.13906288147,119165.0,5778.082927703857,201050.27308654785,1162403.554403305,0.16701758750959447,0.00038072415966445606,0.002797444665032488,0.015629122879258113,0.9650450944900513,,0.009308,-1299869.500769946,0.8375053621318242
597,217905,577.9,-1343996.0462119193,-1251476.8596550636,0.8422389559549828,73399.88075733185,820367.7507324219,49460.66173839569,126210.0,20510.204624056816,327447.42404174805,1343996.0411366224,0.16701758750959447,0.00038072415966445606,0.002797444665032488,0.015629122879258113,0.9650450944900513,,0.009308,-1299869.500769946,0.8375053621318242
598,218270,579.2,-1285625.734874234,-1257725.705989742,0.8455380387502174,70103.2782087326,804473.86328125,47925.7767996788,126120.0,18853.666875362396,288252.4318008423,1285625.7387571335,0.20751232849924187,0.0003736245864370415,0.002213862907649998,0.011250792291799658,0.9702243804931641,,0.009254000000000002,-1299869.500769946,0.8375053621318242
599,218635,579.9,-1202456.564393618,-1252944.9854599673,0.9077568836408119,52051.29877662659,838707.1022949219,34632.40304040909,90825.0,2519.221387863159,235772.83966827393,1202456.566391468,0.20751232849924187,0.0003736245864370415,0.002213862907649998,0.011250792291799658,0.9702243804931641,,0.009254000000000002,-1299869.500769946,0.8375053621318242
600,219000,581.7,-1121798.7480486196,-1251712.6459598248,0.8879066037805113,55860.57266616821,766374.9829101562,38070.5102519989,104825.0,4108.582363009453,208419.6745452881,1121798.7500704527,0.20751232849924187,0.0003736245864370415,0.002213862907649998,0.011250792291799658,0.9702243804931641,,0.009254000000000002,-1311195.066413103,0.8388920331654484
601,219365,583.0,-1191724.2084908942,-1235578.062283397,0.8596563943444866,56136.83546590805,824882.2567138672,40989.91760444641,117935.0,6209.323152065277,201707.70790863037,1191724.2053790092,0.18164900455035662,0.00035953476478760803,0.0022649932376991367,0.010001838942499537,0.9762254953384399,,0.009200000000000002,-1311195.066413103,0.8388920331654484
602,219730,583.7,-1293041.1143745834,-1241045.2959158737,0.9215476212436206,42276.80916595459,978006.0437011719,29070.115383148193,78520.0,2373.605888366699,205071.3563232422,1293041.121295929,0.18164900455035662,0.00035953476478760803,0.0022649932376991367,0.010001838942499537,0.9762254953384399,,0.009200000000000002,-1311195.066413103,0.8388920331654484
603,220095,584.4,-1170874.8723493004,-1242322.612985269,0.8778960721133506,52238.78716659546,810604.9868164062,37888.36953449249,108815.0,4875.361483573914,208691.16136550903,1170874.8791999817,0.18164900455035662,0.00035953476478760803,0.0022649932376991367,0.010001838942499537,0.9762254953384399,,0.009200000000000002,-1311195.066413103,0.8388920331654484
604,220460,585.7,-1314303.2125508706,-1245126.0395254195,0.8444458368706377,72892.85354614258,809978.9758300781,49326.669927597046,125665.0,14790.175889849663,314542.39276885986,1314303.2144163847,0.17344025738145175,0.00037884029078620525,0.0028801633644003517,0.00887939332690286,0.9790378212928772,,0.009146000000000001,-1311195.066413103,0.8388920331654484
605,220825,586.3,-1169789.0552386441,-1246470.6330069285,0.8633994322933563,54555.264907836914,813170.6744384766,40494.38444900513,116735.0,4073.2651510238647,195315.7328491211,1169789.0568876266,0.17344025738145175,0.00037884029078620525,0.0028801633644003517,0.00887939332690286,0.9790378212928772,,0.009146000000000001,-1311195.066413103,0.8388920331654484
606,221190,587.7,-1178768.0606270449,-1238385.9143861711,0.9013522484531141,55382.676443099976,810005.2819824219,36617.0684967041,96560.0,2932.2510118484497,232653.45621490479,1178768.0577058792,0.1928817645499581,0.0003790129273846488,0.002279181235567912,0.010769793273586976,0.9737880229949951,,0.00911,-1311195.066413103,0.8388920331654484
607,221555,588.3,-1277532.944572885,-1243394.7703938838,0.923878496640349,42613.17839241028,960647.2954101562,28826.47860145569,79280.0,2253.2602434158325,206525.91666412354,1277532.9509191513,0.1928817645499581,0.0003790129273846488,0.002279181235567912,0.010769793273586976,0.9737880229949951,,0.00911,-1311195.066413103,0.8388920331654484
608,221920,589.0,-1170617.608782394,-1244209.061683726,0.8851832113853872,54115.208755493164,792643.4957275391,37851.13398933411,106510.0,4209.185741186142,229403.79000854492,1170617.6054666042,0.1928817645499581,0.0003790129273846488,0.002279181235567912,0.010769793273586976,0.9737880229949951,,0.00911,-1311195.066413103,0.8388920331654484
609,222285,590.3,-1126862.5879826923,-1241701.808564272,0.8757853815000352,51115.40124511719,802402.5123291016,37947.680044174194,111305.0,3003.6590785980225,172203.7335510254,1126862.5850028992,0.17029012229881788,0.0005395500990121754,0.004088016983587295,0.00828582268992537,0.9804679155349731,,0.009056000000000002,-1311195.066413103,0.8388920331654484
610,222650,590.9,-1184468.7377088992,-1240836.8882116408,0.8608905106374662,56035.696128845215,807253.3779296875,41032.189078330994,119480.0,4778.827774763107,211924.3317565918,1184468.7265393734,0.17029012229881788,0.0005395500990121754,0.004088016983587295,0.00828582268992537,0.9804679155349731,,0.009056000000000002,-1311195.066413103,0.8388920331654484
611,223015,591.5,-1610031.7617017773,-1260542.0360124807,0.9237826187316686,40302.88384056091,1243237.657836914,28376.032806396484,77650.0,4389.54457783699,256378.53128051758,1610031.766501665,0.17029012229881788,0.0005395500990121754,0.004088016983587295,0.00828582268992537,0.9804679155349731,,0.009056000000000002,-1311195.066413103,0.8388920331654484
612,223380,592.8,-1293340.7674882319,-1266113.0306400117,0.8435208603127362,74312.83023452759,780172.2823486328,50255.5398311615,128020.0,13377.715463876724,321515.22787094116,1293340.7655146122,0.17665585091239527,0.0002916769839621817,0.0019544634943533886,0.012818433662974521,0.9712721109390259,,0.009002000000000001,-1311195.066413103,0.8388920331654484
613,223745,593.5,-1266567.0890357895,-1264543.5048578135,0.9191753442973307,46861.55625629425,921767.1560058594,31310.02892589569,84705.0,1805.3724641799927,226979.5289993286,1266567.0863952637,0.17665585091239527,0.0002916769839621817,0.0019544634943533886,0.012818433662974521,0.9712721109390259,,0.009002000000000001,-1311195.066413103,0.8388920331654484
614,224110,594.2,-1296712.6623403304,-1244113.9180957633,0.8473339755241185,75027.85622787476,781460.7781982422,50644.47685241699,127615.0,13773.113753318787,323219.29971313477,1296712.6685171127,0.17665585091239527,0.0002916769839621817,0.0019544634943533886,0.012818433662974521,0.9712721109390259,,0.009002000000000001,-1311195.066413103,0.8388920331654484
615,224475,595.5,-1705643.5158486338,-1268327.942515039,0.920245885032497,42652.84299039841,1246501.8010253906,29764.714220046997,77660.0,7699.9459319114685,344017.05307006836,1705643.5142474174,0.1791668559767698,0.0004525888591256501,0.003675761985983914,0.015409365994855762,0.9677189588546753,,0.008948000000000001,-1311195.066413103,0.8388920331654484
616,224840,596.1,-1175670.384134816,-1268991.283837809,0.8991005819137782,57126.989866256714,784751.955078125,37622.57319641113,99730.0,2704.0966987609863,250861.7624206543,1175670.3873939514,0.1791668559767698,0.0004525888591256501,0.003675761985983914,0.015409365994855762,0.9677189588546753,,0.008948000000000001,-1311195.066413103,0.8388920331654484
617,225205,596.8,-1184906.009842113,-1261036.7820193185,0.8567865064699356,56999.03642845154,796906.0919189453,41792.11240577698,119845.0,4309.389353752136,222053.40898132324,1184906.0026597977,0.1791668559767698,0.0004525888591256501,0.003675761985983914,0.015409365994855762,0.9677189588546753,,0.008948000000000001,-1311195.066413103,0.8388920331654484
618,225570,598.1,-1179928.263173099,-1255751.908434262,0.8521760987908873,66748.2712802887,769846.9420166016,46929.00641441345,122065.0,6207.871647596359,234879.44143676758,1179928.261515379,0.1769632228503102,0.0004291471868782537,0.0031114544889485267,0.009531990171557194,0.9780892133712769,,0.008894,-1311195.066413103,0.8388920331654484
619,225935,598.7,-1277132.0960379401,-1259485.685016478,0.9214345006093587,43047.404569625854,950098.6237792969,29418.57985973358,79385.0,1200.20707321167,217029.68602752686,1277132.096739769,0.1769632228503102,0.0004291471868782537,0.0031114544889485267,0.009531990171557194,0.9780892133712769,,0.008894,-1311195.066413103,0.8388920331654484
620,226300,599.4,-1185996.4909145238,-1262695.5721597732,0.900736172885111,57527.20463371277,791405.2001953125,37823.5079498291,97630.0,2462.9924597740173,256674.7866821289,1185996.4872870445,0.1769632228503102,0.0004291471868782537,0.0031114544889485267,0.009531990171557194,0.9780892133712769,,0.008894,-1311195.066413103,0.8388920331654484
621,226665,600.7,-1185883.6038932353,-1262403.5419298902,0.904440087978154,55030.90721511841,816020.9724121094,36304.84816932678,93875.0,1272.4666662216187,238410.31567382812,1185883.602921486,0.17061114781781248,0.00038000722873364695,0.0028408117527999963,0.009629079741180727,0.9783971905708313,,0.00884,-1311195.066413103,0.8388920331654484
622,227030,601.4,-1142973.6954422141,-1254900.1709832717,0.8794171565199551,55339.11859893799,774324.9046630859,39604.247467041016,110120.0,2744.186595916748,216180.35430145264,1142973.6930274963,0.17061114781781248,0.00038000722873364695,0.0028408117527999963,0.009629079741180727,0.9783971905708313,,0.00884,-1311195.066413103,0.8388920331654484
623,227395,602.7,-1133007.453560076,-1253006.8000438106,0.8582835783697155,57337.106954574585,762920.0541992188,41797.84445762634,119795.0,2812.551594734192,205682.00382995605,1133007.4540815353,0.18318024081619164,0.00032098947332614394,0.002158984808422821,0.008980443517334367,0.9775900840759277,,0.008804000000000001,-1311195.066413103,0.8388920331654484
624,227760,603.3,-1161496.4702805588,-1245366.462930295,0.8708690953581301,53930.322076797485,800041.654296875,39763.1158618927,113070.0,6238.171232223511,202383.52745056152,1161496.4688415527,0.18318024081619164,0.00032098947332614394,0.002158984808422821,0.008980443517334367,0.9775900840759277,,0.008804000000000001,-1311195.066413103,0.8388920331654484
625,228125,605.1,-1193380.538755731,-1246546.0371061494,0.856078549443859,57440.92547225952,812237.7386474609,41656.17475318909,119380.0,4650.221293449402,215456.40007019043,1193380.5347642899,0.18318024081619164,0.00032098947332614394,0.002158984808422821,0.008980443517334367,0.9775900840759277,,0.008804000000000001,-1313890.821472147,0.8387442735776509
626,228490,606.4,-1160192.6060145989,-1245617.264375527,0.8885267964781147,56114.637214660645,767281.0395507812,37904.1129360199,106000.0,2257.5030398368835,246749.95212078094,1160192.607647419,0.19306853119479983,0.00036004284648745514,0.00215898480535926,0.010171418838006886,0.9748637676239014,,0.00875,-1313890.821472147,0.8387442735776509
627,228855,607.0,-1247829.2815927095,-1244132.081226518,0.8496175607589826,75943.99377822876,770214.9587402344,51120.393981933594,123625.0,8810.397565364838,294058.53190612793,1247829.2821936607,0.19306853119479983,0.00036004284648745514,0.00215898480535926,0.010171418838006886,0.9748637676239014,,0.00875,-1313890.821472147,0.8387442735776509
628,229220,607.7,-1165220.8933365154,-1243862.245454224,0.8824484222555814,53814.155537605286,769338.8601074219,38051.76884841919,108160.0,3119.3801765441895,246550.89166641235,1165220.9007987976,0.19306853119479983,0.00036004284648745514,0.00215898480535926,0.010171418838006886,0.9748637676239014,,0.00875,-1313890.821472147,0.8387442735776509
629,229585,609.0,-1168392.799031747,-1245938.7560066767,0.8626964835271443,55060.825342178345,798143.1037597656,40903.72064781189,115935.0,4639.4506051540375,208771.52648162842,1168392.80149436,0.1944389780493159,0.00036405375866659025,0.002293369231904906,0.010202810523639383,0.9747001528739929,,0.008696,-1313890.821472147,0.8387442735776509
630,229950,609.6,-1160606.501437272,-1244745.6441930956,0.8672200410333398,53588.46035385132,800211.0041503906,39863.29810333252,113885.0,4456.379552364349,202190.81735229492,1160606.4991583824,0.1944389780493159,0.00036405375866659025,0.002293369231904906,0.010202810523639383,0.9747001528739929,,0.008696,-1313890.821472147,0.8387442735776509
631,230315,610.3,-1171521.1230862974,-1222820.1122623214,0.857094689101389,56216.7421131134,794121.6748046875,41282.48765563965,118775.0,3858.7730882763863,213483.189743042,1171521.1252916455,0.1944389780493159,0.00036405375866659025,0.002293369231904906,0.010202810523639383,0.9747001528739929,,0.008696,-1313890.821472147,0.8387442735776509
632,230680,611.6,-1154643.876988268,-1215885.2677373234,0.8656428195025823,55321.05147743225,786136.9013671875,40930.12582111359,116185.0,2023.1139092445374,209368.74180030823,1154643.8828978539,0.1955201894437012,0.000343090110714241,0.002304077151501061,0.010709965050122455,0.9727253913879395,,0.008642,-1313890.821472147,0.8387442735776509
633,231045,612.2,-1269680.717966775,-1216040.9491838727,0.8480224068850687,77016.10214805603,767182.6864013672,51882.01951789856,123985.0,11371.32778263092,315259.6881713867,1269680.7218732834,0.1955201894437012,0.000343090110714241,0.002304077151501061,0.010709965050122455,0.9727253913879395,,0.008642,-1313890.821472147,0.8387442735776509
634,231410,612.9,-1134529.076781467,-1207931.7699059295,0.874590607048714,53629.7732257843,789330.6772460938,39500.98040390015,112280.0,2625.759295463562,190791.65625,1134529.0731954575,0.1955201894437012,0.000343090110714241,0.002304077151501061,0.010709965050122455,0.9727253913879395,,0.008642,-1313890.821472147,0.8387442735776509
635,231775,614.3,-1182006.8592808656,-1181749.9370775414,0.9030118449093544,54552.291162490845,814906.6422119141,36072.08888053894,94980.0,1453.2226939201355,234594.8980026245,1182006.8517889977,0.19539319861092067,0.00037033950923758214,0.0031451844352934706,0.010772376431544361,0.9731706380844116,,0.008588000000000002,-1313890.821472147,0.8387442735776509
636,232140,614.9,-1143070.9953425704,-1180119.967637929,0.8949673014144375,60584.54250717163,747904.7756347656,39455.845005989075,102490.0,1238.1163606643677,251982.25244522095,1143070.98944664,0.19539319861092067,0.00037033950923758214,0.0031451844352934706,0.010772376431544361,0.9731706380844116,,0.008588000000000002,-1313890.821472147,0.8387442735776509
637,232505,616.2,-1130873.759397999,-1177418.3551157233,0.8938436344878314,59651.943950653076,745899.7061767578,39142.63212585449,103825.0,1724.842679977417,240281.58877182007,1130873.7697544098,0.1720777889223475,0.0003557176546325392,0.002498961337933954,0.008701064011180088,0.9776812791824341,,0.008552,-1313890.821472147,0.8387442735776509
638,232870,616.9,-1225944.8855180806,-1179719.1862329722,0.9078844235367971,53704.25930213928,841404.6909179688,35636.79668521881,91775.0,2057.461483001709,255070.93028259277,1225944.879368782,0.1720777889223475,0.0003557176546325392,0.002498961337933954,0.008701064011180088,0.9776812791824341,,0.008552,-1313890.821472147,0.8387442735776509
639,233235,617.5,-1296318.8691201787,-1180678.5248870843,0.843262620821391,77844.88217163086,764214.7752685547,52482.11696624756,126525.0,12701.531302452087,340395.4432220459,1296318.8667593002,0.1720777889223475,0.0003557176546325392,0.002498961337933954,0.008701064011180088,0.9776812791824341,,0.008552,-1313890.821472147,0.8387442735776509
640,233600,618.8,-1144448.0981442202,-1178601.105248569,0.8875231339506907,57786.13239955902,759757.52734375,38732.16536617279,105195.0,2017.7880475521088,238745.6235847473,1144448.1043422222,0.17805568893489085,0.00045247613199631145,0.0029267428275680254,0.010159541289076993,0.9755732417106628,,0.008498,-1313890.821472147,0.8387442735776509
641,233965,619.5,-1157884.0484938947,-1177201.1274786019,0.8870722319981823,58535.4326210022,762459.7864990234,39672.876170158386,105260.0,1725.0788326263428,248766.3038635254,1157884.0453653336,0.17805568893489085,0.00045247613199631145,0.0029267428275680254,0.010159541289076993,0.9755732417106628,,0.008498,-1313890.821472147,0.8387442735776509
642,234330,620.1,-1152133.9444422738,-1177659.139928605,0.8807243757051965,55393.7647228241,765014.5015869141,38902.98410129547,107505.0,2799.9462146759033,237911.5118713379,1152133.9437742233,0.17805568893489085,0.00045247613199631145,0.0029267428275680254,0.010159541289076993,0.9755732417106628,,0.008498,-1313890.821472147,0.8387442735776509
643,234695,621.4,-1242270.3188091842,-1183122.2831910602,0.916440388111219,47931.2577381134,893039.4851074219,32164.891172409058,84105.0,1065.5540466308594,231895.38441467285,1242270.3147411346,0.17124105264481745,0.0003330752856766738,0.002260977766893216,0.00865314941314098,0.9794707894325256,,0.008444,-1313890.821472147,0.8387442735776509
644,235060,622.2,-1160855.0461046807,-1183090.2119822665,0.8954226386057187,59874.4475402832,764772.4990234375,39179.54012966156,99995.0,2086.4005126953125,254821.59770202637,1160855.0373678207,0.17124105264481745,0.0003330752856766738,0.002260977766893216,0.00865314941314098,0.9794707894325256,,0.008444,-1313890.821472147,0.8387442735776509
645,235425,622.8,-1183533.1037549244,-1182597.8402322258,0.8981190219317396,57887.16250228882,779519.0073242188,37995.16208553314,98385.0,2549.438274383545,265084.4987335205,1183533.106417656,0.17124105264481745,0.0003330752856766738,0.002260977766893216,0.00865314941314098,0.9794707894325256,,0.008444,-1313890.821472147,0.8387442735776509
646,235790,624.1,-1177006.3127030032,-1183438.5255666464,0.8981978731612636,58186.76285362244,773441.9984130859,37906.97981929779,99050.0,3118.992927789688,263488.3425979614,1177006.3137581348,0.1616302389455469,0.00030235225600144507,0.0022379557332514147,0.008919220148144584,0.9782617092132568,,0.008390000000000002,-1313890.821472147,0.8387442735776509
647,236155,624.8,-1227470.6857809555,-1182420.5957760587,0.9110837436702154,50442.441455841064,860999.6190185547,33535.03071784973,87660.0,3030.047606945038,242245.98712921143,1227470.6844725609,0.1616302389455469,0.00030235225600144507,0.0022379557332514147,0.008919220148144584,0.9782617092132568,,0.008390000000000002,-1313890.821472147,0.8387442735776509
648,236520,625.4,-1273125.106920531,-1187815.8064552594,0.9216730914703787,43681.472027778625,945907.4853515625,29700.94169807434,79790.0,1712.8632802963257,216013.8130645752,1273125.1033945084,0.1616302389455469,0.00030235225600144507,0.0022379557332514147,0.008919220148144584,0.9782617092132568,,0.008390000000000002,-1313890.821472147,0.8387442735776509
649,236885,626.7,-1107965.9510361287,-1184794.4640554783,0.8797689903272341,54334.8368396759,768501.6448974609,38744.312744140625,108640.0,3270.31990814209,188809.67195129395,1107965.9495010376,0.1490843662698018,0.0002749729530095417,0.001407556370586941,0.008151082493560878,0.9818175435066223,,0.008336,-1313890.821472147,0.8387442735776509
650,237250,628.5,-1200850.8409398692,-1186806.6810306082,0.9085848702143317,49919.66877937317,853359.1317138672,33574.66744327545,90140.0,2005.9131937026978,221771.1294555664,1200850.8418064117,0.1490843662698018,0.0002749729530095417,0.001407556370586941,0.008151082493560878,0.9818175435066223,,0.008336,-1313444.1252281647,0.8370644984996483
651,237615,629.8,-1207202.3836009577,-1188590.7440563415,0.9089600727982717,51088.68894195557,850457.6383056641,34108.19482803345,90475.0,1400.870581626892,230760.6877593994,1207202.3914747238,0.1591512105966869,0.00028295182092781605,0.0021846838231124963,0.008554182517783422,0.9803503751754761,,0.0083,-1313444.1252281647,0.8370644984996483
652,237980,630.5,-1160885.4407658188,-1188902.822245219,0.8535456588823501,56313.96968269348,781332.9207763672,41484.06661987305,120310.0,5116.028228759766,212642.42434692383,1160885.4399719238,0.1591512105966869,0.00028295182092781605,0.0021846838231124963,0.008554182517783422,0.9803503751754761,,0.0083,-1313444.1252281647,0.8370644984996483
653,238345,631.2,-1163143.8879598426,-1183575.9807448722,0.8971642672199093,56155.8863658905,786891.1003417969,36946.24428939819,99895.0,2722.907130241394,236688.63912963867,1163143.8908910751,0.1591512105966869,0.00028295182092781605,0.0021846838231124963,0.008554182517783422,0.9803503751754761,,0.0083,-1313444.1252281647,0.8370644984996483
654,238710,632.5,-1226499.489117148,-1188174.5013616565,0.916812305254479,44798.92667007446,908013.9132080078,30559.175656318665,84355.0,1965.5405006408691,201605.86505508423,1226499.4944200516,0.1664016976168281,0.0004190979948122587,0.0023206744308960255,0.009283581944672685,0.977772057056427,,0.008246,-1313444.1252281647,0.8370644984996483
655,239075,633.1,-1140850.4738031826,-1186116.682087772,0.8568891941684567,54320.652594566345,787071.9636230469,40153.03178977966,120060.0,3373.7181735038757,190191.76414871216,1140850.4777350426,0.1664016976168281,0.0004190979948122587,0.0023206744308960255,0.009283581944672685,0.977772057056427,,0.008246,-1313444.1252281647,0.8370644984996483
656,239440,633.8,-1161494.818980103,-1187037.8732696488,0.888503890168177,55467.00849342346,782281.0008544922,37679.574707984924,105235.0,2296.4805269241333,234002.76150512695,1161494.8175945282,0.1664016976168281,0.0004190979948122587,0.0023206744308960255,0.009283581944672685,0.977772057056427,,0.008246,-1313444.1252281647,0.8370644984996483
657,239805,635.1,-1124001.6661762507,-1186694.2686085613,0.891446217445478,55673.279695510864,762378.0678710938,37210.31041622162,102935.0,1657.5039834976196,219820.78390312195,1124001.666173935,0.17089353325335602,0.0003797854589816109,0.002911484041281878,0.009264284622316299,0.9761577844619751,,0.008192000000000001,-1313444.1252281647,0.8370644984996483
658,240170,635.8,-1218889.9869705264,-1186341.5236811838,0.9133958571577725,47487.07727050781,887806.5412597656,31999.36044692993,86490.0,1753.088706985116,210840.99125671387,1218889.9816703945,0.17089353325335602,0.0003797854589816109,0.002911484041281878,0.009264284622316299,0.9761577844619751,,0.008192000000000001,-1313444.1252281647,0.8370644984996483
659,240535,636.4,-1145488.7194894718,-1178800.0161996481,0.8656452807661605,52687.18803405762,802359.6638183594,39492.72181892395,115525.0,4179.377539634705,183931.95880126953,1145488.7219781876,0.17089353325335602,0.0003797854589816109,0.002911484041281878,0.009264284622316299,0.9761577844619751,,0.008192000000000001,-1313444.1252281647,0.8370644984996483
660,240900,637.7,-1166429.519756073,-1179899.0872802408,0.8541405899883949,57099.96472167969,800075.4241943359,41733.915645599365,120320.0,4172.153419494629,200128.032661438,1166429.525920868,0.16963454237894007,0.0005687508366559326,0.0051023249168218555,0.008884072107704062,0.9784772396087646,,0.008138,-1313444.1252281647,0.8370644984996483
661,241265,638.5,-1141382.909285713,-1179074.0303198318,0.8699830313251443,52710.401703834534,806439.3920898438,39117.087898254395,113860.0,5319.553888320923,176646.87509918213,1141382.9089756012,0.16963454237894007,0.0005687508366559326,0.0051023249168218555,0.008884072107704062,0.9784772396087646,,0.008138,-1313444.1252281647,0.8370644984996483
662,241630,639.2,-1130012.292938021,-1177967.947744619,0.8972217543484413,56057.95352554321,767866.1770019531,37038.88575363159,102325.0,3054.521460533142,219727.7127685547,1130012.2969846725,0.16963454237894007,0.0005687508366559326,0.0051023249168218555,0.008884072107704062,0.9784772396087646,,0.008138,-1313444.1252281647,0.8370644984996483
663,241995,640.5,-1127608.522532833,-1172234.8579308016,0.8987371131165387,55065.3756313324,780672.2534179688,36339.10177516937,100610.0,3099.361158847809,206887.80611419678,1127608.5224661827,0.17877895247779393,0.00037870365213166224,0.0029717160987753517,0.009827481545998077,0.9751431345939636,,0.008084000000000001,-1313444.1252281647,0.8370644984996483
664,242360,641.1,-1116359.3026597525,-1170010.0707585553,0.8896684210594387,52116.18907356262,787363.1879882812,36242.483607292175,105165.0,2608.006357192993,184980.63439178467,1116359.312344551,0.17877895247779393,0.00037870365213166224,0.0029717160987753517,0.009827481545998077,0.9751431345939636,,0.008084000000000001,-1313444.1252281647,0.8370644984996483
665,242725,642.4,-1136836.2958646677,-1167675.2303640426,0.873814601767553,49908.818017959595,813416.7833251953,37672.80965232849,112100.0,5321.721773594618,168324.9871673584,1136836.3019184768,0.17292265809680285,0.00040169763834503673,0.0031293902527403062,0.008151479494316797,0.9794228672981262,,0.008048,-1313444.1252281647,0.8370644984996483
666,243090,643.1,-1219939.5250843219,-1169821.8909831084,0.9174501641155922,46554.520334243774,896172.25,31245.90518951416,86520.0,1147.0761785507202,204854.29508972168,1219939.5264577866,0.17292265809680285,0.00040169763834503673,0.0031293902527403062,0.008151479494316797,0.9794228672981262,,0.008048,-1313444.1252281647,0.8370644984996483
667,243455,643.7,-1282458.255735158,-1172571.2694808186,0.9231379528568215,40564.9406375885,976175.0267333984,28125.876928329468,78515.0,2393.5719871520996,197248.77842521667,1282458.2540740967,0.17292265809680285,0.00040169763834503673,0.0031293902527403062,0.008151479494316797,0.9794228672981262,,0.008048,-1313444.1252281647,0.8370644984996483
668,243820,645.0,-1172169.7988893841,-1167523.504079261,0.8992312127596711,55552.87910652161,794179.3540039062,36611.950969696045,100010.0,2035.700439453125,239332.79315185547,1172169.798564911,0.14259847684910423,0.0003320535130880767,0.0024537203615565026,0.008155738426323392,0.981314480304718,,0.007994000000000001,-1313444.1252281647,0.8370644984996483
669,244185,645.7,-1169694.2512231474,-1170609.9190886118,0.863811867204431,52778.132038116455,810843.2296142578,39309.57054901123,117830.0,4342.054804563522,197369.39851379395,1169694.2534816265,0.14259847684910423,0.0003320535130880767,0.0024537203615565026,0.008155738426323392,0.981314480304718,,0.007994000000000001,-1313444.1252281647,0.8370644984996483
670,244550,646.4,-1162198.841389226,-1168677.3191110801,0.8673813166683667,51465.97386550903,814611.3992919922,38669.78823471069,115565.0,3017.7187733650208,190334.9400024414,1162198.8463025093,0.14259847684910423,0.0003320535130880767,0.0024537203615565026,0.008155738426323392,0.981314480304718,,0.007994000000000001,-1313444.1252281647,0.8370644984996483
671,244915,647.7,-1173439.674450826,-1166989.1836535733,0.8546796999565542,56216.42898750305,796510.7229003906,41121.614028930664,120565.0,4043.702573776245,211198.62886810303,1173439.6683712006,0.18504946404381803,0.00032610757142193555,0.002010947781902934,0.009525361605674812,0.9750216603279114,,0.00794,-1313444.1252281647,0.8370644984996483
672,245280,648.3,-1163803.3039822832,-1167135.0768143968,0.8580053203726468,54502.92399787903,802086.19140625,40099.346130371094,119375.0,4449.326252967119,197793.4381866455,1163803.3019762337,0.18504946404381803,0.00032610757142193555,0.002010947781902934,0.009525361605674812,0.9750216603279114,,0.00794,-1313444.1252281647,0.8370644984996483
673,245645,649.0,-1130382.4043559157,-1165497.0026342005,0.8798810611032459,51742.731766700745,786998.8253173828,37592.0517244339,109820.0,2842.1074285805225,193129.41487884521,1130382.3993492424,0.18504946404381803,0.00032610757142193555,0.002010947781902934,0.009525361605674812,0.9750216603279114,,0.00794,-1313444.1252281647,0.8370644984996483
674,246010,650.3,-1150102.6982954838,-1161677.1630931173,0.8660515953416694,52519.73499965668,802085.8168945312,39385.31344127655,115425.0,4497.293886184692,188709.2751159668,1150102.6993379593,0.18800392433216698,0.0005024505214686016,0.0028750771031665957,0.009947943623716893,0.9743464589118958,,0.007886,-1313444.1252281647,0.8370644984996483
675,246375,652.1,-1149795.4587473392,-1162124.4123403248,0.8862662826498894,53763.46161985397,784651.7191162109,37486.296169281006,105920.0,3101.7636823654175,218635.667283535,1149795.4462513924,0.18800392433216698,0.0005024505214686016,0.0028750771031665957,0.009947943623716893,0.9743464589118958,,0.007886,-1319794.7372599458,0.8399705423067694
676,246740,652.7,-1169575.6806748994,-1162528.4554250648,0.8671163002105609,52428.54862880707,808736.9622802734,39214.654953956604,113970.0,5879.388505041599,201774.6774749756,1169575.6832142472,0.18800392433216698,0.0005024505214686016,0.0028750771031665957,0.009947943623716893,0.9743464589118958,,0.007886,-1319794.7372599458,0.8399705423067694
677,247105,654.1,-1147313.4251759802,-1163694.043375051,0.8593888764512049,55820.62645149231,785181.9539794922,40858.4946937561,119145.0,3032.3971495628357,199095.57345581055,1147313.4192786217,0.17934635987407282,0.0004575224743109031,0.0032948276486039455,0.00959523951046561,0.9762203693389893,,0.007831999999999999,-1319794.7372599458,0.8399705423067694
678,247470,654.8,-1158089.8239098592,-1160654.0352220177,0.8695575013552627,53805.78370857239,803758.5964355469,39668.60383415222,115200.0,3667.340209007263,195795.28049468994,1158089.8209733963,0.17934635987407282,0.0004575224743109031,0.0032948276486039455,0.00959523951046561,0.9762203693389893,,0.007831999999999999,-1319794.7372599458,0.8399705423067694
679,247835,656.1,-1156721.444864871,-1161215.6714907878,0.871298642027868,52555.014249801636,808305.4387207031,39012.78315639496,112440.0,3440.8473279476166,193522.37715148926,1156721.446356535,0.18378743235217898,0.0003922602516372296,0.0029765346624978854,0.009275937293607154,0.9765942096710205,,0.007796,-1319794.7372599458,0.8399705423067694
680,248200,656.7,-1238341.7830348588,-1164811.284654727,0.9180920579662062,48119.525053977966,892497.5880126953,31943.606340408325,85810.0,1694.7392311096191,226395.8522758484,1238341.7858600616,0.18378743235217898,0.0003922602516372296,0.0029765346624978854,0.009275937293607154,0.9765942096710205,,0.007796,-1319794.7372599458,0.8399705423067694
681,248565,657.4,-1182421.5045035596,-1166863.2144156196,0.9099006193957917,50533.32903289795,843814.6768798828,33669.18796825409,91465.0,1244.1150665283203,212228.52603912354,1182421.5059537888,0.18378743235217898,0.0003922602516372296,0.0029765346624978854,0.009275937293607154,0.9765942096710205,,0.007796,-1319794.7372599458,0.8399705423067694
682,248930,658.7,-1152421.6509968727,-1167983.6823185615,0.8557433882804766,55743.851278305054,789001.7580566406,40882.73043632507,119590.0,2273.6015424728394,200673.55186462402,1152421.6419000626,0.15656907581969312,0.00023742471244316365,0.0017362895818414951,0.008809547540486642,0.9781820774078369,,0.007742,-1319794.7372599458,0.8399705423067694
683,249295,659.3,-1136749.9593594654,-1168440.7541598934,0.8724341312499896,52270.66391944885,794511.4971923828,38791.28641319275,112275.0,2800.033863067627,188372.14349365234,1136749.9609622955,0.15656907581969312,0.00023742471244316365,0.0017362895818414951,0.008809547540486642,0.9781820774078369,,0.007742,-1319794.7372599458,0.8399705423067694
684,249660,660.0,-1247658.5796558894,-1175005.7180097003,0.8510677476451821,72827.04124832153,775775.0687255859,49563.22812080383,122480.0,7713.841241717339,292126.4429473877,1247658.5810354948,0.15656907581969312,0.00023742471244316365,0.0017362895818414951,0.008809547540486642,0.9781820774078369,,0.007742,-1319794.7372599458,0.8399705423067694
685,250025,661.3,-1172353.2473783917,-1176781.5655853867,0.8842126037976513,55098.65561103821,780871.2214355469,38454.94173622131,106345.0,3437.1638259887695,243244.91348266602,1172353.240480423,0.18336175656632372,0.0003709881904892666,0.002615409989007994,0.010303391241713575,0.9727274179458618,,0.0076879999999999995,-1319794.7372599458,0.8399705423067694
686,250390,661.9,-1180951.1764081502,-1174832.148151578,0.8655681768508806,53865.16794013977,806212.0932617188,40079.0678024292,114255.0,4553.659502983064,215851.35594177246,1180951.1765089035,0.18336175656632372,0.0003709881904892666,0.002615409989007994,0.010303391241713575,0.9727274179458618,,0.0076879999999999995,-1319794.7372599458,0.8399705423067694
687,250755,662.6,-1149314.3545157784,-1168174.953090609,0.8755015979074452,52541.19762611389,798676.4947509766,38667.08588027954,110360.0,3129.9656338095665,198480.80598449707,1149314.3522495627,0.18336175656632372,0.0003709881904892666,0.002615409989007994,0.010303391241713575,0.9727274179458618,,0.0076879999999999995,-1319794.7372599458,0.8399705423067694
688,251120,663.9,-1146986.5187478438,-1166915.7890835318,0.8565078900284964,55066.44656562805,781023.3217773438,40351.19923210144,118955.0,1917.8430442810059,204739.16342163086,1146986.527475357,0.17423894177926214,0.0003827137818581449,0.0030150831811816283,0.009055370673243152,0.9772990942001343,,0.007633999999999999,-1319794.7372599458,0.8399705423067694
689,251485,664.5,-1153609.9608650808,-1166111.5745656288,0.8544096953248325,56104.559366226196,784926.8354492188,40918.56868362427,119415.0,5021.157004356384,203328.40406799316,1153609.9652051926,0.17423894177926214,0.0003827137818581449,0.0030150831811816283,0.009055370673243152,0.9772990942001343,,0.007633999999999999,-1319794.7372599458,0.8399705423067694
690,251850,665.2,-1274908.4292736046,-1171747.053959848,0.9238188570492888,41387.39685535431,965251.8614501953,28675.44124507904,77315.0,2357.286228120327,201308.84432983398,1274908.4332532287,0.17423894177926214,0.0003827137818581449,0.0030150831811816283,0.009055370673243152,0.9772990942001343,,0.007633999999999999,-1319794.7372599458,0.8399705423067694
691,252215,666.4,-1144968.816526946,-1170323.5110636537,0.8708142599014387,53785.843057632446,789616.0538330078,39584.23647403717,112065.0,3557.8562450408936,200145.67124176025,1144968.8177938461,0.1663621981677256,0.00029500047189924913,0.0020492286034583997,0.009503532899543643,0.975676417350769,,0.007580000000000002,-1319794.7372599458,0.8399705423067694
692,252580,667.1,-1331859.1621887444,-1178726.3039739768,0.8427357828780396,77467.34781265259,781174.8685302734,51830.59887504578,125185.0,14337.907433509827,359330.78003692627,1331859.1548757553,0.1663621981677256,0.00029500047189924913,0.0020492286034583997,0.009503532899543643,0.975676417350769,,0.007580000000000002,-1319794.7372599458,0.8399705423067694
693,252945,668.4,-1247856.5543467603,-1184600.011473519,0.9206151163741334,44206.875020980835,929151.4481201172,29728.704051971436,80390.0,2367.378387451172,206219.02432250977,1247856.5548820496,0.16706332485926778,0.0003441951457716641,0.0020768015080025897,0.009986522546234099,0.9763425588607788,,0.007544000000000001,-1319794.7372599458,0.8399705423067694
694,253310,669.1,-1219602.340009858,-1188074.9935592376,0.9068541812570128,53009.85735607147,841747.6193847656,35075.65683698654,91605.0,3613.823417663574,247560.2452697754,1219602.3449091911,0.16706332485926778,0.0003441951457716641,0.0020768015080025897,0.009986522546234099,0.9763425588607788,,0.007544000000000001,-1319794.7372599458,0.8399705423067694
695,253675,669.7,-1241554.3052816875,-1192662.935885955,0.8492669482753702,74220.88851928711,768604.4260253906,50197.343994140625,122920.0,9221.420862138271,290611.12127685547,1241554.312158525,0.16706332485926778,0.0003441951457716641,0.0020768015080025897,0.009986522546234099,0.9763425588607788,,0.007544000000000001,-1319794.7372599458,0.8399705423067694
696,254040,671.0,-1188040.3893616493,-1193586.1713202926,0.9063951877698506,54057.06165885925,820080.9962158203,35503.03286552429,93360.0,2386.5660762786865,236709.7999420166,1188040.39509964,0.1608924936307104,0.00036918160338628744,0.002356545975137698,0.010242345571321877,0.975292444229126,,0.007490000000000002,-1319794.7372599458,0.8399705423067694
697,254405,671.7,-1286053.424836581,-1200523.1713033223,0.9250611053754205,40620.3437538147,973984.0609130859,28365.35368824005,76370.0,1292.3063583374023,206041.70529174805,1286053.4262514114,0.1608924936307104,0.00036918160338628744,0.002356545975137698,0.010242345571321877,0.975292444229126,,0.007490000000000002,-1319794.7372599458,0.8399705423067694
698,254770,672.3,-1146230.5442808976,-1199930.2073218743,0.8835479555064685,54522.01329803467,786388.2037353516,38319.37101840973,105725.0,2491.1549315452576,213306.8097229004,1146230.539408207,0.1608924936307104,0.00036918160338628744,0.002356545975137698,0.010242345571321877,0.975292444229126,,0.007490000000000002,-1319794.7372599458,0.8399705423067694
699,255135,673.7,-1175166.3915728321,-1200852.4546572727,0.8736207947339097,53547.05073547363,809847.1436767578,39320.016008377075,110130.0,3426.8905267715454,212442.34100341797,1175166.3912153244,0.1550505094622311,0.0003331335049695458,0.002266599422957944,0.008359562219610732,0.979572594165802,,0.007436000000000002,-1319794.7372599458,0.8399705423067694
700,255500,675.4,-1167339.869489005,-1197302.35897998,0.8607176106270046,54026.84669494629,804516.7194824219,40003.536522865295,115765.0,4067.7730482816696,202986.8478088379,1167339.8768624067,0.1550505094622311,0.0003331335049695458,0.002266599422957944,0.008359562219610732,0.979572594165802,,0.007436000000000002,-1321498.8399695351,0.8398760121979125
701,255865,676.1,-1144855.478257607,-1195424.0576676824,0.8684750388746392,52591.2360534668,804837.6990966797,39271.33183860779,113245.0,3266.4362134337425,184235.01383209229,1144855.4809808135,0.1550505094622311,0.0003331335049695458,0.002266599422957944,0.008359562219610732,0.979572594165802,,0.007436000000000002,-1321498.8399695351,0.8398760121979125
702,256230,677.4,-1302088.668159022,-1202907.4085257899,0.8482878410652892,74081.8881225586,790833.8775634766,50108.37417793274,122025.0,18003.95546722412,321117.4620819092,1302088.6692905426,0.17230195924639702,0.00031581268323957614,0.002303274060403438,0.00967356479285579,0.9751265645027161,,0.007382000000000001,-1321498.8399695351,0.8398760121979125
703,256595,678.0,-1299416.2605156708,-1211040.7235836,0.8458742117228574,74649.5012960434,786252.3358154297,50710.66541671753,122975.0,14297.609878063202,325180.65216064453,1299416.263270855,0.17230195924639702,0.00031581268323957614,0.002303274060403438,0.00967356479285579,0.9751265645027161,,0.007382000000000001,-1321498.8399695351,0.8398760121979125
704,256960,678.7,-1120224.1750653244,-1204669.0033540719,0.8912225073331023,54239.82698535919,774653.8166503906,37064.86239242554,103260.0,2005.1413278579712,203240.35108947754,1120224.1714601517,0.17230195924639702,0.00031581268323957614,0.002303274060403438,0.00967356479285579,0.9751265645027161,,0.007382000000000001,-1321498.8399695351,0.8398760121979125
705,257325,680.0,-1158412.4248062083,-1203971.9622254628,0.8866685620725971,53251.39302062988,788662.0334472656,37475.789432525635,104720.0,3441.191781297326,224113.4065246582,1158412.4211857468,0.17851993970965085,0.00032205644167429694,0.002621834739808324,0.011123400279565862,0.9717540740966797,,0.007328000000000001,-1321498.8399695351,0.8398760121979125
706,257690,680.6,-1145509.233129356,-1202199.865061523,0.8584453785256164,55491.733808517456,786576.3859863281,40594.3433971405,116870.0,2704.274835526943,198764.22778320312,1145509.2320021987,0.17851993970965085,0.00032205644167429694,0.002621834739808324,0.011123400279565862,0.9717540740966797,,0.007328000000000001,-1321498.8399695351,0.8398760121979125
707,258055,681.9,-1208245.0777485264,-1205146.4012231603,0.9093599437034293,50990.0217590332,851284.9598388672,33943.254353523254,88745.0,1659.6281747817993,232612.23400878906,1208245.0763759613,0.165881635719224,0.00038985031020083146,0.0027165998514024786,0.008925488806868854,0.9774340987205505,,0.007292000000000002,-1321498.8399695351,0.8398760121979125
708,258420,682.6,-1130654.7980832725,-1204329.8151899315,0.878492485170495,52327.65054321289,800874.4422607422,38017.358439445496,107075.0,3245.345920562715,181442.64769744873,1130654.7943181992,0.165881635719224,0.00038985031020083146,0.0027165998514024786,0.008925488806868854,0.9774340987205505,,0.007292000000000002,-1321498.8399695351,0.8398760121979125
709,258785,683.2,-1234440.1469695899,-1208371.3244951572,0.91940779228733,44426.68215560913,927147.4650878906,30164.02613735199,81105.0,1872.8039570003748,194150.84776306152,1234440.1429453045,0.165881635719224,0.00038985031020083146,0.0027165998514024786,0.008925488806868854,0.9774340987205505,,0.007292000000000002,-1321498.8399695351,0.8398760121979125
710,259150,684.5,-1157193.361044828,-1202485.5710837182,0.874828452280123,52838.99890899658,803171.9051513672,38894.27670478821,109690.0,4858.368245840073,200578.80966186523,1157193.3597638607,0.15784542988005437,0.0003674710646679925,0.002653155412668926,0.00877722442199133,0.9789597392082214,,0.007238000000000001,-1321498.8399695351,0.8398760121979125
711,259515,685.2,-1303530.88583637,-1210413.6745491896,0.8473879020508022,74536.29124355316,785874.9503173828,50257.851358413696,124370.0,13136.528979062976,329891.5607223511,1303530.8913772106,0.15784542988005437,0.0003674710646679925,0.002653155412668926,0.00877722442199133,0.9789597392082214,,0.007238000000000001,-1321498.8399695351,0.8398760121979125
712,259880,685.8,-1192082.835862431,-1203424.858232874,0.9079570254234418,52096.32934951782,837286.2362060547,34404.80356502533,90400.0,2007.8503988971934,227983.9428100586,1192082.8329800358,0.15784542988005437,0.0003674710646679925,0.002653155412668926,0.00877722442199133,0.9789597392082214,,0.007238000000000001,-1321498.8399695351,0.8398760121979125
713,260245,687.1,-1145517.6972159091,-1198307.9153763312,0.8847095215157287,54270.70651626587,786621.7269287109,38013.46520137787,105740.0,1972.6850433647633,213169.8215637207,1145517.6987371743,0.16675443437538648,0.0003284971028877312,0.002638699719682336,0.009938998760557488,0.9751344919204712,,0.007184000000000001,-1321498.8399695351,0.8398760121979125
714,260610,687.8,-1145195.8722486426,-1194587.5919882706,0.8717467252522298,54032.141451358795,801453.6341552734,39545.36993277073,109995.0,4576.222019672394,189625.6574859619,1145195.8835936785,0.16675443437538648,0.0003284971028877312,0.002638699719682336,0.009938998760557488,0.9751344919204712,,0.007184000000000001,-1321498.8399695351,0.8398760121979125
715,260975,688.4,-1167215.6398444509,-1190870.6587164088,0.8551392140453808,60363.46697998047,787448.5340576172,43133.11785697937,118130.0,5596.827976226807,212907.15734100342,1167215.6372318268,0.16675443437538648,0.0003284971028877312,0.002638699719682336,0.009938998760557488,0.9751344919204712,,0.007184000000000001,-1321498.8399695351,0.8398760121979125
716,261340,689.7,-1290691.7204102937,-1196003.225268841,0.8485479970500894,75962.52426147461,781134.8328857422,50982.91117095947,121450.0,14666.12940788269,322457.84635925293,1290691.7198238373,0.1711424636213403,0.0003353130983477489,0.0022473251621321602,0.009591921686047786,0.975601851940155,,0.007130000000000001,-1321498.8399695351,0.8398760121979125
717,261705,690.4,-1147652.9931898974,-1189083.2036865067,0.8699698252220677,54702.486001968384,784901.6195068359,40303.49184989929,111930.0,3949.6074447622523,206568.2712097168,1147652.9900112143,0.1711424636213403,0.0003353130983477489,0.0022473251621321602,0.009591921686047786,0.975601851940155,,0.007130000000000001,-1321498.8399695351,0.8398760121979125
718,262070,691.1,-1153886.2037447086,-1189465.9866596975,0.8707442009285705,53494.736459732056,796474.0455322266,39441.918842315674,110570.0,2760.4337110221386,204639.79650115967,1153886.194586724,0.1711424636213403,0.0003353130983477489,0.0022473251621321602,0.009591921686047786,0.975601851940155,,0.007130000000000001,-1321498.8399695351,0.8398760121979125
719,262435,692.4,-1131956.3755690355,-1187305.4858595075,0.8770498350875019,53067.1136341095,785661.7873535156,38921.394474983215,109780.0,1412.547737121582,196180.63346862793,1131956.3630342484,0.18128077156449618,0.00043538927442760293,0.0032536021531804613,0.011034837580825152,0.9722662568092346,,0.0070760000000000016,-1321498.8399695351,0.8398760121979125
720,262800,693.0,-1122382.1593326153,-1185057.600351688,0.8905463525693711,55270.335512161255,774282.66796875,37585.06217765808,104135.0,2452.092827796936,203927.33295440674,1122382.1559286118,0.18128077156449618,0.00043538927442760293,0.0032536021531804613,0.011034837580825152,0.9722662568092346,,0.0070760000000000016,-1321498.8399695351,0.8398760121979125
721,263165,693.6,-1240132.995391173,-1189821.476208366,0.8532865792104642,72859.24051856995,782928.2484130859,49308.345138549805,120630.0,7699.529479980469,279566.86697387695,1240132.9900054932,0.18128077156449618,0.00043538927442760293,0.0032536021531804613,0.011034837580825152,0.9722662568092346,,0.0070760000000000016,-1321498.8399695351,0.8398760121979125
722,263530,694.9,-1164632.9858750408,-1182948.6920941672,0.8681838572841801,55755.65979766846,790443.4742431641,40967.34038543701,112280.0,3363.1324129104614,217579.03997039795,1164632.9870119095,0.17289580443972036,0.0003066129045596187,0.002172905111556726,0.009910389266319965,0.9755378365516663,,0.007022000000000001,-1321498.8399695351,0.8398760121979125
723,263895,695.6,-1170219.2307478604,-1176488.8406057765,0.9029321726054361,56495.89477348328,787814.5872802734,36947.74100971222,94850.0,2869.7119097709656,247737.18524169922,1170219.2254414558,0.17289580443972036,0.0003066129045596187,0.002172905111556726,0.009910389266319965,0.9755378365516663,,0.007022000000000001,-1321498.8399695351,0.8398760121979125
724,264260,696.9,-1142902.1327630975,-1177622.7384906653,0.8989359929137034,58373.069896698,765413.6628417969,38048.10655117035,98185.0,1406.789171218872,239848.56969451904,1142902.1282587051,0.15924967335242973,0.00024064476148946836,0.0013676693595602717,0.009648222807108572,0.976159930229187,,0.006986000000000001,-1321498.8399695351,0.8398760121979125
725,264625,698.7,-1210444.1952365777,-1180224.3270121838,0.9115102630772003,51819.731534957886,860964.6005859375,34179.21969795227,86665.0,2407.9354553222656,226227.44550704956,1210444.2012462616,0.15924967335242973,0.00024064476148946836,0.0013676693595602717,0.009648222807108572,0.976159930229187,,0.006986000000000001,-1302076.3301300392,0.8411946256683297
726,264990,699.4,-1229198.120446868,-1184408.7713780594,0.9141310309710567,50246.33444404602,878520.6883544922,33181.48389625549,84875.0,1811.4215087890625,230809.52685546875,1229198.1206150055,0.15924967335242973,0.00024064476148946836,0.0013676693595602717,0.009648222807108572,0.976159930229187,,0.006986000000000001,-1302076.3301300392,0.8411946256683297
727,265355,700.7,-1153129.7391106628,-1181653.0044461663,0.8810341188352402,55410.94965362549,786421.3734130859,39306.43670940399,106390.0,2834.554146528244,218177.3729095459,1153129.737178564,0.14809263438770645,0.0002882200955546547,0.0021857546127744413,0.009216580748263942,0.9785110354423523,,0.006932000000000001,-1302076.3301300392,0.8411946256683297
728,265720,701.4,-1146085.5773263755,-1182424.5434083214,0.8568907207005645,57822.760389328,776145.8630371094,41888.496114730835,116440.0,3137.606101989746,208473.61024475098,1146085.575498581,0.14809263438770645,0.0002882200955546547,0.0021857546127744413,0.009216580748263942,0.9785110354423523,,0.006932000000000001,-1302076.3301300392,0.8411946256683297
729,266085,702.0,-1143034.03685534,-1177854.237902609,0.8655621866657309,56054.325580596924,788315.0592041016,40997.91374588013,112575.0,3964.5861592292786,197181.47526550293,1143034.034374714,0.14809263438770645,0.0002882200955546547,0.0021857546127744413,0.009216580748263942,0.9785110354423523,,0.006932000000000001,-1302076.3301300392,0.8411946256683297
730,266450,703.3,-1241864.1668815585,-1182087.7781944454,0.9157503942920737,50163.47594642639,882414.6937255859,33188.72784137726,84015.0,1814.8891153335571,240430.85330963135,1241864.163991928,0.16349921708828524,0.00042229892283342593,0.0027779027157904287,0.009445206727832556,0.9770504236221313,,0.006878000000000001,-1302076.3301300392,0.8411946256683297
731,266815,704.0,-1298065.490837278,-1181814.5084444908,0.9237721575449591,40359.678731918335,985724.9099121094,28566.42497730255,74020.0,1470.080551147461,208284.06903076172,1298065.484471321,0.16349921708828524,0.00042229892283342593,0.0027779027157904287,0.009445206727832556,0.9770504236221313,,0.006878000000000001,-1302076.3301300392,0.8411946256683297
732,267180,704.7,-1148139.7966274796,-1179617.3564827433,0.8974425041512267,60791.37112426758,752592.447265625,39271.93295764923,98690.0,3908.8414611816406,253676.58339691162,1148139.8050813675,0.16349921708828524,0.00042229892283342593,0.0027779027157904287,0.009445206727832556,0.9770504236221313,,0.006878000000000001,-1302076.3301300392,0.8411946256683297
733,267545,706.0,-1135973.3751761494,-1179140.1403807555,0.8914572495303742,55904.649198532104,763849.6456298828,37448.27342796326,101990.0,3147.6294860839844,229537.8288192749,1135973.377363205,0.13576336773602585,0.0002912671520071423,0.0021769205745122712,0.008559142999154957,0.9792764186859131,,0.006824000000000001,-1302076.3301300392,0.8411946256683297
734,267910,706.7,-1138625.6756266386,-1178811.6305496553,0.875392052408767,53535.796772003174,789562.6524658203,39064.61939239502,109725.0,3522.1632719039917,196751.2431793213,1138625.6783094406,0.13576336773602585,0.0002912671520071423,0.0021769205745122712,0.008559142999154957,0.9792764186859131,,0.006824000000000001,-1302076.3301300392,0.8411946256683297
735,268275,707.3,-1133890.6962533633,-1177145.3833701008,0.8915718764474947,56265.05311584473,765813.6127929688,37676.06972026825,102235.0,1726.9422645568848,226439.07556152344,1133890.7003393173,0.13576336773602585,0.0002912671520071423,0.0021769205745122712,0.008559142999154957,0.9792764186859131,,0.006824000000000001,-1302076.3301300392,0.8411946256683297
736,268640,708.6,-1116869.558979922,-1168454.2752985822,0.8944516642452919,57635.23929786682,763186.9139404297,37841.43270492554,101020.0,1466.4722862243652,213354.73736572266,1116869.5562973022,0.16579280323103854,0.00039536166911459175,0.002648069149520444,0.009137844740364113,0.9772268533706665,,0.006770000000000001,-1302076.3301300392,0.8411946256683297
737,269005,709.3,-1109921.7699705567,-1166567.7141376152,0.8848346460355472,54469.35616016388,777613.9860839844,38205.27431869507,105945.0,3521.28902387619,184636.21935272217,1109921.7687792778,0.16579280323103854,0.00039536166911459175,0.002648069149520444,0.009137844740364113,0.9772268533706665,,0.006770000000000001,-1302076.3301300392,0.8411946256683297
738,269370,710.6,-1144541.5271385626,-1166100.4803073076,0.8884516062801832,56352.03910255432,775291.6105957031,38293.840156555176,103605.0,2604.7682037353516,224746.30834960938,1144541.527305603,0.16254704190712227,0.0003895041559907871,0.0026815314087894207,0.008296996171243097,0.9791795611381531,,0.006734,-1302076.3301300392,0.8411946256683297
739,269735,711.3,-1143301.7139172633,-1166667.747224719,0.8813007271453126,52706.73586893082,794722.6214599609,37850.52615451813,107635.0,2952.929920196533,200140.6397705078,1143301.7173051834,0.16254704190712227,0.0003895041559907871,0.0026815314087894207,0.008296996171243097,0.9791795611381531,,0.006734,-1302076.3301300392,0.8411946256683297
740,270100,711.9,-1292011.113230007,-1175149.1949195885,0.922280793810544,45067.84683704376,945962.5845947266,30135.57571029663,79215.0,2268.100286498666,234429.8510055542,1292011.111597076,0.16254704190712227,0.0003895041559907871,0.0026815314087894207,0.008296996171243097,0.9791795611381531,,0.006734,-1302076.3301300392,0.8411946256683297
741,270465,713.2,-1133832.8544820254,-1169834.1878741314,0.871553034488469,54370.478711128235,794045.9705810547,40031.75323486328,110930.0,3745.6159760951996,185079.51495361328,1133832.8547456264,0.150313101708889,0.0002988929240209951,0.0019464325527415464,0.00837693319312836,0.9810202121734619,,0.006680000000000001,-1302076.3301300392,0.8411946256683297
742,270830,713.9,-1274806.4392199672,-1175342.8605413777,0.9219575911352079,45024.427763938904,936390.4937744141,30197.600159168243,79545.0,1056.0308825969696,227617.3125076294,1274806.4373238087,0.150313101708889,0.0002988929240209951,0.0019464325527415464,0.00837693319312836,0.9810202121734619,,0.006680000000000001,-1302076.3301300392,0.8411946256683297
743,271195,714.5,-1133666.5946389385,-1173515.2287359317,0.8961687951871794,59571.37582206726,756175.0938720703,38742.0298910141,101105.0,3223.9906208515167,234420.47240447998,1133666.586788416,0.150313101708889,0.0002988929240209951,0.0019464325527415464,0.00837693319312836,0.9810202121734619,,0.006680000000000001,-1302076.3301300392,0.8411946256683297
744,271560,715.8,-1140032.1879483168,-1173371.7314951925,0.8668725106814136,53341.315954208374,790621.3325195312,39542.428548812866,113045.0,3921.0580048561096,192902.36724853516,1140032.1863217354,0.15016131808883265,0.0002929361146111899,0.0020759984077142832,0.009002766718989924,0.9795777797698975,,0.006626000000000001,-1302076.3301300392,0.8411946256683297
745,271925,716.5,-1179087.5449674313,-1171803.898981735,0.8612085149712758,57729.93274688721,798838.6418457031,41693.42625808716,116725.0,3913.8796858787537,217916.59871292114,1179087.5465025902,0.15016131808883265,0.0002929361146111899,0.0020759984077142832,0.009002766718989924,0.9795777797698975,,0.006626000000000001,-1302076.3301300392,0.8411946256683297
746,272290,717.1,-1113153.6818738994,-1166001.677053087,0.8898331647049891,57178.00435256958,765150.8852539062,38591.130575180054,103980.0,1956.4576225280762,203475.21956634521,1113153.6930179596,0.15016131808883265,0.0002929361146111899,0.0020759984077142832,0.009002766718989924,0.9795777797698975,,0.006626000000000001,-1302076.3301300392,0.8411946256683297
747,272655,718.4,-1187162.2153558675,-1167703.300865347,0.9066109825487007,54752.902282714844,818729.0992431641,35874.44863319397,91995.0,1931.8130269050598,238631.85586357117,1187162.2167668343,0.16363547448264926,0.00029409996846209793,0.001687300834179807,0.010206914065699828,0.975773811340332,,0.006572000000000001,-1302076.3301300392,0.8411946256683297
748,273020,719.1,-1153683.3222654932,-1168083.1881123031,0.8653349729433452,55603.92135810852,796466.2930908203,40617.483669281006,113470.0,4815.8421459198,198313.70709228516,1153683.3259983063,0.16363547448264926,0.00029409996846209793,0.001687300834179807,0.010206914065699828,0.975773811340332,,0.006572000000000001,-1302076.3301300392,0.8411946256683297
749,273385,719.7,-1179716.807017763,-1169917.3266204242,0.9054648559387416,55375.50347709656,800844.6978759766,36279.94823884964,93650.0,1442.579276919365,247499.5797958374,1179716.805187583,0.16363547448264926,0.00029409996846209793,0.001687300834179807,0.010206914065699828,0.975773811340332,,0.006572000000000001,-1302076.3301300392,0.8411946256683297
750,273750,722.2,-1214663.7338805862,-1168557.3049703755,0.9123499574726575,51802.73919296265,853136.2258300781,34159.48698711395,87495.0,3138.8227665424347,236734.1994934082,1214663.7350771427,0.15639392659068108,0.0003028688878131154,0.0019895319376366004,0.00945222624087412,0.9773479700088501,,0.006518,-1304173.0587861973,0.8429610538156065
751,274115,722.8,-1252432.4995392673,-1166275.655405475,0.8539335739122678,73577.45072364807,787074.5667724609,49635.37866973877,120030.0,12520.149243831635,283172.40965270996,1252432.5043387413,0.15639392659068108,0.0003028688878131154,0.0019895319376366004,0.00945222624087412,0.9773479700088501,,0.006518,-1304173.0587861973,0.8429610538156065
752,274480,724.1,-1273636.6287296824,-1172550.4970105852,0.8515874683040462,75318.25716590881,773065.4597167969,50614.715421676636,121570.0,16764.33958673477,311622.11713409424,1273636.6318593025,0.1648956103936622,0.0002784016522510731,0.0016878362313084501,0.010936003729799077,0.9724162220954895,,0.006482000000000001,-1304173.0587861973,0.8429610538156065
753,274845,724.8,-1141420.4849075451,-1172822.8524971548,0.8951110652048294,59039.93237495422,759348.1064453125,38672.853113651276,100390.0,2274.2105788588524,240735.31257629395,1141420.4827141166,0.1648956103936622,0.0002784016522510731,0.0016878362313084501,0.010936003729799077,0.9724162220954895,,0.006482000000000001,-1304173.0587861973,0.8429610538156065
754,275210,725.4,-1202827.9806106884,-1176032.9677463572,0.915696880262192,48000.05960273743,878883.1453857422,31994.121523857117,84490.0,1284.7918634414673,206175.9222946167,1202827.9810676575,0.1648956103936622,0.0002784016522510731,0.0016878362313084501,0.010936003729799077,0.9724162220954895,,0.006482000000000001,-1304173.0587861973,0.8429610538156065
755,275575,726.7,-1276026.0163384434,-1183139.733750611,0.92607295072242,40463.94153594971,971012.6512451172,27865.78438282013,75575.0,1603.2141284942627,199969.3614807129,1276026.0112371445,0.14042745393357778,0.0002646707299917532,0.0015887879535990866,0.008706922661268005,0.9807037115097046,,0.0064280000000000006,-1304173.0587861973,0.8429610538156065
756,275940,727.4,-1141866.7662637176,-1184389.594114801,0.8639502055024447,56028.57010269165,790354.4315185547,40871.75603103638,113800.0,5057.395005226135,191783.17756652832,1141866.7601213455,0.14042745393357778,0.0002646707299917532,0.0015887879535990866,0.008706922661268005,0.9807037115097046,,0.0064280000000000006,-1304173.0587861973,0.8429610538156065
757,276305,728.0,-1138187.0354882376,-1185802.8573906848,0.8812947059330875,54271.679527282715,792933.4830322266,38695.191984176636,106440.0,4927.738250553608,195190.61701583862,1138187.0302827954,0.14042745393357778,0.0002646707299917532,0.0015887879535990866,0.008706922661268005,0.9807037115097046,,0.0064280000000000006,-1304173.0587861973,0.8429610538156065
758,276670,729.3,-1140238.6222766095,-1185587.7121475872,0.8680137136211133,54599.99207496643,795530.1833496094,39927.50323867798,113025.0,2372.5203609466553,189383.41703796387,1140238.6239871979,0.16629391457689435,0.0003218896012377196,0.002086706333916242,0.009482870356326825,0.9767045378684998,,0.006374,-1304173.0587861973,0.8429610538156065
759,277035,730.0,-1146870.8191657034,-1185766.167410009,0.8672802797735554,54119.28768157959,785761.2183837891,39895.39381980896,112715.0,4635.420544624314,203863.78689575195,1146870.8196439743,0.16629391457689435,0.0003218896012377196,0.002086706333916242,0.009482870356326825,0.9767045378684998,,0.006374,-1304173.0587861973,0.8429610538156065
760,277400,730.6,-1148264.9070912541,-1178578.8571030716,0.8809712491623343,53233.23659610748,797017.7977294922,38123.53845691681,106225.0,5172.959634780884,201725.6084136963,1148264.9042348862,0.16629391457689435,0.0003218896012377196,0.002086706333916242,0.009482870356326825,0.9767045378684998,,0.006374,-1304173.0587861973,0.8429610538156065
761,277765,732.0,-1117449.5847456441,-1177759.6936162529,0.8927413680782057,55462.80345916748,768722.6175537109,37319.27035808563,101505.0,2388.912745118141,207513.7820739746,1117449.5827308893,0.1650733718354451,0.00032628042936266866,0.0018990499941681168,0.009455348242466388,0.9768109321594238,,0.00632,-1304173.0587861973,0.8429610538156065
762,278130,732.6,-1149530.905309155,-1171495.9169207122,0.8705737177639792,53982.86478996277,800891.8181152344,39796.5326461792,110560.0,4686.998339653015,193595.55449676514,1149530.9035978317,0.1650733718354451,0.00032628042936266866,0.0018990499941681168,0.009455348242466388,0.9768109321594238,,0.00632,-1304173.0587861973,0.8429610538156065
763,278495,733.3,-1225141.7911588238,-1176069.6767467067,0.9122965138252467,50123.61349773407,876068.5194091797,33221.92379617691,86590.0,3327.8321647644043,225933.51188278198,1225141.787252903,0.1650733718354451,0.00032628042936266866,0.0018990499941681168,0.009455348242466388,0.9768109321594238,,0.00632,-1304173.0587861973,0.8429610538156065
764,278860,734.6,-1167195.0838521617,-1177427.821541899,0.9033856143690135,55122.33699512482,794753.3087158203,36280.13596868515,94490.0,3267.912558078766,238403.72592926025,1167195.0831718445,0.15706070414499232,0.0003546991382743152,0.0022127921162648,0.009501269307771796,0.9781013131141663,,0.006266000000000001,-1304173.0587861973,0.8429610538156065
765,279225,735.2,-1149311.4816678117,-1175939.0183769178,0.8669458939604563,53584.93048286438,807905.6065673828,39552.06698131561,113275.0,4024.455703139305,184554.35367584229,1149311.48292768,0.15706070414499232,0.0003546991382743152,0.0022127921162648,0.009501269307771796,0.9781013131141663,,0.006266000000000001,-1304173.0587861973,0.8429610538156065
766,279590,736.5,-1142310.1245367103,-1177396.8405100584,0.8842187349110433,53721.804651260376,788888.1573486328,37835.862018585205,104350.0,3412.524592399597,207823.59017944336,1142310.134139061,0.16030940138979963,0.0004068798430365094,0.002966362137445494,0.00936864674287407,0.9772903323173523,,0.00623,-1304173.0587861973,0.8429610538156065
767,279955,737.1,-1268692.6379653276,-1181473.3616405313,0.9238717863004502,41701.94997692108,965268.3544921875,28532.491277217865,76515.0,1793.3831865787506,196583.40716552734,1268692.6361215115,0.16030940138979963,0.0004068798430365094,0.002966362137445494,0.00936864674287407,0.9772903323173523,,0.00623,-1304173.0587861973,0.8429610538156065
768,280320,737.8,-1191484.8132761929,-1183363.4361910666,0.9098668060890616,50672.658250808716,850089.5445556641,33833.39204406738,86750.0,1646.4662046432495,219165.41361999512,1191484.8164243698,0.16030940138979963,0.0004068798430365094,0.002966362137445494,0.00936864674287407,0.9772903323173523,,0.00623,-1304173.0587861973,0.8429610538156065
769,280685,739.1,-1131621.2288242155,-1180958.657281389,0.8865635863722188,54809.339891433716,769554.7841796875,38053.40259170532,102935.0,3216.449508666992,217861.59944152832,1131621.2357215881,0.13525165970388212,0.00027853445446549143,0.0013647246799480758,0.00851110356712812,0.9806777834892273,,0.006176,-1304173.0587861973,0.8429610538156065
770,281050,739.8,-1140616.0425418462,-1177256.2727144521,0.8785263019065335,54512.371311187744,786440.5024414062,39475.52018928528,107460.0,2951.576235771179,204288.43704223633,1140616.035908699,0.13525165970388212,0.00027853445446549143,0.0013647246799480758,0.00851110356712812,0.9806777834892273,,0.006176,-1304173.0587861973,0.8429610538156065
771,281415,740.4,-1141228.6391321789,-1171696.0796940976,0.8697951383786658,53416.82250213623,795505.3834228516,39304.81934738159,109665.0,5277.85914182663,191475.5761642456,1141228.6380763054,0.13525165970388212,0.00027853445446549143,0.0013647246799480758,0.00851110356712812,0.9806777834892273,,0.006176,-1304173.0587861973,0.8429610538156065
772,281780,741.7,-1272088.3649018279,-1171618.666502705,0.9244688950172842,41143.64142036438,963455.9254150391,28050.30634021759,76540.0,2159.615617275238,201882.51962661743,1272088.3669991493,0.15559609293153412,0.00029740230279697385,0.0019073486374078417,0.00880787712766936,0.9800946116447449,,0.006122,-1304173.0587861973,0.8429610538156065
773,282145,742.4,-1131878.1070139632,-1171141.5476080258,0.8947573764683449,60076.05961227417,752972.7766113281,39053.525029182434,98910.0,2474.5532779693604,238467.23974609375,1131878.0946645737,0.15559609293153412,0.00029740230279697385,0.0019073486374078417,0.00880787712766936,0.9800946116447449,,0.006122,-1304173.0587861973,0.8429610538156065
774,282510,743.0,-1126405.5595478471,-1167320.4265548836,0.875009182218003,53247.683455467224,782664.1647949219,39208.64642906189,108090.0,4681.965596675873,191760.77726745605,1126405.5540881157,0.15559609293153412,0.00029740230279697385,0.0019073486374078417,0.00880787712766936,0.9800946116447449,,0.006122,-1304173.0587861973,0.8429610538156065
775,282875,745.4,-1144322.4432510755,-1160735.2479005153,0.8709247649532474,53552.39137554169,794839.9913330078,39495.56609725952,109090.0,3255.248494744301,197641.63625335693,1144322.4421783686,0.15519142837116592,0.0003002377075781145,0.0016321550347607914,0.00869133654295614,0.9791313409805298,,0.0060680000000000005,-1313188.571641602,0.8409981769241699
776,283240,746.1,-1302932.1082377015,-1168788.5149992146,0.8452170332817183,74740.75722885132,790545.8188476562,50070.906105041504,122375.0,21072.40126091242,318867.97624206543,1302932.1024556756,0.15519142837116592,0.0003002377075781145,0.0016321550347607914,0.00869133654295614,0.9791313409805298,,0.0060680000000000005,-1313188.571641602,0.8409981769241699
777,283605,746.7,-1259554.2886480645,-1174856.8776572058,0.9199178904703219,46215.606534957886,924920.0480957031,30925.968383789062,79905.0,2003.8332750797272,221799.44035339355,1259554.2901079655,0.15519142837116592,0.0003002377075781145,0.0016321550347607914,0.00869133654295614,0.9791313409805298,,0.0060680000000000005,-1313188.571641602,0.8409981769241699
778,283970,748.1,-1170568.600970003,-1176373.3765918757,0.8674104955098401,54533.59320259094,812687.7729492188,40188.33765411377,110430.0,5607.793843269348,201654.69358062744,1170568.5980272293,0.15290040914949618,0.000352397442168838,0.00223313717240097,0.010466988945968057,0.9757689237594604,,0.006014,-1313188.571641602,0.8409981769241699
779,284335,748.7,-1165802.2748237965,-1177319.9493747803,0.8620571407553268,55891.427125930786,805628.5533447266,40711.03753089905,113510.0,4402.099172592163,201550.57983398438,1165802.2698822021,0.15290040914949618,0.000352397442168838,0.00223313717240097,0.010466988945968057,0.9757689237594604,,0.006014,-1313188.571641602,0.8409981769241699
780,284700,750.1,-1197772.3588071817,-1179795.3219605763,0.9072404894110274,52942.00840759277,845906.490234375,34955.42999649048,88585.0,3143.8157951831818,225181.61856079102,1197772.3545868397,0.15403955018049792,0.00030326975463953874,0.0017486036920576896,0.009884513730771448,0.9766926765441895,,0.005978,-1313188.571641602,0.8409981769241699
781,285065,750.7,-1156964.1670521402,-1181771.0510759011,0.8900727680284684,54100.58298492432,790536.6125488281,36777.848969459534,101625.0,2649.4228961467743,225375.28532409668,1156964.169738531,0.15403955018049792,0.00030326975463953874,0.0017486036920576896,0.009884513730771448,0.9766926765441895,,0.005978,-1313188.571641602,0.8409981769241699
782,285430,751.4,-1126466.1603440144,-1180617.813827644,0.8859485807484143,53397.46110153198,787463.2266845703,37312.187026023865,103315.0,2478.839501261711,195896.90003967285,1126466.1532515287,0.15403955018049792,0.00030326975463953874,0.0017486036920576896,0.009884513730771448,0.9766926765441895,,0.005978,-1313188.571641602,0.8409981769241699
783,285795,752.7,-1137666.3751510894,-1176244.0430272575,0.883273174011544,53095.08155441284,798013.7297363281,37789.62685585022,105330.0,6290.644486427307,190242.3763885498,1137666.3774671555,0.15753488870043503,0.0003468334741563395,0.0018998530913928622,0.008933732549561873,0.9782170057296753,,0.005924,-1313188.571641602,0.8409981769241699
784,286160,753.3,-1149501.8080248993,-1175359.3792358944,0.8969733470106778,59012.12881278992,769692.5014648438,38517.398785591125,98645.0,3151.02742767334,239495.8775615692,1149501.8052396774,0.15753488870043503,0.0003468334741563395,0.0018998530913928622,0.008933732549561873,0.9782170057296753,,0.005924,-1313188.571641602,0.8409981769241699
785,286525,754.0,-1142544.8823098438,-1175021.049267996,0.9022342427136146,54828.85467863083,794497.7932128906,36248.32667183876,95525.0,2225.9778060913086,214047.78414916992,1142544.8818399906,0.15753488870043503,0.0003468334741563395,0.0018998530913928622,0.008933732549561873,0.9782170057296753,,0.005924,-1313188.571641602,0.8409981769241699
786,286890,755.3,-1236098.9994120882,-1179710.493011765,0.919280099705474,44375.798807144165,924487.1574707031,30123.47898387909,81290.0,2427.4572315216064,197770.90395355225,1236098.997639656,0.13958105915471128,0.0003139198864741239,0.0024981582394646372,0.008687053794825548,0.9806379079818726,,0.00587,-1313188.571641602,0.8409981769241699
787,287255,756.0,-1159612.7514068938,-1174256.4986838433,0.8603952396405886,55063.535157203674,802145.5578613281,40336.16517829895,115880.0,3568.8723618984222,197682.15507507324,1159612.7504765987,0.13958105915471128,0.0003139198864741239,0.0024981582394646372,0.008687053794825548,0.9806379079818726,,0.00587,-1313188.571641602,0.8409981769241699
788,287620,756.6,-1176927.9144234837,-1173528.6537412077,0.9082423110530801,52431.71574783325,835080.6885986328,34639.23750305176,90290.0,2767.0240325927734,214150.96284484863,1176927.912979126,0.13958105915471128,0.0003139198864741239,0.0024981582394646372,0.008687053794825548,0.9806379079818726,,0.00587,-1313188.571641602,0.8409981769241699
789,287985,757.9,-1279699.5042931358,-1180932.5675146538,0.8478449331570979,73573.89151763916,787719.3505859375,49742.365379333496,122740.0,13654.714755058289,305843.0710449219,1279699.5017652512,0.14754597940727285,0.00027904170455210416,0.0020125539709911927,0.009584577484546523,0.9771511554718018,,0.005816,-1313188.571641602,0.8409981769241699
790,288350,758.6,-1198331.829505372,-1183818.35686283,0.9117808317484921,48690.900564193726,872533.5905761719,32547.760724067688,86705.0,1817.3239788413048,204728.155002594,1198331.8302816749,0.14754597940727285,0.00027904170455210416,0.0020125539709911927,0.009584577484546523,0.9771511554718018,,0.005816,-1313188.571641602,0.8409981769241699
791,288715,759.2,-1133738.915353944,-1183443.8706739184,0.875145932256359,51169.4334564209,807688.2991943359,38081.02144050598,109995.0,4075.683650970459,173898.90586853027,1133738.9101543427,0.14754597940727285,0.00027904170455210416,0.0020125539709911927,0.009584577484546523,0.9771511554718018,,0.005816,-1313188.571641602,0.8409981769241699
792,289080,760.6,-1165806.7603160602,-1178129.7904446297,0.8719346364883528,53633.026876449585,811788.2086181641,39417.30084609985,110125.0,3901.117148399353,200575.12966918945,1165806.7562818527,0.15454409918502757,0.00022351276569871085,0.0013727556227087533,0.010436842646939974,0.9755610823631287,,0.005762,-1313188.571641602,0.8409981769241699
793,289445,761.3,-1216047.5197036422,-1182338.2610791135,0.9162792894938221,45412.50827693939,902396.0164794922,30745.832206726074,83235.0,3864.1539727449417,195806.51483917236,1216047.5174981356,0.15454409918502757,0.00022351276569871085,0.0013727556227087533,0.010436842646939974,0.9755610823631287,,0.005762,-1313188.571641602,0.8409981769241699
794,289810,762.6,-1201308.8433832924,-1186083.425270886,0.8529648797152793,68267.68633079529,792356.1687011719,47323.70198583603,118920.0,7388.34280705452,235320.630859375,1201308.8443534374,0.15036796896081223,0.00035511341540864363,0.002547950077458058,0.009391614309463062,0.9779629111289978,,0.005726,-1313188.571641602,0.8409981769241699
795,290175,763.2,-1193538.745328027,-1188544.2403747337,0.9079267875788963,50663.9795665741,843347.5034179688,33829.11585140228,88745.0,2237.1272654533386,225379.98892211914,1193538.7354569435,0.15036796896081223,0.00035511341540864363,0.002547950077458058,0.009391614309463062,0.9779629111289978,,0.005726,-1313188.571641602,0.8409981769241699
796,290540,763.9,-1194448.5347048403,-1183120.0616980908,0.9060636802895429,53075.90446853638,833377.2891845703,35101.997926712036,90990.0,3358.1998500823975,231621.04739379883,1194448.5343551636,0.15036796896081223,0.00035511341540864363,0.002547950077458058,0.009391614309463062,0.9779629111289978,,0.005726,-1313188.571641602,0.8409981769241699
797,290905,765.2,-1287207.0069020225,-1184502.6976107887,0.8451340964395706,74627.78896808624,780469.6929931641,50265.61793708801,123600.0,13806.216967105865,319065.48151397705,1287207.009411335,0.14461034222653038,0.0002877331264340012,0.002372875552330362,0.00951526793161113,0.977743923664093,,0.005672,-1313188.571641602,0.8409981769241699
798,291270,765.9,-1159401.174995981,-1183944.3263120877,0.8642799939194771,55325.79456424713,799588.3529052734,40866.011152267456,114275.0,3601.8770473003387,201069.9319152832,1159401.1730201244,0.14461034222653038,0.0002877331264340012,0.002372875552330362,0.00951526793161113,0.977743923664093,,0.005672,-1313188.571641602,0.8409981769241699
799,291635,766.5,-1288996.434726352,-1190104.0343072154,0.8459273589800482,75015.41881847382,785847.3259277344,50302.68377685547,123485.0,15354.54258108139,314006.88021850586,1288996.432504177,0.14461034222653038,0.0002877331264340012,0.002372875552330362,0.00951526793161113,0.977743923664093,,0.005672,-1313188.571641602,0.8409981769241699
800,292000,769.0,-1138911.022395901,-1187160.9674866514,0.8721515426897023,52193.456439971924,805747.6834716797,38862.87184047699,109775.0,4006.733918428421,180518.73595428467,1138911.0251848698,0.17312007181738553,0.0003027001698443966,0.002046819323942672,0.01161152365813522,0.9717859029769897,,0.005618,-1311586.635143079,0.8402609736952062
801,292365,769.6,-1152772.3082552974,-1186951.3745468091,0.8724456870392577,52128.5218296051,803595.6533203125,38780.628542900085,109870.0,4988.699154853821,195537.32385253906,1152772.3048706055,0.17312007181738553,0.0003027001698443966,0.002046819323942672,0.01161152365813522,0.9717859029769897,,0.005618,-1311586.635143079,0.8402609736952062
802,292730,770.3,-1331649.7095604436,-1197210.5520076307,0.8453546520781844,74527.06772613525,800876.6313476562,50148.36723327637,123725.0,17649.396853208542,339250.31463623047,1331649.7100703716,0.17312007181738553,0.0003027001698443966,0.002046819323942672,0.01161152365813522,0.9717859029769897,,0.005618,-1311586.635143079,0.8402609736952062
803,293095,771.7,-1259782.923924969,-1203316.3794463244,0.9202540315993845,44402.83250236511,935228.8890380859,29897.51311969757,79145.0,4743.440314769745,210768.08191680908,1259782.9243893623,0.15886149653478673,0.00027081111918385813,0.001912702596440029,0.011122337505711536,0.974534273147583,,0.0055639999999999995,-1311586.635143079,0.8402609736952062
804,293460,772.3,-1136050.5193567106,-1202643.8150129148,0.8705433518919227,54008.34020614624,792926.0,39725.59054374695,111015.0,4872.686180591583,187511.23580932617,1136050.5125336647,0.15886149653478673,0.00027081111918385813,0.001912702596440029,0.011122337505711536,0.974534273147583,,0.0055639999999999995,-1311586.635143079,0.8402609736952062
805,293825,772.9,-1256583.3066950403,-1208345.7362321748,0.922232634727269,43393.45635032654,946243.1988525391,29534.950435638428,78650.0,2226.567699432373,199928.58805847168,1256583.3050460815,0.15886149653478673,0.00027081111918385813,0.001912702596440029,0.011122337505711536,0.974534273147583,,0.0055639999999999995,-1311586.635143079,0.8402609736952062
806,294190,774.3,-1118895.8122327935,-1202485.57687321,0.8806649658777942,54205.61751747131,774497.2583007812,38628.41705131531,107290.0,3585.426486492157,194894.7141532898,1118895.8159918785,0.13836467089621643,0.0003375566328893336,0.0016573186539493403,0.009485371557897642,0.9786861538887024,,0.005509999999999999,-1311586.635143079,0.8402609736952062
807,294555,774.9,-1130683.446363124,-1201039.1116210218,0.8890509696855937,57134.73198509216,750455.921875,38378.78903865814,103175.0,3381.891058921814,235291.84099197388,1130683.4429645538,0.13836467089621643,0.0003375566328893336,0.0016573186539493403,0.009485371557897642,0.9786861538887024,,0.005509999999999999,-1311586.635143079,0.8402609736952062
808,294920,776.2,-1270297.4045159908,-1205707.586125647,0.8461848273669204,73596.13483524323,778056.3757324219,49511.93019914627,125705.0,13418.902132034302,303605.19356536865,1270297.401628971,0.16797947530683718,0.00027917784820218863,0.001538728417424289,0.010364468319733677,0.9750730991363525,,0.005474,-1311586.635143079,0.8402609736952062
809,295285,776.8,-1132846.5060186526,-1198364.936211923,0.8826705367597815,55811.10980606079,758372.5522460938,38830.3426027298,105170.0,2347.2791481018066,228126.3194885254,1132846.4934854507,0.16797947530683718,0.00027917784820218863,0.001538728417424289,0.010364468319733677,0.9750730991363525,,0.005474,-1311586.635143079,0.8402609736952062
810,295650,777.5,-1151545.0174087388,-1196025.5956070912,0.8640015861759447,56005.64467430115,784173.0842285156,40994.38038063049,113985.0,4660.059728145599,207732.49430084229,1151545.018638134,0.16797947530683718,0.00027917784820218863,0.001538728417424289,0.010364468319733677,0.9750730991363525,,0.005474,-1311586.635143079,0.8402609736952062
811,296015,778.8,-1113988.863887457,-1195038.0930337668,0.8823594919622761,55560.21508407593,765126.6470947266,38882.03288078308,105875.0,1935.428456544876,202169.74870681763,1113988.8571388721,0.16443273052573204,0.00033140812602620206,0.0018634461555752512,0.010026156007753391,0.9758204817771912,,0.0054199999999999995,-1311586.635143079,0.8402609736952062
812,296380,779.5,-1142299.8795864508,-1193862.7489972864,0.8599364675887643,56836.15986633301,778500.5622558594,41340.809062957764,115960.0,3509.337022304535,202989.17155456543,1142299.879895687,0.16443273052573204,0.00033140812602620206,0.0018634461555752512,0.010026156007753391,0.9758204817771912,,0.0054199999999999995,-1311586.635143079,0.8402609736952062
813,296745,780.1,-1200928.7724085974,-1193106.811632534,0.9047065955318817,55022.14886856079,817910.4270019531,36200.12169933319,91155.0,755.4501152187586,254907.7758617401,1200928.7746782452,0.16443273052573204,0.00033140812602620206,0.0018634461555752512,0.010026156007753391,0.9758204817771912,,0.0054199999999999995,-1311586.635143079,0.8402609736952062
814,297110,781.4,-1173239.4248680498,-1191703.340706772,0.9057349985592986,53926.85696220398,819081.2797851562,35644.16373538971,90510.0,2463.5518164634705,225540.43631744385,1173239.4316544533,0.146110126846715,0.0002559360965565965,0.0013730233201242395,0.009416664264311916,0.97801673412323,,0.005366000000000001,-1311586.635143079,0.8402609736952062
815,297475,782.0,-1249635.7647126494,-1194508.1916760032,0.9227974277653106,42294.4926776886,948593.630859375,28978.383808612823,76875.0,1851.5535632371902,193337.19338989258,1249635.7616211176,0.146110126846715,0.0002559360965565965,0.0013730233201242395,0.009416664264311916,0.97801673412323,,0.005366000000000001,-1311586.635143079,0.8402609736952062
816,297840,782.7,-1234003.6711422456,-1196485.9484978733,0.9190486834473806,46535.49082279205,904421.1921386719,31133.897377967834,81870.0,2119.9323806762695,214458.64319610596,1234003.665093422,0.146110126846715,0.0002559360965565965,0.0013730233201242395,0.009416664264311916,0.97801673412323,,0.005366000000000001,-1311586.635143079,0.8402609736952062
817,298205,784.0,-1296947.5488651176,-1196972.9755960281,0.9250472330067255,42105.731101989746,972861.7154541016,28926.107286453247,75925.0,1712.8574924468994,217521.8681488037,1296947.5483818054,0.12561496915785889,0.00021177142551957666,0.0014527973398799077,0.008364397125612748,0.981938362121582,,0.005312000000000001,-1311586.635143079,0.8402609736952062
818,298570,784.6,-1276716.4423843315,-1202838.7389654457,0.8483767153465585,74650.75998783112,775876.2694091797,50510.40164089203,121855.0,14754.903106689453,313719.8727874756,1276716.4469442368,0.12561496915785889,0.00021177142551957666,0.0014527973398799077,0.008364397125612748,0.981938362121582,,0.005312000000000001,-1311586.635143079,0.8402609736952062
819,298935,785.3,-1162336.729332964,-1196505.7536957762,0.8622564773037009,56234.14960670471,791031.7769775391,41133.81882476807,114615.0,3941.347523212433,211614.78674316406,1162336.7300686836,0.12561496915785889,0.00021177142551957666,0.0014527973398799077,0.008364397125612748,0.981938362121582,,0.005312000000000001,-1311586.635143079,0.8402609736952062
820,299300,786.6,-1224540.582340181,-1200787.2316929903,0.8501887385159322,73447.71452713013,766085.2498779297,49853.81103038788,120785.0,7211.304811477661,280605.2169189453,1224540.5826387405,0.16182047932555801,0.00038573539725468055,0.0022997939821308186,0.010499564465135336,0.9746167063713074,,0.005258000000000001,-1311586.635143079,0.8402609736952062
821,299665,787.2,-1246986.534489323,-1205497.9430046915,0.9192663981489939,45949.45457839966,918780.5693359375,30943.70279598236,81510.0,1921.7138957977295,213830.54385375977,1246986.5298814774,0.16182047932555801,0.00038573539725468055,0.0022997939821308186,0.010499564465135336,0.9746167063713074,,0.005258000000000001,-1311586.635143079,0.8402609736952062
822,300030,787.9,-1152249.1470099615,-1196527.9148771674,0.8651455258669919,55709.86288833618,784786.0428466797,40819.23175239563,115105.0,4219.222227096558,207319.65034103394,1152249.1471672058,0.16182047932555801,0.00038573539725468055,0.0022997939821308186,0.010499564465135336,0.9746167063713074,,0.005258000000000001,-1311586.635143079,0.8402609736952062
823,300395,789.2,-1153259.6644055753,-1191201.7519011977,0.8541880703952215,56837.03358268738,773674.6417236328,41356.471311569214,117880.0,2821.682279586792,217526.87557983398,1153259.6708946228,0.15824250327913383,0.00019287950563969054,0.0011634157435764791,0.01067465938333618,0.9759594798088074,,0.005204000000000001,-1311586.635143079,0.8402609736952062
824,300760,789.8,-1156027.1461362084,-1192200.5832401728,0.8709209496027803,54421.03540992737,803700.8918457031,40003.78655099869,111095.0,4564.267327785492,196663.1975402832,1156027.1432647705,0.15824250327913383,0.00019287950563969054,0.0011634157435764791,0.01067465938333618,0.9759594798088074,,0.005204000000000001,-1311586.635143079,0.8402609736952062
825,301125,792.3,-1144840.6306363803,-1186613.4494372397,0.8560006905908454,57956.0206451416,767178.1043701172,41976.50983047485,117830.0,3714.4897775650024,214141.52990722656,1144840.6338853836,0.17081738577077263,0.0003040104856106489,0.0013425057400845138,0.010491207474842668,0.9734334945678711,,0.005168000000000001,-1308210.5249519506,0.8412346946050042
826,301490,793.0,-1108018.8595738546,-1186069.6018042928,0.8883214561906579,54951.66195106506,754962.3406982422,37788.383209228516,105285.0,2322.86456489563,207660.2657470703,1108018.8542194366,0.17081738577077263,0.0003040104856106489,0.0013425057400845138,0.010491207474842668,0.9734334945678711,,0.005168000000000001,-1308210.5249519506,0.8412346946050042
827,301855,793.7,-1119804.1744207102,-1185525.638207172,0.894671319608819,58787.91835594177,741242.5360107422,38488.97465801239,102455.0,2509.9653606414795,235107.7034034729,1119804.179432869,0.17081738577077263,0.0003040104856106489,0.0013425057400845138,0.010491207474842668,0.9734334945678711,,0.005168000000000001,-1308210.5249519506,0.8412346946050042
828,302220,795.0,-1275732.108367892,-1185797.3733997673,0.9229602893737897,43562.38639450073,945245.3781738281,29419.54650592804,79110.0,1789.1327629089355,220168.05404281616,1275732.1114854813,0.1530275121331215,0.00033042796483067304,0.0021164208148164968,0.008743514294589036,0.9790781736373901,,0.005114000000000001,-1308210.5249519506,0.8412346946050042
829,302585,795.7,-1243458.000502241,-1191327.9481239466,0.9132180111048973,50624.071288108826,871125.7917480469,33347.52246284485,87220.0,3900.301498413086,247864.39022827148,1243458.0059375763,0.1530275121331215,0.00033042796483067304,0.0021164208148164968,0.008743514294589036,0.9790781736373901,,0.005114000000000001,-1308210.5249519506,0.8412346946050042
830,302950,796.3,-1218013.5415885863,-1194651.3743329388,0.9100828469616093,51120.11882972717,860994.3129882812,33860.54346847534,89610.0,3464.4779767990112,230084.20944213867,1218013.5438756943,0.1530275121331215,0.00033042796483067304,0.0021164208148164968,0.008743514294589036,0.9790781736373901,,0.005114000000000001,-1308210.5249519506,0.8412346946050042
831,303315,797.6,-1171990.5904693059,-1197551.460662031,0.866625303438265,55180.95582103729,794838.1142578125,40682.6217880249,114430.0,4861.708048343658,217178.1462097168,1171990.5903038979,0.1415945381710404,0.00028292977822275134,0.0017362895785864613,0.008868509756499216,0.9800705313682556,,0.005060000000000001,-1308210.5249519506,0.8412346946050042
832,303680,798.3,-1141535.905508927,-1197513.261958155,0.8852146684306942,53977.07015800476,762597.4405517578,37946.085154533386,106705.0,2378.656318664551,231908.71914672852,1141535.9011716843,0.1415945381710404,0.00028292977822275134,0.0017362895785864613,0.008868509756499216,0.9800705313682556,,0.005060000000000001,-1308210.5249519506,0.8412346946050042
833,304045,799.0,-1190474.132414024,-1196990.5299584265,0.8524174517148162,67306.6671743393,774843.0966796875,46847.18626117706,120735.0,7208.18503510952,240840.6622619629,1190474.130237937,0.1415945381710404,0.00028292977822275134,0.0017362895785864613,0.008868509756499216,0.9800705313682556,,0.005060000000000001,-1308210.5249519506,0.8412346946050042
834,304410,800.3,-1142105.4331076029,-1195433.8303704043,0.8710442263786107,54652.83855819702,789531.8680419922,40059.830701828,112745.0,3427.6467995792627,196341.08590698242,1142105.4314503819,0.16738955323633395,0.0002431825495429956,0.0017095197721286432,0.010501235858292171,0.973838210105896,,0.005006000000000001,-1308210.5249519506,0.8412346946050042
835,304775,800.9,-1220382.463506578,-1193971.1653101007,0.9101020798291246,50358.88840866089,871212.8707275391,33476.96268558502,89595.0,2491.839786529541,223605.78814697266,1220382.4613466263,0.16738955323633395,0.0002431825495429956,0.0017095197721286432,0.010501235858292171,0.973838210105896,,0.005006000000000001,-1308210.5249519506,0.8412346946050042
836,305140,801.6,-1252519.0143860898,-1194896.9324722928,0.920176945973749,46055.830629348755,916085.4116210938,30816.967203617096,83025.0,2844.80167388916,219746.8298187256,1252519.0103173256,0.16738955323633395,0.0002431825495429956,0.0017095197721286432,0.010501235858292171,0.973838210105896,,0.005006000000000001,-1308210.5249519506,0.8412346946050042
837,305505,802.9,-1190199.241156537,-1189559.517086864,0.8549147772462401,66931.7746887207,779269.7700195312,46587.26598739624,122725.0,7330.21674323082,234286.98405456543,1190199.2368047237,0.14173191628958048,0.00018164489694371647,0.0007546408144806168,0.00886893466016964,0.9804502725601196,,0.0049520000000000015,-1308210.5249519506,0.8412346946050042
838,305870,803.7,-1271095.4119296127,-1189278.4655641278,0.9259260979417252,41246.048827171326,964737.4210205078,28437.58675956726,78955.0,1420.316475391388,197545.0915374756,1271095.415792942,0.14173191628958048,0.00018164489694371647,0.0007546408144806168,0.00886893466016964,0.9804502725601196,,0.0049520000000000015,-1308210.5249519506,0.8412346946050042
839,306235,805.0,-1167864.5234583176,-1189554.8552703955,0.903959325241716,54375.9007730484,797857.2770996094,35884.900941848755,97270.0,2260.436322927475,234591.91299057007,1167864.5273549557,0.14584985865574135,0.0002445522064399005,0.0015154386852181663,0.00961547797104638,0.9783170223236084,,0.004916000000000001,-1308210.5249519506,0.8412346946050042
840,306600,805.6,-1202949.6382799842,-1188475.3080673856,0.9129551758504894,47723.69808483124,878464.7770996094,31792.867279052734,88180.0,1539.9467334747314,202972.0362625122,1202949.627374649,0.14584985865574135,0.0002445522064399005,0.0015154386852181663,0.00961547797104638,0.9783170223236084,,0.004916000000000001,-1308210.5249519506,0.8412346946050042
841,306965,806.5,-1156745.9084907265,-1183963.2767674555,0.8682282148975216,53564.805225372314,801686.0135498047,39656.008127212524,116275.0,2661.887493133545,196466.99603271484,1156745.9052028656,0.14584985865574135,0.0002445522064399005,0.0015154386852181663,0.00961547797104638,0.9783170223236084,,0.004916000000000001,-1308210.5249519506,0.8412346946050042
842,307330,808.1,-1138176.2293054988,-1183259.6308822324,0.869950175122039,52831.77673816681,786248.6552734375,39109.08452606201,115310.0,3448.3545784950256,194060.12828063965,1138176.2226586342,0.1573618583773312,0.0002670125649705082,0.001773231907894737,0.009434599956301483,0.9781526923179626,,0.004862000000000001,-1308210.5249519506,0.8412346946050042
843,307695,808.7,-1234394.5179367187,-1187316.3735587897,0.9205979833864186,44841.18862438202,916193.8177490234,30300.826265335083,82725.0,1357.1723070144653,203817.7039794922,1234394.5203008652,0.1573618583773312,0.0002670125649705082,0.001773231907894737,0.009434599956301483,0.9781526923179626,,0.004862000000000001,-1308210.5249519506,0.8412346946050042
844,308060,809.4,-1165103.4228415387,-1187770.187394056,0.9023481138764995,58033.981369018555,780059.3782958984,37665.73682451248,98430.0,3249.9352074861526,245698.3791923523,1165103.4295202494,0.1573618583773312,0.0002670125649705082,0.001773231907894737,0.009434599956301483,0.9781526923179626,,0.004862000000000001,-1308210.5249519506,0.8412346946050042
845,308425,810.8,-1152047.3039005878,-1188130.5210572665,0.8784306297563527,54562.896827697754,779767.2622070312,39110.165561676025,109700.0,3475.1238222122192,219994.75589561462,1152047.3074865341,0.14613779222494677,0.00017370693960497432,0.0006754021903218113,0.009486375180514236,0.9785716533660889,,0.0048080000000000015,-1308210.5249519506,0.8412346946050042
846,308790,811.5,-1149433.540796742,-1190201.2551184108,0.8707188098397973,54459.955532073975,790376.8483886719,39905.81609916687,112205.0,3689.391466140747,203256.4848022461,1149433.5407562256,0.14613779222494677,0.00017370693960497432,0.0006754021903218113,0.009486375180514236,0.9785716533660889,,0.0048080000000000015,-1308210.5249519506,0.8412346946050042
847,309155,812.1,-1246554.1475164986,-1196538.7537732006,0.9204461519032309,45102.13172721863,905129.0013427734,30435.508193969727,82315.0,2190.465516090393,226484.16799926758,1246554.1430521011,0.14613779222494677,0.00017370693960497432,0.0006754021903218113,0.009486375180514236,0.9785716533660889,,0.0048080000000000015,-1308210.5249519506,0.8412346946050042
848,309520,813.5,-1286524.4153733621,-1197078.3691234742,0.8486512411130618,75548.73669242859,775402.1431884766,50913.82127380371,123070.0,13787.17285490036,323351.2826385498,1286524.4199557304,0.14545787733636403,0.00023438590965509464,0.0013896205984661048,0.00869775714205676,0.9805879592895508,,0.004754000000000001,-1308210.5249519506,0.8412346946050042
849,309885,814.2,-1144009.9354987019,-1192105.9658732973,0.9015429849493993,56930.38303947449,779681.2279052734,37124.77095413208,97805.0,2009.1978435516357,227389.73626708984,1144009.932970047,0.14545787733636403,0.00023438590965509464,0.0013896205984661048,0.00869775714205676,0.9805879592895508,,0.004754000000000001,-1308210.5249519506,0.8412346946050042
850,310250,816.0,-1148295.2545464532,-1188620.0515211904,0.8688400235894608,54493.76716423035,797193.7407226562,40165.96757698059,113960.0,3275.3110671043396,193700.23788452148,1148295.2572512627,0.14545787733636403,0.00023438590965509464,0.0013896205984661048,0.00869775714205676,0.9805879592895508,,0.004754000000000001,-1305514.024531459,0.8413704120949523
851,310615,817.3,-1149006.5606308198,-1187470.8500292662,0.9047029325406846,54174.642488479614,790819.8553466797,35523.65425205231,95780.0,1786.5645833015442,225096.48999023438,1149006.564172268,0.16249825413289823,0.0002736356094541598,0.0015028568737570343,0.011045208605202405,0.9741477370262146,,0.004700000000000001,-1305514.024531459,0.8413704120949523
852,310980,818.0,-1130852.6732765338,-1186936.6884176466,0.890917088560862,56368.98176193237,760322.8106689453,38101.94147968292,104090.0,2673.060562133789,225664.8578338623,1130852.6705446243,0.16249825413289823,0.0002736356094541598,0.0015028568737570343,0.011045208605202405,0.9741477370262146,,0.004700000000000001,-1305514.024531459,0.8413704120949523
853,311345,819.4,-1155541.1044065412,-1185190.0370172723,0.8626811246349387,56504.17832183838,790903.9133300781,41202.620906829834,116000.0,2819.2370129823685,204615.33297729492,1155541.1042271852,0.15582988430794917,0.00019046976869599588,0.0014597574880003538,0.009148393831166782,0.9780943393707275,,0.004664000000000001,-1305514.024531459,0.8413704120949523
854,311710,820.0,-1141812.5017592197,-1185175.3904498531,0.8786087125948031,54841.01682281494,776511.9798583984,39202.02364444733,108530.0,3003.931879043579,214564.56484985352,1141812.5002317429,0.15582988430794917,0.00019046976869599588,0.0014597574880003538,0.009148393831166782,0.9780943393707275,,0.004664000000000001,-1305514.024531459,0.8413704120949523
855,312075,820.7,-1117894.3169612589,-1180050.983122587,0.8786210081348681,53039.49750518799,772407.3265380859,38544.29980278015,109465.0,2815.8629322052,194661.83389282227,1117894.3231658936,0.15582988430794917,0.00019046976869599588,0.0014597574880003538,0.009148393831166782,0.9780943393707275,,0.004664000000000001,-1305514.024531459,0.8413704120949523
856,312440,822.1,-1162623.3926599622,-1175556.2020362807,0.9045331363808619,55422.5458984375,791597.1553955078,36315.37750530243,95170.0,1985.5613775253296,237555.30154037476,1162623.3958187103,0.15422433399056135,0.00017699842062843105,0.0007682934167525289,0.009082830658084467,0.9784592390060425,,0.004610000000000001,-1305514.024531459,0.8413704120949523
857,312805,822.8,-1153218.1281632718,-1173707.1463866176,0.8869507569156281,57526.699707984924,767958.8134765625,39104.307337760925,104895.0,3792.109172821045,237467.8888244629,1153218.1188116074,0.15422433399056135,0.00017699842062843105,0.0007682934167525289,0.009082830658084467,0.9784592390060425,,0.004610000000000001,-1305514.024531459,0.8413704120949523
858,313170,823.5,-1317749.4340040525,-1176039.8474903395,0.8452111665516684,74665.22488999367,805223.9848632812,50000.259172439575,125090.0,19374.692599773407,318060.49786376953,1317749.4344992638,0.15422433399056135,0.00017699842062843105,0.0007682934167525289,0.009082830658084467,0.9784592390060425,,0.004610000000000001,-1305514.024531459,0.8413704120949523
859,313535,824.8,-1179017.1355273593,-1176597.4780937913,0.8643412330379224,56004.83357620239,802261.9934082031,40829.67635726929,114975.0,4895.120247811079,216055.34704589844,1179017.137059182,0.166955854939787,0.0002585246727329305,0.0014656468472247454,0.01107446253789883,0.9735736846923828,,0.004556000000000001,-1305514.024531459,0.8413704120949523
860,313900,825.5,-1165140.7960785867,-1174707.0359837215,0.8632887144611306,54522.03832054138,808340.1098632812,40146.054479599,115400.0,4327.933814048767,196926.69009399414,1165140.7882509232,0.166955854939787,0.0002585246727329305,0.0014656468472247454,0.01107446253789883,0.9735736846923828,,0.004556000000000001,-1305514.024531459,0.8413704120949523
861,314265,826.1,-1247345.286200957,-1179237.0048692331,0.9223226834649909,44050.73112678528,932373.3364257812,29661.31831884384,80480.0,1373.591796875,203457.04148864746,1247345.2880301476,0.166955854939787,0.0002585246727329305,0.0014656468472247454,0.01107446253789883,0.9735736846923828,,0.004556000000000001,-1305514.024531459,0.8413704120949523
862,314630,827.5,-1130141.287592173,-1178835.2577835668,0.8879079266770246,55503.7366771698,764346.2752685547,38008.210350990295,104175.0,2379.8684315755963,221231.9345254898,1130141.2885766104,0.14703514466160222,0.00015884425144912186,0.0006178471085149795,0.010133817632633605,0.9771493077278137,,0.004502000000000001,-1305514.024531459,0.8413704120949523
863,314995,828.2,-1290684.7975482729,-1181649.7717641443,0.8479791543255114,73103.971616745,790287.6885986328,49103.37283229828,124870.0,18905.372269630432,307518.3604507446,1290684.7941513062,0.14703514466160222,0.00015884425144912186,0.0006178471085149795,0.010133817632633605,0.9771493077278137,,0.004502000000000001,-1305514.024531459,0.8413704120949523
864,315360,828.8,-1182912.698221488,-1182540.235533142,0.9080619106554005,52827.19178390503,829146.59375,34855.61546897888,91775.0,3030.983745098114,224104.50099945068,1182912.6939635277,0.14703514466160222,0.00015884425144912186,0.0006178471085149795,0.010133817632633605,0.9771493077278137,,0.004502000000000001,-1305514.024531459,0.8413704120949523
865,315725,830.2,-1178674.8479835596,-1183871.612737291,0.9070921685597668,53965.038034915924,819260.7846679688,35440.66278171539,92485.0,1988.295078277588,229500.097946167,1178674.8404741287,0.15780648804808917,0.0002184137709647123,0.001028495924210323,0.010989621563471462,0.9746368527412415,,0.0044480000000000006,-1305514.024531459,0.8413704120949523
866,316090,830.9,-1298902.0835614305,-1191345.0398755255,0.8457988033555959,72867.6191329956,803013.9572753906,48973.77023077011,125790.0,16163.50299847126,304960.8537902832,1298902.0842949152,0.15780648804808917,0.0002184137709647123,0.001028495924210323,0.010989621563471462,0.9746368527412415,,0.0044480000000000006,-1305514.024531459,0.8413704120949523
867,316455,832.3,-1150316.5606146597,-1186533.1605304333,0.867299676268068,53383.56639003754,794276.4868164062,39575.36459541321,113860.0,4386.515335679054,198218.18899536133,1150316.5557428598,0.16133647588522812,0.0001622959579387833,0.0009281091528177249,0.0111967672863485,0.9737030863761902,,0.004412000000000001,-1305514.024531459,0.8413704120949523
868,316820,832.9,-1143385.944442771,-1179376.2369839037,0.8637307599799274,55585.11215019226,780464.2989501953,40642.054624557495,116020.0,3584.8218960762024,202674.76988220215,1143385.9453530312,0.16133647588522812,0.0001622959579387833,0.0009281091528177249,0.0111967672863485,0.9737030863761902,,0.004412000000000001,-1305514.024531459,0.8413704120949523
869,317185,833.6,-1159387.7562247403,-1180145.1280202058,0.8699226746820423,55701.1233215332,798820.4995117188,40647.41578388214,111895.0,2390.663676738739,205634.1803894043,1159387.759361744,0.16133647588522812,0.0001622959579387833,0.0009281091528177249,0.0111967672863485,0.9737030863761902,,0.004412000000000001,-1305514.024531459,0.8413704120949523
870,317550,834.9,-1156008.4651347154,-1180530.7885496186,0.8614338198753252,56759.43559265137,791123.7795410156,41430.45101070404,115955.0,2700.8066906929016,204798.4309539795,1156008.468196392,0.16561590037063548,0.00024651513716602685,0.0013216252943828678,0.010400420569471623,0.9747023582458496,,0.004358000000000001,-1305514.024531459,0.8413704120949523
871,317915,835.5,-1247522.0034923153,-1185456.5606926933,0.9207836080903876,43716.6011390686,928606.4849853516,29607.797701835632,79935.0,1097.3361206054688,208275.38272857666,1247522.0015363693,0.16561590037063548,0.00024651513716602685,0.0013216252943828678,0.010400420569471623,0.9747023582458496,,0.004358000000000001,-1305514.024531459,0.8413704120949523
872,318280,836.2,-1169878.5051961492,-1187407.852288674,0.9007573467411407,58440.81339073181,789502.2926025391,37969.50082778931,96460.0,1260.0599360466003,244686.6605758667,1169878.5139422417,0.16561590037063548,0.00024651513716602685,0.0013216252943828678,0.010400420569471623,0.9747023582458496,,0.004358000000000001,-1305514.024531459,0.8413704120949523
873,318645,837.5,-1235133.7946769656,-1191387.4868021954,0.9102017820697941,52786.626547813416,858966.7821044922,34812.438549518585,88225.0,2003.0856165885925,251126.4786453247,1235133.784915924,0.1350879629975871,0.00017547442788973537,0.0008528860030070829,0.009179039833773123,0.9799315929412842,,0.0043040000000000005,-1305514.024531459,0.8413704120949523
874,319010,838.1,-1147027.3289580843,-1191648.2281621387,0.8838319626573014,56031.616079330444,761462.8637695312,38897.01858520508,105880.0,1499.424406528473,239288.01985168457,1147027.3266129494,0.1350879629975871,0.00017547442788973537,0.0008528860030070829,0.009179039833773123,0.9799315929412842,,0.0043040000000000005,-1305514.024531459,0.8413704120949523
875,319375,839.9,-1138116.7371323977,-1192659.3491706955,0.879924296189661,55387.750326156616,775102.0161132812,39172.123876571655,108445.0,4960.542097568512,210437.0551223755,1138116.737209797,0.1350879629975871,0.00017547442788973537,0.0008528860030070829,0.009179039833773123,0.9799315929412842,,0.0043040000000000005,-1295040.973862077,0.8408191480865217
876,319740,841.2,-1232893.3975311534,-1196172.849414255,0.915905703257208,47764.30372047424,899695.8364257812,31928.43496322632,84185.0,1515.981906414032,215568.1450920105,1232893.398387432,0.15320693034874766,0.000228796409302097,0.0013596384171825392,0.00876271494321133,0.9795166850090027,,0.00425,-1295040.973862077,0.8408191480865217
877,320105,841.9,-1141376.340659907,-1195580.7600390867,0.8706613476962259,55797.905183792114,773180.6221923828,40615.46644306183,112055.0,5130.8202266693115,210394.4290084839,1141376.3378705978,0.15320693034874766,0.000228796409302097,0.0013596384171825392,0.00876271494321133,0.9795166850090027,,0.00425,-1295040.973862077,0.8408191480865217
878,320470,842.6,-1268498.4369487425,-1193118.210186321,0.91902478786364,48001.8934803009,912496.5948486328,31926.837995529175,82750.0,2044.5624542236328,239280.44290924072,1268498.4382076263,0.15320693034874766,0.000228796409302097,0.0013596384171825392,0.00876271494321133,0.9795166850090027,,0.00425,-1295040.973862077,0.8408191480865217
879,320835,843.9,-1318772.6725073806,-1200105.9870353222,0.8425160643172591,76437.19137191772,795685.9573974609,50839.15132141113,124860.0,18021.430538892746,329366.1309585571,1318772.670216322,0.14164070824259206,0.0001763820103070956,0.0006387275582375495,0.009245977504178882,0.9798065423965454,,0.004196,-1295040.973862077,0.8408191480865217
880,321200,844.5,-1251796.8868565848,-1204438.7915742225,0.9231194127095889,41641.52817153931,949097.1434326172,28589.773988485336,77705.0,1440.0109844207764,194964.95891571045,1251796.8873212337,0.14164070824259206,0.0001763820103070956,0.0006387275582375495,0.009245977504178882,0.9798065423965454,,0.004196,-1295040.973862077,0.8408191480865217
881,321565,845.8,-1238374.2157064124,-1203990.238049495,0.92028960103858,44674.541343688965,925952.0838623047,30180.558384895325,80525.0,1705.809606552124,200010.75875854492,1238374.210612297,0.13687568608867495,0.0001770326144220522,0.0005892034166065155,0.009757603788258214,0.9792184829711914,,0.0041600000000000005,-1295040.973862077,0.8408191480865217
882,321930,846.5,-1151675.0023346008,-1205066.9237866167,0.8887404219744957,56717.932255744934,757510.1683349609,38417.69649410248,103680.0,4404.946401715279,247662.18452453613,1151674.9957553148,0.13687568608867495,0.0001770326144220522,0.0005892034166065155,0.009757603788258214,0.9792184829711914,,0.0041600000000000005,-1295040.973862077,0.8408191480865217
883,322295,847.2,-1159079.7664070087,-1198486.6722295533,0.9002873469705451,57688.949966430664,780536.6712646484,37550.18805027008,96855.0,2084.2064929008484,242053.70224761963,1159079.768055439,0.13687568608867495,0.0001770326144220522,0.0005892034166065155,0.009757603788258214,0.9792184829711914,,0.0041600000000000005,-1295040.973862077,0.8408191480865217
884,322660,848.5,-1122855.0849624076,-1195483.7915665994,0.8771861123712096,55761.48243904114,769566.7353515625,39996.389061927795,108165.0,2191.643709421158,202935.3151550293,1122855.0832779408,0.15180719702651627,0.0002415482267679181,0.0012338203378021717,0.00979885294739353,0.9768865704536438,,0.004106,-1295040.973862077,0.8408191480865217
885,323025,849.1,-1122911.8670744398,-1192695.6425211434,0.8942323501795939,61173.51970291138,736347.1782226562,39766.880155563354,100175.0,2150.327381134033,244472.48347854614,1122911.8692378998,0.15180719702651627,0.0002415482267679181,0.0012338203378021717,0.00979885294739353,0.9768865704536438,,0.004106,-1295040.973862077,0.8408191480865217
886,323390,849.7,-1170033.6977108507,-1186252.2232286145,0.9000146099965867,59419.71126937866,768123.7332763672,38418.049547195435,95860.0,1117.898365020752,266514.014541626,1170033.6957302094,0.15180719702651627,0.0002415482267679181,0.0012338203378021717,0.00979885294739353,0.9768865704536438,,0.004106,-1295040.973862077,0.8408191480865217
887,323755,851.0,-1146227.7133770823,-1186047.7808667354,0.864789693649501,57625.89407157898,770604.0490722656,41967.706060409546,112510.0,3242.666630268097,217903.29959106445,1146227.7213540077,0.14665152210938304,0.0001743244061129333,0.0005739446282141694,0.00913666207098255,0.9787997007369995,,0.004052,-1295040.973862077,0.8408191480865217
888,324120,851.7,-1253524.6395777343,-1191554.7156234835,0.8495201489696764,77135.28764152527,759893.755859375,51799.86758565903,119935.0,9344.83113861084,312551.184009552,1253524.6385931969,0.14665152210938304,0.0001743244061129333,0.0005739446282141694,0.00913666207098255,0.9787997007369995,,0.004052,-1295040.973862077,0.8408191480865217
889,324485,852.3,-1286907.4140806668,-1197930.69851628,0.843218361351588,77788.96136188507,759258.9205322266,51951.155237197876,122850.0,14055.551544219255,338791.7921218872,1286907.419435531,0.14665152210938304,0.0001743244061129333,0.0005739446282141694,0.00913666207098255,0.9787997007369995,,0.004052,-1295040.973862077,0.8408191480865217
890,324850,853.6,-1147720.4500990377,-1197516.2977644962,0.8622658009398474,58288.85311126709,772530.5155029297,42238.49772167206,113750.0,3254.361388206482,215947.08416748047,1147720.4587802887,0.1682530845466413,0.0001711737018731104,0.0007990786903782895,0.012825977069472796,0.9683132171630859,,0.003998,-1295040.973862077,0.8408191480865217
891,325215,854.2,-1119889.5122384988,-1191134.6732018052,0.8824090422016301,56837.75939178467,762500.7127685547,39544.04427433014,104900.0,3081.9485421180725,209862.8120918274,1119889.5176768303,0.1682530845466413,0.0001711737018731104,0.0007990786903782895,0.012825977069472796,0.9683132171630859,,0.003998,-1295040.973862077,0.8408191480865217
892,325580,854.9,-1512458.3260022153,-1208263.6642421086,0.9246121571488577,40933.771352767944,1154514.4067382812,28676.904967308044,74330.0,3838.645220257342,251098.3572845459,1512458.3142103925,0.1682530845466413,0.0001711737018731104,0.0007990786903782895,0.012825977069472796,0.9683132171630859,,0.003998,-1295040.973862077,0.8408191480865217
893,325945,856.2,-1158124.8850651956,-1204413.2187615198,0.8958841443061829,62118.920585632324,740087.8077392578,40189.1188955307,98920.0,3064.09517288208,275863.8601989746,1158124.8820066452,0.13807696006015727,0.00020794511247482946,0.0010231419644122454,0.012006001975877504,0.9735867977142334,,0.003944,-1295040.973862077,0.8408191480865217
894,326310,856.8,-1234503.9395676258,-1208787.049291997,0.9193953086252082,47936.34610366821,892274.3673095703,31800.0289812088,83035.0,841.4831829071045,226553.058719635,1234503.9381933212,0.13807696006015727,0.00020794511247482946,0.0010231419644122454,0.012006001975877504,0.9735867977142334,,0.003944,-1295040.973862077,0.8408191480865217
895,326675,858.1,-1294935.8436180442,-1216628.0046162792,0.922179328905393,44234.1819896698,954105.9451904297,29906.527424812317,77625.0,2145.927837371826,231152.44425964355,1294935.8447122574,0.12751122093514392,0.00012444684819600202,0.0005161218488961152,0.008714752994771851,0.9817107915878296,,0.003908,-1295040.973862077,0.8408191480865217
896,327040,858.7,-1198197.888642829,-1214893.2291718633,0.9101870652747481,51956.52005004883,847219.9802246094,34406.42778301239,88295.0,1662.842647075653,226613.63748168945,1198197.8881363869,0.12751122093514392,0.00012444684819600202,0.0005161218488961152,0.008714752994771851,0.9817107915878296,,0.003908,-1295040.973862077,0.8408191480865217
897,327405,859.4,-1143506.3367164554,-1214999.7289746904,0.8625182305296807,57002.38094139099,768869.2191162109,41594.798151016235,114155.0,3001.466986179352,215885.85256958008,1143506.3368229866,0.12751122093514392,0.00012444684819600202,0.0005161218488961152,0.008714752994771851,0.9817107915878296,,0.003908,-1295040.973862077,0.8408191480865217
898,327770,860.7,-1167909.0338344253,-1209970.2588189745,0.8640444118682652,57328.798379421234,786127.0552978516,41657.55672168732,113955.0,3049.11106300354,223120.31495666504,1167909.0380392075,0.1506386097324522,0.0002611065015834787,0.0012686210807020728,0.009746761710726116,0.9774549007415771,,0.003854,-1295040.973862077,0.8408191480865217
899,328135,861.3,-1129929.105875812,-1200528.080487396,0.8837947157964314,54260.06562137604,753893.7607421875,37988.68431377411,106050.0,3682.713837623596,228313.9347229004,1129929.0936164856,0.1506386097324522,0.0002611065015834787,0.0012686210807020728,0.009746761710726116,0.9774549007415771,,0.003854,-1295040.973862077,0.8408191480865217
900,328500,863.1,-1239720.612308192,-1199924.2667599767,0.9230175914829725,43781.84106636047,925024.0952148438,29582.541018486023,79800.0,352.7860355377197,204961.19206237793,1239720.6143312454,0.1506386097324522,0.0002611065015834787,0.0012686210807020728,0.009746761710726116,0.9774549007415771,,0.003854,-1299670.067816043,0.8401919504551039
901,328865,864.5,-1257736.8924571201,-1200892.4005975123,0.9226775982608534,42151.516929626465,950814.6672363281,28819.94990348816,78345.0,1729.2322182655334,198028.04531860352,1257736.8946766853,0.13507017140325747,0.0002587999753431129,0.0013205545003170539,0.00913425215127829,0.9809870719909668,,0.0037999999999999996,-1299670.067816043,0.8401919504551039
902,329230,865.1,-1126188.2550680665,-1199618.0632341853,0.8961492881382982,59119.69413566589,738916.2160644531,38631.78895568848,101140.0,758.828670501709,246741.41220092773,1126188.245891571,0.13507017140325747,0.0002587999753431129,0.0013205545003170539,0.00913425215127829,0.9809870719909668,,0.0037999999999999996,-1299670.067816043,0.8401919504551039
903,329595,865.8,-1337212.4117816556,-1208524.6955029177,0.8415863794823215,77934.19621181488,787370.9422607422,51758.42171955109,127095.0,15618.067853331566,355369.98474121094,1337212.4165748358,0.13507017140325747,0.0002587999753431129,0.0013205545003170539,0.00913425215127829,0.9809870719909668,,0.0037999999999999996,-1299670.067816043,0.8401919504551039
904,329960,867.1,-1160988.4621046297,-1210431.364360029,0.897125593276873,60324.998047828674,752053.3352050781,39024.09502887726,100795.0,3406.4586811065674,265709.56827545166,1160988.4571905136,0.15185068881041125,0.0003587988672064201,0.0015946773082281364,0.011086421295706379,0.9737787246704102,,0.0037459999999999998,-1299670.067816043,0.8401919504551039
905,330325,867.7,-1294693.656118424,-1219020.453812228,0.9246430065533886,40281.88408088684,979125.6962890625,28105.28635120392,76595.0,810.1632103919983,210057.51342773438,1294693.6592783928,0.15185068881041125,0.0003587988672064201,0.0015946773082281364,0.011086421295706379,0.9737787246704102,,0.0037459999999999998,-1299670.067816043,0.8401919504551039
906,330690,868.4,-1234605.9497299097,-1222249.066413181,0.9180104062981802,46598.07702064514,899885.8675537109,31182.699177742004,83480.0,1997.2154483795166,218060.162651062,1234605.9448308945,0.15185068881041125,0.0003587988672064201,0.0015946773082281364,0.011086421295706379,0.9737787246704102,,0.0037459999999999998,-1299670.067816043,0.8401919504551039
907,331055,869.7,-1265899.4879627216,-1228232.6551424628,0.8481525007992574,74768.49267959595,771865.60546875,50499.95164871216,124000.0,10426.54977798462,309107.3805541992,1265899.487449646,0.12840180059796885,0.00010920812220367799,0.00046338533176917975,0.009053313688031937,0.9810981154441833,,0.003692,-1299670.067816043,0.8401919504551039
908,331420,870.3,-1158196.6879879052,-1223466.2575629714,0.8793615849050757,55812.02888584137,773474.70703125,39499.6248960495,107220.0,2800.9272921085358,235201.43088531494,1158196.690104723,0.12840180059796885,0.00010920812220367799,0.00046338533176917975,0.009053313688031937,0.9810981154441833,,0.003692,-1299670.067816043,0.8401919504551039
909,331785,871.6,-1179777.1470062376,-1218109.74420925,0.9038918787485932,56312.103105545044,800520.9560546875,36893.371408462524,94205.0,2872.9185724258423,245284.88687896729,1179777.1329145432,0.15671420803195552,0.0002520410853321664,0.0012565746652207484,0.010857206597728165,0.9745439291000366,,0.0036559999999999995,-1299670.067816043,0.8401919504551039
910,332150,872.2,-1161033.5100736844,-1218775.3972079824,0.8651995673571548,54631.13045835495,777327.1724853516,40388.89215564728,114460.0,4804.030151307583,224053.41302490234,1161033.5078172088,0.15671420803195552,0.0002520410853321664,0.0012565746652207484,0.010857206597728165,0.9745439291000366,,0.0036559999999999995,-1299670.067816043,0.8401919504551039
911,332515,872.9,-1274582.0682443052,-1226510.0250082726,0.8496519327163696,75923.13842773438,767762.1350097656,51073.220695495605,123465.0,13585.014268875122,318696.6998138428,1274582.0697879791,0.15671420803195552,0.0002520410853321664,0.0012565746652207484,0.010857206597728165,0.9745439291000366,,0.0036559999999999995,-1299670.067816043,0.8401919504551039
912,332880,874.2,-1179145.9464081228,-1209844.4060285678,0.9034977027814682,54993.54080963135,806732.1667480469,36135.27998113632,94795.0,2058.037160873413,239425.45470237732,1179145.938592434,0.157600830260076,0.00014609199339295293,0.0006984242228147769,0.011496209539473057,0.9730269312858582,,0.0036019999999999997,-1299670.067816043,0.8401919504551039
913,333245,874.8,-1257762.63162676,-1214826.2933566463,0.9211532911209211,43252.94323825836,930032.5737304688,29384.925219535828,80810.0,1161.1384501457214,216373.9942626953,1257762.6316628456,0.157600830260076,0.00014609199339295293,0.0006984242228147769,0.011496209539473057,0.9730269312858582,,0.0036019999999999997,-1299670.067816043,0.8401919504551039
914,333610,875.5,-1164896.5689993538,-1211345.9248282327,0.8527844259183701,63589.90881729126,775077.0983886719,44922.81563949585,119880.0,3470.631759405136,221546.02337646484,1164896.5691640377,0.157600830260076,0.00014609199339295293,0.0006984242228147769,0.011496209539473057,0.9730269312858582,,0.0036019999999999997,-1299670.067816043,0.8401919504551039
915,333975,876.8,-1606098.8630921629,-1226904.0758019385,0.923658261560414,41185.18365716934,1209265.267578125,28871.658484458923,76030.0,5441.315443992615,286490.63177871704,1606098.8732852936,0.13831714540719986,0.00013619580285625203,0.0007931893334515687,0.013786416329247387,0.9713780879974365,,0.0035479999999999995,-1299670.067816043,0.8401919504551039
916,334340,877.4,-1297451.673910356,-1231866.765065315,0.925212315500599,40832.518602371216,982368.8862304688,28636.837562561035,76575.0,1177.658712387085,208693.29247283936,1297451.6749782562,0.13831714540719986,0.00013619580285625203,0.0007931893334515687,0.013786416329247387,0.9713780879974365,,0.0035479999999999995,-1299670.067816043,0.8401919504551039
917,334705,878.1,-1159307.4375052047,-1232656.8201047524,0.8532701167341781,58090.46237373352,777698.8845214844,42143.033237457275,119155.0,2898.0397281497717,217412.48346328735,1159307.4409503788,0.13831714540719986,0.00013619580285625203,0.0007931893334515687,0.013786416329247387,0.9713780879974365,,0.0035479999999999995,-1299670.067816043,0.8401919504551039
918,335070,879.4,-1222109.4086804544,-1235366.838847054,0.8498421296681443,72782.93229866028,765346.1978759766,49678.551944732666,121735.0,7327.013881206512,278022.64824676514,1222109.4119486809,0.13901870227173754,0.00021717850655764587,0.0008965207832117908,0.010028735575217166,0.9779874086380005,,0.0034939999999999997,-1299670.067816043,0.8401919504551039
919,335435,880.0,-1152932.0234567167,-1236516.984726099,0.8817881317987833,56526.94807100296,779401.7377929688,39357.13338661194,106240.0,1962.6254615783691,225970.52644348145,1152932.0230846405,0.13901870227173754,0.00021717850655764587,0.0008965207832117908,0.010028735575217166,0.9779874086380005,,0.0034939999999999997,-1299670.067816043,0.8401919504551039
920,335800,880.7,-1215147.3706076,-1235288.3226410695,0.9140101636925789,49948.564635276794,865764.9862060547,32982.92228317261,86625.0,1493.627786397934,228280.83192443848,1215147.3682000637,0.13901870227173754,0.00021717850655764587,0.0008965207832117908,0.010028735575217166,0.9779874086380005,,0.0034939999999999997,-1299670.067816043,0.8401919504551039
921,336165,882.0,-1167133.3451665826,-1230758.1452765425,0.9059058411480629,53647.15560245514,812607.1400146484,35431.86571884155,93940.0,1201.9647197723389,223952.37741088867,1167133.347864151,0.14833669168384453,0.00021957677774097598,0.0012327495385665987,0.010648626343984353,0.9768871665000916,,0.0034399999999999995,-1299670.067816043,0.8401919504551039
922,336530,882.6,-1141603.491726411,-1231528.9071094599,0.8686105653031232,53649.481355667114,781628.0224609375,39601.2685546875,114880.0,3827.6781635284424,201666.52293395996,1141603.4921131134,0.14833669168384453,0.00021957677774097598,0.0012327495385665987,0.010648626343984353,0.9768871665000916,,0.0034399999999999995,-1299670.067816043,0.8401919504551039
923,336895,883.2,-1196376.9483772495,-1224487.1339392394,0.9063746111033714,53037.13781166077,825816.9157714844,35064.30414772034,92735.0,1720.74485206604,241039.98597717285,1196376.9507484436,0.14833669168384453,0.00021957677774097598,0.0012327495385665987,0.010648626343984353,0.9768871665000916,,0.0034399999999999995,-1299670.067816043,0.8401919504551039
924,337260,884.5,-1146082.3124647355,-1223741.8264572448,0.861288169475451,55812.05863761902,776340.5379638672,40862.921953201294,117700.0,2644.9853649139404,208533.8681793213,1146082.3134613037,0.14960971631501851,0.0002337804522348482,0.0011666281191681168,0.009666789286328773,0.9774330258369446,,0.0033859999999999993,-1299670.067816043,0.8401919504551039
925,337625,886.3,-1276702.8576241657,-1222842.286532532,0.8480201993903068,75755.20578956604,767963.7630615234,50896.77545833588,126030.0,9539.935045421124,322272.377620697,1276702.8511859775,0.14960971631501851,0.0002337804522348482,0.0011666281191681168,0.009666789286328773,0.9774330258369446,,0.0033859999999999993,-1304605.742289458,0.8393466470992728
926,337990,887.6,-1549996.32853185,-1238611.8054726287,0.9236324004930992,40534.25484275818,1190052.7412109375,28494.843049049377,76625.0,2852.8341093063354,251970.90658950806,1549996.3249588013,0.155490918183013,0.00018023382060499373,0.0005688583642040612,0.014567038313926835,0.9691820740699768,,0.0033499999999999997,-1304605.742289458,0.8393466470992728
927,338355,888.3,-1163111.2449348485,-1233472.3933212352,0.8578709739528291,56331.700899124146,796261.1953125,41325.2655248642,119460.0,4653.2725212574005,201411.5050239563,1163111.238382578,0.155490918183013,0.00018023382060499373,0.0005688583642040612,0.014567038313926835,0.9691820740699768,,0.0033499999999999997,-1304605.742289458,0.8393466470992728
928,338720,888.9,-1236238.1524941172,-1237374.4665465462,0.9096211111708863,51839.292556762695,851461.9443359375,34340.82134056091,90720.0,2649.018916606903,257066.3674850464,1236238.1520781517,0.155490918183013,0.00018023382060499373,0.0005688583642040612,0.014567038313926835,0.9691820740699768,,0.0033499999999999997,-1304605.742289458,0.8393466470992728
929,339085,890.2,-1288459.5671943538,-1242808.587555952,0.8480562175789924,75078.05752563477,769302.0447998047,50622.34192466736,125090.0,12459.099739521742,330986.0771102905,1288459.5635742843,0.15391875862290985,0.0001729447393173407,0.0008957176890506066,0.010984619025533137,0.9750970602035522,,0.0032959999999999995,-1304605.742289458,0.8393466470992728
930,339450,890.9,-1159150.6061018668,-1242714.4423573609,0.9048230290412903,53173.78296661377,803250.6284179688,35253.758929252625,96500.0,1745.1117210388184,222401.0966796875,1159150.5957479477,0.15391875862290985,0.0001729447393173407,0.0008957176890506066,0.010984619025533137,0.9750970602035522,,0.0032959999999999995,-1304605.742289458,0.8393466470992728
931,339815,891.5,-1231140.0184173835,-1240542.3398660147,0.9091413795131527,49930.67726325989,868706.2769775391,33316.83508872986,90800.0,2283.2855052948,236033.62389564514,1231140.0214672089,0.15391875862290985,0.0001729447393173407,0.0008957176890506066,0.010984619025533137,0.9750970602035522,,0.0032959999999999995,-1304605.742289458,0.8393466470992728
932,340180,892.8,-1184595.9878532114,-1240814.841938269,0.9085765890879174,49403.43079853058,845042.4091796875,33216.97279548645,92625.0,1867.5128507614136,211844.08423614502,1184595.9790620804,0.14294684619495743,0.0001450567636455066,0.0009219520985712542,0.010352842325932886,0.978242039680481,,0.0032419999999999992,-1304605.742289458,0.8393466470992728
933,340545,893.5,-1261361.5383378137,-1240994.787273822,0.8493176563145363,72962.81553077698,780980.0247802734,49694.262786865234,125690.0,10978.001831799746,294019.25390625,1261361.5433051884,0.14294684619495743,0.0001450567636455066,0.0009219520985712542,0.010352842325932886,0.978242039680481,,0.0032419999999999992,-1304605.742289458,0.8393466470992728
934,340910,894.1,-1152538.3090667091,-1240376.8742771896,0.8703391525843373,52734.85685348511,809286.7124023438,39196.56821632385,114620.0,2629.817148953676,186805.21188354492,1152538.3096511662,0.14294684619495743,0.0001450567636455066,0.0009219520985712542,0.010352842325932886,0.978242039680481,,0.0032419999999999992,-1304605.742289458,0.8393466470992728
935,341275,895.4,-1207215.0975121101,-1220432.685998187,0.9091479294920621,51181.388832092285,843289.724609375,34073.30444097519,92230.0,2227.032274246216,235395.04523086548,1207215.1065554619,0.16136469084181285,0.00028052251060504014,0.0013438442302255058,0.011308384103406417,0.974162220954895,,0.003187999999999999,-1304605.742289458,0.8393466470992728
936,341640,896.1,-1166071.871314058,-1213863.6958683722,0.9037900393956328,54496.436780929565,803713.9185791016,35936.62775325775,95960.0,2763.208540916443,227698.11618804932,1166071.871061325,0.16136469084181285,0.00028052251060504014,0.0013438442302255058,0.011308384103406417,0.974162220954895,,0.003187999999999999,-1304605.742289458,0.8393466470992728
937,342005,896.7,-1146506.8225943302,-1213223.6651228282,0.8862931534035565,55074.793964385986,767875.0461425781,37744.83861351013,106035.0,1085.7042315006256,233766.23191070557,1146506.8208982944,0.16136469084181285,0.00028052251060504014,0.0013438442302255058,0.011308384103406417,0.974162220954895,,0.003187999999999999,-1304605.742289458,0.8393466470992728
938,342370,898.0,-1184477.8099976096,-1211342.0851886864,0.8992388960433333,57519.528886795044,783672.5667724609,37777.92093706131,97715.0,2044.8441514968872,263267.4797363281,1184477.8115973473,0.14631553425600655,0.0002398253224639216,0.0010603519913274795,0.009109071051505836,0.97857266664505,,0.003133999999999999,-1304605.742289458,0.8393466470992728
939,342735,898.7,-1183434.179687852,-1212867.1930002428,0.904945178717783,53567.771211624146,819133.6988525391,35535.43502521515,92970.0,1683.5679168701172,234111.47831726074,1183434.180111885,0.14631553425600655,0.0002398253224639216,0.0010603519913274795,0.009109071051505836,0.97857266664505,,0.003133999999999999,-1304605.742289458,0.8393466470992728
940,343100,900.0,-1153853.4311471372,-1209802.4960272196,0.880375738176581,55003.589594841,792470.4881591797,38944.6048207283,108225.0,4173.411241769791,210039.94079875946,1153853.4450204372,0.1464211003560769,0.00022640607719375496,0.000959162127018269,0.009060742186480448,0.979333221912384,,0.003098000000000001,-1304605.742289458,0.8393466470992728
941,343465,900.7,-1173906.9065717706,-1210141.1740974793,0.9100546131395314,52223.97682762146,831416.2677001953,34590.419850349426,89435.0,2086.7857332229614,216378.43208312988,1173906.9053668976,0.1464211003560769,0.00022640607719375496,0.000959162127018269,0.009060742186480448,0.979333221912384,,0.003098000000000001,-1304605.742289458,0.8393466470992728
942,343830,901.3,-1156568.6493461612,-1210889.4319784667,0.852497962892872,65360.453956604004,776250.9661865234,45920.910616874695,119010.0,5055.282611846924,210331.48388671875,1156568.6433019638,0.1464211003560769,0.00022640607719375496,0.000959162127018269,0.009060742186480448,0.979333221912384,,0.003098000000000001,-1304605.742289458,0.8393466470992728
943,344195,902.6,-1280790.694372748,-1215110.1192782414,0.9254392800265796,40441.40330314636,977093.9536132812,28234.036603212357,76550.0,421.2618885040283,198491.4387664795,1280790.6908714771,0.1393744063220526,0.00012149032356415104,0.0005230819982611329,0.009630567578010653,0.9792136549949646,,0.003044000000000001,-1304605.742289458,0.8393466470992728
944,344560,903.3,-1157833.9799386594,-1215697.702651938,0.8832070128558434,54871.49481487274,779953.5750732422,38451.0395526886,106280.0,3183.30815076828,229966.05277442932,1157833.9755511284,0.1393744063220526,0.00012149032356415104,0.0005230819982611329,0.009630567578010653,0.9792136549949646,,0.003044000000000001,-1304605.742289458,0.8393466470992728
945,344925,903.9,-1143971.0646381672,-1209061.1130026379,0.9037960286009802,52967.955852508545,802655.5607910156,35203.93433570862,93725.0,1325.2065153121948,211061.36054992676,1143971.0621919632,0.1393744063220526,0.00012149032356415104,0.0005230819982611329,0.009630567578010653,0.9792136549949646,,0.003044000000000001,-1304605.742289458,0.8393466470992728
946,345290,905.2,-1254719.772485062,-1194297.2852002985,0.8496655044490344,74719.12016105652,760093.0598144531,50465.06021118164,122325.0,11794.38346862793,310042.27018737793,1254719.7736816406,0.14257445951041423,0.00019186900068521746,0.0008751049378923582,0.008648246961743817,0.9796403646469116,,0.0029900000000000013,-1304605.742289458,0.8393466470992728
947,345655,905.8,-1161383.5699805564,-1194210.9014525842,0.9037015833266794,55990.87262916565,795705.9317626953,36673.65392494202,93760.0,1301.947675228119,233942.0410671234,1161383.5744299889,0.14257445951041423,0.00019186900068521746,0.0008751049378923582,0.008648246961743817,0.9796403646469116,,0.0029900000000000013,-1304605.742289458,0.8393466470992728
948,346020,906.5,-1267864.06286446,-1195792.1969711012,0.9227473141395882,42313.578238487244,952516.5041503906,28918.825072050095,77660.0,2055.339044570923,206713.39358139038,1267864.061848402,0.14257445951041423,0.00019186900068521746,0.0008751049378923582,0.008648246961743817,0.9796403646469116,,0.0029900000000000013,-1304605.742289458,0.8393466470992728
949,346385,907.8,-1264010.396340958,-1194569.7384284316,0.8472488244918928,75278.72878932953,766666.6110839844,51049.79013824463,121515.0,12270.525444507599,312508.4653778076,1264010.3920445442,0.1368745383071272,0.00017275546628968042,0.0009024101391811488,0.009181400515923374,0.980053722858429,,0.002936000000000001,-1304605.742289458,0.8393466470992728
950,346750,909.6,-1304032.4494502698,-1201813.8305958514,0.844116413103391,78126.42234992981,760491.1115722656,52167.867279052734,124225.0,15004.177659392357,352144.29762268066,1304032.4541333914,0.1368745383071272,0.00017275546628968042,0.0009024101391811488,0.009181400515923374,0.980053722858429,,0.002936000000000001,-1299049.4021515371,0.8392650062907232
951,347115,910.2,-1150947.4013739403,-1197804.1997436793,0.8877651534668387,56469.19070005417,763580.923828125,38328.94747877121,103080.0,2496.234668970108,243461.28944015503,1150947.3954160213,0.1368745383071272,0.00017275546628968042,0.0009024101391811488,0.009181400515923374,0.980053722858429,,0.002936000000000001,-1299049.4021515371,0.8392650062907232
952,347480,911.6,-1160768.7542703687,-1196612.838064537,0.852360153524843,62802.87590789795,779071.1430664062,44443.30792427063,117840.0,3956.051589012146,215458.24898529053,1160768.7515649796,0.16331080739435397,0.0001840391249444158,0.0007219816516704956,0.01287163535476123,0.9696701765060425,,0.002882000000000001,-1299049.4021515371,0.8392650062907232
953,347845,912.2,-1140215.1819033977,-1190555.5202428163,0.8883133497956681,57687.34243917465,757460.8269042969,38893.422602176666,102350.0,2437.5904302597046,239073.35704040527,1140215.1969771385,0.16331080739435397,0.0001840391249444158,0.0007219816516704956,0.01287163535476123,0.9696701765060425,,0.002882000000000001,-1299049.4021515371,0.8392650062907232
954,348210,913.5,-1129935.2373371809,-1189425.36665634,0.8801228106838384,55730.586181640625,766009.9895019531,39477.370575904846,106500.0,3688.399291038513,214259.47678756714,1129935.2361564636,0.15410798944925008,0.00022665083107360835,0.0012619286280823871,0.010904096446833328,0.9742344617843628,,0.002846000000000001,-1299049.4021515371,0.8392650062907232
955,348575,914.2,-1138775.5103700156,-1186003.3872992352,0.888848176231123,56646.80849456787,758687.0733642578,38072.217743873596,102335.0,1875.114573955536,237806.11514282227,1138775.5208249092,0.15410798944925008,0.00022665083107360835,0.0012619286280823871,0.010904096446833328,0.9742344617843628,,0.002846000000000001,-1299049.4021515371,0.8392650062907232
956,348940,914.8,-1152058.5015981933,-1185302.7188134422,0.8606726731339546,56899.73737716675,787264.3989257812,41519.553619384766,115600.0,4618.775007724762,203055.78282928467,1152058.5103821754,0.15410798944925008,0.00022665083107360835,0.0012619286280823871,0.010904096446833328,0.9742344617843628,,0.002846000000000001,-1299049.4021515371,0.8392650062907232
957,349305,916.1,-1138973.0469755498,-1184926.030032503,0.8552179883604181,57079.36381435394,765707.4711914062,41559.89737415314,117175.0,4512.223832130432,210018.45147705078,1138973.0438747406,0.15096977294275635,0.00018029838491585046,0.00085127981248278,0.010894722158187315,0.9735270142555237,,0.002792000000000001,-1299049.4021515371,0.8392650062907232
958,349670,916.8,-1232616.8235829328,-1187332.980711769,0.9120648227325857,50746.63499832153,873008.5694580078,33421.20867729187,85040.0,2125.1175470352173,239021.92861938477,1232616.8243017197,0.15096977294275635,0.00018029838491585046,0.00085127981248278,0.010894722158187315,0.9735270142555237,,0.002792000000000001,-1299049.4021515371,0.8392650062907232
959,350035,917.4,-1148393.8156372816,-1185580.9625092405,0.8613161980289302,57168.56367301941,783145.6568603516,41798.99126243591,113845.0,4030.371878862381,205573.7981414795,1148393.8181431293,0.15096977294275635,0.00018029838491585046,0.00085127981248278,0.010894722158187315,0.9735270142555237,,0.002792000000000001,-1299049.4021515371,0.8392650062907232
960,350400,918.7,-1167883.686174389,-1186282.4752606032,0.9011378379717265,56534.67139720917,787528.8602294922,37136.26802825928,94685.0,2453.253069639206,246080.29793548584,1167883.6792628765,0.13965682489307304,0.00021169564091618858,0.0009543435615724823,0.009946720527583048,0.9774767160415649,,0.002738000000000001,-1299049.4021515371,0.8392650062907232
961,350765,919.4,-1173912.925098081,-1186282.7761869186,0.8553649572476949,58014.99621582031,786891.4530029297,42069.46092414856,117295.0,4497.6434025764465,223159.36721038818,1173912.9245400429,0.13965682489307304,0.00021169564091618858,0.0009543435615724823,0.009946720527583048,0.9774767160415649,,0.002738000000000001,-1299049.4021515371,0.8392650062907232
962,351130,920.0,-1145999.9893287055,-1185754.3431860458,0.8603453027058954,56145.34010601044,789531.4948730469,41163.78493309021,116040.0,3840.1039180755615,195424.60977172852,1145999.9934959412,0.13965682489307304,0.00021169564091618858,0.0009543435615724823,0.009946720527583048,0.9774767160415649,,0.002738000000000001,-1299049.4021515371,0.8392650062907232
963,351495,921.3,-1149797.5175555884,-1179204.6843451876,0.8831590516926491,56085.09224796295,771016.8577880859,38984.284808158875,104565.0,2602.926525115967,232628.43766593933,1149797.5067873,0.15450344509200045,0.00020427987333517339,0.0008143374800152072,0.010850877194714389,0.9733508825302124,,0.0026840000000000006,-1299049.4021515371,0.8392650062907232
964,351860,922.0,-1295329.354847188,-1186079.4530906142,0.8450774183012035,75673.62467575073,766543.1239013672,50938.54218864441,124725.0,13999.401300907135,339123.27796936035,1295329.345360279,0.15450344509200045,0.00020427987333517339,0.0008143374800152072,0.010850877194714389,0.9733508825302124,,0.0026840000000000006,-1299049.4021515371,0.8392650062907232
965,352225,922.6,-1174727.4057856882,-1187617.2701479902,0.900208846020372,58104.83429145813,771861.2064208984,37744.734577178955,97055.0,2208.7662992477417,265857.689201355,1174727.39649868,0.15450344509200045,0.00020427987333517339,0.0008143374800152072,0.010850877194714389,0.9733508825302124,,0.0026840000000000006,-1299049.4021515371,0.8392650062907232
966,352590,923.9,-1189115.1518076805,-1184337.039114121,0.9079948905396135,52731.34079742432,833687.1634521484,34915.23486995697,89615.0,1237.498453617096,229660.25260162354,1189115.149377346,0.15212615775434593,0.00014411599065504945,0.0007409882137404853,0.011023118834648477,0.9745564460754395,,0.002630000000000001,-1299049.4021515371,0.8392650062907232
967,352955,924.6,-1237333.2952402025,-1188134.5253771036,0.8497522633369655,74904.17604064941,762793.4001464844,50541.24911117554,121175.0,8898.024224281311,293925.6181259155,1237333.2916078568,0.15212615775434593,0.00014411599065504945,0.0007409882137404853,0.011023118834648477,0.9745564460754395,,0.002630000000000001,-1299049.4021515371,0.8392650062907232
968,353320,925.8,-1141276.1864137936,-1181805.1315545703,0.8712046092503691,55030.93392753601,779118.6479492188,40330.90001869202,110115.0,2166.3568077087402,209545.28691101074,1141276.1916866302,0.14854453053129346,0.00013311709397768076,0.0004976506821357793,0.010356765117888389,0.9758546352386475,,0.002594000000000001,-1299049.4021515371,0.8392650062907232
969,353685,926.5,-1168569.5031736344,-1177033.0868962042,0.8568371599667692,57866.07048225403,787683.3004150391,42100.02235412598,117185.0,5037.357736587524,216563.82179260254,1168569.502298355,0.14854453053129346,0.00013311709397768076,0.0004976506821357793,0.010356765117888389,0.9758546352386475,,0.002594000000000001,-1299049.4021515371,0.8392650062907232
970,354050,927.1,-1168111.8936071582,-1170237.0591040484,0.8531460283553763,59037.94955444336,779755.7609863281,42480.01885700226,118200.0,4615.600836277008,223060.5166015625,1168111.89728117,0.14854453053129346,0.00013311709397768076,0.0004976506821357793,0.010356765117888389,0.9758546352386475,,0.002594000000000001,-1299049.4021515371,0.8392650062907232
971,354415,928.4,-1103188.3863036323,-1167849.1083505333,0.8929293838265824,59354.71004486084,736363.0053710938,39111.60385608673,101685.0,1724.3769245147705,224304.40422439575,1103188.390376091,0.15597067283172356,0.00011449119780368882,0.00028750770970394735,0.011327025529585387,0.9727356433868408,,0.0025400000000000006,-1299049.4021515371,0.8392650062907232
972,354780,929.1,-1580558.6797760995,-1188838.6046258197,0.9240546151383282,41269.12176990509,1199855.5317382812,29027.431029319763,75225.0,3356.6490583717823,273094.07260513306,1580558.6844311059,0.15597067283172356,0.00011449119780368882,0.00028750770970394735,0.011327025529585387,0.9727356433868408,,0.0025400000000000006,-1299049.4021515371,0.8392650062907232
973,355145,929.7,-1554103.3983317765,-1209533.0154472387,0.9247261674436804,40730.57227516174,1221802.212524414,28693.42335510254,74955.0,2136.0672812759876,226516.6951599121,1554103.3983207047,0.15597067283172356,0.00011449119780368882,0.00028750770970394735,0.011327025529585387,0.9727356433868408,,0.0025400000000000006,-1299049.4021515371,0.8392650062907232
974,355510,931.0,-1174326.2096489044,-1211752.5640628247,0.9034011889810432,56154.607951164246,797444.2864990234,36940.309739112854,92775.0,1422.2272672653198,245744.38494110107,1174326.2084465027,0.11227967629307195,0.0002901881599475593,0.0018149928088716575,0.013563786130888681,0.9713076949119568,,0.0024860000000000004,-1299049.4021515371,0.8392650062907232
975,355875,932.8,-1147994.5364572343,-1212213.5153671855,0.8538700732466292,58891.61088562012,764095.2258300781,42488.75955581665,117525.0,2789.9394516944885,221095.60803222656,1147994.5328698158,0.11227967629307195,0.0002901881599475593,0.0018149928088716575,0.013563786130888681,0.9713076949119568,,0.0024860000000000004,-1296013.778947094,0.8392021261665918
976,356240,933.5,-1201287.1701977167,-1214674.9487971617,0.9042858138476333,56342.697982788086,813888.4724121094,36974.72577667236,91535.0,1451.2611570358276,257437.71076965332,1201287.170115471,0.11227967629307195,0.0002901881599475593,0.0018149928088716575,0.013563786130888681,0.9713076949119568,,0.0024860000000000004,-1296013.778947094,0.8392021261665918
977,356605,934.8,-1251726.832613737,-1220312.6380790712,0.9176607143389035,47465.015605926514,904853.8325195312,31710.93536090851,81480.0,1560.9243941307068,232121.14011383057,1251726.832388401,0.14254994180641675,0.00016628183412218563,0.0004317969613016191,0.009707781817077807,0.9778541326522827,,0.0024320000000000006,-1296013.778947094,0.8392021261665918
978,356970,935.5,-1114205.7123732206,-1214392.0825185855,0.8759737227061023,54426.025257110596,770393.1624755859,39601.28425312042,108820.0,2858.556487083435,192532.71117401123,1114205.714389801,0.14254994180641675,0.00016628183412218563,0.0004317969613016191,0.009707781817077807,0.9778541326522827,,0.0024320000000000006,-1296013.778947094,0.8392021261665918
979,357335,936.1,-1286300.4594182214,-1221287.4147076325,0.8426208367086436,76870.80636405945,755735.0233154297,51800.614188194275,123230.0,14841.07437825203,340693.7459411621,1286300.457823038,0.14254994180641675,0.00016628183412218563,0.0004317969613016191,0.009707781817077807,0.9778541326522827,,0.0024320000000000006,-1296013.778947094,0.8392021261665918
980,357700,937.4,-1114727.549159062,-1218629.6078568662,0.8810307813017335,55500.90131568909,767067.6455078125,39012.07768917084,106005.0,4135.57970238477,198507.2530517578,1114727.555951126,0.14851661849963038,0.00021387214206027382,0.0010715953102542124,0.011031894736286057,0.9746081829071045,,0.0023780000000000003,-1296013.778947094,0.8392021261665918
981,358065,938.1,-1264813.5777244705,-1223174.6404881857,0.9218942147411712,43284.437024116516,942305.4593505859,29486.129711151123,77835.0,1828.544192790985,213358.44198608398,1264813.575240612,0.14851661849963038,0.00021387214206027382,0.0010715953102542124,0.011031894736286057,0.9746081829071045,,0.0023780000000000003,-1296013.778947094,0.8392021261665918
982,358430,939.4,-1150240.0675155413,-1223386.6443975274,0.8634286872328144,56400.99191093445,778214.1926269531,41426.498764038086,114495.0,2400.9427490234375,213703.43200683594,1150240.0661468506,0.14006710170130982,0.00016268374460387828,0.0006729929078382587,0.009336328685381695,0.9795647263526917,,0.0023420000000000003,-1296013.778947094,0.8392021261665918
983,358795,940.0,-1167251.2613072046,-1224259.3315851083,0.8989353531027493,59075.92622947693,767645.6368408203,38467.234765052795,96795.0,1809.2353214100003,262534.16080474854,1167251.2677320316,0.14006710170130982,0.00016268374460387828,0.0006729929078382587,0.009336328685381695,0.9795647263526917,,0.0023420000000000003,-1296013.778947094,0.8392021261665918
984,359160,940.7,-1135639.2824658172,-1216274.8279660398,0.8544701847311569,58591.970375061035,759043.4575195312,42397.285903930664,118125.0,874.8997449874878,215198.6407699585,1135639.283938408,0.14006710170130982,0.00016268374460387828,0.0006729929078382587,0.009336328685381695,0.9795647263526917,,0.0023420000000000003,-1296013.778947094,0.8392021261665918
985,359525,941.9,-1275873.9578077348,-1221332.155567142,0.8435418729912745,76261.17600822449,753493.3676757812,51197.04363822937,124660.0,13187.104694366455,333336.441444397,1275873.957452774,0.15396063598363022,0.0001713347853996981,0.0008306670627605758,0.01041138678249952,0.9742118716239929,,0.002288,-1296013.778947094,0.8392021261665918
986,359890,942.6,-1134276.784543042,-1218590.2372039102,0.8671611062467914,54728.97247314453,776227.2371826172,40346.403683662415,112275.0,2258.718252182007,203169.42337036133,1134276.782488823,0.15396063598363022,0.0001713347853996981,0.0008306670627605758,0.01041138678249952,0.9742118716239929,,0.002288,-1296013.778947094,0.8392021261665918
987,360255,943.3,-1131473.9734997088,-1213297.2711168854,0.8736696449044633,53906.9048538208,784435.9423828125,39646.68255710602,110865.0,4124.587146282196,192401.75904464722,1131473.971130848,0.15396063598363022,0.0001713347853996981,0.0008306670627605758,0.01041138678249952,0.9742118716239929,,0.002288,-1296013.778947094,0.8392021261665918
988,360620,944.6,-1121324.0144042755,-1212299.6625164093,0.8556613941715189,57447.20411872864,756506.9851074219,41926.30308532715,118355.0,1158.2927837371826,203377.43643951416,1121324.0174160004,0.15481916481727048,0.00025075257541941126,0.0010357237708950905,0.01083138178249723,0.9742446541786194,,0.0022340000000000003,-1296013.778947094,0.8392021261665918
989,360985,945.3,-1126595.0291886833,-1210200.938817162,0.8672343757054577,54874.93996429443,773924.3695068359,40569.36615180969,112615.0,2955.4641456604004,196530.8236694336,1126595.0234737396,0.15481916481727048,0.00025075257541941126,0.0010357237708950905,0.01083138178249723,0.9742446541786194,,0.0022340000000000003,-1296013.778947094,0.8392021261665918
990,361350,945.9,-1284004.4632201658,-1215995.567297812,0.8465905930897961,77612.63241195679,762039.4989013672,52113.63983154297,123150.0,13664.45131662488,333036.8811721802,1284004.4712217152,0.15481916481727048,0.00025075257541941126,0.0010357237708950905,0.01083138178249723,0.9742446541786194,,0.0022340000000000003,-1296013.778947094,0.8392021261665918
991,361715,947.3,-1142490.5053862599,-1217960.673251944,0.8546297199105564,59343.905259132385,756633.12890625,42755.305064201355,117360.0,1490.6331195831299,224251.43899536133,1142490.5060853958,0.16232576985892497,0.00021901310901739635,0.0009436356393914474,0.01150024435973089,0.9716971516609192,,0.00218,-1296013.778947094,0.8392021261665918
992,362080,947.9,-1234103.7517110629,-1200637.926848692,0.9137371180808708,50213.245988845825,875324.5046386719,33491.02464437485,84780.0,1397.5235767364502,239110.70190429688,1234103.75476408,0.16232576985892497,0.00021901310901739635,0.0009436356393914474,0.01150024435973089,0.9716971516609192,,0.00218,-1296013.778947094,0.8392021261665918
993,362445,948.5,-1140933.8099869967,-1179979.447431453,0.8795587531507831,57152.79364776611,768902.8096923828,40351.12241649628,107035.0,3920.2390480041504,220724.63495254517,1140933.8061094284,0.16232576985892497,0.00021901310901739635,0.0009436356393914474,0.01150024435973089,0.9716971516609192,,0.00218,-1296013.778947094,0.8392021261665918
994,362810,949.8,-1147448.0651112814,-1178635.540204572,0.8722246359472405,54193.41435050964,786058.1818847656,39923.4575586319,110445.0,4254.223162591457,206767.20671081543,1147448.0693168044,0.14405966667752518,0.00022423873154988732,0.001310917371914624,0.010060008492712913,0.9763498306274414,,0.0021260000000000003,-1296013.778947094,0.8392021261665918
995,363175,950.5,-1155232.2932090594,-1178997.4280421634,0.87014101694708,54195.18915653229,787322.7253417969,40025.43723869324,110505.0,3466.007562637329,213913.12726593018,1155232.2974090576,0.14405966667752518,0.00022423873154988732,0.001310917371914624,0.010060008492712913,0.9763498306274414,,0.0021260000000000003,-1296013.778947094,0.8392021261665918
996,363540,951.8,-1130339.8447813434,-1175450.0617713446,0.8712330623848797,54224.07372665405,782102.1481933594,40035.7270526886,110520.0,1994.7534861564636,195687.21181488037,1130339.8405470848,0.15142275863572172,0.00016727858210766785,0.0007318864792116648,0.009582529530713433,0.9770904183387756,,0.0020900000000000003,-1296013.778947094,0.8392021261665918
997,363905,952.4,-1129961.5727272904,-1169361.798777022,0.886232795290751,56314.67525482178,757985.9969482422,38759.677240371704,104195.0,2885.6475763320923,226135.2511291504,1129961.5728940964,0.15142275863572172,0.00016727858210766785,0.0007318864792116648,0.009582529530713433,0.9770904183387756,,0.0020900000000000003,-1296013.778947094,0.8392021261665918
998,364270,953.1,-1133038.6110838063,-1170303.4437125511,0.8542166941786465,57865.430852890015,763180.8758544922,42265.821882247925,116795.0,1795.106816649437,209001.80990600586,1133038.6144593954,0.15142275863572172,0.00016727858210766785,0.0007318864792116648,0.009582529530713433,0.9770904183387756,,0.0020900000000000003,-1296013.778947094,0.8392021261665918
999,364635,954.4,-1179302.3603507448,-1164953.5387591776,0.8531257028449072,66754.15636348724,770149.2414550781,46642.09487628937,119210.0,4130.632546901703,239170.39389038086,1179302.36276865,0.15374554595664927,0.00021213222575361694,0.0009174012325514157,0.010176727915868947,0.9745229482650757,,0.002036,-1296013.778947094,0.8392021261665918
1000,365000,956.2,-1228933.2512089536,-1170663.823861672,0.9163900341073128,48728.21151924133,881133.1529541016,32341.67817592621,84120.0,522.5849914550781,230815.8266067505,1228933.2427282333,0.15374554595664927,0.00021213222575361694,0.0009174012325514157,0.010176727915868947,0.9745229482650757,,0.002036,-1299849.4098557334,0.8398204633634385
