episode,global_step,elapsed_s,reward_raw,reward_smooth,fill_rate,stockout,cost_holding,cost_stockout,cost_ordering,cost_overflow,cost_service_penalty,cost_total,entropy,approx_kl,clip_frac,value_loss,explained_variance,lr_scale,ent_coef,eval_reward,eval_fill
1,365,1.0,-7879768.8634731285,-7879768.8634731285,0.9209845466156529,43532.21979904175,1501566.4230957031,31050.822601795197,456515.0,5731776.1953125,158860.41748046875,7879768.858490467,,,,,,,0.02,nan,nan
2,730,1.8,-7972553.514719197,-7926161.189096162,0.9233271180766902,50660.01752758026,1502267.0446777344,33687.702275276184,456195.0,5696291.0986328125,284112.6896209717,7972553.535206795,,,,,,,0.02,nan,nan
3,1095,3.2,-8380353.89857631,-8077558.758922878,0.9351424597714045,42981.98037433624,1618114.9370117188,29441.79847383499,453080.0,6075641.574462891,204075.57726669312,8380353.8872151375,1.7763533513796956,0.015719803435977633,0.2499748374286451,0.8687171975248739,-0.0004667043685913086,,0.019964000000000003,nan,nan
4,1460,3.9,-7432353.681823876,-7916257.489648127,0.9308726901877417,51329.11296749115,1583540.4558105469,33926.45852470398,438955.0,5081856.085449219,294075.69731140137,7432353.697095871,1.7763533513796956,0.015719803435977633,0.2499748374286451,0.8687171975248739,-0.0004667043685913086,,0.019964000000000003,nan,nan
5,1825,4.5,-6911573.507457589,-7715320.693210019,0.9025206905521759,54534.0740814209,1500497.6435546875,38450.783321380615,438225.0,4651960.241699219,282439.8303909302,6911573.498966217,1.7763533513796956,0.015719803435977633,0.2499748374286451,0.8687171975248739,-0.0004667043685913086,,0.019964000000000003,nan,nan
6,2190,5.8,-6600141.450054031,-7529457.486017354,0.9155159228468595,56992.44804191589,1503788.4523925781,38195.378786087036,429350.0,4332836.228088379,295971.4030456543,6600141.462312698,1.7320125557874377,0.013540584055542575,0.2283020021491929,0.6679941125606236,0.06548517942428589,,0.019910000000000004,nan,nan
7,2555,6.4,-6057899.336392706,-7319234.893213833,0.9159554310040932,59485.88211655617,1499989.4445800781,39585.14177107811,415160.0,3777119.226387024,326045.5165786743,6057899.3293168545,1.7320125557874377,0.013540584055542575,0.2283020021491929,0.6679941125606236,0.06548517942428589,,0.019910000000000004,nan,nan
8,2920,7.1,-6093820.069118554,-7166058.040201924,0.8941537450437677,63460.132428884506,1494078.1647949219,44094.485094070435,413190.0,3772229.9478759766,370227.4627532959,6093820.060518265,1.7320125557874377,0.013540584055542575,0.2283020021491929,0.6679941125606236,0.06548517942428589,,0.019910000000000004,nan,nan
9,3285,8.3,-5702889.137664139,-7003483.717697726,0.887847078663029,96164.08507347107,1462462.8823242188,59755.29247426987,401770.0,3165237.662841797,613663.2968940735,5702889.134534359,1.660330350461759,0.015386887512537023,0.2515274856827761,0.536523993078031,0.10610395669937134,,0.019856,nan,nan
10,3650,9.0,-5484463.689741546,-6851581.714902108,0.9077266248938155,76825.28854179382,1496849.0751953125,48907.96765232086,388785.0,2962861.8764648438,587059.7807388306,5484463.700051308,1.660330350461759,0.015386887512537023,0.2515274856827761,0.536523993078031,0.10610395669937134,,0.019856,nan,nan
11,4015,9.6,-5362254.957622604,-6716188.373331243,0.8972273534291411,74152.42645835876,1494691.4538574219,50056.54455566406,390210.0,2869894.839050293,557402.120880127,5362254.958343506,1.660330350461759,0.015386887512537023,0.2515274856827761,0.536523993078031,0.10610395669937134,,0.019856,nan,nan
12,4380,10.9,-5169656.793114503,-6587310.741646514,0.8693054153494639,110714.70487213135,1458984.7791748047,68430.81528663635,365220.0,2448546.1838378906,828475.023765564,5169656.802064896,1.5650480922899748,0.01454476019295582,0.23139311196772674,0.43693353784711736,0.14807498455047607,,0.019802,nan,nan
13,4745,11.6,-5192180.616604526,-6479993.039720207,0.9062720473498515,91588.3263053894,1520726.9802246094,56476.98818016052,358460.0,2422567.8530273438,833948.802242279,5192180.623674393,1.5650480922899748,0.01454476019295582,0.23139311196772674,0.43693353784711736,0.14807498455047607,,0.019802,nan,nan
14,5110,12.2,-5078345.25170563,-6379875.340576309,0.8909584525513322,91800.86385726929,1481270.0378417969,59400.01234817505,357740.0,2318592.0185546875,861343.1922187805,5078345.26096344,1.5650480922899748,0.01454476019295582,0.23139311196772674,0.43693353784711736,0.14807498455047607,,0.019802,nan,nan
15,5475,13.5,-4460588.899813738,-6251922.911192138,0.8655923516782996,97923.34993362427,1453440.3815917969,65824.77046775818,322930.0,1716537.282989502,901856.4605255127,4460588.89557457,1.459913371424926,0.01267268303787492,0.2247558059661012,0.3827772540481467,0.19448065757751465,,0.019748,nan,nan
16,5840,14.2,-4606151.354959404,-6149062.188927593,0.8730310095499639,101323.33676338196,1471986.609375,67348.28527069092,321425.0,1759136.9316253662,986254.538482666,4606151.364753723,1.459913371424926,0.01267268303787492,0.2247558059661012,0.3827772540481467,0.19448065757751465,,0.019748,nan,nan
17,6205,15.5,-4750475.913712754,-6066792.408032603,0.8929084563908511,112870.74208068848,1483561.9699707031,68782.90293502808,313330.0,1731572.3543548584,1153228.6836547852,4750475.910915375,1.3455499269460376,0.0133504437903627,0.2256054799807699,0.34340702507056686,0.24547547101974487,,0.019712,nan,nan
18,6570,16.2,-4648262.426463137,-5987985.186834299,0.8723690098279143,130717.69540786743,1436776.4621582031,79783.53548622131,278150.0,1321148.5496368408,1532403.873790741,4648262.421072006,1.3455499269460376,0.0133504437903627,0.2256054799807699,0.34340702507056686,0.24547547101974487,,0.019712,nan,nan
19,6935,16.8,-4518865.8305799635,-5910663.115452492,0.8359767205094638,156018.49691009521,1399777.0297851562,96555.7803196311,279875.0,1236409.9098453522,1506248.1114349365,4518865.831385076,1.3455499269460376,0.0133504437903627,0.2256054799807699,0.34340702507056686,0.24547547101974487,,0.019712,nan,nan
20,7300,18.2,-4559103.978950645,-5843085.1586274,0.8462579155621464,133054.48866271973,1415767.7583007812,86676.86447906494,262030.0,1166497.0465545654,1628132.2961425781,4559103.96547699,1.2154765725135803,0.016102107512013294,0.1653838577239137,0.3084448070118302,0.3112810254096985,,0.019658000000000002,nan,nan
21,7665,18.8,-4568460.078282002,-5677519.719367843,0.8131321118302541,149578.2539024353,1368694.798828125,96891.1446762085,231675.0,952489.6174230576,1918709.5186462402,4568460.079573631,1.2154765725135803,0.016102107512013294,0.1653838577239137,0.3084448070118302,0.3112810254096985,,0.019658000000000002,nan,nan
22,8030,19.5,-4999774.621670988,-5528880.774715433,0.8479108227442389,106971.57922744751,1651927.9841308594,73820.22752285004,226050.0,1533715.27684021,1514261.1339302063,4999774.622424126,1.2154765725135803,0.016102107512013294,0.1653838577239137,0.3084448070118302,0.3112810254096985,,0.019658000000000002,nan,nan
23,8395,20.8,-4534244.357408463,-5336575.29765704,0.8061945782948847,154687.427192688,1348521.0454101562,102538.05116271973,207725.0,819040.0869846344,2056420.1767120361,4534244.3602695465,1.0813191140952862,0.011819972539342416,0.11242301017045975,0.3304360175603314,0.39455705881118774,,0.019604000000000003,nan,nan
24,8760,21.5,-4600217.3574871,-5194968.4814402005,0.7880165163784811,161361.3560447693,1333390.3861083984,107783.71276903152,192695.0,722612.6640090942,2243735.5885620117,4600217.351448536,1.0813191140952862,0.011819972539342416,0.11242301017045975,0.3304360175603314,0.39455705881118774,,0.019604000000000003,nan,nan
25,9125,23.2,-4668080.938460962,-5082793.85299037,0.793283365360678,163658.84956359863,1330388.8410644531,106862.57640075684,192220.0,740017.3398990631,2298592.180381775,4668080.937746048,1.0813191140952862,0.011819972539342416,0.11242301017045975,0.3304360175603314,0.39455705881118774,,0.019604000000000003,-9265627.350581422,0.1143994400099124
26,9490,24.6,-4610152.7758693835,-4983294.419281137,0.8103127440361128,173760.33041381836,1299217.3676757812,107372.58659362793,173100.0,671329.3901576996,2359133.428833008,4610152.773260117,0.9929101851425672,0.00694467774763708,0.0758458188195762,0.33962362220412806,0.4816749691963196,,0.019550000000000005,-9265627.350581422,0.1143994400099124
27,9855,25.3,-4350678.45618151,-4897933.375270577,0.8208181727422427,140819.58813476562,1416799.8178710938,91225.79975891113,164415.0,787782.150182724,1890455.68850708,4350678.456319809,0.9929101851425672,0.00694467774763708,0.0758458188195762,0.33962362220412806,0.4816749691963196,,0.019550000000000005,-9265627.350581422,0.1143994400099124
28,10220,25.9,-3899540.6447205287,-4788219.404050676,0.7708722787360622,141384.6268081665,1229380.639038086,98809.4134979248,175150.0,650147.1766912937,1746053.4172973633,3899540.6465246677,0.9929101851425672,0.00694467774763708,0.0758458188195762,0.33962362220412806,0.4816749691963196,,0.019550000000000005,-9265627.350581422,0.1143994400099124
29,10585,27.2,-3871806.350169033,-4696665.264675921,0.8187453606357313,126709.68643188477,1344045.005859375,83745.36164665222,156400.0,709988.3156018257,1577627.675315857,3871806.35842371,0.9302038369994414,0.005644021622940368,0.06988364781596158,0.2184821237858973,0.6196041107177734,,0.019496,-9265627.350581422,0.1143994400099124
30,10950,27.9,-3675410.126061661,-4606212.586491927,0.7885414595473302,129661.98728942871,1231629.844116211,89305.23345947266,163960.0,624610.8659858704,1565904.1814727783,3675410.1250343323,0.9302038369994414,0.005644021622940368,0.06988364781596158,0.2184821237858973,0.6196041107177734,,0.019496,-9265627.350581422,0.1143994400099124
31,11315,29.2,-3626137.2176966225,-4519406.699495628,0.7542730213844613,157175.56426620483,1145352.1811523438,103749.05657577515,174565.0,555146.1930317879,1647324.7797546387,3626137.2105145454,0.9118948704317996,0.0048303130632025145,0.061245834748995934,0.14477080910613663,0.7347071170806885,,0.019460000000000005,-9265627.350581422,0.1143994400099124
32,11680,29.8,-3428516.0588335823,-4432349.662781582,0.8505212816473556,85683.30480575562,1531736.5793457031,60944.65272521973,145645.0,685514.6783127785,1004675.1520690918,3428516.062452793,0.9118948704317996,0.0048303130632025145,0.061245834748995934,0.14477080910613663,0.7347071170806885,,0.019460000000000005,-9265627.350581422,0.1143994400099124
33,12045,30.5,-3070013.2568133622,-4326241.294792024,0.7890905035685186,105005.584400177,1180502.9967041016,77512.24923324585,166080.0,597081.6228334904,1048836.3829040527,3070013.2516748905,0.9118948704317996,0.0048303130632025145,0.061245834748995934,0.14477080910613663,0.7347071170806885,,0.019460000000000005,-9265627.350581422,0.1143994400099124
34,12410,31.8,-3206007.7016528407,-4232624.417289385,0.8429919092622522,99372.35583496094,1344388.0590820312,67134.52053070068,150285.0,559989.1449952126,1084210.9766960144,3206007.701303959,0.8459458060954747,0.005382957668093456,0.06896223108235158,0.08519617438708481,0.8335599899291992,,0.019406,-9265627.350581422,0.1143994400099124
35,12775,32.4,-2798532.829812465,-4149521.613789321,0.7780991467711044,116188.6732635498,1136483.776977539,80486.34971618652,176785.0,469006.96196079254,935770.7429199219,2798532.83157444,0.8459458060954747,0.005382957668093456,0.06896223108235158,0.08519617438708481,0.8335599899291992,,0.019406,-9265627.350581422,0.1143994400099124
36,13140,33.1,-2865051.260452916,-4062466.6090639955,0.7733429753617065,113653.2112083435,1133276.025390625,80125.29155349731,176850.0,529510.0887312889,945289.8504180908,2865051.256093502,0.8459458060954747,0.005382957668093456,0.06896223108235158,0.08519617438708481,0.8335599899291992,,0.019406,-9265627.350581422,0.1143994400099124
37,13505,34.4,-2734010.3426297065,-3961643.330509844,0.8290890711627594,99600.52535247803,1125813.5688476562,67065.84492492676,160175.0,425311.9717578888,955643.9573974609,2734010.3429279327,0.8997241172351336,0.004149542628654576,0.05203434462217908,0.052218115153281314,0.8929023742675781,,0.019352,-9265627.350581422,0.1143994400099124
38,13870,35.0,-2638697.512713493,-3861165.0848223614,0.8138587143323193,92221.78840446472,1146055.6208496094,66807.35227203369,168090.0,463289.8596572876,794454.6802978516,2638697.513076782,0.8997241172351336,0.004149542628654576,0.05203434462217908,0.052218115153281314,0.8929023742675781,,0.019352,-9265627.350581422,0.1143994400099124
39,14235,35.7,-2636731.4962125225,-3767058.3681039894,0.7951711509325733,94971.92539978027,1120546.0723876953,68128.25880622864,175890.0,439753.10649490356,832414.0575561523,2636731.49524498,0.8997241172351336,0.004149542628654576,0.05203434462217908,0.052218115153281314,0.8929023742675781,,0.019352,-9265627.350581422,0.1143994400099124
40,14600,37.0,-2581407.9933597753,-3668173.5688244463,0.8020415658820166,116763.45932006836,1064200.4181518555,77375.465883255,181185.0,353772.3657755852,904874.7420883179,2581407.9918990135,0.8711718218891245,0.0038275371777528656,0.05079222578359278,0.03720628813301262,0.9273881912231445,,0.019298000000000003,-9265627.350581422,0.1143994400099124
41,14965,37.6,-2323053.09900505,-3555903.2198605984,0.8120539972226913,85495.13499069214,1090798.5225830078,61671.90938568115,175760.0,354727.9126224518,640094.7539558411,2323053.098546982,0.8711718218891245,0.0038275371777528656,0.05079222578359278,0.03720628813301262,0.9273881912231445,,0.019298000000000003,-9265627.350581422,0.1143994400099124
42,15330,38.3,-2593105.0408355077,-3435569.7408188237,0.8909748668540014,67579.59489059448,1400600.6639404297,45594.51194381714,133840.0,392865.95339488983,620203.910369873,2593105.0396490097,0.8711718218891245,0.0038275371777528656,0.05079222578359278,0.03720628813301262,0.9273881912231445,,0.019298000000000003,-9265627.350581422,0.1143994400099124
43,15695,39.7,-2200138.236788707,-3318864.434787837,0.8354428194973567,79198.35492134094,1082693.7259521484,56777.683557510376,166100.0,325815.4098620415,568751.4180908203,2200138.2374625206,0.8126435421015087,0.003285099558524962,0.04334004733123278,0.029202977685551895,0.9475277066230774,,0.019244000000000004,-9265627.350581422,0.1143994400099124
44,16060,40.3,-2273855.5895205764,-3202546.34638951,0.8595049965871524,81262.60147857666,1080265.8967285156,54185.88472557068,155430.0,356166.00768375397,627807.8002204895,2273855.58935833,0.8126435421015087,0.003285099558524962,0.04334004733123278,0.029202977685551895,0.9475277066230774,,0.019244000000000004,-9265627.350581422,0.1143994400099124
45,16425,41.6,-2157795.274056708,-3077032.0631692978,0.8424976182310548,76649.36380195618,1071064.9736328125,55213.01451873779,163810.0,324181.4712867737,543525.8218078613,2157795.2812461853,0.7863765649105373,0.0031514400723034143,0.03959120371329941,0.020080031680041237,0.9655407667160034,,0.019208000000000003,-9265627.350581422,0.1143994400099124
46,16790,42.3,-2140879.0387034668,-2953568.3763110014,0.8281364275984568,79174.18013000488,1067974.8406982422,55880.26852798462,169340.0,323810.24441337585,523873.68464660645,2140879.038286209,0.7863765649105373,0.0031514400723034143,0.03959120371329941,0.020080031680041237,0.9655407667160034,,0.019208000000000003,-9265627.350581422,0.1143994400099124
47,17155,42.9,-2198887.4257457415,-2845978.8247892135,0.9091046491714373,56156.61155986786,1358055.792602539,37560.37914466858,122985.0,251892.35541656613,428393.90283203125,2198887.429995805,0.7863765649105373,0.0031514400723034143,0.03959120371329941,0.020080031680041237,0.9655407667160034,,0.019208000000000003,-9265627.350581422,0.1143994400099124
48,17520,44.2,-2118367.3689208645,-2756920.16099923,0.8741325940171333,79811.22760009766,1067664.7685546875,51366.82110595703,144535.0,312231.88829755783,542568.891532898,2118367.3694911003,0.7061334315099215,0.0030558859147947117,0.034536261332074276,0.015619476191013268,0.9752229452133179,,0.019154000000000004,-9265627.350581422,0.1143994400099124
49,17885,45.0,-2221972.4117710404,-2674428.46407933,0.8198677051557254,99819.87732887268,1029037.9750976562,65419.07174491882,174020.0,305333.9995677471,648161.359375,2221972.405785322,0.7061334315099215,0.0030558859147947117,0.034536261332074276,0.015619476191013268,0.9752229452133179,,0.019154000000000004,-9265627.350581422,0.1143994400099124
50,18250,46.8,-2134506.788529318,-2597383.297202714,0.8486079629153421,76453.26301956177,1051156.2438964844,53916.63871383667,157625.0,319552.3973865211,552256.5104064941,2134506.7904033363,0.7061334315099215,0.0030558859147947117,0.034536261332074276,0.015619476191013268,0.9752229452133179,,0.019154000000000004,-2468826.1897967826,0.6575272023677826
51,18615,48.2,-2169844.8344694255,-2524568.678041354,0.8243661086853237,98982.44890022278,1015323.4061279297,64860.810052871704,170050.0,273847.5644314289,645763.0573005676,2169844.837912798,0.7838675811102516,0.002777775777231957,0.023667720354799377,0.017316165380179882,0.974805474281311,,0.0191,-2468826.1897967826,0.6575272023677826
52,18980,48.8,-1980002.1984571428,-2452142.985022532,0.8623570543445953,72001.95955085754,1053559.7606201172,49841.74336051941,151065.0,276552.73260450363,448982.96098327637,1980002.1975684166,0.7838675811102516,0.002777775777231957,0.023667720354799377,0.017316165380179882,0.974805474281311,,0.0191,-2468826.1897967826,0.6575272023677826
53,19345,49.5,-2039196.9689537932,-2400602.1706295535,0.8802599750153006,77083.00058174133,1044614.3061523438,48978.9042930603,142535.0,285516.5929300785,517552.1646499634,2039196.968025446,0.7838675811102516,0.002777775777231957,0.023667720354799377,0.017316165380179882,0.974805474281311,,0.0191,-2468826.1897967826,0.6575272023677826
54,19710,50.9,-1923486.6468604049,-2336476.1178899314,0.8601185210763591,67457.10703277588,1059391.1768798828,47178.94854736328,154445.0,285103.56837260723,377367.9555053711,1923486.6493052244,0.7324817627668381,0.0024819869814133484,0.01877232604218941,0.013850258994161299,0.9805817604064941,,0.019046,-2468826.1897967826,0.6575272023677826
55,20075,51.5,-2100511.266343861,-2301575.0397165017,0.8332031852578463,93825.72105026245,1018885.5080566406,60744.92875671387,170730.0,279854.0776371956,570296.749786377,2100511.264236927,0.7324817627668381,0.0024819869814133484,0.01877232604218941,0.013850258994161299,0.9805817604064941,,0.019046,-2468826.1897967826,0.6575272023677826
56,20440,52.2,-1915074.7209453234,-2254076.2127411216,0.8475401889787961,68804.89559745789,1046251.1682128906,48170.30623817444,161985.0,268327.58750772476,390340.65396881104,1915074.7159276009,0.7324817627668381,0.0024819869814133484,0.01877232604218941,0.013850258994161299,0.9805817604064941,,0.019046,-2468826.1897967826,0.6575272023677826
57,20805,53.5,-1919076.1053916097,-2213329.5008792165,0.9056448748666946,64203.80216026306,1135340.1141357422,40811.81627559662,125490.0,218002.68202733994,399431.4915008545,1919076.1039395332,0.7300092279911041,0.0019540475298191794,0.01250819159107969,0.013881177984570203,0.9816790223121643,,0.018992000000000002,-2468826.1897967826,0.6575272023677826
58,21170,54.2,-2094483.9198311807,-2186118.8212351007,0.8378510349417386,92932.27038192749,1010357.5388183594,59723.08221054077,170500.0,268180.4646464884,585722.8297805786,2094483.9154559672,0.7300092279911041,0.0019540475298191794,0.01250819159107969,0.013881177984570203,0.9816790223121643,,0.018992000000000002,-2468826.1897967826,0.6575272023677826
59,21535,55.5,-1886319.3411418684,-2148598.213481568,0.8740186410407498,64784.13656044006,1056170.5828857422,44138.30178642273,146945.0,256233.2008047104,382832.2562904358,1886319.341767311,0.6672137905108301,0.00168804067202712,0.013518484032063401,0.012192244813042251,0.9839116334915161,,0.018956,-2468826.1897967826,0.6575272023677826
60,21900,56.2,-1839316.7665714393,-2111493.6521421513,0.9091578483581543,64300.941566467285,1106561.1014404297,40104.17171096802,125315.0,185321.63855454326,382014.8501110077,1839316.7618169487,0.6672137905108301,0.00168804067202712,0.013518484032063401,0.012192244813042251,0.9839116334915161,,0.018956,-2468826.1897967826,0.6575272023677826
61,22265,56.8,-1875526.2138187157,-2089117.3078828347,0.9192278337805239,53615.823914051056,1231942.8563232422,34448.22597312927,115330.0,176623.93554282188,317181.19955444336,1875526.2173936367,0.6672137905108301,0.00168804067202712,0.013518484032063401,0.012192244813042251,0.9839116334915161,,0.018956,-2468826.1897967826,0.6575272023677826
62,22630,58.2,-1855795.4226435353,-2052251.8269732357,0.8505325278190717,77737.88422203064,1031383.3712158203,51774.310148239136,161090.0,231208.5206193924,380339.21730041504,1855795.4192838669,0.5755766426262102,0.0015032087626183823,0.01373960262495338,0.009832611037908416,0.9873538017272949,,0.018902000000000002,-2468826.1897967826,0.6575272023677826
63,22995,58.9,-1788613.2810024912,-2031675.5791839254,0.8890753639887456,62679.67468070984,1035607.9844970703,40848.208740234375,137160.0,239234.77323794365,335762.3106994629,1788613.2771747112,0.5755766426262102,0.0015032087626183823,0.01373960262495338,0.009832611037908416,0.9873538017272949,,0.018902000000000002,-2468826.1897967826,0.6575272023677826
64,23360,59.5,-1860898.5712870294,-2011027.7282722476,0.9327104132469386,43353.47287654877,1334706.6224365234,28429.872690200806,104285.0,125412.962018013,268064.11544036865,1860898.572585106,0.5755766426262102,0.0015032087626183823,0.01373960262495338,0.009832611037908416,0.9873538017272949,,0.018902000000000002,-2468826.1897967826,0.6575272023677826
65,23725,60.9,-1758064.9502010753,-1991041.212079466,0.91470295125491,56981.8948097229,1125916.2037353516,36242.04365825653,115415.0,139834.37039014697,340657.3233566284,1758064.9411403835,0.528754229608335,0.0017641677265936252,0.016580682088571944,0.00832210287549778,0.9892104864120483,,0.018848000000000004,-2468826.1897967826,0.6575272023677826
66,24090,61.5,-1713064.961161951,-1969650.50820239,0.8881644278356474,63631.60737037659,1019187.6489257812,41523.61827468872,133740.0,183894.54377377033,334719.1533432007,1713064.964317441,0.528754229608335,0.0017641677265936252,0.016580682088571944,0.00832210287549778,0.9892104864120483,,0.018848000000000004,-2468826.1897967826,0.6575272023677826
67,24455,62.2,-1797615.3846738264,-1949586.9061487946,0.9166856104380464,56217.834606170654,1168751.7110595703,35668.25365257263,112815.0,147282.84545826912,333097.5739593506,1797615.3841297626,0.528754229608335,0.0017641677265936252,0.016580682088571944,0.00832210287549778,0.9892104864120483,,0.018848000000000004,-2468826.1897967826,0.6575272023677826
68,24820,63.5,-1698962.780334454,-1928616.6767194741,0.8937582430774218,68698.53847312927,987173.0421142578,43125.82887840271,127180.0,160783.38890719414,380700.5154247284,1698962.775324583,0.516183146128529,0.0014596608138833147,0.014427854336406054,0.00838609661073669,0.988987922668457,,0.018794000000000005,-2468826.1897967826,0.6575272023677826
69,25185,64.1,-1852028.9088425247,-1910119.501573049,0.8408114405527507,87255.88330364227,998241.94921875,55853.218269348145,159615.0,163928.2556580305,474390.48320007324,1852028.906346202,0.516183146128529,0.0014596608138833147,0.014427854336406054,0.00838609661073669,0.988987922668457,,0.018794000000000005,-2468826.1897967826,0.6575272023677826
70,25550,64.8,-1692830.1004350667,-1888035.667168336,0.9250527621948555,46864.648106098175,1191374.1154785156,30306.13283753395,101680.0,99581.89693617821,269887.9489917755,1692830.0942440033,0.516183146128529,0.0014596608138833147,0.014427854336406054,0.00838609661073669,0.988987922668457,,0.018794000000000005,-2468826.1897967826,0.6575272023677826
71,25915,66.1,-1631803.8552932306,-1861133.618209526,0.8825544675735578,61112.85712528229,1003389.1284179688,41026.02102184296,130490.0,129393.06887328625,327505.6347293854,1631803.8530424833,0.5304224522490251,0.0014505530588825135,0.010236773587836834,0.00964580058414293,0.9869998693466187,,0.01874,-2468826.1897967826,0.6575272023677826
72,26280,66.8,-1673707.668973992,-1845818.8917353686,0.9148664779859046,52814.215698719025,1127531.269165039,34075.92826652527,105525.0,106114.99381685257,300460.4785308838,1673707.6697793007,0.5304224522490251,0.0014505530588825135,0.010236773587836834,0.00964580058414293,0.9869998693466187,,0.01874,-2468826.1897967826,0.6575272023677826
73,26645,68.1,-1664478.1960115898,-1827082.9530882582,0.9181861052774403,52171.21509516239,1131871.5692138672,33665.006783783436,104450.0,105556.89139974117,288934.7313270569,1664478.1987244487,0.4578006581256264,0.0011207084204502998,0.009786237766476054,0.0075011427489746554,0.9895175695419312,,0.018704000000000005,-2468826.1897967826,0.6575272023677826
74,27010,68.7,-1668532.908906755,-1814335.2661905761,0.8559568174897808,64440.28071975708,976924.9545898438,45024.16839027405,142645.0,149965.13448739052,353973.6548156738,1668532.9122831821,0.4578006581256264,0.0011207084204502998,0.009786237766476054,0.0075011427489746554,0.9895175695419312,,0.018704000000000005,-2468826.1897967826,0.6575272023677826
75,27375,70.5,-1674815.4097196446,-1793050.4733593655,0.9293096599513537,46539.59126853943,1210940.2890625,30090.10967540741,95575.0,65167.66799736023,273042.3396682739,1674815.4064035416,0.4578006581256264,0.0011207084204502998,0.009786237766476054,0.0075011427489746554,0.9895175695419312,,0.018704000000000005,-1581358.266724068,0.8034648879750135
76,27740,71.9,-1603293.7841734947,-1777461.4265207737,0.8750256303238542,60634.61882209778,984323.1271972656,41675.2813167572,132090.0,148064.7643251419,297140.6104736328,1603293.7833127975,0.48153606057167053,0.0010943025908521744,0.0069092867871452315,0.008128194499907917,0.9880684018135071,,0.01865,-1581358.266724068,0.8034648879750135
77,28105,72.5,-1787866.7259518572,-1770900.9575487864,0.8442806332078698,84756.21053886414,970571.9808349609,55037.85000228882,148520.0,154561.11607551575,459175.7829437256,1787866.729856491,0.48153606057167053,0.0010943025908521744,0.0069092867871452315,0.008128194499907917,0.9880684018135071,,0.01865,-1581358.266724068,0.8034648879750135
78,28470,73.2,-1755449.237222243,-1753949.2234183394,0.8398347706010897,83794.17443084717,956554.59375,54395.87734031677,152665.0,164276.69379019737,427557.0678062439,1755449.232686758,0.48153606057167053,0.0010943025908521744,0.0069092867871452315,0.008128194499907917,0.9880684018135071,,0.01865,-1581358.266724068,0.8034648879750135
79,28835,74.5,-1592752.8435387444,-1739270.898538183,0.8772324697612083,61514.12436199188,973095.9532470703,41861.75133895874,128155.0,110740.8271279335,338899.3020324707,1592752.8337464333,0.541897830210234,0.0011524646414679744,0.007488585371328027,0.011383953050857312,0.9825555086135864,,0.018596,-1581358.266724068,0.8034648879750135
80,29200,75.1,-1570339.639669374,-1725822.0421930798,0.8703804648085817,61604.99883270264,964033.91015625,42563.29573059082,129365.0,107935.4552142024,326441.9796562195,1570339.6407572627,0.541897830210234,0.0011524646414679744,0.007488585371328027,0.011383953050857312,0.9825555086135864,,0.018596,-1581358.266724068,0.8034648879750135
81,29565,75.8,-1564697.8497466494,-1710280.6239894766,0.8504690555677022,67805.90462875366,968405.3382568359,46385.609718322754,140705.0,111385.69935798645,297816.2028121948,1564697.85014534,0.541897830210234,0.0011524646414679744,0.007488585371328027,0.011383953050857312,0.9825555086135864,,0.018596,-1581358.266724068,0.8034648879750135
82,29930,77.1,-1698698.2847975127,-1702425.7670971756,0.8408898185377252,81227.36326599121,967591.9123535156,52945.77391624451,150505.0,129569.12961506844,398086.4675140381,1698698.2833988667,0.5147632160469106,0.0008830873773484583,0.005150242857972013,0.009310704472131635,0.9847222566604614,,0.018542000000000003,-1581358.266724068,0.8034648879750135
83,30295,77.7,-1612304.6015510852,-1693610.3331246048,0.9130940630011363,54364.14965581894,1059116.501586914,34888.39723062515,105255.0,92448.21348762512,320596.480966568,1612304.5932717323,0.5147632160469106,0.0008830873773484583,0.005150242857972013,0.009310704472131635,0.9847222566604614,,0.018542000000000003,-1581358.266724068,0.8034648879750135
84,30660,78.4,-1581643.29349362,-1679647.5692349344,0.8527488979574752,61852.34544849396,982788.71484375,43260.51992034912,141235.0,111796.97956466675,302562.0822753906,1581643.2966041565,0.5147632160469106,0.0008830873773484583,0.005150242857972013,0.009310704472131635,0.9847222566604614,,0.018542000000000003,-1581358.266724068,0.8034648879750135
85,31025,79.6,-1550550.7707475368,-1669271.8602622575,0.9109739453825232,56493.56232738495,1006426.1014404297,36187.71783399582,108135.0,90080.48832058907,309721.4680480957,1550550.7756431103,0.4848763005513894,0.0008761404447125786,0.005586322997451613,0.008569699614063689,0.9862951636314392,,0.018488000000000004,-1581358.266724068,0.8034648879750135
86,31390,80.3,-1551185.376508444,-1661177.8810295823,0.8559047707139629,62867.2136220932,972142.765625,43615.382137298584,141045.0,108033.03979444504,286349.1876335144,1551185.375190258,0.4848763005513894,0.0008761404447125786,0.005586322997451613,0.008569699614063689,0.9862951636314392,,0.018488000000000004,-1581358.266724068,0.8034648879750135
87,31755,81.6,-1571962.1893416988,-1649895.221262976,0.8879412417542445,59061.65759277344,978257.6828613281,39522.7242975235,124590.0,108290.28820455074,321301.4930114746,1571962.188374877,0.464125285415273,0.0009289147530676258,0.0068463777409449806,0.007519711170492596,0.9869080185890198,,0.018452000000000003,-1581358.266724068,0.8034648879750135
88,32120,82.2,-1530621.8477965787,-1641478.174636082,0.893174961984974,59703.23720359802,971702.6409912109,39089.83129310608,122590.0,102935.27671384811,294304.0993652344,1530621.8483633995,0.464125285415273,0.0009289147530676258,0.0068463777409449806,0.007519711170492596,0.9869080185890198,,0.018452000000000003,-1581358.266724068,0.8034648879750135
89,32485,82.9,-1515473.7398350807,-1624650.4161857099,0.8904880958060696,56978.02597904205,983144.9024658203,38208.6342420578,122790.0,91916.04615676403,279414.1502685547,1515473.7331331968,0.464125285415273,0.0009289147530676258,0.0068463777409449806,0.007519711170492596,0.9869080185890198,,0.018452000000000003,-1581358.266724068,0.8034648879750135
90,32850,84.2,-1635368.904258309,-1621777.356376872,0.8509692270461827,78509.80190086365,944154.0837402344,51329.00591278076,146090.0,114009.44225943089,379786.3731689453,1635368.9050813913,0.45521974406744303,0.0009680859926256266,0.006577876581822669,0.007397785212991661,0.9866737723350525,,0.018398000000000005,-1581358.266724068,0.8034648879750135
91,33215,84.9,-1629696.0543964999,-1621671.9663320354,0.8506635038820032,79014.47826957703,928111.8743896484,51490.07804298401,145765.0,97605.96948099136,406723.13932800293,1629696.0612416267,0.45521974406744303,0.0009680859926256266,0.006577876581822669,0.007397785212991661,0.9866737723350525,,0.018398000000000005,-1581358.266724068,0.8034648879750135
92,33580,85.5,-1478660.2685638182,-1611919.5963115268,0.8606892020735022,59048.407588005066,953660.587890625,41316.00104904175,138860.0,82210.59594202042,262613.0888442993,1478660.2737259865,0.45521974406744303,0.0009680859926256266,0.006577876581822669,0.007397785212991661,0.9866737723350525,,0.018398000000000005,-1581358.266724068,0.8034648879750135
93,33945,86.8,-1465510.137464674,-1601971.193384181,0.9020399526373981,60815.466760635376,935219.4406738281,38682.246366500854,113490.0,76537.03527832031,301581.41468811035,1465510.1370067596,0.46085073289118317,0.0011505773234986056,0.006622582165475346,0.008880745766586378,0.9837899208068848,,0.018344,-1581358.266724068,0.8034648879750135
94,34310,87.5,-1468688.1464403272,-1591978.9552608593,0.866042289015365,57410.17509651184,964234.5739746094,40835.81435775757,131285.0,89399.12625813484,242933.632270813,1468688.1468613148,0.46085073289118317,0.0011505773234986056,0.006622582165475346,0.008880745766586378,0.9837899208068848,,0.018344,-1581358.266724068,0.8034648879750135
95,34675,88.1,-1517542.0824482662,-1584115.2888972906,0.9225111504123635,47665.778133392334,1071789.5146484375,30964.09734916687,95165.0,58930.87037718296,260692.5979309082,1517542.0803056955,0.46085073289118317,0.0011505773234986056,0.006622582165475346,0.008880745766586378,0.9837899208068848,,0.018344,-1581358.266724068,0.8034648879750135
96,35040,89.4,-1482334.7686370602,-1578067.338120469,0.9009569223612955,64089.09966945648,931253.6696777344,40242.10584926605,112180.0,92049.22075998783,306609.77015686035,1482334.7664438486,0.3983234088671835,0.0008872809232439307,0.006598221640543718,0.006736480539027406,0.9874954223632812,,0.01829,-1581358.266724068,0.8034648879750135
97,35405,90.1,-1476757.2916583596,-1562511.8664057942,0.9085667719579723,58673.56767845154,963301.5187988281,37195.8409986496,105940.0,58834.16862553358,311485.7622909546,1476757.290713966,0.3983234088671835,0.0008872809232439307,0.006598221640543718,0.006736480539027406,0.9874954223632812,,0.01829,-1581358.266724068,0.8034648879750135
98,35770,90.7,-1521088.2843169966,-1550793.818760532,0.8537051849169274,76632.16277503967,922538.9805908203,50429.960430145264,139545.0,74271.65902662277,334302.68522644043,1521088.2852740288,0.3983234088671835,0.0008872809232439307,0.006598221640543718,0.006736480539027406,0.9874954223632812,,0.01829,-1581358.266724068,0.8034648879750135
99,36135,92.0,-1438483.4122489076,-1543080.3471960402,0.8590311803229868,60120.41063499451,929507.3540039062,42160.81030893326,136060.0,74121.62430381775,256633.62480163574,1438483.413418293,0.41722030623963,0.0009997078618892517,0.0040591055999117855,0.007383483541688244,0.9860014915466309,,0.018236000000000002,-1581358.266724068,0.8034648879750135
100,36500,93.8,-1453079.3606729326,-1537217.3332462178,0.8596597315513924,58411.215660095215,946073.3647460938,41071.340995788574,136715.0,68409.44375514984,260810.20848083496,1453079.3579778671,0.41722030623963,0.0009997078618892517,0.0040591055999117855,0.007383483541688244,0.9860014915466309,,0.018236000000000002,-1496444.569463846,0.8280061609940986
101,36865,95.1,-1438025.0102668672,-1530883.691272229,0.8859483589864757,56567.43998813629,949748.9781494141,38638.113590717316,121160.0,65382.86369287968,263095.05112457275,1438025.0065575838,0.4296259734975664,0.0007900918566711449,0.0053818016803186194,0.007153257966580752,0.9849843382835388,,0.0182,-1496444.569463846,0.8280061609940986
102,37230,95.8,-1630468.7963371116,-1527472.2168492086,0.8430590121713403,77017.75380897522,950450.3499755859,50378.9790019989,146115.0,92901.78645777702,390622.6822052002,1630468.797640562,0.4296259734975664,0.0007900918566711449,0.0053818016803186194,0.007153257966580752,0.9849843382835388,,0.0182,-1496444.569463846,0.8280061609940986
103,37595,96.4,-1454868.4810566017,-1519600.4108244847,0.8989498623429912,60153.060007572174,921007.2590332031,38431.24789094925,114860.0,67842.1515089199,312727.82762145996,1454868.4860545322,0.4296259734975664,0.0007900918566711449,0.0053818016803186194,0.007153257966580752,0.9849843382835388,,0.0182,-1496444.569463846,0.8280061609940986
104,37960,97.7,-1422820.0347733982,-1511659.2478884733,0.8594274164879159,59587.960063934326,925626.7879638672,41777.68554496765,136210.0,57815.99600124359,261389.5627975464,1422820.0323076248,0.4116237739983358,0.000958547153602826,0.006283141023136284,0.008512034852940002,0.982912003993988,,0.018146000000000002,-1496444.569463846,0.8280061609940986
105,38325,98.4,-1402375.8392472367,-1504250.5013134587,0.8867401250421184,58960.02039337158,924363.3952636719,39804.71912765503,119750.0,56536.11168974638,261921.61325073242,1402375.8393318057,0.4116237739983358,0.000958547153602826,0.006283141023136284,0.008512034852940002,0.982912003993988,,0.018146000000000002,-1496444.569463846,0.8280061609940986
106,38690,99.0,-1443947.0801072628,-1498888.5864933995,0.9081202231041373,59039.6926574707,938688.8874511719,37441.46647000313,104145.0,40763.33703660965,322908.3868713379,1443947.0778291225,0.4116237739983358,0.000958547153602826,0.006283141023136284,0.008512034852940002,0.982912003993988,,0.018146000000000002,-1496444.569463846,0.8280061609940986
107,39055,100.3,-1473441.2342633302,-1493962.5387394812,0.9211269492972387,49249.25821971893,1034202.1171875,31889.412021160126,95290.0,34541.73831319806,277517.96017456055,1473441.2276964188,0.3510968140081355,0.0009926266526523058,0.006329720484484967,0.005780887698117448,0.9881890416145325,,0.018092000000000004,-1496444.569463846,0.8280061609940986
108,39420,101.0,-1409876.1546892903,-1487925.2540841168,0.8948020089162539,61182.42457485199,905746.4476318359,39224.16034793854,113470.0,56391.49568956718,295044.0468978882,1409876.1505672298,0.3510968140081355,0.0009926266526523058,0.006329720484484967,0.005780887698117448,0.9881890416145325,,0.018092000000000004,-1496444.569463846,0.8280061609940986
109,39785,101.7,-1440550.3072704482,-1484179.0824558851,0.8515253529156724,66658.81774330139,907592.1208496094,45973.983850479126,137860.0,57706.02564954758,291418.17517089844,1440550.3055205345,0.3510968140081355,0.0009926266526523058,0.006329720484484967,0.005780887698117448,0.9881890416145325,,0.018092000000000004,-1496444.569463846,0.8280061609940986
110,40150,103.0,-1596081.2542506964,-1482214.6999555046,0.8378613197640197,82681.56428909302,921703.99609375,53837.10460090637,145770.0,72524.86613941193,402245.2850341797,1596081.251868248,0.3847299406402989,0.0007444594700102339,0.005205656377304541,0.008190264239122993,0.9822862148284912,,0.018038000000000005,-1496444.569463846,0.8280061609940986
111,40515,103.6,-1387064.5777760819,-1470083.1261244835,0.9004428179296728,60695.63124370575,887469.9241943359,38801.561851501465,109955.0,35451.66741234064,315386.427986145,1387064.581444323,0.3847299406402989,0.0007444594700102339,0.005205656377304541,0.008190264239122993,0.9822862148284912,,0.018038000000000005,-1496444.569463846,0.8280061609940986
112,40880,104.3,-1330652.1920472938,-1462682.722298657,0.8863832988151132,59589.21905660629,885014.2406005859,39840.322836875916,118005.0,41868.47815656662,245924.1529159546,1330652.194509983,0.3847299406402989,0.0007444594700102339,0.005205656377304541,0.008190264239122993,0.9822862148284912,,0.018038000000000005,-1496444.569463846,0.8280061609940986
113,41245,105.6,-1394081.462655514,-1459111.2885581993,0.9003303124480051,59326.44497489929,892756.6859130859,38240.421365737915,108790.0,38409.929713726044,315884.4220123291,1394081.459004879,0.35756504614102214,0.0008393050952930169,0.006134836303413306,0.007462935853063276,0.984563410282135,,0.017984,-1496444.569463846,0.8280061609940986
114,41610,106.3,-1409452.5423547868,-1456149.508353922,0.9062902804923384,55571.00247383118,941724.6160888672,36202.258155822754,104520.0,30868.69262433052,296136.9701843262,1409452.5370533466,0.35756504614102214,0.0008393050952930169,0.006134836303413306,0.007462935853063276,0.984563410282135,,0.017984,-1496444.569463846,0.8280061609940986
115,41975,106.9,-1379878.3486943292,-1449266.3216662253,0.8886802777852097,58340.98282337189,899179.6419677734,39115.3541765213,117810.0,41595.753957271576,282177.59453582764,1379878.344637394,0.35756504614102214,0.0008393050952930169,0.006134836303413306,0.007462935853063276,0.984563410282135,,0.017984,-1496444.569463846,0.8280061609940986
116,42340,108.2,-1378170.4088812305,-1444058.1036784337,0.8963936488922328,63153.27999305725,876619.3934326172,40365.63760948181,111390.0,30460.83695793152,319334.5372467041,1378170.4052467346,0.33036722595754425,0.00098359171486089,0.006562885494388051,0.006317269253103356,0.9860876202583313,,0.01793,-1496444.569463846,0.8280061609940986
117,42705,108.9,-1374577.2346932054,-1438949.1008301764,0.8559917111919351,60754.457569122314,895500.8942871094,43128.55590343475,132730.0,31377.649353981018,271840.1409301758,1374577.240474701,0.33036722595754425,0.00098359171486089,0.006562885494388051,0.006317269253103356,0.9860876202583313,,0.01793,-1496444.569463846,0.8280061609940986
118,43070,110.2,-1368269.4587507613,-1431308.1595518643,0.8902385546736521,61895.00505256653,876221.6619873047,40310.20073604584,113860.0,34931.13281369209,302946.4658203125,1368269.4613573551,0.34874748399383143,0.0007106109057866362,0.0045166015747542445,0.007311543376234017,0.9831926822662354,,0.017894,-1496444.569463846,0.8280061609940986
119,43435,110.9,-1372855.3196737615,-1428026.7549231073,0.8631023532723727,58322.40419578552,901320.2705078125,42058.50360870361,127925.0,44351.09222365916,257200.4552001953,1372855.3215403706,0.34874748399383143,0.0007106109057866362,0.0045166015747542445,0.007311543376234017,0.9831926822662354,,0.017894,-1496444.569463846,0.8280061609940986
120,43800,111.5,-1376846.1349606076,-1424215.0936374906,0.8560100204324069,59460.89612865448,914672.6726074219,42548.92688179016,132055.0,36696.81794452667,250872.71363830566,1376846.1310720444,0.34874748399383143,0.0007106109057866362,0.0045166015747542445,0.007311543376234017,0.9831926822662354,,0.017894,-1496444.569463846,0.8280061609940986
121,44165,112.9,-1347370.5514458087,-1419682.370696438,0.8761500309591423,56214.1575050354,902659.3106689453,39415.311800956726,122045.0,36355.26375222206,246895.66283416748,1347370.5490562916,0.371596327737758,0.0008181441389751853,0.0063158001897758555,0.007923188895036123,0.9810765981674194,,0.01784,-1496444.569463846,0.8280061609940986
122,44530,113.5,-1390794.9674941415,-1407698.6792542893,0.8849817329890107,58248.57357120514,893331.4971923828,39628.06100654602,118390.0,36616.737302303314,302828.6710357666,1390794.9665369987,0.371596327737758,0.0008181441389751853,0.0063158001897758555,0.007923188895036123,0.9810765981674194,,0.01784,-1496444.569463846,0.8280061609940986
123,44895,114.2,-1347571.3396881307,-1402333.8221858658,0.8722974765790652,55640.94569206238,893588.6247558594,39957.54582309723,125980.0,36786.67335128784,251258.49346923828,1347571.3373994827,0.371596327737758,0.0008181441389751853,0.0063158001897758555,0.007923188895036123,0.9810765981674194,,0.01784,-1496444.569463846,0.8280061609940986
124,45260,115.5,-1403997.280182258,-1401392.6844563086,0.9274676853663301,38965.439350128174,1076072.574584961,27006.339104652405,86630.0,13162.921555519104,201125.44259643555,1403997.277841568,0.33368068855059774,0.0009112881438532464,0.0054281134415712015,0.006430313334261116,0.9850758910179138,,0.017786000000000003,-1496444.569463846,0.8280061609940986
125,45625,117.2,-1374560.826938603,-1400001.933840877,0.8863653432833005,56357.611141204834,910611.8944091797,38231.27898979187,117360.0,37739.07055222988,270618.5812244415,1374560.825175643,0.33368068855059774,0.0009112881438532464,0.0054281134415712015,0.006430313334261116,0.9850758910179138,,0.017786000000000003,-1459938.0323662213,0.8319447771327136
126,45990,117.9,-1337549.8286837325,-1394682.0712697005,0.8978582682674878,57522.67542266846,899448.4165039062,37274.45802497864,113020.0,27381.343024373055,260425.6110610962,1337549.8286143541,0.33368068855059774,0.0009112881438532464,0.0054281134415712015,0.006430313334261116,0.9850758910179138,,0.017786000000000003,-1459938.0323662213,0.8319447771327136
127,46355,119.3,-1367849.7744422273,-1389402.4982786453,0.8589336844339762,57236.96318387985,899924.1942138672,41104.65013408661,132645.0,47321.502626776695,246854.42652893066,1367849.7735036612,0.31874449041328934,0.000837725118751558,0.006387007870025148,0.006041477415955772,0.985825777053833,,0.017732000000000005,-1459938.0323662213,0.8319447771327136
128,46720,119.9,-1336220.8541440147,-1385719.7332513817,0.8712717890739441,55048.4133682251,901631.6170654297,39887.67628288269,124930.0,39689.666504859924,230081.8943786621,1336220.8542318344,0.31874449041328934,0.000837725118751558,0.006387007870025148,0.006041477415955772,0.985825777053833,,0.017732000000000005,-1459938.0323662213,0.8319447771327136
129,47085,120.6,-1344312.767188684,-1380907.8562472933,0.8772527955982783,55505.59950828552,896594.5970458984,39157.852482795715,121920.0,38295.638103723526,248344.67961502075,1344312.7672474384,0.31874449041328934,0.000837725118751558,0.006387007870025148,0.006041477415955772,0.985825777053833,,0.017732000000000005,-1459938.0323662213,0.8319447771327136
130,47450,121.9,-1350984.4810829975,-1368653.0175889083,0.9016023923272956,56096.048023700714,903060.4197998047,36293.71613264084,109755.0,36392.09424805641,265483.2523994446,1350984.4825799465,0.35526407980605174,0.0008387910379257702,0.005756846658186987,0.007268518509686385,0.9822258353233337,,0.017678,-1459938.0323662213,0.8319447771327136
131,47815,122.5,-1369961.2307342384,-1367797.8502368163,0.8994074749619994,58840.85931301117,897736.8824462891,37818.334171295166,111360.0,33544.01029366255,289502.00065612793,1369961.2275673747,0.35526407980605174,0.0008387910379257702,0.005756846658186987,0.007268518509686385,0.9822258353233337,,0.017678,-1459938.0323662213,0.8319447771327136
132,48180,123.9,-1309546.5487674512,-1366742.568072824,0.8699231642566315,54142.8638715744,903953.390625,39493.87061500549,127525.0,31514.618810653687,207059.6674041748,1309546.547454834,0.31845041129149887,0.0007359544569657086,0.004899945179778642,0.006497494907020346,0.9844385385513306,,0.017642000000000005,-1459938.0323662213,0.8319447771327136
133,48545,124.5,-1334617.0478385666,-1363769.347331977,0.8992491521247445,59187.88118362427,882567.8052978516,38194.018317222595,110100.0,28148.34106680751,275606.8879852295,1334617.0526671112,0.31845041129149887,0.0007359544569657086,0.004899945179778642,0.006497494907020346,0.9844385385513306,,0.017642000000000005,-1459938.0323662213,0.8319447771327136
134,48910,125.2,-1346260.655491112,-1360609.752988793,0.8906302096092538,58821.51511383057,879959.6689453125,38705.03103065491,114325.0,28440.982683598995,284829.9813079834,1346260.6639675498,0.31845041129149887,0.0007359544569657086,0.004899945179778642,0.006497494907020346,0.9844385385513306,,0.017642000000000005,-1459938.0323662213,0.8319447771327136
135,49275,126.5,-1478431.6891721531,-1365537.4200126843,0.844450496647456,77813.05872154236,865932.7849121094,51500.99001121521,141635.0,38767.70506501198,380595.2092285156,1478431.6892168522,0.33087723349270065,0.0006745259365982891,0.004528915681140988,0.007336100036474435,0.9821130633354187,,0.017588,-1459938.0323662213,0.8319447771327136
136,49640,127.2,-1311615.4591689557,-1362209.6725270704,0.876965848713705,55864.7812871933,880617.353515625,39626.305968761444,121280.0,29608.389390468597,240483.41249084473,1311615.4613656998,0.33087723349270065,0.0006745259365982891,0.004528915681140988,0.007336100036474435,0.9821130633354187,,0.017588,-1459938.0323662213,0.8319447771327136
137,50005,127.8,-1313268.5359696357,-1359144.237590892,0.8617830052767714,58446.77037811279,874327.6030273438,41855.5927028656,130575.0,25366.09889936447,241144.23793029785,1313268.5325598717,0.33087723349270065,0.0006745259365982891,0.004528915681140988,0.007336100036474435,0.9821130633354187,,0.017588,-1459938.0323662213,0.8319447771327136
138,50370,129.1,-1415176.3315195898,-1361489.5812293335,0.9272630151004008,41413.61681365967,1057205.2110595703,28006.054624080658,85420.0,12551.397835731506,231993.66984558105,1415176.3333649635,0.32894651630991384,0.0007134873934008187,0.004616452942795341,0.007380050288415269,0.9821298718452454,,0.017534,-1459938.0323662213,0.8319447771327136
139,50735,129.8,-1328793.9169053282,-1359286.511090912,0.8985544340251244,59192.99863433838,870457.5062255859,38122.11742782593,110385.0,21147.156452417374,288682.13162231445,1328793.9117281437,0.32894651630991384,0.0007134873934008187,0.004616452942795341,0.007380050288415269,0.9821298718452454,,0.017534,-1459938.0323662213,0.8319447771327136
140,51100,130.5,-1369532.6460134236,-1358920.8366435526,0.9197700929968324,46209.7151761055,988565.2281494141,30601.738983154297,92920.0,21375.168950855732,236070.5106010437,1369532.6466844678,0.32894651630991384,0.0007134873934008187,0.004616452942795341,0.007380050288415269,0.9821298718452454,,0.017534,-1459938.0323662213,0.8319447771327136
141,51465,131.8,-1380646.2117623964,-1360584.619659382,0.9274528358080616,39449.05364513397,996743.1322021484,27462.595143795013,85890.0,12292.519643306732,258257.9686203003,1380646.2156095505,0.2722349900164102,0.0005937088337400622,0.004504555156209359,0.006242001625268083,0.9853114485740662,,0.017480000000000002,-1459938.0323662213,0.8319447771327136
142,51830,132.5,-1487194.5693664202,-1365404.599752996,0.8446672250146735,76833.41004943848,886016.6142578125,51368.9896364212,140155.0,44530.847032547,365123.12034606934,1487194.57127285,0.2722349900164102,0.0005937088337400622,0.004504555156209359,0.006242001625268083,0.9853114485740662,,0.017480000000000002,-1459938.0323662213,0.8319447771327136
143,52195,133.1,-1292804.734185459,-1362666.2694778624,0.8587721870370107,56932.71897506714,868854.9831542969,40941.05905342102,133565.0,25754.876694321632,223688.80961990356,1292804.728521943,0.2722349900164102,0.0005937088337400622,0.004504555156209359,0.006242001625268083,0.9853114485740662,,0.017480000000000002,-1459938.0323662213,0.8319447771327136
144,52560,134.5,-1324274.4753892845,-1358680.1292382134,0.860898978906135,56005.10683441162,889634.7498779297,40386.361166000366,131170.0,29697.38760522008,233385.9797668457,1324274.4784159958,0.3245830943709926,0.0006154698508237887,0.00446279425982778,0.00827617462307803,0.9797292947769165,,0.017426000000000004,-1459938.0323662213,0.8319447771327136
145,52925,135.1,-1320833.9194529231,-1355993.78386393,0.8542202575566017,59580.921667099,861313.1779785156,42439.13363361359,134455.0,31534.48562026024,251092.12007904053,1320833.91731143,0.3245830943709926,0.0006154698508237887,0.00446279425982778,0.00827617462307803,0.9797292947769165,,0.017426000000000004,-1459938.0323662213,0.8319447771327136
146,53290,136.4,-1304437.1157756583,-1354338.148218526,0.8658052482017099,57064.45894622803,874987.96484375,41099.778482437134,129635.0,24526.049659013748,234188.32731246948,1304437.1202976704,0.340985401680595,0.0007958211162507436,0.006615889712089771,0.007790861596157284,0.9790446162223816,,0.017390000000000003,-1459938.0323662213,0.8319447771327136
147,53655,137.1,-1302621.1924869623,-1351076.7191207628,0.8795819903073245,55171.08363819122,871782.7347412109,38898.46167469025,120915.0,31399.596830129623,239625.40006256104,1302621.1933085918,0.340985401680595,0.0007958211162507436,0.006615889712089771,0.007790861596157284,0.9790446162223816,,0.017390000000000003,-1459938.0323662213,0.8319447771327136
148,54020,137.8,-1268863.181103895,-1347708.835468757,0.8725316163611738,54382.55195903778,866680.5161132812,39563.594497680664,124240.0,21192.295640826225,217186.77493286133,1268863.1811846495,0.340985401680595,0.0007958211162507436,0.006615889712089771,0.007790861596157284,0.9790446162223816,,0.017390000000000003,-1459938.0323662213,0.8319447771327136
149,54385,139.1,-1321447.2617983313,-1346565.5601992393,0.850142822690206,67508.68787097931,855940.5823974609,46825.739159584045,135035.0,24582.09350681305,259063.84391784668,1321447.2589817047,0.32620058796907725,0.0007951117634691304,0.005934062760053693,0.007355080494706176,0.9801963567733765,,0.017336,-1459938.0323662213,0.8319447771327136
150,54750,140.8,-1283939.2509237465,-1343213.2986912767,0.8909873109974273,59634.31330823898,852144.6545410156,39043.59498214722,111770.0,14648.79390335083,266332.20321655273,1283939.2466430664,0.32620058796907725,0.0007951117634691304,0.005934062760053693,0.007355080494706176,0.9801963567733765,,0.017336,-1426628.9715380888,0.828621772217424
151,55115,141.5,-1233760.2361261225,-1336403.2489608708,0.8869627879090505,58010.91000175476,838888.5319824219,39050.47110366821,114570.0,14361.194901943207,226890.03936767578,1233760.237355709,0.32620058796907725,0.0007951117634691304,0.005934062760053693,0.007355080494706176,0.9801963567733765,,0.017336,-1426628.9715380888,0.828621772217424
152,55480,142.8,-1280020.0720293294,-1334926.9251239644,0.8529309374012359,61806.01446914673,846282.8043212891,43700.156244277954,131970.0,19414.94574546811,238652.16450500488,1280020.07081604,0.31203744364412206,0.0007073062865138605,0.00453908820514028,0.006945490726808968,0.9814015030860901,,0.017282000000000002,-1426628.9715380888,0.828621772217424
153,55845,143.5,-1293904.8811187677,-1332891.3167879747,0.8887166278003014,59246.815834999084,840451.9010009766,39083.45787811279,112530.0,22386.868674755096,279452.65909194946,1293904.886645794,0.31203744364412206,0.0007073062865138605,0.00453908820514028,0.006945490726808968,0.9814015030860901,,0.017282000000000002,-1426628.9715380888,0.828621772217424
154,56210,144.2,-1287749.8824047346,-1329965.7781336557,0.8920872160833175,60040.64155960083,841532.1630859375,38991.43294239044,110790.0,26098.038075447083,270338.24545669556,1287749.8795604706,0.31203744364412206,0.0007073062865138605,0.00453908820514028,0.006945490726808968,0.9814015030860901,,0.017282000000000002,-1426628.9715380888,0.828621772217424
155,56575,145.6,-1313237.9722581778,-1321706.092287957,0.8520875021202924,60639.96852684021,856197.0052490234,43120.03452682495,131990.0,17469.193076372147,264461.7359313965,1313237.968783617,0.3092304915189743,0.00044440889221158085,0.0026539585062556924,0.007290377520563963,0.9803797602653503,,0.017228,-1426628.9715380888,0.828621772217424
156,56940,146.2,-1327014.213713882,-1322476.0300152032,0.8836631972495824,55555.36532211304,867413.9516601562,38553.13246631622,116205.0,20665.77945137024,284176.3447265625,1327014.2083044052,0.3092304915189743,0.00044440889221158085,0.0026539585062556924,0.007290377520563963,0.9803797602653503,,0.017228,-1426628.9715380888,0.828621772217424
157,57305,146.9,-1272656.0939067532,-1320445.4079120592,0.8805840818849329,57028.9756193161,860637.28515625,39628.47243022919,118580.0,20497.523472309113,233312.81001853943,1272656.0910773277,0.3092304915189743,0.00044440889221158085,0.0026539585062556924,0.007290377520563963,0.9803797602653503,,0.017228,-1426628.9715380888,0.828621772217424
158,57670,148.1,-1310615.5324275345,-1315217.3679574565,0.8988820704695296,60376.92373561859,848055.9801025391,38864.74961948395,107050.0,14524.008466809988,302120.79135894775,1310615.5295477808,0.314560309836739,0.0006287251196083257,0.0041736803786510505,0.007608602736390343,0.9796595573425293,,0.017174000000000002,-1426628.9715380888,0.828621772217424
159,58035,148.8,-1281522.1365059726,-1312853.7789374888,0.8891559958457946,60871.74536705017,829392.5837402344,40114.26542472839,113585.0,15445.347543358803,282984.94511795044,1281522.141826272,0.314560309836739,0.0006287251196083257,0.0041736803786510505,0.007608602736390343,0.9796595573425293,,0.017174000000000002,-1426628.9715380888,0.828621772217424
160,58400,150.1,-1306391.9196406743,-1309696.7426188514,0.8594695621973848,58971.033042907715,861394.6247558594,42246.166706085205,129660.0,14264.865077018738,258826.26497268677,1306391.92151165,0.30181630151836497,0.0007414572356107161,0.005684835879181169,0.0074907192335415046,0.9802359938621521,,0.017138,-1426628.9715380888,0.828621772217424
161,58765,150.8,-1471157.9136644315,-1314222.3277139529,0.844448546024218,82394.31422042847,825440.7395019531,54316.31616401672,136765.0,33447.955951571465,421187.90268707275,1471157.914304614,0.30181630151836497,0.0007414572356107161,0.005684835879181169,0.0074907192335415046,0.9802359938621521,,0.017138,-1426628.9715380888,0.828621772217424
162,59130,151.4,-1257009.4779669307,-1302713.0731439784,0.8854902656110999,58028.166917324066,840472.0378417969,39490.397433280945,114495.0,13077.716250419617,249474.3274383545,1257009.478963852,0.30181630151836497,0.0007414572356107161,0.005684835879181169,0.0074907192335415046,0.9802359938621521,,0.017138,-1426628.9715380888,0.828621772217424
163,59495,152.7,-1307482.3502132194,-1303446.9539453664,0.8600653142145235,60662.67008018494,853429.1188964844,43236.34631538391,127350.0,21134.745819807053,262332.14291381836,1307482.3539454937,0.3183583425063836,0.0005857447317554799,0.004160295461157435,0.008659742159866974,0.9772340059280396,,0.017084000000000002,-1426628.9715380888,0.828621772217424
164,59860,153.3,-1267314.3716773416,-1300598.9487597696,0.8729121235951985,55677.66516971588,859986.8586425781,40180.59351539612,121745.0,18492.38879299164,226909.52542114258,1267314.3663721085,0.3183583425063836,0.0005857447317554799,0.004160295461157435,0.008659742159866974,0.9772340059280396,,0.017084000000000002,-1426628.9715380888,0.828621772217424
165,60225,153.9,-1289419.3584683668,-1299028.2207105414,0.8898058061730372,59646.20764160156,838787.5811767578,39483.770416259766,113135.0,15014.559487342834,282998.44496154785,1289419.3560419083,0.3183583425063836,0.0005857447317554799,0.004160295461157435,0.008659742159866974,0.9772340059280396,,0.017084000000000002,-1426628.9715380888,0.828621772217424
166,60590,155.2,-1392622.8812908567,-1303437.5089863015,0.9255508818038523,40622.2857875824,1054937.208984375,28189.606384277344,83745.0,6767.460983753204,218983.59887695312,1392622.8752293587,0.29214746622662796,0.0007190971454723407,0.005542152827777164,0.007340521453634689,0.9807707667350769,,0.017030000000000003,-1426628.9715380888,0.828621772217424
167,60955,155.9,-1310652.1112982985,-1303839.054926868,0.8652696989986994,57168.42533969879,865276.2658691406,41302.198634147644,125200.0,24349.84149388224,254523.81414794922,1310652.1201451197,0.29214746622662796,0.0007190971454723407,0.005542152827777164,0.007340521453634689,0.9807707667350769,,0.017030000000000003,-1426628.9715380888,0.828621772217424
168,61320,156.5,-1300647.8815678656,-1305428.2899500667,0.8773634437012345,56255.32520389557,861905.5009765625,39770.42813491821,119320.0,26255.53295993805,253396.41738128662,1300647.8794527054,0.29214746622662796,0.0007190971454723407,0.005542152827777164,0.007340521453634689,0.9807707667350769,,0.017030000000000003,-1426628.9715380888,0.828621772217424
169,61685,157.8,-1314557.901172993,-1305083.8219187995,0.8604128192548882,58641.57898521423,865798.7308349609,41989.654903411865,126150.0,22483.160507678986,258136.35289001465,1314557.8991360664,0.3008047612874131,0.0007146749790320571,0.004818564973232385,0.007859272808816872,0.9798135161399841,,0.016976,-1426628.9715380888,0.828621772217424
170,62050,158.5,-1294166.6817570312,-1305595.1934604642,0.8787220873244821,56510.17853927612,859958.5603027344,39713.71213722229,117355.0,20236.36955243349,256903.0390548706,1294166.6810472608,0.3008047612874131,0.0007146749790320571,0.004818564973232385,0.007859272808816872,0.9798135161399841,,0.016976,-1426628.9715380888,0.828621772217424
171,62415,159.1,-1284864.8265487948,-1308150.422981598,0.8958407689447272,60207.49751377106,834109.7659912109,38881.49150466919,106985.0,15694.897686809301,289193.66049194336,1284864.8156746328,0.3008047612874131,0.0007146749790320571,0.004818564973232385,0.007859272808816872,0.9798135161399841,,0.016976,-1426628.9715380888,0.828621772217424
172,62780,160.4,-1378652.9527603446,-1313082.0670181487,0.9211135833230737,45586.277406692505,997005.2442626953,30410.203937530518,86855.0,14926.564750671387,249455.93685913086,1378652.949810028,0.2913565721951033,0.0006390389863602314,0.004330819129551712,0.007604286086892611,0.9802480936050415,,0.016922,-1426628.9715380888,0.828621772217424
173,63145,161.1,-1394476.5455625365,-1318110.650240337,0.9250300627865203,41089.95597410202,1037200.7717285156,28335.80818462372,82005.0,9026.142948150635,237908.8219909668,1394476.5448522568,0.2913565721951033,0.0006390389863602314,0.004330819129551712,0.007604286086892611,0.9802480936050415,,0.016922,-1426628.9715380888,0.828621772217424
174,63510,162.3,-1689965.8092093028,-1338221.4465805653,0.9253058324121449,42584.215941905975,1210600.0266113281,29192.21981573105,81555.0,16007.926598787279,352610.62282562256,1689965.795851469,0.2162235841939324,0.0004540636758687661,0.0038029185548351194,0.008837268522352372,0.9790862202644348,,0.016886,-1426628.9715380888,0.828621772217424
175,63875,164.1,-1289828.1687652543,-1337050.9564059193,0.9026212303605798,56600.20133972168,856334.3424072266,36675.262117385864,104910.0,17821.78482005,274086.77375793457,1289828.163102597,0.2162235841939324,0.0004540636758687661,0.0038029185548351194,0.008837268522352372,0.9790862202644348,,0.016886,-1398373.759298617,0.8341514491871611
176,64240,164.7,-1359022.795640775,-1338651.3855022637,0.9254783555252911,42249.692684173584,1003560.9331054688,28528.572271347046,83955.0,11127.78493976593,231850.51013946533,1359022.800456047,0.2162235841939324,0.0004540636758687661,0.0038029185548351194,0.008837268522352372,0.9790862202644348,,0.016886,-1398373.759298617,0.8341514491871611
177,64605,166.0,-1285433.1385553698,-1339290.2377346947,0.8702249148120619,55444.56241416931,864473.7272949219,40046.883850097656,121670.0,21761.490078926086,237481.0376586914,1285433.138882637,0.2557438688450738,0.0005328627849418186,0.0036182068992945318,0.006428973528703577,0.9845074415206909,,0.016832000000000003,-1398373.759298617,0.8341514491871611
178,64970,166.7,-1264491.8852902423,-1336984.05537783,0.8625459986190274,56380.35898590088,847924.3856201172,40845.744212150574,126075.0,23656.46992391348,225990.2872619629,1264491.8870181441,0.2557438688450738,0.0005328627849418186,0.0036182068992945318,0.006428973528703577,0.9845074415206909,,0.016832000000000003,-1398373.759298617,0.8341514491871611
179,65335,167.3,-1246006.1030530934,-1335208.2537051863,0.8772738458359078,54831.275055885315,853409.0667724609,38912.66949748993,118165.0,23871.780334472656,211647.58605194092,1246006.1026563644,0.2557438688450738,0.0005328627849418186,0.0036182068992945318,0.006428973528703577,0.9845074415206909,,0.016832000000000003,-1398373.759298617,0.8341514491871611
180,65700,168.7,-1265588.3531348817,-1333168.0753798964,0.8781412924805733,55623.962045669556,863896.8427734375,39180.431621551514,118175.0,18068.63518279791,226267.44747161865,1265588.3570494056,0.3023479345597719,0.0006744933822885382,0.004657678440899441,0.00811465413579227,0.9776080846786499,,0.016778,-1398373.759298617,0.8341514491871611
181,66065,169.3,-1453535.4483949523,-1332286.9521164224,0.8413027026881911,76083.01844215393,871512.4523925781,50412.69852256775,140105.0,35580.556992053986,355924.74195861816,1453535.449865818,0.3023479345597719,0.0006744933822885382,0.004657678440899441,0.00811465413579227,0.9776080846786499,,0.016778,-1398373.759298617,0.8341514491871611
182,66430,170.0,-1293047.9010834433,-1334088.873272248,0.8667079907574066,55675.35078525543,874113.6524658203,40586.241024017334,125055.0,20697.25215817988,232595.75422668457,1293047.899874702,0.3023479345597719,0.0006744933822885382,0.004657678440899441,0.00811465413579227,0.9776080846786499,,0.016778,-1398373.759298617,0.8341514491871611
183,66795,171.3,-1451672.7077864984,-1341298.3911509123,0.8445938147910653,74947.49695014954,853749.0229492188,50164.63240432739,139520.0,41441.45610868931,366797.6003189087,1451672.7117811441,0.31162754799190323,0.000602328468104181,0.005015858442914721,0.00969682326295266,0.9747098684310913,,0.016724000000000003,-1398373.759298617,0.8341514491871611
184,67160,171.9,-1341817.5000477713,-1345023.5475694337,0.8486467684784981,71907.84561443329,837789.1677246094,48876.706823349,134310.0,32750.55090878904,288091.07330322266,1341817.49875997,0.31162754799190323,0.000602328468104181,0.005015858442914721,0.00969682326295266,0.9747098684310913,,0.016724000000000003,-1398373.759298617,0.8341514491871611
185,67525,172.6,-1240539.5885947621,-1342579.5590757532,0.8832625069030343,55788.47496795654,847429.6325683594,38692.64073419571,116880.0,18295.13931643963,219242.17594146729,1240539.588560462,0.31162754799190323,0.000602328468104181,0.005015858442914721,0.00969682326295266,0.9747098684310913,,0.016724000000000003,-1398373.759298617,0.8341514491871611
186,67890,173.8,-1254590.4527528104,-1335677.9376488507,0.8806822990717953,53756.22249889374,859397.8629150391,38006.95157814026,119055.0,21023.705892562866,217106.93278503418,1254590.4531707764,0.3149458832646671,0.0006013046708367734,0.0037362617440521717,0.00903559675881345,0.975761890411377,,0.01667,-1398373.759298617,0.8341514491871611
187,68255,174.5,-1283082.8526385948,-1334299.4747158657,0.8964034073973355,59415.64278411865,836443.7145996094,38291.55743408203,111020.0,21418.83530190587,275908.74238586426,1283082.8497214615,0.3149458832646671,0.0006013046708367734,0.0037362617440521717,0.00903559675881345,0.975761890411377,,0.01667,-1398373.759298617,0.8341514491871611
188,68620,175.8,-1299580.662960255,-1334246.1137854853,0.8953411727735441,59398.21594810486,851773.5118408203,38544.39633464813,110230.0,17906.38472223282,281126.3714065552,1299580.6643042564,0.28060415700862285,0.0005830229161131827,0.00420366253973426,0.006685017099554993,0.9819421172142029,,0.016634000000000003,-1398373.759298617,0.8341514491871611
189,68985,176.5,-1294594.909444441,-1333247.9641990575,0.9103469442014824,51647.36801433563,908215.2618408203,33891.30699634552,99550.0,13003.212706565857,239935.12824249268,1294594.9097862244,0.28060415700862285,0.0005830229161131827,0.00420366253973426,0.006685017099554993,0.9819421172142029,,0.016634000000000003,-1398373.759298617,0.8341514491871611
190,69350,177.2,-1333235.881949773,-1335201.4242086946,0.9141242009319671,49975.63758277893,943075.0588378906,32779.72850513458,95220.0,14093.646426737309,248067.45092773438,1333235.884697497,0.28060415700862285,0.0005830229161131827,0.00420366253973426,0.006685017099554993,0.9819421172142029,,0.016634000000000003,-1398373.759298617,0.8341514491871611
191,69715,178.5,-1249021.8682910097,-1333409.2762958056,0.8792529465401009,52429.34579753876,864732.4575195312,37965.069573402405,120015.0,23239.24879384041,203070.08880233765,1249021.8646891117,0.25589671378072937,0.0005290284562809239,0.0036008065309081423,0.0067386736688939365,0.9834004640579224,,0.016580000000000004,-1398373.759298617,0.8341514491871611
192,70080,179.2,-1278904.6500973185,-1328421.8611626541,0.8638937127100278,55092.73112487793,879025.4178466797,40093.49010658264,128715.0,20996.20082473755,210074.54666137695,1278904.6554393768,0.25589671378072937,0.0005290284562809239,0.0036008065309081423,0.0067386736688939365,0.9834004640579224,,0.016580000000000004,-1398373.759298617,0.8341514491871611
193,70445,179.9,-1263211.0126735817,-1321858.5845182065,0.8731616126347894,52963.95540142059,866567.8348388672,38673.238609313965,123045.0,23995.245114326477,210929.6908569336,1263211.0094194412,0.25589671378072937,0.0005290284562809239,0.0036008065309081423,0.0067386736688939365,0.9834004640579224,,0.016580000000000004,-1398373.759298617,0.8341514491871611
194,70810,181.1,-1283842.9719848856,-1301552.4426569857,0.9074931712999735,52441.60250663757,891016.9864501953,34270.16791629791,102425.0,12380.583907604218,243750.22944641113,1283842.9677205086,0.2849683334168635,0.000644561370312371,0.004440843023506827,0.007592800839215909,0.9808312654495239,,0.016526,-1398373.759298617,0.8341514491871611
195,71175,181.8,-1279538.9115927937,-1301037.9797983626,0.8559241453262224,55541.517782211304,863826.8205566406,39984.58409500122,132360.0,19874.668248176575,223492.8384552002,1279538.9113550186,0.2849683334168635,0.000644561370312371,0.004440843023506827,0.007592800839215909,0.9808312654495239,,0.016526,-1398373.759298617,0.8341514491871611
196,71540,182.5,-1264685.8879498348,-1296321.1344138156,0.9032500574033554,54901.24418067932,864550.5881347656,35569.69176530838,106375.0,14468.196573749185,243722.41082000732,1264685.8872938305,0.2849683334168635,0.000644561370312371,0.004440843023506827,0.007592800839215909,0.9808312654495239,,0.016526,-1398373.759298617,0.8341514491871611
197,71905,183.9,-1221725.9006336886,-1293135.7725177316,0.8751278201194659,51197.48925590515,863894.2194824219,37774.2252368927,123105.0,17196.119247078896,179756.33560180664,1221725.8995682,0.2856080449725452,0.0006118304680919545,0.0036880760897857775,0.00740053685455534,0.9804435968399048,,0.016472,-1398373.759298617,0.8341514491871611
198,72270,184.5,-1270830.6317904294,-1293452.709842741,0.8638993895217164,55206.46061325073,863686.8017578125,39797.2926940918,128975.0,21236.353428721428,217135.18418884277,1270830.6320694685,0.2856080449725452,0.0006118304680919545,0.0036880760897857775,0.00740053685455534,0.9804435968399048,,0.016472,-1398373.759298617,0.8341514491871611
199,72635,185.2,-1401297.249573491,-1301217.2671687608,0.8472269376663313,74986.36661314964,842701.5162353516,50219.02453517914,138940.0,38082.005534887314,331354.69997024536,1401297.2462756634,0.2856080449725452,0.0006118304680919545,0.0036880760897857775,0.00740053685455534,0.9804435968399048,,0.016472,-1398373.759298617,0.8341514491871611
200,73000,187.5,-1436135.6884895053,-1309744.6339364918,0.8458092036312573,77882.26310539246,839185.1232910156,51624.23008823395,139955.0,33701.51340592094,371669.82468414307,1436135.6914693136,0.3027526218640177,0.0005280206561158258,0.0036993194095741367,0.008805774470889255,0.9768747091293335,,0.016418000000000002,-1364741.9896441707,0.836020877508268
201,73365,188.2,-1246844.8470584666,-1299410.1038696677,0.8821817723039078,53612.290066719055,838613.6086425781,37768.5997800827,119965.0,14454.412240326405,236043.22245025635,1246844.8431132436,0.3027526218640177,0.0005280206561158258,0.0036993194095741367,0.008805774470889255,0.9768747091293335,,0.016418000000000002,-1364741.9896441707,0.836020877508268
202,73730,189.5,-1375833.949124172,-1303549.406271704,0.9280534905930088,41495.4977350235,1023539.8024902344,28135.86896944046,85245.0,4761.147303104401,234152.1289215088,1375833.947684288,0.27074907641661794,0.000604037065817178,0.003780967313918824,0.008381909114847841,0.9791548252105713,,0.016382,-1364741.9896441707,0.836020877508268
203,74095,190.2,-1330105.4637901466,-1297471.0440718867,0.8522320766971536,72837.55361175537,840270.0931396484,49082.678466796875,134395.0,21374.209245681763,284983.47344970703,1330105.454301834,0.27074907641661794,0.000604037065817178,0.003780967313918824,0.008381909114847841,0.9791548252105713,,0.016382,-1364741.9896441707,0.836020877508268
204,74460,190.8,-1285267.6186044181,-1294643.549999719,0.9035624616766629,56540.49828863144,845311.8575439453,36739.84893941879,104900.0,14163.63242816925,284152.2875442505,1285267.6264557838,0.27074907641661794,0.000604037065817178,0.003780967313918824,0.008381909114847841,0.9791548252105713,,0.016382,-1364741.9896441707,0.836020877508268
205,74825,192.2,-1247475.1993644026,-1294990.3305382011,0.8690326749461971,55279.86770057678,855751.5372314453,40210.11926269531,126600.0,16128.023971557617,208785.5168838501,1247475.1973495483,0.28708113729953766,0.0006072060015484519,0.004424781140283142,0.00841987778824803,0.9789392352104187,,0.016328000000000002,-1364741.9896441707,0.836020877508268
206,75190,192.8,-1272396.4726961264,-1295880.6315353666,0.9069156225413493,54231.831194877625,871744.5079345703,35315.74953842163,104790.0,11148.555482029915,249397.65901756287,1272396.4719725847,0.28708113729953766,0.0006072060015484519,0.004424781140283142,0.00841987778824803,0.9789392352104187,,0.016328000000000002,-1364741.9896441707,0.836020877508268
207,75555,193.5,-1669673.3178057312,-1315210.1547937235,0.9244064139993223,39865.72599506378,1217990.5281982422,27729.381218910217,84725.0,12089.849409341812,327138.57347106934,1669673.3322975636,0.28708113729953766,0.0006072060015484519,0.004424781140283142,0.00841987778824803,0.9789392352104187,,0.016328000000000002,-1364741.9896441707,0.836020877508268
208,75920,194.8,-1372652.1240444789,-1318863.7278479345,0.927859348630252,40835.150674819946,1024854.8291015625,27688.951650857925,85865.0,5794.742505073547,228448.60453414917,1372652.1277916431,0.23376988599959173,0.0006706616604309314,0.0058995297111227715,0.009874972478045444,0.9763784408569336,,0.016274000000000004,-1364741.9896441707,0.836020877508268
209,76285,195.5,-1357565.5905904868,-1322012.261905237,0.9261587693266673,41829.1046295166,1003750.1398925781,28149.85822868347,88010.0,11124.544030666322,226531.0442199707,1357565.5863718987,0.23376988599959173,0.0006706616604309314,0.0058995297111227715,0.009874972478045444,0.9763784408569336,,0.016274000000000004,-1364741.9896441707,0.836020877508268
210,76650,196.1,-1276382.8381807583,-1319169.6097167863,0.8676081868067179,54281.236256599426,868966.7115478516,39369.833223342896,129915.0,17076.30159831047,221054.9852294922,1276382.831598997,0.23376988599959173,0.0006706616604309314,0.0058995297111227715,0.009874972478045444,0.9763784408569336,,0.016274000000000004,-1364741.9896441707,0.836020877508268
211,77015,197.4,-1366428.26008669,-1325039.9293065704,0.9264145524534461,41433.68098258972,1019685.8294677734,28071.916131019592,86075.0,6482.805431365967,226112.70671081543,1366428.2577409744,0.24175898769968435,0.0005495775483627528,0.004272728640659663,0.006725641868175252,0.984210193157196,,0.016220000000000002,-1364741.9896441707,0.836020877508268
212,77380,198.1,-1374310.0956974959,-1329810.2015865792,0.9254113048723299,40606.08137512207,1016346.1177978516,28076.593406677246,85615.0,3832.447854042053,240439.9319152832,1374310.090973854,0.24175898769968435,0.0005495775483627528,0.004272728640659663,0.006725641868175252,0.984210193157196,,0.016220000000000002,-1364741.9896441707,0.836020877508268
213,77745,198.7,-1583579.9974135014,-1345828.6508235752,0.9255923388755485,40165.93265533447,1220081.9987792969,28020.37474679947,84615.0,7745.5021686553955,243117.13249206543,1583580.0081868172,0.24175898769968435,0.0005495775483627528,0.004272728640659663,0.006725641868175252,0.984210193157196,,0.016220000000000002,-1364741.9896441707,0.836020877508268
214,78110,200.0,-1278972.8150591764,-1345585.1429772896,0.8988838719995055,58494.15305900574,834100.1832275391,37828.350034713745,110555.0,17584.14338874817,278905.14709472656,1278972.8237457275,0.2083570039586017,0.0004847643226400434,0.002449972590272266,0.007325057087368087,0.9833608865737915,,0.016166,-1364741.9896441707,0.836020877508268
215,78475,200.7,-1352291.6579541406,-1349222.7802953573,0.9202188767798959,44431.912103652954,977456.3570556641,29847.40460586548,89855.0,11201.555040344596,243931.3384399414,1352291.6551418155,0.2083570039586017,0.0004847643226400434,0.002449972590272266,0.007325057087368087,0.9833608865737915,,0.016166,-1364741.9896441707,0.836020877508268
216,78840,201.3,-1344101.1371191873,-1353193.5427538247,0.9272395421380866,40178.00482082367,1011847.7672119141,27404.48040819168,85540.0,3878.475453853607,215430.4167022705,1344101.1397762299,0.2083570039586017,0.0004847643226400434,0.002449972590272266,0.007325057087368087,0.9833608865737915,,0.016166,-1364741.9896441707,0.836020877508268
217,79205,202.6,-1263164.3920292577,-1355265.4673236033,0.9036904537514464,53553.64173698425,858714.0003662109,35289.91233539581,107815.0,13274.730205059052,248070.7566833496,1263164.3995900154,0.22574017981165334,0.0006167891114704329,0.005432128924631367,0.006526257248448306,0.9855808019638062,,0.016112,-1364741.9896441707,0.836020877508268
218,79570,203.2,-1257962.8827388738,-1354622.0798710254,0.8972264882636397,57826.00681591034,829585.9949951172,37647.10541820526,112350.0,14046.108200907707,264333.67112350464,1257962.8797377348,0.22574017981165334,0.0006167891114704329,0.005432128924631367,0.006526257248448306,0.9855808019638062,,0.016112,-1364741.9896441707,0.836020877508268
219,79935,204.5,-1353608.1538357127,-1352237.6250841366,0.9255504319112595,41505.12881278992,1000901.4873046875,28090.21687221527,87390.0,6511.296895503998,230715.14930534363,1353608.1503777504,0.23984627464884206,0.0005664396870231844,0.003788195158305921,0.006754504106203585,0.9843587279319763,,0.016076,-1364741.9896441707,0.836020877508268
220,80300,205.2,-1244888.0518377614,-1342675.2432515495,0.8575737324479508,55786.92838859558,841423.8510742188,40350.15206813812,135975.0,15649.936017036438,211489.11922454834,1244888.0583839417,0.23984627464884206,0.0005664396870231844,0.003788195158305921,0.006754504106203585,0.9843587279319763,,0.016076,-1364741.9896441707,0.836020877508268
221,80665,205.8,-1237601.0887560253,-1342213.0553364272,0.892858437152758,55090.01037597656,825062.3414306641,36665.81310033798,116095.0,9819.372784137726,249958.56071472168,1237601.0880298615,0.23984627464884206,0.0005664396870231844,0.003788195158305921,0.006754504106203585,0.9843587279319763,,0.016076,-1364741.9896441707,0.836020877508268
222,81030,207.1,-1274587.3789742247,-1337150.7268289297,0.9075333657330029,50953.738268852234,882558.3504638672,33872.38649559021,102875.0,12081.041473388672,243200.60293579102,1274587.381368637,0.2644026624528985,0.0006060745142205729,0.004444858486653845,0.007676749202226729,0.9802915453910828,,0.016022,-1364741.9896441707,0.836020877508268
223,81395,207.8,-1270096.883179975,-1334150.297798421,0.8842952418000731,52279.79860115051,859742.033203125,36685.14406681061,119950.0,16574.40799666196,237145.2984714508,1270096.8837380484,0.2644026624528985,0.0006060745142205729,0.004444858486653845,0.007676749202226729,0.9802915453910828,,0.016022,-1364741.9896441707,0.836020877508268
224,81760,208.4,-1307974.9991774433,-1335285.6668270726,0.913301369588669,47665.08312988281,933781.5183105469,31692.537229537964,97745.0,10660.868322864175,234095.06936645508,1307974.993229404,0.2644026624528985,0.0006060745142205729,0.004444858486653845,0.007676749202226729,0.9802915453910828,,0.016022,-1364741.9896441707,0.836020877508268
225,82125,210.8,-1249818.2097378469,-1335402.8173457447,0.9069030415521909,51375.06408119202,876627.83984375,33962.343591213226,105870.0,9735.823314651847,223622.2029876709,1249818.209737286,0.24506572986903943,0.000688719085270637,0.005726061372306982,0.007005423393198534,0.9827858805656433,,0.015968000000000003,-1385817.414889325,0.8340831783536362
226,82490,211.5,-1245516.0800893148,-1334058.7977154045,0.8963872924242934,55312.90620470047,828054.7709960938,36210.32841730118,112685.0,14604.136661171913,253961.84996032715,1245516.086034894,0.24506572986903943,0.000688719085270637,0.005726061372306982,0.007005423393198534,0.9827858805656433,,0.015968000000000003,-1385817.414889325,0.8340831783536362
227,82855,212.1,-1265657.3030963894,-1313857.9969799374,0.8781030988040036,51796.03879356384,856258.1046142578,37385.03271770477,121220.0,19051.914751291275,231742.25014305115,1265657.302226305,0.24506572986903943,0.000688719085270637,0.005726061372306982,0.007005423393198534,0.9827858805656433,,0.015968000000000003,-1385817.414889325,0.8340831783536362
228,83220,213.4,-1285696.9426640044,-1309510.2379109133,0.9160990595817566,45999.32392787933,926018.8142089844,30902.78285884857,95195.0,11938.212677955627,221642.13299560547,1285696.942741394,0.2557735637222466,0.0006092462655559709,0.00489967748198021,0.007379239676275144,0.9811422824859619,,0.015914000000000005,-1385817.414889325,0.8340831783536362
229,83585,214.1,-1265187.2660867344,-1304891.3216857258,0.8643473959948919,54635.22191333771,863054.505859375,39834.26101207733,128115.0,14575.509933710098,219607.99140548706,1265187.2682106495,0.2557735637222466,0.0006092462655559709,0.00489967748198021,0.007379239676275144,0.9811422824859619,,0.015914000000000005,-1385817.414889325,0.8340831783536362
230,83950,214.7,-1258905.7796999083,-1304017.4687616832,0.9020723395151635,54902.37520694733,848314.3784179688,35839.358675956726,107250.0,9748.970217704773,257753.0739555359,1258905.7812671661,0.2557735637222466,0.0006092462655559709,0.00489967748198021,0.007379239676275144,0.9811422824859619,,0.015914000000000005,-1385817.414889325,0.8340831783536362
231,84315,216.0,-1241537.732172749,-1297772.942365986,0.8959321456412747,57897.45307636261,816531.4462890625,37655.62073802948,112080.0,8946.100316137075,266324.5706615448,1241537.7380047739,0.2504718156629487,0.0004993215691827476,0.003924721171355678,0.007916033384390175,0.9799782037734985,,0.015860000000000003,-1385817.414889325,0.8340831783536362
232,84680,216.6,-1609011.3331974982,-1309508.0042409862,0.9240433255287066,40228.46876716614,1236614.6533203125,28269.087569236755,83815.0,11221.53762960434,249091.05447387695,1609011.3329930305,0.2504718156629487,0.0004993215691827476,0.003924721171355678,0.007916033384390175,0.9799782037734985,,0.015860000000000003,-1385817.414889325,0.8340831783536362
233,85045,217.9,-1268586.4145791132,-1293758.3250992666,0.9048471800268513,54084.80926132202,860000.5924072266,35339.165024757385,105370.0,9281.70234489441,258594.9556427002,1268586.4154195786,0.22142766220004936,0.0005634064306210156,0.003604286601521859,0.008303731502229838,0.9799923300743103,,0.015824,-1385817.414889325,0.8340831783536362
234,85410,218.6,-1232720.679268969,-1291445.7183097564,0.8572433791748465,55300.41414451599,839697.4822998047,40285.136684417725,132630.0,9380.540217638016,210727.5223083496,1232720.68151021,0.22142766220004936,0.0005634064306210156,0.003604286601521859,0.008303731502229838,0.9799923300743103,,0.015824,-1385817.414889325,0.8340831783536362
235,85775,219.2,-1251918.1124021453,-1286427.0410321564,0.8959694436151687,58505.60374927521,822548.2495117188,37979.15534591675,111005.0,12423.803750038147,267961.9008178711,1251918.1094255447,0.22142766220004936,0.0005634064306210156,0.003604286601521859,0.008303731502229838,0.9799923300743103,,0.015824,-1385817.414889325,0.8340831783536362
236,86140,220.5,-1349397.1771286991,-1286691.843032632,0.8467193361831038,75175.12660598755,825902.2604980469,50617.47115325928,136220.0,21393.99456822872,315263.45335388184,1349397.1795734167,0.2735896004657996,0.000485999992729615,0.0037978322943672538,0.00850369009851037,0.9771539568901062,,0.01577,-1385817.414889325,0.8340831783536362
237,86505,221.2,-1253422.4187615733,-1286204.744369248,0.9039457915580436,53462.636900901794,855285.0250244141,35242.53014612198,104300.0,9355.840329170227,249239.02564239502,1253422.4211421013,0.2735896004657996,0.000485999992729615,0.0037978322943672538,0.00850369009851037,0.9771539568901062,,0.01577,-1385817.414889325,0.8340831783536362
238,86870,221.8,-1216571.5862292037,-1284135.1795437646,0.8780080089830372,53057.65828227997,822497.5927734375,38111.73697566986,120580.0,10828.750685453415,224553.50932312012,1216571.589757681,0.2735896004657996,0.000485999992729615,0.0037978322943672538,0.00850369009851037,0.9771539568901062,,0.01577,-1385817.414889325,0.8340831783536362
239,87235,223.2,-1230175.9544889743,-1277963.5695764278,0.8537050786083692,58441.4007024765,819814.8594970703,42034.93187427521,131520.0,7047.976447343826,229758.18921661377,1230175.957035303,0.26316345090928833,0.0006473303293253258,0.004421568757511284,0.007745937107277936,0.9793708324432373,,0.015716,-1385817.414889325,0.8340831783536362
240,87600,223.8,-1244515.0134039263,-1277944.917654736,0.8597458708776187,56895.064067840576,834549.4204101562,41313.87431335449,127800.0,10029.676586151123,230822.04385375977,1244515.0151634216,0.26316345090928833,0.0006473303293253258,0.004421568757511284,0.007745937107277936,0.9793708324432373,,0.015716,-1385817.414889325,0.8340831783536362
241,87965,224.5,-1237191.0800383512,-1277924.4172188523,0.8641802085589056,54577.85791397095,848471.4837646484,40246.66774368286,125850.0,9818.423934459686,212804.50452423096,1237191.079967022,0.26316345090928833,0.0006473303293253258,0.004421568757511284,0.007745937107277936,0.9793708324432373,,0.015716,-1385817.414889325,0.8340831783536362
242,88330,225.8,-1224994.1283316952,-1275444.7546867256,0.8697904261824203,55066.65234565735,838215.4509277344,40320.018573760986,120485.0,11077.825984358788,214895.8329925537,1224994.1284784079,0.2799244154440729,0.0007682598438087121,0.006003128864042657,0.00902445678059992,0.9744147062301636,,0.015662000000000002,-1385817.414889325,0.8340831783536362
243,88695,226.5,-1212918.2252767198,-1272585.8217915627,0.876181539770675,55536.42244911194,819223.923828125,39529.75642776489,117925.0,8133.674488067627,228105.86863708496,1212918.2233810425,0.2799244154440729,0.0007682598438087121,0.006003128864042657,0.00902445678059992,0.9744147062301636,,0.015662000000000002,-1385817.414889325,0.8340831783536362
244,89060,227.1,-1224743.5465348456,-1268424.249159433,0.8969316020403822,59188.26846122742,799480.7535400391,38367.58686065674,106255.0,10721.487808227539,269918.7208099365,1224743.5490188599,0.2799244154440729,0.0007682598438087121,0.006003128864042657,0.00902445678059992,0.9744147062301636,,0.015662000000000002,-1385817.414889325,0.8340831783536362
245,89425,228.4,-1360158.9630926966,-1273941.2868271754,0.8415842154254652,76333.67605400085,805316.3686523438,51010.17207145691,138225.0,20672.979430675507,344934.4464416504,1360158.9665961266,0.2526311721456678,0.0005560919641874008,0.003886440349130058,0.007560778280573064,0.9797607660293579,,0.015608000000000002,-1385817.414889325,0.8340831783536362
246,89790,229.0,-1237976.597448003,-1273564.3126951098,0.8719949398955253,55850.43120956421,831841.8349609375,40150.58271980286,120550.0,11830.403766393661,233603.78370666504,1237976.605153799,0.2526311721456678,0.0005560919641874008,0.003886440349130058,0.007560778280573064,0.9797607660293579,,0.015608000000000002,-1385817.414889325,0.8340831783536362
247,90155,230.4,-1330534.4321768573,-1276808.1691491331,0.9189044341649095,47665.26181602478,940925.6043701172,31589.44532394409,89445.0,9242.37507224083,259332.00689697266,1330534.4316632748,0.2507091888079518,0.0006330305324904897,0.005526358635458899,0.008409013591804787,0.9786389470100403,,0.015572000000000003,-1385817.414889325,0.8340831783536362
248,90520,231.0,-1254112.8373780847,-1275228.9638848375,0.9049780163046431,55495.382804870605,839513.5270996094,36233.52467918396,101955.0,5435.259320244193,270975.5206222534,1254112.831721291,0.2507091888079518,0.0006330305324904897,0.005526358635458899,0.008409013591804787,0.9786389470100403,,0.015572000000000003,-1385817.414889325,0.8340831783536362
249,90885,231.6,-1225630.3087839833,-1273251.1160196997,0.8622050430676709,57884.63321495056,818001.1159667969,41850.782609939575,124930.0,12265.269962370396,228583.13682174683,1225630.3053608537,0.2507091888079518,0.0006330305324904897,0.005526358635458899,0.008409013591804787,0.9786389470100403,,0.015572000000000003,-1385817.414889325,0.8340831783536362
250,91250,234.0,-1383210.888759328,-1279466.3714726705,0.8443423080117736,77657.92086219788,811844.4885253906,51838.61153793335,135570.0,24406.58912229538,359551.19917297363,1383210.888358593,0.25377881291665527,0.000564737841255249,0.0037210029534578914,0.008866926471359636,0.9765039682388306,,0.015518000000000002,-1371515.703234587,0.8341100856049419
251,91615,234.7,-1228610.1963526646,-1278819.9946816661,0.8627677171197656,55461.70847892761,834069.0316162109,40127.00951957703,127410.0,9531.202169418335,217472.95449829102,1228610.1978034973,0.25377881291665527,0.000564737841255249,0.0037210029534578914,0.008866926471359636,0.9765039682388306,,0.015518000000000002,-1371515.703234587,0.8341100856049419
252,91980,235.3,-1232565.9023765374,-1259997.7231406183,0.8608625351566158,56616.20465898514,838462.8138427734,40781.03772354126,129140.0,10367.398679494858,213814.65533828735,1232565.905584097,0.25377881291665527,0.000564737841255249,0.0037210029534578914,0.008866926471359636,0.9765039682388306,,0.015518000000000002,-1371515.703234587,0.8341100856049419
253,92345,236.6,-1209346.1432461934,-1257035.7095739725,0.856489796344548,57354.62960147858,815637.2377929688,41310.52862548828,129555.0,8014.138711467385,214829.23677062988,1209346.1419005543,0.27484331083925145,0.000545663760117589,0.004337779266183804,0.009107071563209357,0.9753066897392273,,0.015464000000000002,-1371515.703234587,0.8341100856049419
254,92710,237.3,-1218151.2396860183,-1256307.2375948247,0.8943423053989672,59727.67154598236,796869.1834716797,38819.71869659424,110505.0,6430.245514839888,265527.09761428833,1218151.2452974021,0.27484331083925145,0.000545663760117589,0.004337779266183804,0.009107071563209357,0.9753066897392273,,0.015464000000000002,-1371515.703234587,0.8341100856049419
255,93075,237.9,-1208595.9085399504,-1254141.1274017151,0.8732218879542939,53333.522523880005,840051.7199707031,39057.63972377777,121400.0,6331.826657474041,201754.7240447998,1208595.9103967547,0.27484331083925145,0.000545663760117589,0.004337779266183804,0.009107071563209357,0.9753066897392273,,0.015464000000000002,-1371515.703234587,0.8341100856049419
256,93440,239.2,-1231333.1564883231,-1248237.9263696964,0.857950952444991,57404.35235595703,833124.8999023438,41321.207860946655,128250.0,9905.66169142723,218731.3903656006,1231333.1598203182,0.2613436003264628,0.0006184326422092118,0.0040848046100061194,0.008128937315440884,0.9776392579078674,,0.015410000000000002,-1371515.703234587,0.8341100856049419
257,93805,239.9,-1200810.2366013038,-1245607.317261683,0.8943983256000362,58502.41677379608,781495.6010742188,38185.4817276001,110105.0,8025.920068860054,262998.2283363342,1200810.2312070131,0.2613436003264628,0.0006184326422092118,0.0040848046100061194,0.008128937315440884,0.9776392579078674,,0.015410000000000002,-1371515.703234587,0.8341100856049419
258,94170,240.5,-1268672.113343548,-1248212.3436174002,0.9107892140950242,51285.7038230896,878952.2086181641,33751.003291130066,95905.0,7645.684980392456,252418.21572875977,1268672.1126184464,0.2613436003264628,0.0006184326422092118,0.0040848046100061194,0.008128937315440884,0.9776392579078674,,0.015410000000000002,-1371515.703234587,0.8341100856049419
259,94535,241.8,-1202904.9045227077,-1246848.7911190868,0.893221136641829,56680.3499250412,808248.0703125,37409.20036506653,110790.0,8607.313088774681,237850.3224182129,1202904.906184554,0.23593699657603315,0.0004845153648363377,0.003089503250329902,0.007835307458758746,0.9794337153434753,,0.015356000000000002,-1371515.703234587,0.8341100856049419
260,94900,242.5,-1243629.181290872,-1246804.4995134342,0.8897777250368302,55805.95944786072,823911.7664794922,37492.299345970154,112650.0,10236.289641857147,259338.8197593689,1243629.1752266884,0.23593699657603315,0.0004845153648363377,0.003089503250329902,0.007835307458758746,0.9794337153434753,,0.015356000000000002,-1371515.703234587,0.8341100856049419
261,95265,243.7,-1451200.7547143018,-1257504.9832472317,0.926382839679718,41874.51771450043,1069221.8858642578,28821.050206661224,81690.0,4601.612985134125,266866.2098312378,1451200.758887291,0.22166734169188299,0.0005650230928758423,0.005082782955325551,0.007573645237196041,0.9801124930381775,,0.015320000000000002,-1371515.703234587,0.8341100856049419
262,95630,244.4,-1326329.9352888623,-1262571.7735950903,0.9140814217802596,48871.63049221039,945074.423828125,32417.685876846313,92375.0,9475.363103866577,246987.46102905273,1326329.9338378906,0.22166734169188299,0.0005650230928758423,0.005082782955325551,0.007573645237196041,0.9801124930381775,,0.015320000000000002,-1371515.703234587,0.8341100856049419
263,95995,245.0,-1296319.9110834422,-1266741.8578854261,0.9130921937014959,50386.12066268921,919302.2283935547,33127.38134908676,93795.0,9007.563198208809,241087.73816680908,1296319.9111076593,0.22166734169188299,0.0005650230928758423,0.005082782955325551,0.007573645237196041,0.9801124930381775,,0.015320000000000002,-1371515.703234587,0.8341100856049419
264,96360,246.3,-1238750.3001962584,-1267442.1955684968,0.8511806391689876,67621.27882003784,816045.6267089844,46830.9098110199,130565.0,12165.74394416809,233143.019821167,1238750.3002853394,0.22023943458732806,0.00046607366675743833,0.0037062795584604734,0.008004042362843296,0.9805410504341125,,0.015266000000000002,-1371515.703234587,0.8341100856049419
265,96725,246.9,-1271489.9560856565,-1263008.7452181445,0.851580869824919,70426.93183326721,811955.8051757812,48234.741415023804,132055.0,15356.87419551611,263887.5366973877,1271489.9574837089,0.22023943458732806,0.00046607366675743833,0.0037062795584604734,0.008004042362843296,0.9805410504341125,,0.015266000000000002,-1371515.703234587,0.8341100856049419
266,97090,247.6,-1195956.9900789747,-1260907.7648496933,0.8726970287218486,52557.90532207489,830799.6159667969,38804.189350128174,120905.0,11052.316288262606,194395.8729248047,1195956.9945299923,0.22023943458732806,0.00046607366675743833,0.0037062795584604734,0.008004042362843296,0.9805410504341125,,0.015266000000000002,-1371515.703234587,0.8341100856049419
267,97455,248.9,-1356223.08517719,-1262192.19749971,0.9238283993446663,41839.7411441803,1007766.9011230469,28650.71910238266,82600.0,2301.2461252212524,234904.22046661377,1356223.0868172646,0.2547230971486945,0.000490481616380796,0.0038457502531328877,0.009178431520826723,0.9760118722915649,,0.015212000000000002,-1371515.703234587,0.8341100856049419
268,97820,249.5,-1222187.479216314,-1260595.9295916215,0.8920481680190726,59449.07337760925,798413.3292236328,38907.99317741394,109365.0,6870.805614113808,268630.35204315186,1222187.4800583124,0.2547230971486945,0.000490481616380796,0.0038457502531328877,0.009178431520826723,0.9760118722915649,,0.015212000000000002,-1371515.703234587,0.8341100856049419
269,98185,250.2,-1299519.2867931388,-1264290.3784920792,0.9109853950265335,50692.53823661804,908341.7846679688,33391.38776302338,93835.0,6984.299181222945,256966.8165359497,1299519.2881481647,0.2547230971486945,0.000490481616380796,0.0038457502531328877,0.009178431520826723,0.9760118722915649,,0.015212000000000002,-1371515.703234587,0.8341100856049419
270,98550,251.4,-1229860.8814859316,-1256622.8781284096,0.8989222044814122,58115.40363788605,817976.494140625,37779.32773685455,104015.0,10413.482274651527,259676.57721710205,1229860.8813692331,0.21350553435714623,0.0005780692887415889,0.004377398584773273,0.007412758386252742,0.9814480543136597,,0.015158000000000001,-1371515.703234587,0.8341100856049419
271,98915,252.1,-1280827.3705829429,-1259233.7368399233,0.9217355719984395,42895.306691646576,960777.6311035156,29216.666989326477,84700.0,4512.487906455994,201620.5799255371,1280827.3659248352,0.21350553435714623,0.0005780692887415889,0.004377398584773273,0.007412758386252742,0.9814480543136597,,0.015158000000000001,-1371515.703234587,0.8341100856049419
272,99280,252.7,-1233934.9339983815,-1259302.1884210154,0.8504973658143657,67700.01922607422,802894.9975585938,46920.399253845215,129805.0,9025.487017989159,245289.0476989746,1233934.9315294027,0.21350553435714623,0.0005780692887415889,0.004377398584773273,0.007412758386252742,0.9814480543136597,,0.015158000000000001,-1371515.703234587,0.8341100856049419
273,99645,254.0,-1201511.0421794434,-1258910.433367678,0.8752883395103559,55459.00572395325,824738.1885986328,40096.382590293884,117365.0,6599.069810271263,212712.40508270264,1201511.0460819006,0.2314605787396431,0.0005592607416187285,0.0038187127410262626,0.008747423423062029,0.9779260158538818,,0.015104000000000001,-1371515.703234587,0.8341100856049419
274,100010,254.7,-1358542.414522272,-1265929.9921094906,0.8446317269377512,77780.34031867981,805629.3367919922,52202.022075653076,132850.0,21757.714048594236,346103.3409957886,1358542.413912028,0.2314605787396431,0.0005592607416187285,0.0038187127410262626,0.008747423423062029,0.9779260158538818,,0.015104000000000001,-1371515.703234587,0.8341100856049419
275,100375,257.0,-1229994.6578752731,-1266999.9295762568,0.9017105765538673,56180.90776157379,822151.6586914062,36852.32127761841,101415.0,5292.994185447693,264282.686504364,1229994.6606588364,0.2483336552977562,0.0005582653978451976,0.00422427529395607,0.009316104133368322,0.9759634733200073,,0.015068000000000002,-1365875.1407362788,0.8299528269735101
276,100740,257.7,-1189335.0560372595,-1264900.0245537036,0.879380067243968,56680.55334568024,800858.3427734375,39784.21576023102,114770.0,9216.971784591675,224705.52095031738,1189335.0512685776,0.2483336552977562,0.0005582653978451976,0.00422427529395607,0.009316104133368322,0.9759634733200073,,0.015068000000000002,-1365875.1407362788,0.8299528269735101
277,101105,258.3,-1333737.988549455,-1271546.4121511113,0.8437215597662208,76932.2519454956,790007.5443115234,51941.985233306885,133695.0,20772.488756418228,337320.97004699707,1333737.9883482456,0.2483336552977562,0.0005582653978451976,0.00422427529395607,0.009316104133368322,0.9759634733200073,,0.015068000000000002,-1365875.1407362788,0.8299528269735101
278,101470,259.7,-1217975.1606069533,-1269011.5645142817,0.8563627904408598,59422.71148586273,811406.7186279297,42792.86357498169,126940.0,7531.167634487152,229304.40855407715,1217975.1583914757,0.26082394428943334,0.00048501892524654977,0.0035609195137543508,0.01013944459784972,0.9733439683914185,,0.015014000000000001,-1365875.1407362788,0.8299528269735101
279,101835,260.3,-1287824.1419218078,-1273257.5263842365,0.9095353737269363,51804.40548992157,891318.9075927734,34142.876626968384,93885.0,4708.363536834717,263768.99298095703,1287824.1407375336,0.26082394428943334,0.00048501892524654977,0.0035609195137543508,0.01013944459784972,0.9733439683914185,,0.015014000000000001,-1365875.1407362788,0.8299528269735101
280,102200,261.0,-1209488.9187088958,-1271550.5132551377,0.8648131746135346,56200.10930252075,811269.9621582031,41297.352907180786,122200.0,5417.749434709549,229303.85278320312,1209488.9172832966,0.26082394428943334,0.00048501892524654977,0.0035609195137543508,0.01013944459784972,0.9733439683914185,,0.015014000000000001,-1365875.1407362788,0.8299528269735101
281,102565,262.3,-1183963.152678077,-1258188.6331533263,0.8738320541708436,54609.14122962952,808446.8465576172,39332.23758125305,117110.0,5914.732493877411,213159.33715057373,1183963.1537833214,0.24277868729672933,0.00048445038675325983,0.003624631654115786,0.008627295261248946,0.9775243401527405,,0.014960000000000001,-1365875.1407362788,0.8299528269735101
282,102930,262.9,-1322586.5265631566,-1258001.462717041,0.8404758590541473,75529.26880836487,794555.6127929688,51044.442949295044,135560.0,16378.55198669061,325047.92208862305,1322586.5298175775,0.24277868729672933,0.00048445038675325983,0.003624631654115786,0.008627295261248946,0.9775243401527405,,0.014960000000000001,-1365875.1407362788,0.8299528269735101
283,103295,263.5,-1381125.6891117957,-1262241.7516184587,0.8381251380868154,76798.4110031128,821544.3369140625,51274.49338722229,137280.0,18981.6507091783,352045.2046356201,1381125.6856460832,0.24277868729672933,0.00048445038675325983,0.003624631654115786,0.008627295261248946,0.9775243401527405,,0.014960000000000001,-1365875.1407362788,0.8299528269735101
284,103660,264.8,-1287306.1918820448,-1264669.546202748,0.9076239344191878,53515.27486515045,871869.6245117188,35146.67098236084,95630.0,6718.684736728668,277941.21106910706,1287306.1912999153,0.2638362610810681,0.0006933088272106895,0.005139802646896753,0.010956880109580723,0.9723323583602905,,0.014906000000000003,-1365875.1407362788,0.8299528269735101
285,104025,265.5,-1365346.3191896365,-1269362.3643579471,0.8354302385081983,79184.46469116211,807613.2152099609,52793.62998962402,137670.0,18311.425340652466,348958.0429382324,1365346.3134784698,0.2638362610810681,0.0006933088272106895,0.005139802646896753,0.010956880109580723,0.9723323583602905,,0.014906000000000003,-1365875.1407362788,0.8299528269735101
286,104390,266.1,-1194713.9901176377,-1269300.2143598804,0.8901793452158366,61117.049266815186,768786.8572998047,39919.515241622925,110245.0,3868.7176642417908,271893.8903121948,1194713.9805178642,0.2638362610810681,0.0006933088272106895,0.005139802646896753,0.010956880109580723,0.9723323583602905,,0.014906000000000003,-1365875.1407362788,0.8299528269735101
287,104755,267.4,-1337187.9919295951,-1268348.4596975006,0.9210258728837314,43016.27493286133,990643.4061279297,29485.538996219635,83645.0,2187.31671333313,231226.7324066162,1337187.9942440987,0.2466021442883893,0.0005094764847901962,0.0033047324794001484,0.009994866118129147,0.9738655090332031,,0.014852,-1365875.1407362788,0.8299528269735101
288,105120,268.0,-1174528.9545327371,-1265965.533463322,0.8797429097841863,55152.4230594635,798042.5134277344,39103.351442337036,115330.0,5953.551426887512,216099.54356765747,1174528.9598646164,0.2466021442883893,0.0005094764847901962,0.0033047324794001484,0.009994866118129147,0.9738655090332031,,0.014852,-1365875.1407362788,0.8299528269735101
289,105485,269.3,-1216668.3503744681,-1261822.9866423882,0.8858700146413829,58826.272815704346,786417.7150878906,39450.68558931351,112255.0,2748.412611722946,275796.5387878418,1216668.3520767689,0.2212178575757303,0.0005774067871913614,0.004393460471060519,0.007538437353152978,0.9800552129745483,,0.014816000000000001,-1365875.1407362788,0.8299528269735101
290,105850,270.0,-1230724.7520092488,-1261866.1801685542,0.8534801141856468,56447.7827835083,829600.4702148438,41436.32353782654,127540.0,9007.812072262168,223140.1447906494,1230724.7506155819,0.2212178575757303,0.0005774067871913614,0.004393460471060519,0.007538437353152978,0.9800552129745483,,0.014816000000000001,-1365875.1407362788,0.8299528269735101
291,106215,270.6,-1209319.8959368095,-1258290.8064362477,0.855696154457249,56520.25946807861,818082.0434570312,41575.363273620605,126025.0,7048.705799818039,216588.7883605957,1209319.9008910656,0.2212178575757303,0.0005774067871913614,0.004393460471060519,0.007538437353152978,0.9800552129745483,,0.014816000000000001,-1365875.1407362788,0.8299528269735101
292,106580,271.9,-1212520.919105825,-1257220.1056916197,0.8619564495674551,55029.96841430664,830662.6358642578,40798.943962574005,123985.0,6072.6771013736725,211001.66230773926,1212520.9192359447,0.26103265858010244,0.0006553632550716621,0.004994174900562747,0.00940586958619717,0.9738848805427551,,0.014762000000000003,-1365875.1407362788,0.8299528269735101
293,106945,272.5,-1209635.6277746805,-1257626.3349713816,0.8549246854978065,55647.27064704895,819219.5972900391,41174.69928359985,125335.0,8130.498897135258,215775.8332672119,1209635.628737986,0.26103265858010244,0.0006553632550716621,0.004994174900562747,0.00940586958619717,0.9738848805427551,,0.014762000000000003,-1365875.1407362788,0.8299528269735101
294,107310,273.1,-1235225.8556011529,-1251460.5070253257,0.8558599341405582,57603.79102706909,829078.7216796875,42099.45554351807,124660.0,6620.268098577857,232767.40910339355,1235225.854425177,0.26103265858010244,0.0006553632550716621,0.004994174900562747,0.00940586958619717,0.9738848805427551,,0.014762000000000003,-1365875.1407362788,0.8299528269735101
295,107675,274.4,-1200358.1924692392,-1249978.6837550239,0.854726279271792,58254.09919166565,801125.0223388672,42365.980001449585,127075.0,7515.966912269592,222276.21604919434,1200358.1853017807,0.26295763018884155,0.0006712325796941418,0.0052589282751892156,0.009565393759035751,0.9739594459533691,,0.014708,-1365875.1407362788,0.8299528269735101
296,108040,275.1,-1188582.204214914,-1249941.0411639067,0.8560458975295498,57978.44947433472,795197.4862060547,42070.061376571655,126375.0,4932.731765404344,220006.9294128418,1188582.2087608725,0.26295763018884155,0.0006712325796941418,0.0052589282751892156,0.009565393759035751,0.9739594459533691,,0.014708,-1365875.1407362788,0.8299528269735101
297,108405,275.7,-1223666.2624449925,-1244437.4548586835,0.8858534061745421,57646.4182138443,789271.0529785156,39062.759353637695,111545.0,5465.335503578186,278322.1251735687,1223666.2730093002,0.26295763018884155,0.0006712325796941418,0.0052589282751892156,0.009565393759035751,0.9739594459533691,,0.014708,-1365875.1407362788,0.8299528269735101
298,108770,277.0,-1257927.1814688279,-1246435.0559017772,0.9037866778569679,57202.41791152954,828361.3602294922,37439.60749864578,97935.0,2369.00954246521,291822.2024154663,1257927.1796860695,0.24934275663996996,0.0006198844411253384,0.004956161768763866,0.008737864726419119,0.9767749905586243,,0.014654000000000002,-1365875.1407362788,0.8299528269735101
299,109135,277.7,-1256966.2457730016,-1244892.1610943372,0.9000164371647247,59569.73580789566,819388.8609619141,38913.83137226105,100130.0,4626.481448888779,293907.0661392212,1256966.239922285,0.24934275663996996,0.0006198844411253384,0.004956161768763866,0.008737864726419119,0.9767749905586243,,0.014654000000000002,-1365875.1407362788,0.8299528269735101
300,109500,279.4,-1215264.2725260982,-1245180.928785197,0.868497472103328,57920.83710479736,810146.7751464844,42109.33739089966,118605.0,5563.956240534782,238839.1974182129,1215264.2661961317,0.24934275663996996,0.0006198844411253384,0.004956161768763866,0.008737864726419119,0.9767749905586243,,0.014654000000000002,-1326385.3567880164,0.828016013233629
301,109865,280.8,-1182465.8685080165,-1245106.064576694,0.8688772929857855,55661.06436538696,800966.3654785156,40812.75897502899,118790.0,5885.074033737183,216011.67344665527,1182465.871933937,0.2310181997324291,0.000536315942649947,0.00405830250192115,0.008529934885078356,0.976981520652771,,0.0146,-1326385.3567880164,0.828016013233629
302,110230,281.5,-1378585.1326152596,-1247905.994879299,0.8366453172409372,80563.75516700745,805434.729675293,53475.30852603912,135835.0,20796.236302018166,363043.8581237793,1378585.1326271296,0.2310181997324291,0.000536315942649947,0.00405830250192115,0.008529934885078356,0.976981520652771,,0.0146,-1326385.3567880164,0.828016013233629
303,110595,282.7,-1286599.9787264946,-1243179.7093600337,0.9148900193710849,49353.296937942505,900747.1909179688,32860.05440425873,89575.0,5453.260654449463,257964.4683380127,1286599.9743146896,0.23459913209080696,0.0005066765418776317,0.0035215679029198853,0.009737029279533186,0.9753472805023193,,0.014564,-1326385.3567880164,0.828016013233629
304,110960,283.4,-1329934.0699391162,-1245311.1032628878,0.8425114550002634,77003.24390220642,788086.3115234375,51957.512632369995,133020.0,16236.725942611694,340633.5213165283,1329934.0714149475,0.23459913209080696,0.0005066765418776317,0.0035215679029198853,0.009737029279533186,0.9753472805023193,,0.014564,-1326385.3567880164,0.828016013233629
305,111325,284.0,-1724375.9975832347,-1263262.5871825677,0.9188847602230229,42533.808957099915,1231435.6574707031,29782.114596366882,81070.0,6557.888661377132,375530.34368896484,1724376.004417412,0.23459913209080696,0.0005066765418776317,0.0035215679029198853,0.009737029279533186,0.9753472805023193,,0.014564,-1326385.3567880164,0.828016013233629
306,111690,285.4,-1291807.028122192,-1268117.239082795,0.9153643980418166,47582.48798370361,917130.2486572266,31837.01167011261,88390.0,4792.906778335571,249656.86373138428,1291807.030837059,0.2073763848135346,0.0005518387153738571,0.005299082975589523,0.013079647661039704,0.9691891670227051,,0.014510000000000002,-1326385.3567880164,0.828016013233629
307,112055,286.1,-1201186.1611932858,-1261317.1475459798,0.8516755873209809,59707.43046379089,785845.6315917969,43132.19134902954,127430.0,5798.774965286255,238979.56746673584,1201186.1653728485,0.2073763848135346,0.0005518387153738571,0.005299082975589523,0.013079647661039704,0.9691891670227051,,0.014510000000000002,-1326385.3567880164,0.828016013233629
308,112420,286.7,-1304179.008660828,-1267799.6502523841,0.9139922133863789,49284.37671279907,915739.0893554688,32914.399485588074,88445.0,4427.68998336792,262652.83682250977,1304179.0156469345,0.2073763848135346,0.0005518387153738571,0.005299082975589523,0.013079647661039704,0.9691891670227051,,0.014510000000000002,-1326385.3567880164,0.828016013233629
309,112785,288.1,-1205183.6948608225,-1267225.417476702,0.8950374404045001,60284.78547668457,784611.3542480469,39113.13933753967,104020.0,5131.675618171692,272307.5336608887,1205183.702864647,0.2149713806023723,0.0005469682297476347,0.004720855185664014,0.00874265675481997,0.9773473143577576,,0.014456,-1326385.3567880164,0.828016013233629
310,113150,288.8,-1195480.1196532412,-1265463.1858589016,0.8616047617507308,58973.96270751953,800941.4119873047,42686.17018508911,121780.0,6036.031588554382,224036.49864196777,1195480.112402916,0.2149713806023723,0.0005469682297476347,0.004720855185664014,0.00874265675481997,0.9773473143577576,,0.014456,-1326385.3567880164,0.828016013233629
311,113515,289.5,-1171348.6306124248,-1263564.6225926825,0.8534287736840445,58851.87573814392,777106.4130859375,42827.1425743103,125290.0,6724.624641299248,219400.45527648926,1171348.6355780363,0.2149713806023723,0.0005469682297476347,0.004720855185664014,0.00874265675481997,0.9773473143577576,,0.014456,-1326385.3567880164,0.828016013233629
312,113880,290.8,-1310589.3618410106,-1268468.0447294416,0.8434025586467899,77720.86190605164,785238.7825927734,52171.545543670654,131065.0,17154.20861876011,324959.8207397461,1310589.3574949503,0.24797043047453227,0.0005744902238419806,0.0037903367529476158,0.009265894254081343,0.9735933542251587,,0.014402000000000003,-1326385.3567880164,0.828016013233629
313,114245,291.5,-1207562.1303782864,-1268364.369859622,0.8555132691174338,58339.483167648315,818469.0393066406,42271.8328704834,124585.0,7491.176885604858,214745.08422088623,1207562.133283615,0.24797043047453227,0.0005744902238419806,0.0037903367529476158,0.009265894254081343,0.9735933542251587,,0.014402000000000003,-1326385.3567880164,0.828016013233629
314,114610,292.1,-1171667.799768667,-1265186.467067998,0.8669107241173313,56040.10898399353,794854.951171875,40842.557107925415,118640.0,5923.490288734436,211406.8069000244,1171667.8054685593,0.24797043047453227,0.0005744902238419806,0.0037903367529476158,0.009265894254081343,0.9735933542251587,,0.014402000000000003,-1326385.3567880164,0.828016013233629
315,114975,293.4,-1176963.3121097684,-1264016.7230500244,0.8788769530923399,55471.91023731232,806227.6066894531,39360.66537761688,113785.0,3239.599371895194,214350.4457168579,1176963.317155823,0.24972134299184146,0.00059293442844041,0.0048688922098862305,0.01015265346014578,0.9719281792640686,,0.014348,-1326385.3567880164,0.828016013233629
316,115340,294.1,-1164359.896470633,-1262805.6076628102,0.8854335182333646,56483.244950294495,795102.5885009766,38579.38180923462,110395.0,7533.010112285614,212749.91423130035,1164359.8946537971,0.24972134299184146,0.00059293442844041,0.0048688922098862305,0.01015265346014578,0.9719281792640686,,0.014348,-1326385.3567880164,0.828016013233629
317,115705,294.8,-1203547.707275149,-1261799.679904318,0.8517719267165824,58837.56059074402,806195.7145996094,42526.899547576904,125070.0,5680.9425258636475,224074.1533126831,1203547.709985733,0.24972134299184146,0.00059293442844041,0.0048688922098862305,0.01015265346014578,0.9719281792640686,,0.014348,-1326385.3567880164,0.828016013233629
318,116070,296.1,-1158168.3682695376,-1256811.7392443533,0.8851653357074686,57072.91471862793,783140.4020996094,39070.40908241272,110835.0,3545.5262546539307,221577.03465270996,1158168.372089386,0.2366337776184082,0.0006040813530872631,0.004918416353910671,0.008206543647439071,0.9769982695579529,,0.014294000000000003,-1326385.3567880164,0.828016013233629
319,116435,296.7,-1311604.7140364554,-1259543.662657526,0.9174993978787775,48849.89916706085,929553.2418212891,32411.034853458405,87045.0,5065.770373344421,257529.6612625122,1311604.708310604,0.2366337776184082,0.0006040813530872631,0.004918416353910671,0.008206543647439071,0.9769982695579529,,0.014294000000000003,-1326385.3567880164,0.828016013233629
320,116800,298.0,-1197022.9240001799,-1258631.5952312301,0.8511740005179628,59717.76590681076,790129.0710449219,43030.38259458542,126905.0,8304.253474473953,228654.21647644043,1197022.9235904217,0.21826499661332682,0.00047604618909022784,0.003606963577974392,0.008271642770667217,0.9780924320220947,,0.014258000000000002,-1326385.3567880164,0.828016013233629
321,117165,298.7,-1216478.8351242787,-1260332.2435620432,0.880120318066584,57140.86577272415,809191.3062744141,39696.29535484314,113030.0,6898.194209814072,247663.04824829102,1216478.8440873623,0.21826499661332682,0.00047604618909022784,0.003606963577974392,0.008271642770667217,0.9780924320220947,,0.014258000000000002,-1326385.3567880164,0.828016013233629
322,117530,299.3,-1383803.3794229382,-1260593.1559024274,0.8409053941295571,77404.59755325317,800238.4093017578,51847.03814315796,133870.0,24130.751964092255,373717.1767578125,1383803.3761668205,0.21826499661332682,0.00047604618909022784,0.003606963577974392,0.008271642770667217,0.9780924320220947,,0.014258000000000002,-1326385.3567880164,0.828016013233629
323,117895,300.6,-1265590.8842394121,-1259542.7011780732,0.9080513728808051,52436.40659427643,876665.2271728516,34658.121705532074,93265.0,4033.12293279171,256969.41454315186,1265590.8863543272,0.23194487765431404,0.0005162217997310922,0.0038599382410450887,0.009633966929916488,0.9751526713371277,,0.014204,-1326385.3567880164,0.828016013233629
324,118260,301.2,-1223544.8653227051,-1254223.2409472526,0.9070775048373497,52964.613050460815,849710.1062011719,35109.88844871521,95920.0,3860.900942325592,238943.96446990967,1223544.8600621223,0.23194487765431404,0.0005162217997310922,0.0038599382410450887,0.009633966929916488,0.9751526713371277,,0.014204,-1326385.3567880164,0.828016013233629
325,118625,303.0,-1194597.4668564447,-1227734.3144109133,0.8826862910022474,57638.99893665314,796637.3006591797,39533.02117919922,111460.0,3522.2385873794556,243444.9009552002,1194597.4613809586,0.23194487765431404,0.0005162217997310922,0.0038599382410450887,0.009633966929916488,0.9751526713371277,,0.014204,-1326232.9774494518,0.8317747679475236
326,118990,304.3,-1234932.364999127,-1224890.5812547598,0.9107304493041888,49522.99207019806,880078.15625,32952.50891780853,93375.0,4785.078916311264,223741.62352752686,1234932.3676116467,0.20948364742492376,0.00039204544751364186,0.002843488733847871,0.007993296897774073,0.9800363779067993,,0.014150000000000003,-1326232.9774494518,0.8317747679475236
327,119355,304.9,-1318052.870615705,-1230733.916725881,0.8443825066906132,76487.03067588806,788291.0620117188,51657.7724571228,134330.0,18876.83306211233,324897.2014465332,1318052.868977487,0.20948364742492376,0.00039204544751364186,0.002843488733847871,0.007993296897774073,0.9800363779067993,,0.014150000000000003,-1326232.9774494518,0.8317747679475236
328,119720,305.6,-1239639.893729107,-1227506.9609792947,0.8507799106101467,69705.87118339539,797224.0625,48001.88496398926,129355.0,9335.744714502245,255723.2021636963,1239639.8943421878,0.20948364742492376,0.00039204544751364186,0.002843488733847871,0.007993296897774073,0.9800363779067993,,0.014150000000000003,-1326232.9774494518,0.8317747679475236
329,120085,306.9,-1296440.625676178,-1232069.8075200622,0.9177102959319337,47142.44392871857,935521.0224609375,31661.179743885994,87800.0,4455.009538650513,237003.41258239746,1296440.6243258715,0.24334319524074854,0.0005171560308218958,0.0038620798264961003,0.01012778709838657,0.9728717803955078,,0.014096000000000001,-1326232.9774494518,0.8317747679475236
330,120450,307.5,-1196849.3989560483,-1232138.2714852027,0.8834151130833038,57015.38005256653,793633.9387207031,38989.35092163086,112125.0,7779.654962539673,244321.4549407959,1196849.3995456696,0.24334319524074854,0.0005171560308218958,0.0038620798264961003,0.01012778709838657,0.9728717803955078,,0.014096000000000001,-1326232.9774494518,0.8317747679475236
331,120815,308.2,-1344575.5367087661,-1240799.6167900197,0.8400194664524027,75001.80400657654,820456.2297363281,50511.99221420288,135560.0,20291.309134364128,317755.99795532227,1344575.5290402174,0.24334319524074854,0.0005171560308218958,0.0038620798264961003,0.01012778709838657,0.9728717803955078,,0.014096000000000001,-1326232.9774494518,0.8317747679475236
332,121180,309.5,-1184484.1490416054,-1234494.3561500493,0.8728125724073958,54017.84357070923,820980.1944580078,39777.48395061493,118695.0,6183.970040559769,198847.49790382385,1184484.1463530064,0.2343214577750156,0.00045423323368403974,0.003145719832422114,0.009827794911535946,0.9751132130622864,,0.014042000000000002,-1326232.9774494518,0.8317747679475236
333,121545,310.1,-1315702.9274273505,-1239901.3960025026,0.8480011861618251,76386.73900222778,796864.5994873047,51229.960315704346,132455.0,15562.279781639576,319591.09492492676,1315702.9345095754,0.2343214577750156,0.00045423323368403974,0.003145719832422114,0.009827794911535946,0.9751132130622864,,0.014042000000000002,-1326232.9774494518,0.8317747679475236
334,121910,311.4,-1305705.8882358603,-1246603.3004258624,0.8416964272930197,72619.09046173096,804109.2193603516,49249.89798927307,135785.0,19685.818957328796,296875.95609664917,1305705.8924036026,0.2607152728657973,0.0006378169146524957,0.005211813427434352,0.010661136885908874,0.9721998572349548,,0.014006000000000003,-1326232.9774494518,0.8317747679475236
335,122275,312.0,-1161240.5557162305,-1245817.1626061855,0.8784783384571336,54066.047488212585,806238.5895996094,38520.20826339722,115670.0,6734.371709823608,194077.38582229614,1161240.5553951263,0.2607152728657973,0.0006378169146524957,0.005211813427434352,0.010661136885908874,0.9721998572349548,,0.014006000000000003,-1326232.9774494518,0.8317747679475236
336,122640,312.7,-1311944.9341661993,-1253196.4144909638,0.8442104156703165,75641.88809871674,789362.0333251953,51083.96722698212,134085.0,17605.53817987442,319808.3949890137,1311944.9337210655,0.2607152728657973,0.0006378169146524957,0.005211813427434352,0.010661136885908874,0.9721998572349548,,0.014006000000000003,-1326232.9774494518,0.8317747679475236
337,123005,313.9,-1196927.398759884,-1252865.3990652007,0.848918713118932,62826.01502609253,794012.0494384766,44728.88220214844,129530.0,8070.66624879837,220585.79927062988,1196927.3971600533,0.25480640993306514,0.0005315992422382758,0.004665709393233747,0.010249009086309295,0.9731875061988831,,0.013952,-1326232.9774494518,0.8317747679475236
338,123370,314.6,-1182950.5115152074,-1254104.5062274842,0.889894020720704,60352.50806236267,761782.8530273438,39550.290340423584,110470.0,6103.229483127594,265044.1365432739,1182950.5093941689,0.25480640993306514,0.0005315992422382758,0.004665709393233747,0.010249009086309295,0.9731875061988831,,0.013952,-1326232.9774494518,0.8317747679475236
339,123735,315.2,-1319214.0837457553,-1254484.974712949,0.8437664260602977,76353.10210418701,786905.8414306641,51545.49977684021,134390.0,21692.300393104553,324680.4449081421,1319214.086508751,0.25480640993306514,0.0005315992422382758,0.004665709393233747,0.010249009086309295,0.9731875061988831,,0.013952,-1326232.9774494518,0.8317747679475236
340,124100,316.5,-1180533.5372792543,-1253660.5053769029,0.8795307355384304,55480.39142227173,806304.2646484375,38951.83765792847,115660.0,5479.681149482727,214137.75428771973,1180533.5377435684,0.2516991896064658,0.0006613737587988572,0.004767434647012698,0.010287558488351735,0.9736107587814331,,0.013898000000000002,-1326232.9774494518,0.8317747679475236
341,124465,317.2,-1205624.9498780388,-1253117.811114591,0.8870739267296988,57280.760959625244,791150.5817871094,38558.919174194336,112340.0,4887.281865596771,258688.16120147705,1205624.9440283775,0.2516991896064658,0.0006613737587988572,0.004767434647012698,0.010287558488351735,0.9736107587814331,,0.013898000000000002,-1326232.9774494518,0.8317747679475236
342,124830,317.8,-1669807.3808931783,-1267418.011188103,0.9208113823851494,42296.32324695587,1222998.04296875,29562.60546016693,81935.0,6696.00073646009,328615.7296142578,1669807.3787796348,0.2516991896064658,0.0006613737587988572,0.004767434647012698,0.010287558488351735,0.9736107587814331,,0.013898000000000002,-1326232.9774494518,0.8317747679475236
343,125195,319.1,-1174038.2602940714,-1262840.379990836,0.8839439439446959,58527.16965961456,780923.2102050781,39456.756816864014,112045.0,4903.473158836365,236709.81996154785,1174038.2601423264,0.20710272165505508,0.0005132155876804303,0.0031773082048044002,0.011466976524771829,0.9706541895866394,,0.013844,-1326232.9774494518,0.8317747679475236
344,125560,319.7,-1238791.6869733601,-1263602.7210733688,0.9073138873871058,53842.287318229675,849738.2330322266,35650.103775024414,95385.0,3423.34610748291,254594.99932670593,1238791.6822414398,0.20710272165505508,0.0005132155876804303,0.0031773082048044002,0.011466976524771829,0.9706541895866394,,0.013844,-1326232.9774494518,0.8317747679475236
345,125925,320.4,-1200558.539125218,-1263900.7746868073,0.8633459840735344,55805.181856155396,806606.8092041016,41131.14832305908,121435.0,7540.501814842224,223845.0843963623,1200558.5437383652,0.20710272165505508,0.0005132155876804303,0.0031773082048044002,0.011466976524771829,0.9706541895866394,,0.013844,-1326232.9774494518,0.8317747679475236
346,126290,321.7,-1182314.3076313566,-1261269.8718184188,0.8713049931068942,55032.90519142151,808421.4526367188,40039.84130859375,116330.0,6460.981494963169,211062.03092956543,1182314.306369841,0.22644424360049398,0.0006004655037223097,0.003995928855147213,0.009046399916865323,0.9768798351287842,,0.013790000000000002,-1326232.9774494518,0.8317747679475236
347,126655,322.3,-1184836.6743994094,-1254609.062007604,0.8773292641117149,55509.610798835754,796596.2830810547,39337.59630012512,113890.0,4974.965201497078,230037.82846832275,1184836.6730509996,0.22644424360049398,0.0006004655037223097,0.003995928855147213,0.009046399916865323,0.9768798351287842,,0.013790000000000002,-1326232.9774494518,0.8317747679475236
348,127020,323.6,-1318530.1526438196,-1258553.5749533395,0.8421877785904767,75464.5182762146,797961.5504150391,51035.562361717224,132160.0,18302.042293548584,319071.0044784546,1318530.1595487595,0.2393844968786365,0.0005281523495604665,0.004272460946690683,0.009268612723405423,0.976162850856781,,0.013754000000000002,-1326232.9774494518,0.8317747679475236
349,127385,324.4,-1315549.7430846314,-1259509.0308237623,0.9220524252277531,42250.51654958725,977134.9931640625,29464.73663330078,80640.0,3069.0433847904205,225240.9666595459,1315549.7398416996,0.2393844968786365,0.0005281523495604665,0.004272460946690683,0.009268612723405423,0.976162850856781,,0.013754000000000002,-1326232.9774494518,0.8317747679475236
350,127750,326.1,-1188171.2846426438,-1259075.125108092,0.8907716177914241,61285.58202934265,776810.4705810547,40070.92437553406,106635.0,3446.9112379550934,261207.97336101532,1188171.2795555592,0.2393844968786365,0.0005281523495604665,0.004272460946690683,0.009268612723405423,0.976162850856781,,0.013754000000000002,-1324928.151127649,0.8313885793293992
351,128115,327.5,-1184169.1829519619,-1251054.807420252,0.891145248445746,59797.76676559448,780374.7214355469,39272.10848617554,106250.0,4756.381690502167,253515.97066879272,1184169.1822810173,0.1959987608225722,0.000577784397089425,0.004183852887332537,0.007776588109615994,0.9804508090019226,,0.013700000000000002,-1324928.151127649,0.8313885793293992
352,128480,328.1,-1192068.0225275715,-1251434.0010945504,0.8732590596969814,55107.18866920471,813756.6683349609,40000.23038482666,114505.0,7335.533215522766,216470.59313201904,1192068.0250673294,0.1959987608225722,0.000577784397089425,0.004183852887332537,0.007776588109615994,0.9804508090019226,,0.013700000000000002,-1324928.151127649,0.8313885793293992
353,128845,328.8,-1244007.7540277848,-1247849.242424572,0.857477202317486,58937.294301986694,832877.1391601562,42644.79909515381,122005.0,9178.037696778774,237302.7822113037,1244007.7581633925,0.1959987608225722,0.000577784397089425,0.004183852887332537,0.007776588109615994,0.9804508090019226,,0.013700000000000002,-1324928.151127649,0.8313885793293992
354,129210,330.1,-1183496.519925008,-1241738.7740090291,0.8794300386350449,54934.33992958069,801938.0042724609,38897.11475944519,112370.0,4303.630287185311,225987.77097702026,1183496.5202961117,0.2361560397242245,0.0005552688867522336,0.004289593618044532,0.009595459572186596,0.9749299883842468,,0.013646000000000002,-1324928.151127649,0.8313885793293992
355,129575,330.7,-1222872.0262360917,-1244820.3475350223,0.9042602708894912,55160.35456085205,835138.4576416016,36379.199217796326,97265.0,4932.728784203529,249156.64268493652,1222872.028328538,0.2361560397242245,0.0005552688867522336,0.004289593618044532,0.009595459572186596,0.9749299883842468,,0.013646000000000002,-1324928.151127649,0.8313885793293992
356,129940,331.4,-1162252.1702590077,-1237335.7093396627,0.8760456968660224,52771.44678878784,808644.2426757812,38395.3358669281,113965.0,4923.207473278046,196324.39422607422,1162252.1802420616,0.2361560397242245,0.0005552688867522336,0.004289593618044532,0.009595459572186596,0.9749299883842468,,0.013646000000000002,-1324928.151127649,0.8313885793293992
357,130305,332.7,-1327541.6945113223,-1243866.4241272346,0.9224203736814734,41688.88845825195,1005276.6540527344,28629.70494890213,80095.0,2526.5910053253174,211013.74669647217,1327541.696703434,0.20518353679462484,0.0005157299231685006,0.0036048219940551605,0.007690386975331134,0.981130063533783,,0.013592000000000002,-1324928.151127649,0.8313885793293992
358,130670,333.3,-1196566.0161110973,-1244547.199357029,0.8668997875631672,54710.99649810791,826978.0904541016,40341.12130737305,117435.0,6699.206144213676,205112.59894561768,1196566.016851306,0.20518353679462484,0.0005157299231685006,0.0036048219940551605,0.007690386975331134,0.981130063533783,,0.013592000000000002,-1324928.151127649,0.8313885793293992
359,131035,334.0,-1229605.0451029171,-1240066.747424887,0.9049273639509122,53606.161947250366,842339.9383544922,35333.11785984039,95790.0,5135.7753257751465,251006.21546936035,1229605.047009468,0.20518353679462484,0.0005157299231685006,0.0036048219940551605,0.007690386975331134,0.981130063533783,,0.013592000000000002,-1324928.151127649,0.8313885793293992
360,131400,335.2,-1197147.6595510992,-1240897.4535384793,0.8583242292273534,56656.1248626709,818738.8114013672,41396.59528064728,121685.0,7195.530854225159,208131.71977233887,1197147.6573085785,0.20073626739414116,0.0004443395613825966,0.003592507889200198,0.008065586137634358,0.9804655909538269,,0.013538000000000001,-1324928.151127649,0.8313885793293992
361,131765,335.9,-1263773.2500947318,-1243804.8685493139,0.9185918941889724,44762.13044548035,933081.5517578125,30200.374133110046,84480.0,2777.4067615270615,213233.92176818848,1263773.254420638,0.20073626739414116,0.0004443395613825966,0.003592507889200198,0.008065586137634358,0.9804655909538269,,0.013538000000000001,-1324928.151127649,0.8313885793293992
362,132130,337.2,-1163263.5893027126,-1218477.6789697907,0.8822995162989995,54570.92568016052,796675.5710449219,38128.01904964447,109345.0,4587.475251674652,214527.52894592285,1163263.5942921638,0.2086076132561031,0.0004819532086912659,0.004113715996745189,0.00795031297265699,0.9805858135223389,,0.013502000000000002,-1324928.151127649,0.8313885793293992
363,132495,337.8,-1266216.419397342,-1223086.586924954,0.9092391773445966,52029.4789481163,885198.2716064453,34493.458750247955,90265.0,4334.372138500214,251925.31442260742,1266216.416917801,0.2086076132561031,0.0004819532086912659,0.004113715996745189,0.00795031297265699,0.9805858135223389,,0.013502000000000002,-1324928.151127649,0.8313885793293992
364,132860,338.4,-1172077.025929344,-1219750.8538727534,0.8649187422778508,55748.456926345825,795756.8117675781,41184.266344070435,117575.0,3879.8422927856445,213681.10821533203,1172077.0286197662,0.2086076132561031,0.0004819532086912659,0.004113715996745189,0.00795031297265699,0.9805858135223389,,0.013502000000000002,-1324928.151127649,0.8313885793293992
365,133225,339.7,-1227660.6713416495,-1221105.960483575,0.8998753330478929,58505.83968544006,809490.9558105469,38171.55940532684,99430.0,2688.8097290992737,277879.34198760986,1227660.6669325829,0.20291836226457044,0.0005514665352070312,0.004268445468225859,0.008485706437281087,0.9797340631484985,,0.013448000000000002,-1324928.151127649,0.8313885793293992
366,133590,340.4,-1189322.4719569439,-1221456.3686998545,0.8548262991317331,59034.29927158356,797089.8176269531,42696.90139198303,122950.0,5377.00493311882,221208.75033569336,1189322.4742877483,0.20291836226457044,0.0005514665352070312,0.004268445468225859,0.008485706437281087,0.9797340631484985,,0.013448000000000002,-1324928.151127649,0.8313885793293992
367,133955,341.0,-1206654.2499504709,-1222547.2474774076,0.8699223074194503,54640.4185962677,824842.1756591797,40325.73207759857,115360.0,6571.234517991543,219555.10163879395,1206654.2438935637,0.20291836226457044,0.0005514665352070312,0.004268445468225859,0.008485706437281087,0.9797340631484985,,0.013448000000000002,-1324928.151127649,0.8313885793293992
368,134320,342.3,-1196911.3092730627,-1216466.3053088698,0.8538965151734548,58772.95567512512,797068.1619873047,42585.97970890999,122925.0,4314.993956565857,230017.17529296875,1196911.3109457493,0.23249540242709613,0.0005433596732856179,0.0041102359230679114,0.008894035028979966,0.976345419883728,,0.013394000000000001,-1324928.151127649,0.8313885793293992
369,134685,342.9,-1281650.9148276437,-1214771.3638960205,0.9191292238562074,45783.24600601196,933072.0987548828,30725.381731033325,84205.0,2826.9924306869507,230821.44871520996,1281650.921631813,0.23249540242709613,0.0005433596732856179,0.0041102359230679114,0.008894035028979966,0.976345419883728,,0.013394000000000001,-1324928.151127649,0.8313885793293992
370,135050,343.5,-1329594.5966453755,-1221842.529496157,0.9214402166131425,43195.33953857422,996386.708984375,29581.61386823654,80565.0,1483.5905161499977,221577.68599700928,1329594.5993657708,0.23249540242709613,0.0005433596732856179,0.0041102359230679114,0.008894035028979966,0.976345419883728,,0.013394000000000001,-1324928.151127649,0.8313885793293992
371,135415,344.8,-1247134.4376215772,-1224990.7922296377,0.9116207220782973,50081.36533546448,890040.3602294922,33418.7044801712,89210.0,1901.3957648277283,232563.97455596924,1247134.4350304604,0.17976230833875506,0.0004128894700586802,0.0027289139597039473,0.007491457796851664,0.9828282594680786,,0.013340000000000001,-1324928.151127649,0.8313885793293992
372,135780,345.5,-1175579.8090335578,-1224166.381554937,0.8938637122715989,60471.826360702515,764984.0643310547,39408.931032180786,104090.0,3344.9997129440308,263751.81171798706,1175579.8067941666,0.17976230833875506,0.0004128894700586802,0.0027289139597039473,0.007491457796851664,0.9828282594680786,,0.013340000000000001,-1324928.151127649,0.8313885793293992
373,136145,346.1,-1181042.9604452923,-1221018.1418758123,0.8618017461201916,55765.62858581543,812109.0158691406,41420.06662750244,119415.0,3232.3238973617554,204866.55908203125,1181042.965476036,0.17976230833875506,0.0004128894700586802,0.0027289139597039473,0.007491457796851664,0.9828282594680786,,0.013340000000000001,-1324928.151127649,0.8313885793293992
374,136510,347.4,-1192045.3101332188,-1221445.581386223,0.8629859042494264,55949.93716049194,807842.2449951172,41306.34844875336,117715.0,7191.999929443002,217989.7163696289,1192045.3097429425,0.21213218079585777,0.0004822786246988567,0.003938909166639573,0.009355419021295873,0.9761784672737122,,0.013286000000000001,-1324928.151127649,0.8313885793293992
375,136875,349.1,-1290710.218954781,-1224837.4910221572,0.8438250781738594,77087.09806060791,779815.4083251953,52067.674951553345,125880.0,15309.407229185104,317637.7273750305,1290710.2178809643,0.21213218079585777,0.0004822786246988567,0.003938909166639573,0.009355419021295873,0.9761784672737122,,0.013286000000000001,-1325144.9024253981,0.830098785112982
376,137240,350.4,-1261770.2734709545,-1229813.3961827545,0.9141555317460675,48617.880056381226,909528.4376220703,32544.22730255127,85420.0,2109.380340576172,232168.23082733154,1261770.2760925293,0.21412085565297226,0.0005017251378376386,0.004080253735944433,0.009836680721491575,0.9760066270828247,,0.013250000000000001,-1325144.9024253981,0.830098785112982
377,137605,351.1,-1333698.9145359094,-1230121.257183984,0.8383184681200001,78134.01717090607,779474.4165039062,52438.92930984497,129615.0,19746.217443943024,352424.34983825684,1333698.913095951,0.21412085565297226,0.0005017251378376386,0.004080253735944433,0.009836680721491575,0.9760066270828247,,0.013250000000000001,-1325144.9024253981,0.830098785112982
378,137970,351.7,-1199954.2265159087,-1230290.6677042244,0.8596391026287863,55912.26652050018,815931.8837890625,41507.041679382324,118415.0,5289.256875038147,218811.0411529541,1199954.223496437,0.21412085565297226,0.0005017251378376386,0.004080253735944433,0.009836680721491575,0.9760066270828247,,0.013250000000000001,-1325144.9024253981,0.830098785112982
379,138335,353.1,-1319745.1208134552,-1234797.6714897514,0.8391311474042396,77561.33963775635,782713.2325439453,52488.11288738251,128765.0,23141.01401233673,332637.7607383728,1319745.1201820374,0.24232665586628413,0.00046657788066352765,0.0031955116727132057,0.011330624527641033,0.9703521728515625,,0.013196000000000001,-1325144.9024253981,0.830098785112982
380,138700,353.8,-1169774.085330568,-1233428.9927787248,0.8686917120463228,55710.16292953491,792457.4399414062,40639.324078559875,113525.0,3224.6329669952393,219927.6821899414,1169774.0791769028,0.24232665586628413,0.00046657788066352765,0.0031955116727132057,0.011330624527641033,0.9703521728515625,,0.013196000000000001,-1325144.9024253981,0.830098785112982
381,139065,354.5,-1296615.5868870905,-1235071.109618343,0.9141213681599866,48760.18270111084,912173.8485107422,32562.02926015854,84870.0,3811.4484577178955,263198.2616195679,1296615.5878481865,0.24232665586628413,0.00046657788066352765,0.0031955116727132057,0.011330624527641033,0.9703521728515625,,0.013196000000000001,-1325144.9024253981,0.830098785112982
382,139430,355.8,-1289608.683263192,-1241388.364316367,0.9170044343765468,46000.098744392395,936944.8685302734,30983.9666595459,83265.0,2279.389778137207,236135.45568847656,1289608.680656433,0.1964114200519888,0.00037283051714391487,0.002502709105867421,0.00937314786163992,0.9784546494483948,,0.013142000000000001,-1325144.9024253981,0.830098785112982
383,139795,356.4,-1179645.2322331665,-1237059.804958158,0.8651780704929404,56098.29432964325,805236.3918457031,41326.657141685486,114435.0,4520.11273598671,214127.07388305664,1179645.235606432,0.1964114200519888,0.00037283051714391487,0.002502709105867421,0.00937314786163992,0.9784546494483948,,0.013142000000000001,-1325144.9024253981,0.830098785112982
384,140160,357.1,-1156691.0515941612,-1236290.506241399,0.888850765032311,57094.51350784302,772401.1856689453,38116.95701789856,104440.0,4748.706663131714,236984.1957397461,1156691.0450897217,0.1964114200519888,0.00037283051714391487,0.002502709105867421,0.00937314786163992,0.9784546494483948,,0.013142000000000001,-1325144.9024253981,0.830098785112982
385,140525,358.5,-1173061.5006200694,-1233560.5477053202,0.8891563206502836,59000.24101638794,765638.8491210938,38999.06242799759,103330.0,3406.672155857086,261686.9188117981,1173061.5025167465,0.20501022256518664,0.0005524830130046834,0.004631979425443876,0.008868894821621086,0.9771888256072998,,0.013088,-1325144.9024253981,0.830098785112982
386,140890,359.1,-1167669.4756844698,-1232477.8978916963,0.8890451068747534,59014.24575805664,773957.1506347656,39048.64928102493,104180.0,2287.5333580970764,248196.14641952515,1167669.4796934128,0.20501022256518664,0.0005524830130046834,0.004631979425443876,0.008868894821621086,0.9771888256072998,,0.013088,-1325144.9024253981,0.830098785112982
387,141255,359.8,-1175369.2577393139,-1230913.6482811386,0.8684404446654124,55446.1643371582,801050.6145019531,40785.6471118927,113675.0,5747.407185077667,214110.58908081055,1175369.257879734,0.20501022256518664,0.0005524830130046834,0.004631979425443876,0.008868894821621086,0.9771888256072998,,0.013088,-1325144.9024253981,0.830098785112982
388,141620,361.4,-1199502.4626501747,-1231043.2059499943,0.8977348732621703,56510.93489456177,794795.3970947266,37275.89676237106,98935.0,3000.6912317276,265495.4790344238,1199502.464123249,0.21433651996286293,0.0005802529542147807,0.003996731948542507,0.008594259840289229,0.9779632091522217,,0.013034,-1325144.9024253981,0.830098785112982
389,141985,362.1,-1242142.1044100118,-1229067.7654291126,0.8464631198203727,71177.8477935791,789198.4620361328,49153.293729782104,123520.0,12441.246971547604,267829.1023864746,1242142.1051239371,0.21433651996286293,0.0005802529542147807,0.003996731948542507,0.008594259840289229,0.9779632091522217,,0.013034,-1325144.9024253981,0.830098785112982
390,142350,363.5,-1165390.6407328236,-1220857.567633485,0.8696576415675961,54115.282890319824,799156.4981689453,39975.575357437134,113535.0,6767.5669186115265,205956.00241088867,1165390.6428558826,0.2189508080482483,0.0005678671723217121,0.004042776011996658,0.009366399633060945,0.9761106371879578,,0.012998000000000001,-1325144.9024253981,0.830098785112982
391,142715,364.2,-1173570.7647901108,-1217179.3839919115,0.8699921465899846,55407.07985877991,787702.3291015625,40413.62772655487,112420.0,6189.563339233398,226845.24493408203,1173570.7651014328,0.2189508080482483,0.0005678671723217121,0.004042776011996658,0.009366399633060945,0.9761106371879578,,0.012998000000000001,-1325144.9024253981,0.830098785112982
392,143080,364.8,-1163350.5221697974,-1216567.9196487234,0.8857818467976296,60277.35266208649,770301.1151123047,40139.44801092148,103815.0,3397.13554084301,245697.82500457764,1163350.5236686468,0.2189508080482483,0.0005678671723217121,0.004042776011996658,0.009366399633060945,0.9761106371879578,,0.012998000000000001,-1325144.9024253981,0.830098785112982
393,143445,366.1,-1170423.274714404,-1216036.9353621793,0.8574971615451656,56944.91055107117,792208.263671875,41947.95929527283,117805.0,4988.029881477356,213474.02661132812,1170423.2794599533,0.21099764696861567,0.0005108412684230165,0.004026446430974542,0.00856536969321927,0.9781414866447449,,0.012944,-1325144.9024253981,0.830098785112982
394,143810,366.8,-1285292.2218523207,-1220699.2809481341,0.9166074504591014,46328.10489177704,933359.9084472656,31264.003162384033,81305.0,3198.0490016937256,236165.26028442383,1285292.2208957672,0.21099764696861567,0.0005108412684230165,0.004026446430974542,0.00856536969321927,0.9781414866447449,,0.012944,-1325144.9024253981,0.830098785112982
395,144175,367.6,-1226686.2797044918,-1217498.0839856197,0.9068862047913956,52963.61871814728,846957.5375976562,35031.774351119995,90115.0,3815.3412247002125,250766.62786865234,1226686.2810421288,0.21099764696861567,0.0005108412684230165,0.004026446430974542,0.00856536969321927,0.9781414866447449,,0.012944,-1325144.9024253981,0.830098785112982
396,144540,369.1,-1248893.1947618334,-1216854.2300501638,0.9018463534851596,57666.52853393555,820806.8524169922,37720.82354545593,93820.0,3475.3647232055664,293070.15350341797,1248893.1941890717,0.17305227271036097,0.00047469002579179545,0.0037392064185903444,0.00773899660960428,0.9815689325332642,,0.01289,-1325144.9024253981,0.830098785112982
397,144905,369.7,-1337310.808040217,-1217034.824725379,0.8347676951591283,78658.3293876648,801024.8005371094,52654.99192714691,128500.0,16288.06052494049,338842.9563598633,1337310.80934906,0.17305227271036097,0.00047469002579179545,0.0037392064185903444,0.00773899660960428,0.9815689325332642,,0.01289,-1325144.9024253981,0.830098785112982
398,145270,370.4,-1295731.7222131612,-1221823.6995102416,0.9181117836743184,46495.62110233307,927718.0267333984,31285.1844329834,80850.0,2314.7487688064575,253563.7654800415,1295731.7254152298,0.17305227271036097,0.00047469002579179545,0.0037392064185903444,0.00773899660960428,0.9815689325332642,,0.01289,-1325144.9024253981,0.830098785112982
399,145635,372.0,-1393147.3210018356,-1225493.8095196607,0.8357721820269546,78482.91761779785,809270.9141845703,52375.51092338562,128895.0,29805.131141155958,372800.76121520996,1393147.3174643219,0.20582392184357895,0.0005397054250064876,0.0046137759774482175,0.010434540564586458,0.9745678901672363,,0.012836,-1325144.9024253981,0.830098785112982
400,146000,373.8,-1199356.0346959631,-1226972.9069879304,0.8498748175085408,67489.25483083725,788919.0062255859,47048.5647482872,122740.0,9875.623076438904,230772.83460998535,1199356.0286602974,0.20582392184357895,0.0005397054250064876,0.0046137759774482175,0.010434540564586458,0.9745678901672363,,0.012836,-1328827.0382704593,0.8319545283709486
401,146365,374.5,-1228167.0288146168,-1223550.4790843069,0.8470609348114223,67300.75900268555,797267.8896484375,47055.48371887207,122895.0,14371.102714538574,246577.55331420898,1228167.0293960571,0.20582392184357895,0.0005397054250064876,0.0046137759774482175,0.010434540564586458,0.9745678901672363,,0.012836,-1328827.0382704593,0.8319545283709486
402,146730,376.1,-1241986.138025385,-1221169.3518224165,0.9094994327793383,50041.97663497925,881380.3743896484,33343.22464179993,88090.0,2556.20048141852,236616.34243774414,1241986.141950611,0.22930106383405233,0.0004799872801748662,0.0035170170472395654,0.011292441453980772,0.9704685807228088,,0.012782000000000002,-1328827.0382704593,0.8319545283709486
403,147095,376.8,-1216621.2105635651,-1223018.1507389366,0.9024763971158903,55370.539160728455,822448.4959716797,36340.436389923096,94545.0,5538.058973789215,257749.21463012695,1216621.205965519,0.22930106383405233,0.0004799872801748662,0.0035170170472395654,0.011292441453980772,0.9704685807228088,,0.012782000000000002,-1328827.0382704593,0.8319545283709486
404,147460,378.4,-1180032.3007166698,-1224185.2131950618,0.8871194099726742,56274.155336380005,787129.7944335938,38147.75421714783,105015.0,4336.784597396851,245402.97497558594,1180032.3082237244,0.18676390871405602,0.0003956170505357716,0.003279301163274795,0.007957648289831061,0.9793627262115479,,0.012746,-1328827.0382704593,0.8319545283709486
405,147825,379.1,-1400567.6800111516,-1235560.522164616,0.8367991354367504,76787.94287872314,833061.4554443359,51317.08349990845,127990.0,27561.625335216522,360637.51628112793,1400567.6805605888,0.18676390871405602,0.0003956170505357716,0.003279301163274795,0.007957648289831061,0.9793627262115479,,0.012746,-1328827.0382704593,0.8319545283709486
406,148190,379.8,-1364895.8906157883,-1245421.8429111817,0.8413281930636053,76112.18914794922,799649.7468261719,51053.09188556671,127240.0,23817.637409210205,363135.4063796997,1364895.8825006485,0.18676390871405602,0.0003956170505357716,0.003279301163274795,0.007957648289831061,0.9793627262115479,,0.012746,-1328827.0382704593,0.8319545283709486
407,148555,381.4,-1159012.2781883725,-1244603.9939336348,0.8914250997647847,57063.907260894775,779752.2254638672,37818.294786930084,103165.0,5310.718680381775,232966.0464553833,1159012.2853865623,0.2284904255678779,0.0004827292211159243,0.002884178832908602,0.011672529440961386,0.970514714717865,,0.012692,-1328827.0382704593,0.8319545283709486
408,148920,382.1,-1236329.395200218,-1246445.340561137,0.9020139454162284,56169.760414123535,832717.6010742188,36661.18121814728,94610.0,4668.718315124512,267671.899017334,1236329.3996248245,0.2284904255678779,0.0004827292211159243,0.002884178832908602,0.011672529440961386,0.970514714717865,,0.012692,-1328827.0382704593,0.8319545283709486
409,149285,382.9,-1192597.9586016126,-1243968.133270717,0.8998366938878413,55464.92960071564,813467.4940185547,36713.98925590515,97965.0,3413.9338064193726,241037.53440856934,1192597.9514894485,0.2284904255678779,0.0004827292211159243,0.002884178832908602,0.011672529440961386,0.970514714717865,,0.012692,-1328827.0382704593,0.8319545283709486
410,149650,384.3,-1164344.751732416,-1243915.8388206968,0.892352142562605,58556.12163448334,780492.5727539062,38375.209676742554,103485.0,4529.972479581833,237461.99492168427,1164344.749831915,0.19175178459600398,0.0005132291873068377,0.004270587061335773,0.007909427537876917,0.9798591732978821,,0.012638,-1328827.0382704593,0.8319545283709486
411,150015,385.0,-1217573.6397777526,-1246115.9825700787,0.8546321178135806,56065.48356819153,827799.7669677734,41045.22053146362,119785.0,7586.008677765727,221357.64321899414,1217573.639395997,0.19175178459600398,0.0005132291873068377,0.004270587061335773,0.007909427537876917,0.9798591732978821,,0.012638,-1328827.0382704593,0.8319545283709486
412,150380,385.7,-1193418.1641269107,-1247619.3646679344,0.8992604941537935,55311.09992027283,810183.0418701172,36348.07856082916,98635.0,4777.010582448915,243475.0417022705,1193418.1727156658,0.19175178459600398,0.0005132291873068377,0.004270587061335773,0.007909427537876917,0.9798591732978821,,0.012638,-1328827.0382704593,0.8319545283709486
413,150745,387.1,-1194635.088128299,-1248829.9553386292,0.8605659979663484,54720.17496299744,819186.8101806641,40644.21043968201,118355.0,6790.326187133789,209658.73788452148,1194635.0846920013,0.2173784849675078,0.00045317811356270746,0.0033687123083693316,0.008764751022681594,0.9774700403213501,,0.012584000000000003,-1328827.0382704593,0.8319545283709486
414,151110,387.8,-1206455.926304611,-1244888.1405612438,0.9016201639828617,53973.27816963196,826871.0008544922,35778.551946640015,98015.0,3668.0394082069397,242123.3343887329,1206455.926598072,0.2173784849675078,0.00045317811356270746,0.0033687123083693316,0.008764751022681594,0.9774700403213501,,0.012584000000000003,-1328827.0382704593,0.8319545283709486
415,151475,388.4,-1262604.935605283,-1246684.0733562834,0.9164361654895625,46521.652349472046,920901.8656005859,31227.112359046936,85340.0,2576.951596260071,222559.01598358154,1262604.9455394745,0.2173784849675078,0.00045317811356270746,0.0033687123083693316,0.008764751022681594,0.9774700403213501,,0.012584000000000003,-1328827.0382704593,0.8319545283709486
416,151840,389.8,-1193479.1243781364,-1243913.3698370985,0.85934056092615,53415.39157485962,828597.9615478516,39879.554151535034,120140.0,7573.886472702026,197287.72062683105,1193479.1227989197,0.1966425243176912,0.0005140052595188057,0.004296821471622312,0.008813609332336407,0.9789159297943115,,0.012530000000000001,-1328827.0382704593,0.8319545283709486
417,152205,390.6,-1179149.9778624089,-1236005.3283282083,0.8988573637727189,53883.17333602905,810081.2828369141,35657.149201869965,99895.0,5005.293549120426,228511.25310897827,1179149.9786968827,0.1966425243176912,0.0005140052595188057,0.004296821471622312,0.008813609332336407,0.9789159297943115,,0.012530000000000001,-1328827.0382704593,0.8319545283709486
418,152570,391.3,-1257618.854572206,-1234099.6849461603,0.9154909300477537,46770.96225166321,909701.5953369141,31519.839888572693,86620.0,1823.6441042423248,227953.77571868896,1257618.855048418,0.1966425243176912,0.0005140052595188057,0.004296821471622312,0.008813609332336407,0.9789159297943115,,0.012530000000000001,-1328827.0382704593,0.8319545283709486
419,152935,392.8,-1167143.0779832208,-1222799.4727952296,0.8921644525985195,55092.4688873291,791381.3321533203,36793.78494358063,105670.0,4413.135068893433,228884.81408691406,1167143.0662527084,0.19876800046155327,0.0004363535868641951,0.0033119603253190257,0.008479616365787623,0.9795385003089905,,0.012476000000000003,-1328827.0382704593,0.8319545283709486
420,153300,393.5,-1183101.7080970407,-1221986.7564652832,0.8719799598602399,50359.80342292786,828373.8375244141,37919.85604286194,114900.0,10683.65569972992,191224.35989379883,1183101.7091608047,0.19876800046155327,0.0004363535868641951,0.0033119603253190257,0.008479616365787623,0.9795385003089905,,0.012476000000000003,-1328827.0382704593,0.8319545283709486
421,153665,394.9,-1185965.6752560032,-1219876.6887873525,0.8743073523861088,51067.26296901703,833823.9088134766,38008.15163707733,114685.0,6703.614608764648,192745.0033569336,1185965.6784162521,0.2185098687677007,0.0004760393763526257,0.0031146668602320318,0.007881364779007671,0.9792758226394653,,0.012440000000000003,-1328827.0382704593,0.8319545283709486
422,154030,395.6,-1226485.8689698922,-1219101.675334578,0.8518644025880997,65207.52240753174,819264.3409423828,45724.213134765625,125065.0,14036.096159815788,222396.21731567383,1226485.867552638,0.2185098687677007,0.0004760393763526257,0.0031146668602320318,0.007881364779007671,0.9792758226394653,,0.012440000000000003,-1328827.0382704593,0.8319545283709486
423,154395,396.3,-1199451.481489814,-1218243.1888808901,0.8852602313642632,50665.06155014038,818062.6898193359,35997.65095567703,109765.0,4949.325066089616,230676.81171035767,1199451.4775514603,0.2185098687677007,0.0004760393763526257,0.0031146668602320318,0.007881364779007671,0.9792758226394653,,0.012440000000000003,-1328827.0382704593,0.8319545283709486
424,154760,397.7,-1218527.6671698336,-1220167.9572035484,0.9116461918778616,46411.3527507782,896300.1839599609,31370.308125972748,89855.0,1766.5545692443848,199235.61695098877,1218527.6636061668,0.2075839503423164,0.0005476712682904786,0.004236321706373833,0.009007094942621495,0.9775693416595459,,0.012386000000000001,-1328827.0382704593,0.8319545283709486
425,155125,399.5,-1224438.6516043807,-1211361.50578321,0.8523757581841456,60354.12595081329,819210.5845947266,43114.24685382843,123900.0,7392.984915494919,230820.83503723145,1224438.6514012814,0.2075839503423164,0.0005476712682904786,0.004236321706373833,0.009007094942621495,0.9775693416595459,,0.012386000000000001,-1352387.6720738476,0.8373639370480629
426,155490,400.2,-1361837.2172190226,-1211208.5721133717,0.8414155168076084,72777.11983203888,831053.7451171875,49032.67604160309,130545.0,31718.953872799873,319486.8392944336,1361837.214326024,0.2075839503423164,0.0005476712682904786,0.004236321706373833,0.009007094942621495,0.9775693416595459,,0.012386000000000001,-1352387.6720738476,0.8373639370480629
427,155855,401.6,-1215674.4385738112,-1214041.6801326438,0.9086052507570345,48748.40598106384,862147.5081787109,32658.84223175049,92540.0,3976.5148000717163,224351.5803527832,1215674.4455633163,0.22197245218251882,0.0004485715980033427,0.003587421625668771,0.010970749916802896,0.9723873734474182,,0.012332000000000003,-1352387.6720738476,0.8373639370480629
428,156220,402.3,-1202102.2213858366,-1212330.3214419247,0.8674222415440703,53043.196482658386,832912.9410400391,39318.862484931946,116490.0,5716.280692100525,207664.13671875,1202102.2209358215,0.22197245218251882,0.0004485715980033427,0.003587421625668771,0.010970749916802896,0.9723873734474182,,0.012332000000000003,-1352387.6720738476,0.8373639370480629
429,156585,403.0,-1587191.004609246,-1232059.9737423062,0.9237494930829088,39723.80803823471,1218569.7924804688,28132.279353141785,77655.0,7361.184689760208,255472.75006103516,1587191.006584406,0.22197245218251882,0.0004485715980033427,0.003587421625668771,0.010970749916802896,0.9723873734474182,,0.012332000000000003,-1352387.6720738476,0.8373639370480629
430,156950,404.5,-1250949.9933187268,-1236390.2358216217,0.9175967466341306,44733.42958641052,918464.9024658203,30342.114990711212,86515.0,1796.1469743251655,213831.82946777344,1250949.9938986301,0.18678505542246918,0.0004024604909557782,0.0029403954226597164,0.011249562075949814,0.9731084704399109,,0.012278,-1352387.6720738476,0.8373639370480629
431,157315,405.2,-1192352.5681985905,-1235129.1822426638,0.8602747628133591,52593.85118103027,832712.6927490234,39100.145568847656,120880.0,7536.958383560181,192122.7652130127,1192352.561914444,0.18678505542246918,0.0004024604909557782,0.0029403954226597164,0.011249562075949814,0.9731084704399109,,0.012278,-1352387.6720738476,0.8373639370480629
432,157680,405.8,-1176728.9262053915,-1234294.7203465877,0.8963668437853252,57437.44710731506,784973.4525146484,37512.28688430786,104615.0,3148.9763221740723,246479.20281791687,1176728.9185390472,0.18678505542246918,0.0004024604909557782,0.0029403954226597164,0.011249562075949814,0.9731084704399109,,0.012278,-1352387.6720738476,0.8373639370480629
433,158045,407.2,-1316645.813237165,-1240395.2566020312,0.9224459199056233,40395.25375556946,1005987.4005126953,28412.100345611572,78025.0,617.5009288787842,203603.8109588623,1316645.812746048,0.2012693331037697,0.0005731525466935158,0.004100598796197262,0.00864392846185518,0.9786897301673889,,0.012224000000000002,-1352387.6720738476,0.8373639370480629
434,158410,407.9,-1193823.007084152,-1239763.6106410082,0.8724181163800906,50593.748794555664,834471.4735107422,37903.35354614258,113915.0,8092.080212593079,199441.1032409668,1193823.0105104446,0.2012693331037697,0.0005731525466935158,0.004100598796197262,0.00864392846185518,0.9786897301673889,,0.012224000000000002,-1352387.6720738476,0.8373639370480629
435,158775,409.4,-1194331.8219874084,-1236349.9549601146,0.8867621178496374,54168.21970176697,803373.0174560547,37109.22336292267,107655.0,7184.112540721893,239010.46908569336,1194331.8224453926,0.18922950503857514,0.00043595370535561077,0.0036211515812043984,0.007892575102711194,0.9811540246009827,,0.012188000000000003,-1352387.6720738476,0.8373639370480629
436,159140,410.1,-1188431.6747105664,-1236097.582476736,0.8920796719315934,56534.06484603882,796406.3917236328,37628.07823944092,104660.0,3026.671375989914,246710.5315990448,1188431.6729381084,0.18922950503857514,0.00043595370535561077,0.0036211515812043984,0.007892575102711194,0.9811540246009827,,0.012188000000000003,-1352387.6720738476,0.8373639370480629
437,159505,410.8,-1298921.0566798914,-1242086.13641761,0.9206854536108775,44016.71082115173,969340.8409423828,29862.293168067932,80265.0,2953.6599678993225,216499.26153564453,1298921.0556139946,0.18922950503857514,0.00043595370535561077,0.0036211515812043984,0.007892575102711194,0.9811540246009827,,0.012188000000000003,-1352387.6720738476,0.8373639370480629
438,159870,412.2,-1131659.4249546835,-1235788.164936734,0.8950829992555592,56235.370533943176,772683.4595947266,36979.60333824158,103485.0,3409.67781829834,215101.66511535645,1131659.405866623,0.18037862173820796,0.00044911078896946394,0.0038508365059418508,0.007746431780488868,0.9819549918174744,,0.012134,-1352387.6720738476,0.8373639370480629
439,160235,412.9,-1176209.4649988029,-1236241.484287513,0.8534965995239885,55072.58501625061,806872.6203613281,40386.12364578247,121885.0,4247.295259237289,202818.4206161499,1176209.4598824978,0.18037862173820796,0.00044911078896946394,0.0038508365059418508,0.007746431780488868,0.9819549918174744,,0.012134,-1352387.6720738476,0.8373639370480629
440,160600,413.6,-1174290.8375779833,-1235800.94076156,0.8891506291415593,53346.47861480713,793240.73046875,36492.78983879089,107130.0,4433.643656611443,232993.67657470703,1174290.8405388594,0.18037862173820796,0.00044911078896946394,0.0038508365059418508,0.007746431780488868,0.9819549918174744,,0.012134,-1352387.6720738476,0.8373639370480629
441,160965,415.0,-1150990.8262000857,-1234052.1983087643,0.8926231911737625,55279.46147727966,785650.4328613281,36922.13182735443,104735.0,4895.541239857674,218787.72099113464,1150990.8269196749,0.2090447586225836,0.0005551588784376355,0.004269516261717256,0.008375574105517253,0.9783765077590942,,0.012080000000000002,-1352387.6720738476,0.8373639370480629
442,161330,415.6,-1164039.7353067778,-1230929.8916256086,0.8788751969598744,52629.12141418457,809334.6711425781,38049.45595932007,110265.0,5118.271686017513,201272.34533309937,1164039.744121015,0.2090447586225836,0.0005551588784376355,0.004269516261717256,0.008375574105517253,0.9783765077590942,,0.012080000000000002,-1352387.6720738476,0.8373639370480629
443,161695,416.3,-1230239.2589094099,-1232469.2804965884,0.9127860840052775,48324.7406539917,892773.2895507812,32483.413303375244,87860.0,2588.6662998199463,214533.89294433594,1230239.2620983124,0.2090447586225836,0.0005551588784376355,0.004269516261717256,0.008375574105517253,0.9783765077590942,,0.012080000000000002,-1352387.6720738476,0.8373639370480629
444,162060,417.7,-1209505.8316599198,-1232018.1887210924,0.9034450895165744,53591.90471839905,834341.7392578125,35451.5222492218,95870.0,1901.7874357700348,241940.78747558594,1209505.8364183903,0.19377682848196282,0.0005157885833748304,0.003802115462205716,0.00799780004461737,0.9812683463096619,,0.012026,-1352387.6720738476,0.8373639370480629
445,162425,418.4,-1218587.63011138,-1231725.6376464427,0.9129881372190501,46347.00848388672,892321.1580810547,31274.817141532898,88050.0,3288.787928581238,203652.87280273438,1218587.6359539032,0.19377682848196282,0.0005157885833748304,0.003802115462205716,0.00799780004461737,0.9812683463096619,,0.012026,-1352387.6720738476,0.8373639370480629
446,162790,419.1,-1138632.3752631848,-1220565.3955486505,0.8859396805501965,53286.0200176239,792816.5666503906,37040.64935207367,107375.0,4461.604249954224,196938.55159759521,1138632.3718500137,0.19377682848196282,0.0005157885833748304,0.003802115462205716,0.00799780004461737,0.9812683463096619,,0.012026,-1352387.6720738476,0.8373639370480629
447,163155,420.5,-1214142.3889336355,-1220488.793066642,0.8589549489217262,55720.32380580902,830595.1156005859,40747.94477844238,119210.0,5295.574332475662,218293.7528076172,1214142.3875191212,0.18862725029650487,0.0003916151803136209,0.0027439050517339063,0.007909453835485405,0.9809308648109436,,0.011972000000000002,-1352387.6720738476,0.8373639370480629
448,163520,421.1,-1277127.6446066427,-1224240.064227682,0.8484070242267765,73528.39276504517,787677.6422119141,49876.1487903595,124590.0,12205.704976081848,302778.1482772827,1277127.6442556381,0.18862725029650487,0.0003916151803136209,0.0027439050517339063,0.007909453835485405,0.9809308648109436,,0.011972000000000002,-1352387.6720738476,0.8373639370480629
449,163885,422.6,-1170276.2891231754,-1203394.3284533785,0.8880939317076173,53544.45446586609,793218.6840820312,36583.49015712738,106480.0,3612.7650203704834,230381.35139465332,1170276.2906541824,0.21525289588852933,0.0005133915447004256,0.003490782624698783,0.009596883993301736,0.9746677875518799,,0.011936000000000002,-1352387.6720738476,0.8373639370480629
450,164250,424.8,-1310807.2269144547,-1206387.190133165,0.9234538473495065,40232.32971572876,996199.3367919922,28403.02625131607,77560.0,2748.1531977653503,205896.70791625977,1310807.2241573334,0.21525289588852933,0.0005133915447004256,0.003490782624698783,0.009596883993301736,0.9746677875518799,,0.011936000000000002,-1324634.275190996,0.8375450653572605
451,164615,425.6,-1193532.3612037797,-1206446.1797834244,0.8991423744044892,56804.341569423676,806633.1470947266,37091.64530467987,99845.0,2041.414707183838,247921.15614318848,1193532.3632497787,0.21525289588852933,0.0005133915447004256,0.003490782624698783,0.009596883993301736,0.9746677875518799,,0.011936000000000002,-1324634.275190996,0.8375450653572605
452,164980,427.1,-1156377.9439127736,-1205428.6306687933,0.8765252266844658,50443.836029052734,812002.6237792969,36945.51767253876,111460.0,4764.164098262787,191205.64067840576,1156377.9462285042,0.1807837074524478,0.0004276130856803655,0.0029093424520014147,0.008045746607853002,0.9805346131324768,,0.011882,-1324634.275190996,0.8375450653572605
453,165345,427.8,-1213146.078064334,-1200253.643910152,0.9036534578832861,53705.116755485535,838751.9233398438,35538.484645843506,94325.0,2488.761505126953,242041.90414237976,1213146.073633194,0.1807837074524478,0.0004276130856803655,0.0029093424520014147,0.008045746607853002,0.9805346131324768,,0.011882,-1324634.275190996,0.8375450653572605
454,165710,428.8,-1294822.701418155,-1205303.628626852,0.9234385144220639,40768.589186668396,977536.6477050781,28018.550008773804,78605.0,3214.100335121155,207448.40313529968,1294822.7011842728,0.1807837074524478,0.0004276130856803655,0.0029093424520014147,0.008045746607853002,0.9805346131324768,,0.011882,-1324634.275190996,0.8375450653572605
455,166075,430.2,-1288915.8042127697,-1210032.8277381202,0.8455343644912928,73027.62630462646,792579.6488037109,49767.33394241333,126605.0,17075.404317855835,302888.41763305664,1288915.8046970367,0.1761165227937071,0.0002939116878367617,0.0017652009708782363,0.008184601803996452,0.9811540842056274,,0.011828000000000002,-1324634.275190996,0.8375450653572605
456,166440,430.8,-1186160.111348851,-1209919.2495700347,0.8942305782069898,57945.628465652466,782904.4672851562,38192.571517944336,102200.0,2770.9340744018555,260092.14232063293,1186160.1151981354,0.1761165227937071,0.0002939116878367617,0.0017652009708782363,0.008184601803996452,0.9811540842056274,,0.011828000000000002,-1324634.275190996,0.8375450653572605
457,166805,431.5,-1143636.4308348848,-1202155.0182777843,0.8861170019188972,54015.132120132446,792475.8421630859,37248.03726482391,106995.0,5319.372054576874,201598.1824874878,1143636.4339699745,0.1761165227937071,0.0002939116878367617,0.0017652009708782363,0.008184601803996452,0.9811540842056274,,0.011828000000000002,-1324634.275190996,0.8375450653572605
458,167170,432.9,-1194646.366201137,-1205304.3653401071,0.8806111840352621,54099.35651016235,798602.6685791016,38121.852080345154,108630.0,4639.332755982876,244652.51825904846,1194646.371674478,0.2036159487539216,0.0004480934503590106,0.002949229462262194,0.009505493713444784,0.9760882258415222,,0.011774,-1324634.275190996,0.8375450653572605
459,167535,433.7,-1147543.4687396046,-1203871.0655271471,0.8896729007159194,57254.886174201965,777432.5180664062,38317.09815311432,104725.0,1515.1925477981567,225553.65815734863,1147543.4669246674,0.2036159487539216,0.0004480934503590106,0.002949229462262194,0.009505493713444784,0.9760882258415222,,0.011774,-1324634.275190996,0.8375450653572605
460,167900,434.4,-1147974.1881190315,-1202555.2330541995,0.8924074200734701,58208.83534145355,764766.8000488281,38289.140785217285,103225.0,5280.708209991455,236412.5361328125,1147974.1851768494,0.2036159487539216,0.0004480934503590106,0.002949229462262194,0.009505493713444784,0.9760882258415222,,0.011774,-1324634.275190996,0.8375450653572605
461,168265,436.0,-1248766.2626352552,-1207444.0048759575,0.9053788480693347,52969.91958618164,857147.8834228516,35296.57183933258,91200.0,3049.450580596924,262072.36274719238,1248766.2685899734,0.19653571377459325,0.00037521389626099814,0.0028381347717521222,0.00791988626588136,0.9803494811058044,,0.011720000000000001,-1324634.275190996,0.8375450653572605
462,168630,436.7,-1191839.909698181,-1208834.0135955282,0.860731162437021,56150.7044467926,813203.1923828125,41411.05183887482,117500.0,4863.230261802673,214862.43955993652,1191839.9140434265,0.19653571377459325,0.00037521389626099814,0.0028381347717521222,0.00791988626588136,0.9803494811058044,,0.011720000000000001,-1324634.275190996,0.8375450653572605
463,168995,438.2,-1168638.3181457003,-1205753.9665573426,0.8765898854765174,53302.845710754395,798052.2825927734,38462.081258773804,110755.0,4744.106320381165,216624.85544204712,1168638.3256139755,0.2016247093285385,0.0004950395623382065,0.003138224291002476,0.00883790702362986,0.9782644510269165,,0.011684000000000002,-1324634.275190996,0.8375450653572605
464,169360,438.9,-1176037.252880013,-1204080.5376183472,0.8631371302147434,54169.927770614624,806649.625,40565.5847530365,117225.0,4599.774703502655,206997.26110076904,1176037.2455573082,0.2016247093285385,0.0004950395623382065,0.003138224291002476,0.00883790702362986,0.9782644510269165,,0.011684000000000002,-1324634.275190996,0.8375450653572605
465,169725,439.6,-1173856.9231984718,-1201844.0022727018,0.8950629448237485,59021.856499671936,767665.2076416016,38488.67878866196,102985.0,4020.6202630996704,260697.41877555847,1173856.9254689217,0.2016247093285385,0.0004950395623382065,0.003138224291002476,0.00883790702362986,0.9782644510269165,,0.011684000000000002,-1324634.275190996,0.8375450653572605
466,170090,441.0,-1278152.4232346602,-1208820.0046712756,0.9176834091748277,45870.6665687561,935293.4498291016,31045.918043136597,83340.0,1598.9881782531738,226874.072265625,1278152.4283161163,0.19130629987308853,0.0004857928291274124,0.0038278144753636106,0.008714648331270405,0.9798690676689148,,0.01163,-1324634.275190996,0.8375450653572605
467,170455,441.8,-1196475.8115246848,-1207936.675800828,0.8579750906931211,56747.35447025299,802934.3670654297,41571.9287147522,121755.0,4635.4033880233765,225579.10850524902,1196475.8076734543,0.19130629987308853,0.0004857928291274124,0.0038278144753636106,0.008714648331270405,0.9798690676689148,,0.01163,-1324634.275190996,0.8375450653572605
468,170820,442.4,-1280803.9838677112,-1208120.4927638816,0.9196997595159975,44029.90482521057,944093.1057128906,29876.68379020691,82970.0,1756.828292876482,222107.36637115479,1280803.9841671288,0.19130629987308853,0.0004857928291274124,0.0038278144753636106,0.008714648331270405,0.9798690676689148,,0.01163,-1324634.275190996,0.8375450653572605
469,171185,443.8,-1203659.9780520727,-1209789.6772103265,0.9001752188760941,56334.006006240845,800985.3814697266,37182.16040325165,100250.0,2784.5404081344604,262457.901473999,1203659.9837551117,0.18109583835068502,0.0005104358004150287,0.003948278602604803,0.008887006643865453,0.9801409840583801,,0.011576000000000001,-1324634.275190996,0.8375450653572605
470,171550,444.5,-1155719.5766997223,-1202035.29469959,0.8748958881587199,52882.62872123718,793490.5764160156,38510.7241859436,114100.0,2610.0116328001022,207008.26976013184,1155719.5819948912,0.18109583835068502,0.0005104358004150287,0.003948278602604803,0.008887006643865453,0.9801409840583801,,0.011576000000000001,-1324634.275190996,0.8375450653572605
471,171915,445.2,-1154167.3610342545,-1200067.0446911133,0.8661465419481879,53170.822301864624,789210.0706787109,39919.89691352844,118385.0,3731.7721180915833,202920.61930847168,1154167.3590188026,0.18109583835068502,0.0005104358004150287,0.003948278602604803,0.008887006643865453,0.9801409840583801,,0.011576000000000001,-1324634.275190996,0.8375450653572605
472,172280,446.7,-1206910.7575549819,-1202593.6853732239,0.8573458860998284,56723.42339515686,808763.0476074219,41679.89571762085,122265.0,5127.18013715744,229075.63483428955,1206910.7582964897,0.21269875196249863,0.0006139041658427327,0.005237512434465124,0.009240260347723961,0.9761925339698792,,0.011522000000000001,-1324634.275190996,0.8375450653572605
473,172645,447.4,-1223658.071733448,-1203119.2850566797,0.9062656005767927,51916.20431518555,849329.5170898438,34589.31957054138,94870.0,4196.755051672459,240672.4715270996,1223658.0632391572,0.21269875196249863,0.0006139041658427327,0.005237512434465124,0.009240260347723961,0.9761925339698792,,0.011522000000000001,-1324634.275190996,0.8375450653572605
474,173010,448.2,-1147481.546095019,-1195752.2272905228,0.8698904396736459,52639.13066101074,800483.2172851562,39156.99374771118,116655.0,2717.293539047241,188469.0414276123,1147481.545999527,0.21269875196249863,0.0006139041658427327,0.005237512434465124,0.009240260347723961,0.9761925339698792,,0.011522000000000001,-1324634.275190996,0.8375450653572605
475,173375,450.7,-1151836.5406785123,-1188898.26411381,0.878889682194958,54734.20674991608,784147.9384765625,39240.123801231384,112020.0,2587.6687545776367,213840.8090353012,1151836.5400676727,0.19627889539850385,0.00045887641265021797,0.003840663981942558,0.009034228596934363,0.9777647852897644,,0.011468,-1317491.1081381924,0.834418897106223
476,173740,451.4,-1181266.2842475674,-1188653.5727587456,0.8983027851744874,57730.45434951782,781963.9197998047,37747.92102241516,101200.0,3979.1561889648438,256375.2953262329,1181266.2923374176,0.19627889539850385,0.00045887641265021797,0.003840663981942558,0.009034228596934363,0.9777647852897644,,0.011468,-1317491.1081381924,0.834418897106223
477,174105,452.8,-1172229.384031802,-1190083.2204185915,0.8811626065267275,53928.758538246155,777536.9638671875,38315.54792404175,110195.0,3367.966381072998,242813.89492797852,1172229.3731002808,0.19738020787113592,0.0003804008065344533,0.002582483127633551,0.008517356999953719,0.9787350296974182,,0.011432000000000001,-1317491.1081381924,0.834418897106223
478,174470,453.5,-1372278.3116817486,-1198964.817692622,0.9226839495031801,40680.79926967621,1041648.0238037109,28695.65310382843,78515.0,516.5974788703024,222903.03462982178,1372278.3090162314,0.19738020787113592,0.0003804008065344533,0.002582483127633551,0.008517356999953719,0.9787350296974182,,0.011432000000000001,-1317491.1081381924,0.834418897106223
479,174835,454.3,-1147752.3492394555,-1198975.2617176145,0.8857541368432241,56726.29836654663,773404.5732421875,38800.006067276,107970.0,1792.1614747047424,225785.59783172607,1147752.3386158943,0.19738020787113592,0.0003804008065344533,0.002582483127633551,0.008517356999953719,0.9787350296974182,,0.011432000000000001,-1317491.1081381924,0.834418897106223
480,175200,455.9,-1170875.7337126061,-1200120.3389972933,0.8611408857450094,55638.005672454834,797298.3195800781,40894.252239227295,120715.0,3572.3032357543707,208395.85928344727,1170875.734338507,0.18112540656798765,0.00039407338887318283,0.0030204371448091572,0.009304183523023599,0.9784303307533264,,0.011378000000000001,-1317491.1081381924,0.834418897106223
481,175565,456.6,-1140514.6224953162,-1194707.7569902963,0.8826706267383001,55560.81789588928,774308.625,38535.16788101196,108065.0,3906.8950233459473,215698.93660068512,1140514.624505043,0.18112540656798765,0.00039407338887318283,0.0030204371448091572,0.009304183523023599,0.9784303307533264,,0.011378000000000001,-1317491.1081381924,0.834418897106223
482,175930,457.4,-1154541.5277798872,-1192842.8378943817,0.87640133834865,55126.75464057922,787132.4315185547,39511.38254737854,112215.0,3205.44961977005,212477.26554489136,1154541.5292305946,0.18112540656798765,0.00039407338887318283,0.0030204371448091572,0.009304183523023599,0.9784303307533264,,0.011378000000000001,-1317491.1081381924,0.834418897106223
483,176295,458.8,-1170280.1387330652,-1192924.92892375,0.8563820540088497,57635.8736782074,788051.169921875,41909.791191101074,122105.0,4193.202092170715,214020.97616577148,1170280.1393709183,0.20299379978525012,0.0005381608131612761,0.00353977136853102,0.00865134373797398,0.9779543876647949,,0.011324,-1317491.1081381924,0.834418897106223
484,176660,459.6,-1210357.0845119655,-1194640.9205053477,0.9081837899064364,52742.67531013489,841292.9813232422,34832.4051990509,91880.0,2455.9441199302673,239895.75660514832,1210357.0872473717,0.20299379978525012,0.0005381608131612761,0.00353977136853102,0.00865134373797398,0.9779543876647949,,0.011324,-1317491.1081381924,0.834418897106223
485,177025,460.3,-1172849.9166930972,-1194590.5701800792,0.8828121634378825,54038.229166030884,778931.2990722656,38136.96095371246,109545.0,3371.7049856185913,242864.95236206055,1172849.9173736572,0.20299379978525012,0.0005381608131612761,0.00353977136853102,0.00865134373797398,0.9779543876647949,,0.011324,-1317491.1081381924,0.834418897106223
486,177390,461.8,-1174276.7114011357,-1189396.7845884026,0.856382483162292,57762.748390197754,791280.4520263672,42030.603395462036,121175.0,4285.9183921813965,215504.73574829102,1174276.7095623016,0.196080400559463,0.0004664923651369846,0.0037119012191205434,0.008676656987518072,0.9786879420280457,,0.01127,-1317491.1081381924,0.834418897106223
487,177755,462.6,-1166183.130639298,-1187882.1505441335,0.8877331581834245,59077.91734409332,763967.3452148438,39268.70520019531,105565.0,2596.677532196045,254785.39933776855,1166183.1272850037,0.196080400559463,0.0004664923651369846,0.0037119012191205434,0.008676656987518072,0.9786879420280457,,0.01127,-1317491.1081381924,0.834418897106223
488,178120,463.3,-1159238.383062168,-1181803.8705038563,0.8957423972756895,59236.85766410828,761534.2655029297,38595.17096567154,102460.0,3271.6712703704834,253377.27536010742,1159238.3830990791,0.196080400559463,0.0004664923651369846,0.0037119012191205434,0.008676656987518072,0.9786879420280457,,0.01127,-1317491.1081381924,0.834418897106223
489,178485,464.7,-1224259.3371084582,-1182833.8384566756,0.9103206009080965,51986.58955192566,849270.7943115234,34442.40312194824,91925.0,1546.8663349151611,247074.2658843994,1224259.3296527863,0.19205840853484055,0.0006469439163323075,0.005137125655126415,0.008976184150302097,0.9780114889144897,,0.011216000000000002,-1317491.1081381924,0.834418897106223
490,178850,465.4,-1191468.3605800774,-1184621.277650693,0.8649579270245278,54326.728960990906,806406.4581298828,40415.688813209534,117525.0,3503.6533122062683,223617.5571899414,1191468.35744524,0.19205840853484055,0.0006469439163323075,0.005137125655126415,0.008976184150302097,0.9780114889144897,,0.011216000000000002,-1317491.1081381924,0.834418897106223
491,179215,466.9,-1315573.9157257369,-1192691.6053852674,0.9246190614896278,41858.662380218506,989895.6967773438,28911.08646297455,78825.0,1190.7305841445923,216751.4017944336,1315573.9156188965,0.1756596467212627,0.0004117972100989152,0.0031435782481199375,0.00871436959622722,0.9798886179924011,,0.01118,-1317491.1081381924,0.834418897106223
492,179580,467.6,-1166955.5030103014,-1190693.8426580336,0.8628458872233351,53098.57703590393,811623.5388183594,39618.414154052734,118595.0,3362.372236967087,193756.17486572266,1166955.5000751019,0.1756596467212627,0.0004117972100989152,0.0031435782481199375,0.00871436959622722,0.9798886179924011,,0.01118,-1317491.1081381924,0.834418897106223
493,179945,468.3,-1153948.3859293712,-1187208.3583678296,0.8746686881535674,54010.1771030426,789158.8232421875,39157.259674072266,113385.0,4662.87854385376,207584.42129516602,1153948.3827552795,0.1756596467212627,0.0004117972100989152,0.0031435782481199375,0.00871436959622722,0.9798886179924011,,0.01118,-1317491.1081381924,0.834418897106223
494,180310,469.8,-1289871.4731039247,-1194327.854718275,0.9238099263138967,42199.37142372131,977148.8762207031,28956.29157924652,79020.0,3278.084153175354,201468.2287826538,1289871.4807357788,0.18937393787660098,0.00045894863131635297,0.0039003606469027305,0.009036310531787183,0.9787930250167847,,0.011126,-1317491.1081381924,0.834418897106223
495,180675,470.5,-1251448.2996336266,-1199308.4426660307,0.9167618201203542,48755.05521392822,899772.9893798828,32416.707528591156,86445.0,1855.6739044189453,230957.92757415771,1251448.2983870506,0.18937393787660098,0.00045894863131635297,0.0039003606469027305,0.009036310531787183,0.9787930250167847,,0.011126,-1317491.1081381924,0.834418897106223
496,181040,471.2,-1310153.2085128054,-1205752.7888792926,0.9247616727058202,42660.653893470764,979726.6418457031,29144.55097579956,78955.0,1648.9560241699219,220678.05339050293,1310153.2022361755,0.18937393787660098,0.00045894863131635297,0.0039003606469027305,0.009036310531787183,0.9787930250167847,,0.011126,-1317491.1081381924,0.834418897106223
497,181405,472.6,-1327988.5189505026,-1213540.7456252272,0.8423771675318887,74879.7373123169,807784.6243896484,50186.16252708435,129805.0,15214.842146873474,324997.8914260864,1327988.5204896927,0.16626340033192383,0.00041499324728838953,0.0035863508283479235,0.00850049606034238,0.9811763763427734,,0.011072000000000002,-1317491.1081381924,0.834418897106223
498,181770,473.3,-1213701.2032228818,-1205611.890202284,0.9015079926138054,57904.79539871216,797037.6937255859,37873.44419956207,99185.0,3040.5070066452026,276564.5647277832,1213701.2096595764,0.16626340033192383,0.00041499324728838953,0.0035863508283479235,0.00850049606034238,0.9811763763427734,,0.011072000000000002,-1317491.1081381924,0.834418897106223
499,182135,474.0,-1220112.510343533,-1209229.898257488,0.8995945187464153,59729.5481300354,784570.1206054688,38878.84323978424,99700.0,4185.586754798889,292777.9598617554,1220112.5104618073,0.16626340033192383,0.00041499324728838953,0.0035863508283479235,0.00850049606034238,0.9811763763427734,,0.011072000000000002,-1317491.1081381924,0.834418897106223
500,182500,476.7,-1278769.8855342763,-1214624.6058485715,0.9118509904979026,50815.91622161865,901134.9920654297,33715.83259010315,88730.0,4240.85950088501,250948.20420074463,1278769.8883571625,0.1854660630618271,0.0004721663624781956,0.0035156785467590546,0.01006178693894885,0.9769520163536072,,0.011018000000000002,-1325475.1891619263,0.8356223308060267
501,182865,477.4,-1163619.3996097343,-1215779.8447042922,0.8651972107691308,54720.752851486206,801175.0300292969,40632.43141555786,116635.0,5221.248357951641,199955.68797302246,1163619.3977758288,0.1854660630618271,0.0004721663624781956,0.0035156785467590546,0.01006178693894885,0.9769520163536072,,0.011018000000000002,-1325475.1891619263,0.8356223308060267
502,183230,478.1,-1186012.672950391,-1217353.4019628174,0.8583279541094009,57066.85507583618,799346.2875976562,41643.70178985596,120770.0,3923.494977712631,220329.19090270996,1186012.6752679348,0.1854660630618271,0.0004721663624781956,0.0035156785467590546,0.01006178693894885,0.9769520163536072,,0.011018000000000002,-1325475.1891619263,0.8356223308060267
503,183595,479.6,-1148377.8724614903,-1216258.2886492389,0.8940635222278229,57846.88680076599,760804.8922119141,38024.75407409668,104500.0,2059.993805885315,242988.23474121094,1148377.874833107,0.19797552298558385,0.0005049180158733323,0.003723679935654601,0.009713935518735334,0.9754683971405029,,0.010964000000000002,-1325475.1891619263,0.8356223308060267
504,183960,480.3,-1161749.157010409,-1213827.8922741609,0.8558974925785848,57165.35805892944,780893.111328125,41646.7387046814,121805.0,3550.731713294983,213853.5700378418,1161749.1517839432,0.19797552298558385,0.0005049180158733323,0.003723679935654601,0.009713935518735334,0.9754683971405029,,0.010964000000000002,-1325475.1891619263,0.8356223308060267
505,184325,481.7,-1145307.9638721677,-1212450.7946331145,0.8902826301039082,57354.69851112366,761595.7934570312,38203.07157802582,105925.0,2746.062201499939,236838.03336715698,1145307.960603714,0.20086233553133512,0.000509110976820107,0.0028520550664612337,0.008785569084514128,0.9772655367851257,,0.010928,-1325475.1891619263,0.8356223308060267
506,184690,482.4,-1147727.5295994896,-1211123.335543032,0.8915669423260101,58051.09642124176,753173.9396972656,38279.614258766174,105280.0,1357.7137527763844,249636.2656402588,1147727.533349067,0.20086233553133512,0.000509110976820107,0.0028520550664612337,0.008785569084514128,0.9772655367851257,,0.010928,-1325475.1891619263,0.8356223308060267
507,185055,483.1,-1313797.6051526926,-1218504.059268702,0.8410960577938654,73866.76098632812,795871.9041748047,49816.82190322876,129235.0,14345.577091634274,324528.29906463623,1313797.602234304,0.20086233553133512,0.000509110976820107,0.0028520550664612337,0.008785569084514128,0.9772655367851257,,0.010928,-1325475.1891619263,0.8356223308060267
508,185420,484.6,-1275967.8728111894,-1224340.5337561532,0.9182014248142504,46330.947706222534,929371.7564697266,31068.251002311707,83795.0,2153.3560943603516,229579.50384521484,1275967.8674116135,0.18770749494433403,0.0003901989311998477,0.0028887297003644848,0.00980360575608517,0.9766163229942322,,0.010874000000000002,-1325475.1891619263,0.8356223308060267
509,185785,485.3,-1152755.3574019317,-1220765.3347708266,0.8673268207132,53591.76680088043,796478.7663574219,39755.191608428955,115105.0,4848.167995452881,196568.22911834717,1152755.3550796509,0.18770749494433403,0.0003901989311998477,0.0028887297003644848,0.00980360575608517,0.9766163229942322,,0.010874000000000002,-1325475.1891619263,0.8356223308060267
510,186150,486.0,-1163476.339406279,-1219365.7337121365,0.8523667699670139,57839.88457107544,780750.4603271484,42108.699155807495,121420.0,2797.703739643097,216399.470413208,1163476.333635807,0.18770749494433403,0.0003901989311998477,0.0028887297003644848,0.00980360575608517,0.9766163229942322,,0.010874000000000002,-1325475.1891619263,0.8356223308060267
511,186515,487.5,-1232336.6737348924,-1215203.8716125947,0.9035445099007593,57261.91890144348,820618.7608642578,37365.486104011536,94570.0,2993.131706237793,276789.2911224365,1232336.6697969437,0.19138300516887716,0.0005214244244933454,0.0038497657147481255,0.009459949282341097,0.976514458656311,,0.010820000000000001,-1325475.1891619263,0.8356223308060267
512,186880,488.2,-1225342.0114315716,-1218123.1970336582,0.8485238997903589,73005.46993255615,772005.8605957031,49910.93817901611,122820.0,10789.552567720413,269815.66145324707,1225342.0127956867,0.19138300516887716,0.0005214244244933454,0.0038497657147481255,0.009459949282341097,0.976514458656311,,0.010820000000000001,-1325475.1891619263,0.8356223308060267
513,187245,489.0,-1361393.321357624,-1228495.4438050704,0.8407859126182452,78813.38867473602,784417.1879882812,52770.37589645386,126845.0,20207.69678211212,377153.06312561035,1361393.3237924576,0.19138300516887716,0.0005214244244933454,0.0038497657147481255,0.009459949282341097,0.976514458656311,,0.010820000000000001,-1325475.1891619263,0.8356223308060267
514,187610,490.4,-1144207.8120034281,-1221212.2607500455,0.8925669552528694,60854.71096229553,746875.3063964844,39695.19188499451,102750.0,2164.2323417663574,252723.09071350098,1144207.8213367462,0.20443618630892352,0.00039826652793731467,0.0030878970528168508,0.011309400556216898,0.9707452654838562,,0.010766000000000001,-1325475.1891619263,0.8356223308060267
515,187975,491.1,-1307182.7680439567,-1223998.9841705624,0.9235326745738722,41957.06638240814,980062.5751953125,28887.994727134705,76990.0,2893.9290599823,218348.2751312256,1307182.774113655,0.20443618630892352,0.00039826652793731467,0.0030878970528168508,0.011309400556216898,0.9707452654838562,,0.010766000000000001,-1325475.1891619263,0.8356223308060267
516,188340,491.8,-1349927.997679726,-1225987.7236289084,0.8415410603562447,77654.4004611969,780502.8233642578,52026.45713806152,127365.0,25095.529636859894,364938.1926727295,1349928.0028119087,0.20443618630892352,0.00039826652793731467,0.0030878970528168508,0.011309400556216898,0.9707452654838562,,0.010766000000000001,-1325475.1891619263,0.8356223308060267
517,188705,493.2,-1270642.6790541355,-1223120.4316340897,0.9204323277081529,44977.42954826355,932478.5852050781,30284.613129615784,81335.0,2631.2412416934967,223913.24490356445,1270642.6844799519,0.18272879641307027,0.0004911083488925789,0.003982008554310979,0.010134710734219928,0.9761903285980225,,0.010712000000000001,-1325475.1891619263,0.8356223308060267
518,189070,494.0,-1295645.4835080095,-1227217.6456483463,0.9236929323575268,40645.67209434509,986682.5336914062,28564.13043498993,76560.0,727.0051498413086,203111.81300354004,1295645.4822797775,0.18272879641307027,0.0004911083488925789,0.003982008554310979,0.010134710734219928,0.9761903285980225,,0.010712000000000001,-1325475.1891619263,0.8356223308060267
519,189435,494.7,-1262653.7657094586,-1229344.7084166429,0.9154983383335479,47726.975217819214,906556.5007324219,31817.629433095455,84630.0,4240.24228310585,235409.394821167,1262653.7672697902,0.18272879641307027,0.0004911083488925789,0.003982008554310979,0.010134710734219928,0.9761903285980225,,0.010712000000000001,-1325475.1891619263,0.8356223308060267
520,189800,496.1,-1235972.5501945177,-1227204.8416496548,0.9183763557917451,46162.70536804199,910859.21484375,30948.36448907852,84380.0,2071.903232574463,207713.06859588623,1235972.5511612892,0.14764012415942393,0.0004404055929817811,0.00400476289245202,0.007595054517304034,0.9829689264297485,,0.010658,-1325475.1891619263,0.8356223308060267
521,190165,496.8,-1159485.1875618012,-1226998.131047258,0.876121252693542,51898.41349411011,804178.0793457031,38088.877024650574,111375.0,6116.083254337311,199727.15362548828,1159485.1932501793,0.14764012415942393,0.0004404055929817811,0.00400476289245202,0.007595054517304034,0.9829689264297485,,0.010658,-1325475.1891619263,0.8356223308060267
522,190530,498.3,-1272421.3571918563,-1231318.5652593314,0.9210316591066857,44602.327421188354,935462.3916015625,30128.810031414032,81675.0,2067.768355369568,223087.38953781128,1272421.3595261574,0.16333039673535446,0.0004370847821184342,0.003386112686712295,0.007590374982866801,0.983020544052124,,0.010622000000000001,-1325475.1891619263,0.8356223308060267
523,190895,499.0,-1184062.6079961606,-1233102.8020360651,0.8580586676728236,55032.05128669739,818408.4837646484,40452.388575553894,117935.0,5833.741522669792,201432.99073791504,1184062.6046007872,0.16333039673535446,0.0004370847821184342,0.003386112686712295,0.007590374982866801,0.983020544052124,,0.010622000000000001,-1325475.1891619263,0.8356223308060267
524,191260,499.7,-1193473.6405774208,-1234689.0262144157,0.8986437044731558,57916.955699920654,798871.6663818359,37652.0735578537,98265.0,3251.1284160614014,255433.77074432373,1193473.6391000748,0.16333039673535446,0.0004370847821184342,0.003386112686712295,0.007590374982866801,0.983020544052124,,0.010622000000000001,-1325475.1891619263,0.8356223308060267
525,191625,502.3,-1156925.5995389377,-1235269.907997754,0.8720406791935228,51737.27745819092,806734.5068359375,38514.10221004486,112335.0,4796.160964593291,194545.8296508789,1156925.5996614546,0.19327960575097486,0.0003812995789159782,0.002629597983047317,0.009055920876562595,0.9769720435142517,,0.010568000000000001,-1325193.4564535315,0.8391510093865329
526,191990,503.0,-1335584.5466624366,-1244662.7588509012,0.8425974976526548,72052.45873832703,825475.5750732422,48793.20946121216,126970.0,22526.4484539032,311819.3156738281,1335584.5486621857,0.19327960575097486,0.0003812995789159782,0.002629597983047317,0.009055920876562595,0.9769720435142517,,0.010568000000000001,-1325193.4564535315,0.8391510093865329
527,192355,503.8,-1138060.127470125,-1235875.8849667727,0.8779267139630775,51649.69154930115,806511.1673583984,37638.18839454651,109880.0,5473.651849627495,178557.11687850952,1138060.124481082,0.19327960575097486,0.0003812995789159782,0.002629597983047317,0.009055920876562595,0.9769720435142517,,0.010568000000000001,-1325193.4564535315,0.8391510093865329
528,192720,505.2,-1175838.62099769,-1230869.4223760976,0.8787280597098887,51914.01185417175,811923.7316894531,37619.020122528076,109575.0,5067.052719175816,211653.81867980957,1175838.6232109666,0.20143988375601016,0.00043879631486657,0.0033103541324013158,0.01066729943513086,0.9729542136192322,,0.010514,-1325193.4564535315,0.8391510093865329
529,193085,505.9,-1269136.2960661948,-1236688.469309311,0.9199443274981355,45011.53643989563,932750.3432617188,30421.583443641663,83125.0,2918.026807785034,219921.3447113037,1269136.2982244492,0.20143988375601016,0.00043879631486657,0.0033103541324013158,0.01066729943513086,0.9729542136192322,,0.010514,-1325193.4564535315,0.8391510093865329
530,193450,506.6,-1163827.94955023,-1236706.0498165085,0.8992532181413206,57337.79304409027,785101.5797119141,37512.15569496155,100865.0,4108.904498100281,236240.30599975586,1163827.9459047318,0.20143988375601016,0.00043879631486657,0.0033103541324013158,0.01066729943513086,0.9729542136192322,,0.010514,-1325193.4564535315,0.8391510093865329
531,193815,508.1,-1177079.2696260056,-1233943.1796110643,0.8618872201606019,54636.17328262329,809838.6397705078,39958.61178398132,117990.0,4363.841766953468,204928.17198181152,1177079.2653032541,0.17054169507403122,0.00041199626124771864,0.002799853952111382,0.008245327436414204,0.9809309840202332,,0.01046,-1325193.4564535315,0.8391510093865329
532,194180,508.8,-1241165.8097289652,-1234734.369525934,0.915036735142747,47753.916957855225,895340.1865234375,32070.72564315796,86235.0,1849.6435537338257,225670.2557067871,1241165.8114271164,0.17054169507403122,0.00041199626124771864,0.002799853952111382,0.008245327436414204,0.9809309840202332,,0.01046,-1325193.4564535315,0.8391510093865329
533,194545,509.5,-1188619.9835919426,-1226095.7026376498,0.884225779036953,54213.8968501091,796277.6896972656,37728.09042143822,106640.0,4668.328924655914,243305.86715507507,1188619.9761984348,0.17054169507403122,0.00041199626124771864,0.002799853952111382,0.008245327436414204,0.9809309840202332,,0.01046,-1325193.4564535315,0.8391510093865329
534,194910,510.9,-1186571.2994437446,-1228213.8770096658,0.9028123336295559,54310.55003166199,810363.6351318359,35833.58470439911,97745.0,3449.5598583221436,239179.52433013916,1186571.3040246964,0.17856214430771375,0.0004897287211573904,0.0038090756126238326,0.00847651745119181,0.9802139401435852,,0.010406,-1325193.4564535315,0.8391510093865329
535,195275,511.6,-1294453.695452173,-1227577.4233800764,0.92384352684021,42271.33269882202,972565.0867919922,28664.795783042908,79400.0,1907.1370964050293,211916.67097473145,1294453.6906461716,0.17856214430771375,0.0004897287211573904,0.0038090756126238326,0.00847651745119181,0.9802139401435852,,0.010406,-1325193.4564535315,0.8391510093865329
536,195640,513.0,-1141129.359064181,-1217137.4914492993,0.8966934230229626,56584.618867874146,766882.98828125,37177.33150434494,103100.0,3967.608410835266,230001.4262123108,1141129.354408741,0.1619047465685167,0.00042736517470506153,0.0028252852616309325,0.007399356047818928,0.9827495813369751,,0.01037,-1325193.4564535315,0.8391510093865329
537,196005,513.7,-1162287.0874589658,-1211719.7118695406,0.8739569825668857,50825.5084733963,815449.3681640625,37609.58462142944,112160.0,3867.058617591858,193201.07318115234,1162287.0845842361,0.1619047465685167,0.00042736517470506153,0.0028252852616309325,0.007399356047818928,0.9827495813369751,,0.01037,-1325193.4564535315,0.8391510093865329
538,196370,514.4,-1133735.9475495652,-1203624.2350716186,0.888766378409242,53618.50625705719,792318.9664306641,36852.27406787872,106240.0,4569.806398868561,193754.90644836426,1133735.9533457756,0.1619047465685167,0.00042736517470506153,0.0028252852616309325,0.007399356047818928,0.9827495813369751,,0.01037,-1325193.4564535315,0.8391510093865329
539,196735,515.9,-1161442.3085705217,-1198563.6622146717,0.8942792427049924,57057.85102272034,782074.0557861328,37625.97199726105,102230.0,2979.1333360671997,236533.15575408936,1161442.3168735504,0.18203599123578323,0.0004037774417252206,0.002658241679646859,0.00821435152504005,0.9796661734580994,,0.010316,-1325193.4564535315,0.8391510093865329
540,197100,516.6,-1162165.085937781,-1194873.289001835,0.8790954633934857,50069.66310882568,813702.5567626953,36808.56256055832,109575.0,6198.152642250061,195880.81042861938,1162165.082394123,0.18203599123578323,0.0004037774417252206,0.002658241679646859,0.00821435152504005,0.9796661734580994,,0.010316,-1325193.4564535315,0.8391510093865329
541,197465,517.3,-1180272.3631524714,-1195912.6477813683,0.8657299182186388,52189.384618759155,826280.38671875,38914.077714920044,114890.0,6538.5419664382935,193649.35493469238,1180272.3613348007,0.18203599123578323,0.0004037774417252206,0.002658241679646859,0.00821435152504005,0.9796661734580994,,0.010316,-1325193.4564535315,0.8391510093865329
542,197830,518.8,-1182209.3433939202,-1191402.0470914715,0.9042041068207728,52346.55797672272,829083.505859375,34970.78161621094,95395.0,2747.619437456131,220012.44189453125,1182209.3488075733,0.18239413397876839,0.0003889724855406185,0.002930758298852628,0.008732651948536696,0.9786454439163208,,0.010262,-1325193.4564535315,0.8391510093865329
543,198195,519.5,-1152721.9100421579,-1189835.0121937715,0.8789808933049033,50277.39410972595,818957.6865234375,37130.00912475586,110470.0,5063.0448677539825,181101.1739501953,1152721.9144661427,0.18239413397876839,0.0003889724855406185,0.002930758298852628,0.008732651948536696,0.9786454439163208,,0.010262,-1325193.4564535315,0.8391510093865329
544,198560,520.2,-1192521.1131525869,-1189787.38582253,0.8546136477222182,55375.69106864929,824576.3759765625,40438.10480213165,119345.0,6260.50784778595,201901.12393188477,1192521.1125583649,0.18239413397876839,0.0003889724855406185,0.002930758298852628,0.008732651948536696,0.9786454439163208,,0.010262,-1325193.4564535315,0.8391510093865329
545,198925,521.6,-1189420.2716092758,-1191412.1194260467,0.854503334385075,62051.12033653259,815467.9356689453,43995.50008392334,120530.0,9481.53374004364,199945.3067779541,1189420.2762708664,0.1933158400811647,0.0003671908919051547,0.0026143391978142687,0.009161793136675107,0.9763894081115723,,0.010208,-1325193.4564535315,0.8391510093865329
546,199290,522.3,-1268472.6503184033,-1188056.5246088451,0.9226517610353966,42267.6439781189,960325.9155273438,28656.6945438385,79375.0,2916.3473320007324,197198.69010162354,1268472.6475048065,0.1933158400811647,0.0003671908919051547,0.0026143391978142687,0.009161793136675107,0.9763894081115723,,0.010208,-1325193.4564535315,0.8391510093865329
547,199655,523.1,-1302063.383329441,-1196256.6874018107,0.8444429366555932,70395.1148223877,815757.1885986328,47926.84468650818,125875.0,23186.79865837097,289317.5521774292,1302063.3841209412,0.1933158400811647,0.0003671908919051547,0.0026143391978142687,0.009161793136675107,0.9763894081115723,,0.010208,-1325193.4564535315,0.8391510093865329
548,200020,524.5,-1234292.8764175628,-1199179.4001728045,0.905762222695024,54537.26567840576,841989.5399169922,35839.008872032166,92510.0,2823.248592376709,261131.0835571289,1234292.88093853,0.1801741427104724,0.0005141433411106272,0.004059373295412546,0.010333026269156682,0.9744762778282166,,0.010154,-1325193.4564535315,0.8391510093865329
549,200385,525.3,-1175753.1264309213,-1194510.2416910406,0.8831699857973072,55058.89124393463,793589.8465576172,38259.32193279266,106310.0,4445.95592880249,233148.00636434555,1175753.130783558,0.1801741427104724,0.0005141433411106272,0.004059373295412546,0.010333026269156682,0.9744762778282166,,0.010154,-1325193.4564535315,0.8391510093865329
550,200750,528.0,-1151367.1248772661,-1193887.2004573925,0.8574851359406562,55290.8951625824,790933.6949462891,40445.22553062439,119790.0,4655.272449493408,195542.93571472168,1151367.1286411285,0.17912553995847702,0.00043142971739335305,0.002996612017006172,0.00896352123910267,0.9774929285049438,,0.010118,-1330256.3761238544,0.8388412801370229
551,201115,528.7,-1169495.4033325904,-1193508.007142722,0.865138763270966,51656.83199119568,817395.2608642578,38716.605195999146,115390.0,6858.558439254761,191134.97966003418,1169495.404159546,0.17912553995847702,0.00043142971739335305,0.002996612017006172,0.00896352123910267,0.9774929285049438,,0.010118,-1330256.3761238544,0.8388412801370229
552,201480,529.4,-1343284.48373396,-1198613.9408429717,0.842912082639459,72476.4525642395,835208.9526367188,48855.4209690094,126225.0,22287.60768032074,310707.5010757446,1343284.4823617935,0.17912553995847702,0.00043142971739335305,0.002996612017006172,0.00896352123910267,0.9774929285049438,,0.010118,-1330256.3761238544,0.8388412801370229
553,201845,530.9,-1319282.7172859688,-1205147.0775276728,0.8446069144222834,73186.64147853851,805655.0672607422,49770.253591537476,125095.0,21206.72129058838,317555.6696205139,1319282.711763382,0.20099398650621114,0.00047378101676019327,0.003057111776127529,0.011218380587371556,0.9708704352378845,,0.010064,-1330256.3761238544,0.8388412801370229
554,202210,531.6,-1168096.3501764215,-1204223.3300643065,0.8788906541589189,50877.21446990967,811223.6402587891,37054.58640384674,108185.0,5408.5408844947815,206224.58075332642,1168096.348300457,0.20099398650621114,0.00047378101676019327,0.003057111776127529,0.011218380587371556,0.9708704352378845,,0.010064,-1330256.3761238544,0.8388412801370229
555,202575,532.3,-1150429.6865288357,-1197022.12961814,0.8955879949543574,57582.33047103882,779240.7735595703,37795.89573574066,100455.0,3962.672721862793,228975.34184265137,1150429.6838598251,0.20099398650621114,0.00047378101676019327,0.003057111776127529,0.011218380587371556,0.9708704352378845,,0.010064,-1330256.3761238544,0.8388412801370229
556,202940,533.7,-1178917.5545802852,-1198911.5393939451,0.8801107181261664,51508.30765914917,807609.6488037109,37112.40399360657,107755.0,6325.687555074692,220114.80728912354,1178917.5476415157,0.1853313730343392,0.0004005185955975321,0.002852055069524795,0.009876583408760397,0.9748513698577881,,0.01001,-1330256.3761238544,0.8388412801370229
557,203305,534.4,-1171134.448879965,-1199353.907464995,0.8562375405063368,53710.95401573181,809738.5321044922,39609.69472312927,118800.0,5478.14295437932,197508.0793762207,1171134.4491582215,0.1853313730343392,0.0004005185955975321,0.002852055069524795,0.009876583408760397,0.9748513698577881,,0.01001,-1330256.3761238544,0.8388412801370229
558,203670,535.1,-1166176.7136092559,-1200975.9457679796,0.881153038266587,52939.13967323303,804672.1260986328,37782.708475112915,107580.0,5056.825779438019,211085.04299926758,1166176.7033524513,0.1853313730343392,0.0004005185955975321,0.002852055069524795,0.009876583408760397,0.9748513698577881,,0.01001,-1330256.3761238544,0.8388412801370229
559,204035,536.6,-1514436.3835578167,-1218625.6495173445,0.9254425367263899,38654.34977674484,1177215.512084961,27560.63524723053,75105.0,4008.7375678420067,230546.4822845459,1514436.3671845794,0.1820902306782572,0.0003996770999372912,0.0028108295687400784,0.010846856920244662,0.9726309776306152,,0.009956,-1330256.3761238544,0.8388412801370229
560,204400,537.3,-1200943.3329615747,-1220564.561868534,0.8613694380407464,54399.0185585022,834178.3194580078,40165.37448310852,116545.0,5428.570977628231,204626.0684814453,1200943.3334001899,0.1820902306782572,0.0003996770999372912,0.0028108295687400784,0.010846856920244662,0.9726309776306152,,0.009956,-1330256.3761238544,0.8388412801370229
561,204765,538.0,-1164710.577217889,-1219786.4725718047,0.8726058912603822,50648.400606155396,820035.8533935547,37827.157751083374,111610.0,5221.99045753479,190015.57609558105,1164710.577697754,0.1820902306782572,0.0003996770999372912,0.0028108295687400784,0.010846856920244662,0.9726309776306152,,0.009956,-1330256.3761238544,0.8388412801370229
562,205130,539.4,-1193217.3910216722,-1220336.8749531922,0.9055139726155425,51491.46633911133,846010.4924316406,34324.5184841156,92370.0,3375.3969283103943,217136.98181152344,1193217.38965559,0.1739555769845059,0.00033827534145147134,0.0020751953170953415,0.009467566140780323,0.9777844548225403,,0.009902,-1330256.3761238544,0.8388412801370229
563,205495,540.1,-1157155.5147559657,-1220558.5551888826,0.8760516284263298,51857.45238780975,817487.3157958984,38269.20180988312,110155.0,5364.078282296658,185879.9214477539,1157155.5173358321,0.1739555769845059,0.00033827534145147134,0.0020751953170953415,0.009467566140780323,0.9777844548225403,,0.009902,-1330256.3761238544,0.8388412801370229
564,205860,541.5,-1225777.1220366647,-1222221.3556330868,0.9181617901749807,45158.713287353516,908808.2580566406,30473.95766067505,84020.0,2916.114583969116,199558.79320526123,1225777.123506546,0.1633137735097032,0.0003502481759872018,0.00247031764267472,0.008300525638716002,0.9805000424385071,,0.009866000000000002,-1330256.3761238544,0.8388412801370229
565,206225,542.2,-1174307.3384616442,-1221465.7089757053,0.9022762995876678,54083.323214530945,813884.2143554688,35713.878067970276,97250.0,3686.576107978821,223772.67364120483,1174307.3421726227,0.1633137735097032,0.0003502481759872018,0.00247031764267472,0.008300525638716002,0.9805000424385071,,0.009866000000000002,-1330256.3761238544,0.8388412801370229
566,206590,543.0,-1150575.8113724543,-1215570.8670284078,0.8741065957774855,51858.84479999542,808385.8287353516,38470.893177986145,110950.0,3828.0722899585962,188941.01318359375,1150575.80738689,0.1633137735097032,0.0003502481759872018,0.00247031764267472,0.008300525638716002,0.9805000424385071,,0.009866000000000002,-1330256.3761238544,0.8388412801370229
567,206955,544.4,-1252482.1336149392,-1213091.8045426826,0.8485319880590046,71096.57798957825,793771.0534667969,48746.05641365051,122360.0,15405.910598754883,272199.11250305176,1252482.132982254,0.18169314826005384,0.0005150573484857695,0.004146642860417303,0.009231123472809008,0.9770931601524353,,0.009812000000000001,-1330256.3761238544,0.8388412801370229
568,207320,545.1,-1133374.0722442511,-1208045.864334017,0.8917151132675066,54018.863607406616,779544.3365478516,36653.167160987854,103815.0,3863.501242160797,209498.0686264038,1133374.073577404,0.18169314826005384,0.0005150573484857695,0.004146642860417303,0.009231123472809008,0.9770931601524353,,0.009812000000000001,-1330256.3761238544,0.8388412801370229
569,207685,545.8,-1297319.18416643,-1214124.1672207925,0.8446208906500307,74279.35189247131,792862.3347167969,50269.36141872406,125285.0,18087.8458134979,310814.6434288025,1297319.1853778213,0.18169314826005384,0.0005150573484857695,0.004146642860417303,0.009231123472809008,0.9770931601524353,,0.009812000000000001,-1330256.3761238544,0.8388412801370229
570,208050,547.2,-1285961.60370833,-1220853.8911623457,0.8450128130716821,73645.36686515808,793526.1115722656,50021.563868522644,125545.0,13011.997905492783,303856.92949295044,1285961.6028392315,0.19381667281451978,0.0004531068272722462,0.00326484547143704,0.011004683537114607,0.9716463088989258,,0.009758000000000003,-1330256.3761238544,0.8388412801370229
571,208415,547.9,-1170324.1318968544,-1220895.327590559,0.8534701107299492,56016.54786109924,801091.5047607422,41041.660764694214,119745.0,3341.292007446289,205104.6763534546,1170324.1338863373,0.19381667281451978,0.0004531068272722462,0.00326484547143704,0.011004683537114607,0.9716463088989258,,0.009758000000000003,-1330256.3761238544,0.8388412801370229
572,208780,548.6,-1303329.6358151857,-1218897.58519462,0.8436866561027422,75442.93200874329,776627.0916748047,50822.54759788513,126150.0,19582.92060673237,330147.0760345459,1303329.635913968,0.19381667281451978,0.0004531068272722462,0.00326484547143704,0.011004683537114607,0.9716463088989258,,0.009758000000000003,-1330256.3761238544,0.8388412801370229
573,209145,550.1,-1176185.7248029225,-1211742.7355704678,0.8991183316870911,57463.15902900696,783084.4366455078,37401.69326877594,99140.0,1807.100464105606,254752.50603485107,1176185.7364132404,0.1988684395818334,0.0006959815808314536,0.004749766572403084,0.010927917178426134,0.9717749357223511,,0.009704,-1330256.3761238544,0.8388412801370229
574,209510,550.9,-1161338.5320764272,-1211404.8446654682,0.8823114991188049,54409.25370502472,784561.3935546875,38250.45191574097,106960.0,2886.7324390411377,228679.94436645508,1161338.5222759247,0.1988684395818334,0.0006959815808314536,0.004749766572403084,0.010927917178426134,0.9717749357223511,,0.009704,-1330256.3761238544,0.8388412801370229
575,209875,552.8,-1158550.503230818,-1211810.8855005673,0.8934526850099433,59671.72567939758,759259.52734375,39093.62167739868,102115.0,1576.674415588379,256505.68493652344,1158550.5083732605,0.1988684395818334,0.0006959815808314536,0.004749766572403084,0.010927917178426134,0.9717749357223511,,0.009704,-1306952.7807628515,0.8379157486027234
576,210240,554.3,-1292923.7472389282,-1217511.1951334993,0.9246200212060589,40453.686447143555,980174.5070800781,27951.50771212578,77580.0,3254.8796796798706,203962.84295654297,1292923.7374284267,0.17702974673164518,0.000604674825665011,0.0054495292868906335,0.008983909838685864,0.9761831760406494,,0.009650000000000002,-1306952.7807628515,0.8379157486027234
577,210605,555.0,-1327907.2728897715,-1225349.8363339896,0.8433494907535919,74664.02868747711,800068.0166015625,50281.54033470154,126580.0,17481.842617988586,333495.877532959,1327907.2770872116,0.17702974673164518,0.000604674825665011,0.0054495292868906335,0.008983909838685864,0.9761831760406494,,0.009650000000000002,-1306952.7807628515,0.8379157486027234
578,210970,556.5,-1250236.6276450353,-1229552.8320357786,0.8491430019679135,72091.84863090515,790578.5252685547,49210.880504608154,122715.0,10620.844792038202,277111.3757171631,1250236.6262823641,0.18218175655132846,0.00039538020246254746,0.0030158862807040444,0.009762956429959127,0.9761344194412231,,0.009614000000000001,-1306952.7807628515,0.8379157486027234
579,211335,557.2,-1302956.4080359465,-1218978.833259685,0.8443055930202954,74063.61318969727,789199.1025390625,50402.15299510956,126045.0,16511.087228298187,320799.0616378784,1302956.4044003487,0.18218175655132846,0.00039538020246254746,0.0030158862807040444,0.009762956429959127,0.9761344194412231,,0.009614000000000001,-1306952.7807628515,0.8379157486027234
580,211700,557.9,-1193893.8285195625,-1218626.3580375845,0.8519913986937641,59808.30533123016,804828.2215576172,42976.051070690155,120930.0,4819.401319503784,220340.1544494629,1193893.828397274,0.18218175655132846,0.00039538020246254746,0.0030158862807040444,0.009762956429959127,0.9761344194412231,,0.009614000000000001,-1306952.7807628515,0.8379157486027234
581,212065,559.3,-1259619.0603052876,-1223371.7821919546,0.8489317278339438,71890.40501022339,788340.3992919922,49137.25957489014,123390.0,15347.69366595149,283403.7062263489,1259619.0587591827,0.20303259397807874,0.00039516818646677024,0.0027120489869144207,0.010935356472863964,0.9718251824378967,,0.009560000000000003,-1306952.7807628515,0.8379157486027234
582,212430,560.0,-1148483.1954770854,-1221135.0724147253,0.868376681412736,51795.99891757965,801553.6976318359,38707.72138309479,113120.0,4552.299272537231,190549.47798156738,1148483.1962690353,0.20303259397807874,0.00039516818646677024,0.0027120489869144207,0.010935356472863964,0.9718251824378967,,0.009560000000000003,-1306952.7807628515,0.8379157486027234
583,212795,560.7,-1312700.163322025,-1228912.3048430283,0.844283010861645,74564.5057258606,791170.0451660156,50412.51782035828,125715.0,17921.803881168365,327480.7960510254,1312700.1629185677,0.20303259397807874,0.00039516818646677024,0.0027120489869144207,0.010935356472863964,0.9718251824378967,,0.009560000000000003,-1306952.7807628515,0.8379157486027234
584,213160,562.1,-1217030.069097701,-1228474.95219608,0.9118189034396655,48132.81350040436,878114.2637939453,32368.41920375824,87675.0,1494.0122284889221,217378.37907409668,1217030.0743002892,0.188962398194953,0.0004232821273896996,0.002825552959142155,0.010626417180327209,0.9748890995979309,,0.009506,-1306952.7807628515,0.8379157486027234
585,213525,562.9,-1139446.430160997,-1226731.9067810478,0.8779845407564346,51525.08818244934,799351.2799072266,37415.03329849243,109690.0,2588.372361421585,190401.75687789917,1139446.4424450397,0.188962398194953,0.0004232821273896996,0.002825552959142155,0.010626417180327209,0.9748890995979309,,0.009506,-1306952.7807628515,0.8379157486027234
586,213890,563.6,-1165723.1216550807,-1227489.2722951788,0.8551647062170995,55499.996128082275,802870.0539550781,40724.51444244385,118965.0,4923.201390743256,198240.35095214844,1165723.1207404137,0.188962398194953,0.0004232821273896996,0.002825552959142155,0.010626417180327209,0.9748890995979309,,0.009506,-1306952.7807628515,0.8379157486027234
587,214255,565.0,-1200397.3557470161,-1224885.0334017829,0.8840152983796107,52803.39224433899,809891.4183349609,37331.94014453888,107210.0,5662.524834394455,240301.47175598145,1200397.3550698757,0.1833849212056712,0.0003112240666795467,0.0020768015069494907,0.009616949632273693,0.9743673205375671,,0.009452000000000002,-1306952.7807628515,0.8379157486027234
588,214620,565.7,-1165569.4290524938,-1226494.8012421946,0.8637472961046925,52003.9695854187,812006.1047363281,39181.51754570007,115890.0,5043.054642677307,193448.75323486328,1165569.4301595688,0.1833849212056712,0.0003112240666795467,0.0020768015069494907,0.009616949632273693,0.9743673205375671,,0.009452000000000002,-1306952.7807628515,0.8379157486027234
589,214985,566.4,-1168435.220892544,-1220050.6030785008,0.8630668298838889,52862.623319625854,816138.0589599609,39457.06518173218,117665.0,4049.9926397800446,191125.10134887695,1168435.21813035,0.1833849212056712,0.0003112240666795467,0.0020768015069494907,0.009616949632273693,0.9743673205375671,,0.009452000000000002,-1306952.7807628515,0.8379157486027234
590,215350,567.9,-1151533.0949539635,-1213329.1776407822,0.8899486303329468,56573.539452552795,782167.7041015625,37821.623633384705,104245.0,2169.340489268303,225129.4308204651,1151533.0990446806,0.18834352120757103,0.0005012016917087175,0.003950955583269733,0.009236997630643217,0.9767447710037231,,0.009398000000000002,-1306952.7807628515,0.8379157486027234
591,215715,568.6,-1131236.3910040804,-1211374.7905961438,0.8734455384620249,50306.295166015625,798785.3559570312,37878.29671859741,112750.0,2293.4720554351807,179529.2719116211,1131236.396642685,0.18834352120757103,0.0005012016917087175,0.003950955583269733,0.009236997630643217,0.9767447710037231,,0.009398000000000002,-1306952.7807628515,0.8379157486027234
592,216080,570.0,-1209812.5337477305,-1206698.9354927707,0.9147369330876494,46105.55492019653,898678.7733154297,31202.82943868637,86070.0,1591.8942680358887,192269.03448486328,1209812.5315070152,0.17069278971145027,0.00037440807332849975,0.002886052719412347,0.008506251217209194,0.9790647625923157,,0.009362000000000002,-1306952.7807628515,0.8379157486027234
593,216445,570.7,-1163619.4003004248,-1206070.619267646,0.8570229677304829,55503.73804759979,795413.3955078125,40581.70934486389,121005.0,4551.1144490242,202068.18003845215,1163619.3993401527,0.17069278971145027,0.00037440807332849975,0.002886052719412347,0.008506251217209194,0.9790647625923157,,0.009362000000000002,-1306952.7807628515,0.8379157486027234
594,216810,571.5,-1640831.6239958673,-1230045.2738636178,0.9228599193977983,40873.15722179413,1208967.8228759766,28566.608325004578,76275.0,3546.0140142440796,323476.1937561035,1640831.6389713287,0.17069278971145027,0.00037440807332849975,0.002886052719412347,0.008506251217209194,0.9790647625923157,,0.009362000000000002,-1306952.7807628515,0.8379157486027234
595,217175,573.0,-1237927.746790926,-1234014.1360416233,0.9124363685307437,49584.065423965454,885565.3270263672,32926.373670578,88145.0,3107.014446735382,228184.03623962402,1237927.7513833046,0.15404199338272997,0.0004454071375125511,0.003211573553639219,0.012444423928268646,0.9712229371070862,,0.009308,-1306952.7807628515,0.8379157486027234
596,217540,573.7,-1226817.2705543784,-1230708.8122073957,0.9085578265255445,50424.64810752869,864770.2540283203,33688.22132778168,89955.0,2693.5088539123535,235710.28528785706,1226817.2694978714,0.15404199338272997,0.0004454071375125511,0.003211573553639219,0.012444423928268646,0.9712229371070862,,0.009308,-1306952.7807628515,0.8379157486027234
597,217905,574.5,-1314182.3461784201,-1230022.5658718285,0.8440597204312886,75299.10136795044,788760.4771728516,50916.85936832428,125275.0,20269.06386756897,328960.9401245117,1314182.3405332565,0.15404199338272997,0.0004454071375125511,0.003211573553639219,0.012444423928268646,0.9712229371070862,,0.009308,-1306952.7807628515,0.8379157486027234
598,218270,576.0,-1177430.1140027072,-1226382.240189712,0.9000300250641288,55729.10026359558,793561.9718017578,36837.236676216125,97960.0,2606.2778367698193,246464.6273536682,1177430.113668412,0.1678310677801308,0.0004705626610015507,0.003206754994799236,0.010073497327730843,0.9759532809257507,,0.009254000000000002,-1306952.7807628515,0.8379157486027234
599,218635,576.7,-1274429.925085034,-1224955.9160421663,0.8466863470534756,74147.57609081268,779170.7261962891,50448.33137321472,124205.0,15304.816102981567,305301.0538406372,1274429.9275131226,0.1678310677801308,0.0004705626610015507,0.003206754994799236,0.010073497327730843,0.9759532809257507,,0.009254000000000002,-1306952.7807628515,0.8379157486027234
600,219000,578.6,-1136577.549187504,-1222090.1020755633,0.892286199086333,57721.70422077179,756365.6008300781,38154.463070869446,104330.0,3928.4210653305054,233799.07093048096,1136577.555896759,0.1678310677801308,0.0004705626610015507,0.003206754994799236,0.010073497327730843,0.9759532809257507,,0.009254000000000002,-1317792.8512198064,0.8367184130296316
601,219365,580.1,-1147482.6167478056,-1216483.2798976894,0.8646799882797346,54934.68082046509,780637.9611816406,40835.05862617493,115740.0,4090.8777980208397,206178.72274017334,1147482.6203460097,0.1885391632585149,0.0004139244252464299,0.002571507510238964,0.010237959127775148,0.9742838740348816,,0.009200000000000002,-1317792.8512198064,0.8367184130296316
602,219730,580.9,-1147551.4093729004,-1216436.69059248,0.8746952892982797,53096.749240875244,781547.1125488281,38535.85283470154,110955.0,4509.986373186111,212003.46790122986,1147551.4196579456,0.1885391632585149,0.0004139244252464299,0.002571507510238964,0.010237959127775148,0.9742838740348816,,0.009200000000000002,-1317792.8512198064,0.8367184130296316
603,220095,581.6,-1194620.6955258632,-1210532.7172026716,0.8571247571135221,57688.60952377319,798387.1744384766,42006.14793395996,118715.0,3733.8981037139893,231778.4729309082,1194620.6934070587,0.1885391632585149,0.0004139244252464299,0.002571507510238964,0.010237959127775148,0.9742838740348816,,0.009200000000000002,-1317792.8512198064,0.8367184130296316
604,220460,583.0,-1260531.0299633841,-1212707.765245956,0.9158703016908202,48779.926708221436,899042.8612060547,32571.112698554993,84200.0,1456.323525428772,243260.7332763672,1260531.0307064056,0.18122466555551478,0.0003924618275911933,0.0030375698192265667,0.00965276355610082,0.9760183095932007,,0.009146000000000001,-1317792.8512198064,0.8367184130296316
605,220825,583.7,-1146805.2817036584,-1213075.707823089,0.8879308762615674,59156.03914928436,754322.4936523438,39581.85926914215,104770.0,2023.5972318649292,246107.32943725586,1146805.2795906067,0.18122466555551478,0.0003924618275911933,0.0030375698192265667,0.00965276355610082,0.9760183095932007,,0.009146000000000001,-1317792.8512198064,0.8367184130296316
606,221190,585.2,-1153493.5996957277,-1212464.2317251214,0.8770854069762034,55731.548780441284,771170.1722412109,39768.441880226135,109595.0,1581.809651374817,231378.17876434326,1153493.6025371552,0.1655904195810619,0.00030953137430563064,0.0021075867790434706,0.008879087252640411,0.9784273505210876,,0.00911,-1317792.8512198064,0.8367184130296316
607,221555,585.9,-1247902.3155627525,-1214839.4797159084,0.9128857818368363,49445.69298553467,880390.3885498047,33209.80670261383,85855.0,2942.88228225708,245504.23593902588,1247902.3134737015,0.1655904195810619,0.00030953137430563064,0.0021075867790434706,0.008879087252640411,0.9784273505210876,,0.00911,-1317792.8512198064,0.8367184130296316
608,221920,586.6,-1190012.4377528455,-1216061.6301509258,0.9023454736356866,55994.47832489014,802399.4971923828,36847.92461204529,95135.0,2122.084228515625,253507.92501831055,1190012.4310512543,0.1655904195810619,0.00030953137430563064,0.0021075867790434706,0.008879087252640411,0.9784273505210876,,0.00911,-1317792.8512198064,0.8367184130296316
609,222285,588.1,-1206620.2162879189,-1217970.8799206945,0.9061159703829517,52692.75252723694,842387.6032714844,35024.36492729187,91360.0,742.9488945007324,237105.30648040771,1206620.2235736847,0.1477832664784632,0.0003589451203209281,0.002759431543190179,0.008204309092099337,0.9812161922454834,,0.009056000000000002,-1317792.8512198064,0.8367184130296316
610,222650,588.8,-1148361.0525371279,-1217812.2777998527,0.8744695764698395,55147.125745773315,783470.57421875,40081.43996286392,111960.0,2680.028732776642,210169.0033493042,1148361.0462636948,0.1477832664784632,0.0003589451203209281,0.002759431543190179,0.008204309092099337,0.9812161922454834,,0.009056000000000002,-1317792.8512198064,0.8367184130296316
611,223015,589.5,-1282721.9163749889,-1225386.5540683982,0.9205856150143767,44581.71232795715,944063.9542236328,30264.048125743866,79970.0,1300.2059590816498,227123.70790100098,1282721.9162094593,0.1477832664784632,0.0003589451203209281,0.002759431543190179,0.008204309092099337,0.9812161922454834,,0.009056000000000002,-1317792.8512198064,0.8367184130296316
612,223380,591.0,-1138742.5778012387,-1221833.0562710739,0.8784165212552841,57108.23370552063,774357.2368164062,40432.05416107178,109305.0,2316.0533902421594,212332.23723983765,1138742.5816075578,0.16562645862761297,0.00042177318482572446,0.00320809347689838,0.008547709102889425,0.9799568057060242,,0.009002000000000001,-1317792.8512198064,0.8367184130296316
613,223745,591.7,-1232448.6783040115,-1225274.520171253,0.9102064297623831,50332.90607833862,868494.9808349609,33621.18878364563,88560.0,2038.169719696045,239734.33624267578,1232448.6755809784,0.16562645862761297,0.00042177318482572446,0.00320809347689838,0.008547709102889425,0.9799568057060242,,0.009002000000000001,-1317792.8512198064,0.8367184130296316
614,224110,592.5,-1126340.9246009006,-1199549.9852015045,0.8901485818706146,57447.95483970642,742975.4613037109,38233.253306388855,105185.0,2093.0535564422607,237854.1547012329,1126340.922867775,0.16562645862761297,0.00042177318482572446,0.00320809347689838,0.008547709102889425,0.9799568057060242,,0.009002000000000001,-1317792.8512198064,0.8367184130296316
615,224475,593.9,-1151810.4896783354,-1195244.122345875,0.8608492260109888,55410.52714443207,787528.4377441406,41203.74356460571,116655.0,2140.304256439209,204282.99884796143,1151810.484413147,0.1668642100534941,0.00040564066320688364,0.003217730605875228,0.008275045057464587,0.9804900288581848,,0.008948000000000001,-1317792.8512198064,0.8367184130296316
616,224840,594.7,-1339295.5495604859,-1200868.0362961807,0.8404978241005989,76582.74406814575,781681.5749511719,51601.707401275635,126400.0,14726.05899143219,364886.2089920044,1339295.550335884,0.1668642100534941,0.00040564066320688364,0.003217730605875228,0.008275045057464587,0.9804900288581848,,0.008948000000000001,-1317792.8512198064,0.8367184130296316
617,225205,595.4,-1186751.4600441759,-1194496.4919894682,0.8954972066291391,60322.70170593262,764343.9979248047,39187.07843351364,99475.0,2011.0821018218994,281734.30068969727,1186751.4591498375,0.1668642100534941,0.00040564066320688364,0.003217730605875228,0.008275045057464587,0.9804900288581848,,0.008948000000000001,-1317792.8512198064,0.8367184130296316
618,225570,596.8,-1144684.2406115918,-1192859.1983199124,0.895226226114247,58237.73596763611,752129.0096435547,38118.08139419556,100900.0,1260.47287607193,252276.66152191162,1144684.2254357338,0.18210590591556147,0.0004396019883547285,0.0029765346614447864,0.011095131257254826,0.9726004600524902,,0.008894,-1317792.8512198064,0.8367184130296316
619,225935,597.5,-1172788.5196370403,-1187777.1280475128,0.8499804859292017,63060.68499279022,775106.0202636719,44978.794016838074,121400.0,3877.3651218414307,227426.3352279663,1172788.5146303177,0.18210590591556147,0.0004396019883547285,0.0029765346614447864,0.011095131257254826,0.9726004600524902,,0.008894,-1317792.8512198064,0.8367184130296316
620,226300,598.2,-1131852.2347343857,-1187540.862324857,0.8894061420061817,59547.89160346985,740041.2243652344,39449.00600719452,103435.0,1692.4551029205322,247234.54348754883,1131852.2289628983,0.18210590591556147,0.0004396019883547285,0.0029765346614447864,0.011095131257254826,0.9726004600524902,,0.008894,-1317792.8512198064,0.8367184130296316
621,226665,599.7,-1207318.3164788634,-1190532.64731141,0.8473386952321823,70254.70043182373,763227.5631103516,48900.800062179565,121775.0,5843.25709438324,267571.70222473145,1207318.3224916458,0.18037510604450577,0.0003844824315915742,0.002759431540126618,0.009946352324301475,0.975188136100769,,0.00884,-1317792.8512198064,0.8367184130296316
622,227030,600.4,-1198042.784577759,-1193057.2160716527,0.8847999291877224,58334.72950172424,767389.2658691406,39584.714426994324,105930.0,3342.7604475021362,281796.0498352051,1198042.7905788422,0.18037510604450577,0.0003844824315915742,0.002759431540126618,0.009946352324301475,0.975188136100769,,0.00884,-1317792.8512198064,0.8367184130296316
623,227395,602.0,-1133566.7123945963,-1190004.5169150892,0.8668943741550185,54927.463510513306,771340.6140136719,40753.96097755432,112780.0,1866.6957025527954,206825.435546875,1133566.706240654,0.18510364505805468,0.00036160039350139223,0.0024124948632609296,0.010022393550331654,0.9749925136566162,,0.008804000000000001,-1317792.8512198064,0.8367184130296316
624,227760,602.7,-1132732.9468524302,-1183614.6127595417,0.8728034558361524,54240.02238368988,772634.9686279297,40074.34304237366,111355.0,1719.9900374412537,206948.65014648438,1132732.951854229,0.18510364505805468,0.00036160039350139223,0.0024124948632609296,0.010022393550331654,0.9749925136566162,,0.008804000000000001,-1317792.8512198064,0.8367184130296316
625,228125,604.6,-1246710.106720276,-1188609.8540103727,0.9103136818702907,51413.39712238312,866215.8879394531,34027.54408454895,87130.0,2374.2135124206543,256962.4588470459,1246710.1043834686,0.18510364505805468,0.00036160039350139223,0.0024124948632609296,0.010022393550331654,0.9749925136566162,,0.008804000000000001,-1313005.6980510247,0.8356016252138843
626,228490,606.2,-1170126.305036634,-1189441.489277418,0.8859631332632614,58601.39298534393,749697.2471923828,39323.96636390686,105310.0,3032.8753628730774,272762.21728515625,1170126.306204319,0.16479835404377235,0.00039260006877540085,0.0022403650126714063,0.009698252487731608,0.9769364595413208,,0.00875,-1313005.6980510247,0.8356016252138843
627,228855,606.9,-1162243.8820708136,-1185158.567602821,0.8580236418606484,56255.17413139343,786224.7072753906,41494.91824531555,116955.0,2123.3556736707687,215445.9001159668,1162243.8813103437,0.16479835404377235,0.00039260006877540085,0.0022403650126714063,0.009698252487731608,0.9769364595413208,,0.00875,-1313005.6980510247,0.8356016252138843
628,229220,607.6,-1141621.2767332343,-1182739.0095518404,0.8833767494110212,57053.31119060516,762429.9127197266,39233.12023162842,105215.0,3265.9855995178223,231477.25743198395,1141621.2759828568,0.16479835404377235,0.00039260006877540085,0.0022403650126714063,0.009698252487731608,0.9769364595413208,,0.00875,-1313005.6980510247,0.8356016252138843
629,229585,609.1,-1155612.9695418063,-1180188.647214535,0.8504538121288769,64238.299733161926,765430.5935058594,45479.424243927,119875.0,4569.810586929321,220258.13481140137,1155612.963148117,0.17875373167426964,0.00047720219553364014,0.003124036293133701,0.009116070675908736,0.9767588973045349,,0.008696,-1313005.6980510247,0.8356016252138843
630,229950,609.8,-1243611.4143456821,-1184951.1653049623,0.9148108737109458,48729.19690132141,893557.3045654297,32602.23340034485,83850.0,1509.835277557373,232092.03632736206,1243611.409570694,0.17875373167426964,0.00047720219553364014,0.003124036293133701,0.009116070675908736,0.9767588973045349,,0.008696,-1313005.6980510247,0.8356016252138843
631,230315,610.6,-1131154.5849054768,-1177372.7987314868,0.870586244210805,54436.21773147583,781911.2105712891,40272.99622917175,110805.0,3901.4521017074585,194263.92840576172,1131154.58730793,0.17875373167426964,0.00047720219553364014,0.003124036293133701,0.009116070675908736,0.9767588973045349,,0.008696,-1313005.6980510247,0.8356016252138843
632,230680,612.1,-1300499.5042866038,-1185460.645055755,0.840019934308039,76060.10702705383,776852.1394042969,51355.77392101288,124915.0,14164.088302612305,333212.5030899048,1300499.5047178268,0.16836076719980492,0.0003592873937649481,0.0027235600022035406,0.010200250195339322,0.9755929708480835,,0.008642,-1313005.6980510247,0.8356016252138843
633,231045,612.9,-1143511.3416128552,-1181013.7782211972,0.8891940291613749,60722.012634277344,746944.2170410156,40080.469440460205,101580.0,2557.24853515625,252349.40662384033,1143511.3416404724,0.16836076719980492,0.0003592873937649481,0.0027235600022035406,0.010200250195339322,0.9755929708480835,,0.008642,-1313005.6980510247,0.8356016252138843
634,231410,614.0,-1185530.6228995256,-1183973.2631361284,0.9046702760539643,53763.61421775818,815275.6977539062,35585.36447238922,91025.0,2781.3625411987305,240863.20629882812,1185530.6310663223,0.16836076719980492,0.0003592873937649481,0.0027235600022035406,0.010200250195339322,0.9755929708480835,,0.008642,-1313005.6980510247,0.8356016252138843
635,231775,615.8,-1191165.3315146365,-1185941.0052279436,0.908289822486982,52347.89373874664,833702.7938232422,34967.5229177475,88670.0,1571.412395477295,232253.61094474792,1191165.340081215,0.16782401266850924,0.00047684937573266276,0.003094321807638105,0.011024375764751121,0.9735944271087646,,0.008588000000000002,-1313005.6980510247,0.8356016252138843
636,232140,616.5,-1173416.3221737365,-1177647.0438586064,0.8632808110485338,56191.986419677734,795212.6173095703,41600.767683029175,112205.0,4326.089015960693,220071.85565185547,1173416.3296604156,0.16782401266850924,0.00047684937573266276,0.003094321807638105,0.011024375764751121,0.9735944271087646,,0.008588000000000002,-1313005.6980510247,0.8356016252138843
637,232505,618.0,-1282155.0915512317,-1182417.2254339592,0.843916904109798,76446.3158454895,766734.6939697266,51866.874366760254,121860.0,16875.217735290527,324818.3053894043,1282155.0914611816,0.1696962745566117,0.00038240789337195516,0.0024700499473654324,0.010458163353369423,0.9745832085609436,,0.008552,-1313005.6980510247,0.8356016252138843
638,232870,618.8,-1137386.2434424958,-1182052.3255755042,0.8726099360479067,55122.60772037506,775370.2980957031,39983.31811904907,108335.0,4284.328863143921,209413.29544067383,1137386.24051857,0.1696962745566117,0.00038240789337195516,0.0024700499473654324,0.010458163353369423,0.9745832085609436,,0.008552,-1313005.6980510247,0.8356016252138843
639,233235,619.5,-1169831.7183930608,-1181904.4855133053,0.8563908162182324,57373.46376132965,794334.1889648438,42361.850217819214,115845.0,3338.3603501319885,213952.31756591797,1169831.717098713,0.1696962745566117,0.00038240789337195516,0.0024700499473654324,0.010458163353369423,0.9745832085609436,,0.008552,-1313005.6980510247,0.8356016252138843
640,233600,621.0,-1168670.3450478665,-1183745.391028979,0.8489514922442501,58067.31123542786,774247.5064697266,42530.42545890808,118880.0,4534.475049495697,228477.93515396118,1168670.3421320915,0.17784481025055834,0.00045210663440804256,0.0030913771326212505,0.011334046696949946,0.9724820256233215,,0.008498,-1313005.6980510247,0.8356016252138843
641,233965,621.7,-1159578.2411045404,-1181358.3872602629,0.8997092934503947,55668.008484363556,778894.6254882812,36928.49647116661,95350.0,1998.5860176086426,246406.53463745117,1159578.2426145077,0.17784481025055834,0.00045210663440804256,0.0030913771326212505,0.011334046696949946,0.9724820256233215,,0.008498,-1313005.6980510247,0.8356016252138843
642,234330,622.3,-1231504.197241568,-1183031.4578934533,0.8441484188380307,74254.95462608337,765386.5693359375,50875.01700401306,121495.0,10173.993772029877,283573.61517333984,1231504.1952853203,0.17784481025055834,0.00045210663440804256,0.0030913771326212505,0.011334046696949946,0.9724820256233215,,0.008498,-1313005.6980510247,0.8356016252138843
643,234695,623.7,-1139939.125321189,-1183350.0785397831,0.8525025276288595,57374.30715751648,766727.5958251953,42194.66668224335,118020.0,1929.6455788612366,211067.21702957153,1139939.1251158714,0.17278249208864413,0.000458151073440891,0.003643905910920646,0.010391448146516555,0.9739316701889038,,0.008444,-1313005.6980510247,0.8356016252138843
644,235060,624.5,-1274712.3423450273,-1190449.048314413,0.9209549312722193,41821.83200073242,960695.0191650391,29159.228679656982,76325.0,1275.200340270996,207257.89369010925,1274712.3418750763,0.17278249208864413,0.000458151073440891,0.003643905910920646,0.010391448146516555,0.9739316701889038,,0.008444,-1313005.6980510247,0.8356016252138843
645,235425,625.2,-1165832.3181336452,-1186405.1588850815,0.862625175796143,55049.430892944336,789620.9230957031,41130.08200454712,112855.0,4545.382125139236,217680.92839050293,1165832.3156158924,0.17278249208864413,0.000458151073440891,0.003643905910920646,0.010391448146516555,0.9739316701889038,,0.008444,-1313005.6980510247,0.8356016252138843
646,235790,626.6,-1142278.6788042248,-1185012.7775734612,0.8818783118300242,57288.991817474365,766672.9212646484,39473.92845535278,104355.0,2319.3582153320312,229457.4666442871,1142278.6745796204,0.15651327057888634,0.00031775133294630856,0.002379300307151616,0.010009980907565668,0.9762980937957764,,0.008390000000000002,-1313005.6980510247,0.8356016252138843
647,236155,627.4,-1173048.7818655185,-1185553.0225631963,0.8541654196504044,58310.791036605835,782739.5930175781,42843.69419002533,116725.0,2482.92085647583,228257.57470703125,1173048.7827711105,0.15651327057888634,0.00031775133294630856,0.002379300307151616,0.010009980907565668,0.9762980937957764,,0.008390000000000002,-1313005.6980510247,0.8356016252138843
648,236520,628.1,-1192993.8575318186,-1188121.6516031255,0.9061117934854064,53394.639684677124,823768.2520751953,35654.497748851776,88960.0,2814.4337882995605,241796.66821289062,1192993.8518252373,0.15651327057888634,0.00031775133294630856,0.002379300307151616,0.010009980907565668,0.9762980937957764,,0.008390000000000002,-1313005.6980510247,0.8356016252138843
649,236885,629.5,-1277410.2919411636,-1194211.5177230933,0.8422011032496413,75735.81204986572,765004.5413818359,51501.540331840515,123805.0,14017.514647960663,323081.68881225586,1277410.285173893,0.16598092784222804,0.000338725029666277,0.002347444240417405,0.009674746518660533,0.9767374992370605,,0.008336,-1313005.6980510247,0.8356016252138843
650,237250,631.3,-1157485.9214034013,-1189905.2430759792,0.8674067253935827,54943.525517463684,796006.9229736328,40780.327238082886,110645.0,2128.1377086639404,207925.5270690918,1157485.9149894714,0.16598092784222804,0.000338725029666277,0.002347444240417405,0.009674746518660533,0.9767374992370605,,0.008336,-1307601.2108273434,0.8344265898613081
651,237615,632.8,-1176415.060274417,-1192168.2668444263,0.8599948765480355,56935.57624053955,798663.5051269531,41854.17012023926,115155.0,2558.860565662384,218183.529296875,1176415.0651097298,0.17917297074669286,0.000318753685190275,0.0020551179607680658,0.01125985910919936,0.9722248315811157,,0.0083,-1307601.2108273434,0.8344265898613081
652,237980,633.5,-1152868.6573814284,-1184786.7244991674,0.8843876773363923,57754.62851142883,753609.0841064453,39105.972160339355,103960.0,967.3916707038879,255226.2117767334,1152868.659714222,0.17917297074669286,0.000318753685190275,0.0020551179607680658,0.01125985910919936,0.9722248315811157,,0.0083,-1307601.2108273434,0.8344265898613081
653,238345,634.2,-1132606.4591709175,-1184241.4803770708,0.866393389603863,54484.784675598145,776333.6556396484,40403.36563396454,114025.0,3046.1552505493164,198798.27899551392,1132606.4555196762,0.17917297074669286,0.000318753685190275,0.0020551179607680658,0.01125985910919936,0.9722248315811157,,0.0083,-1307601.2108273434,0.8344265898613081
654,238710,635.7,-1164334.935906852,-1183181.6960274372,0.8539630666171034,57249.66953086853,786456.8978271484,41952.99053764343,117600.0,2635.241265296936,215689.8074798584,1164334.9371099472,0.1712433625208704,0.00043925470426505565,0.0030621980388930658,0.010048946426985296,0.9752517342567444,,0.008246,-1307601.2108273434,0.8344265898613081
655,239075,636.4,-1163828.3945347155,-1181814.8491784409,0.8979826858598892,58671.57983112335,770485.0301513672,38308.10120010376,98405.0,3285.0175552368164,253345.2565765381,1163828.4054832458,0.1712433625208704,0.00043925470426505565,0.0030621980388930658,0.010048946426985296,0.9752517342567444,,0.008246,-1307601.2108273434,0.8344265898613081
656,239440,637.1,-1147793.7741889767,-1180533.721779203,0.8926779577176864,60380.27568435669,749972.5914306641,39481.98977851868,100900.0,2045.085433959961,255394.10430145264,1147793.7709445953,0.1712433625208704,0.00043925470426505565,0.0030621980388930658,0.010048946426985296,0.9752517342567444,,0.008246,-1307601.2108273434,0.8344265898613081
657,239805,638.7,-1316604.8508907058,-1182256.2097461768,0.9224367095999522,41993.24364089966,983586.5109863281,29262.124274253845,76140.0,1551.5691528320021,226064.6463317871,1316604.850745201,0.15426100594432732,0.0003236812968967378,0.002531888195287473,0.009835906706652358,0.9762213826179504,,0.008192000000000001,-1307601.2108273434,0.8344265898613081
658,240170,639.6,-1132476.8435235622,-1182010.73975023,0.8836069943153695,56319.21832084656,765910.06640625,38983.36389350891,104595.0,2705.1719732284546,220283.24131774902,1132476.8435907364,0.15426100594432732,0.0003236812968967378,0.002531888195287473,0.009835906706652358,0.9762213826179504,,0.008192000000000001,-1307601.2108273434,0.8344265898613081
659,240535,640.5,-1158529.6410302683,-1181445.6358820903,0.8861806273460389,56887.380496025085,770171.9736328125,38603.76183509827,103945.0,1725.4385304450989,244083.46300029755,1158529.6369986534,0.15426100594432732,0.0003236812968967378,0.002531888195287473,0.009835906706652358,0.9762213826179504,,0.008192000000000001,-1307601.2108273434,0.8344265898613081
660,240900,642.1,-1159201.707881788,-1180972.2040237864,0.8671811352037404,55894.29679489136,789812.0198974609,41203.66603851318,111480.0,2264.696852684021,214441.32411193848,1159201.7069005966,0.15733775476876058,0.0003377213098773561,0.0020251357847499954,0.00927899146795665,0.9776144027709961,,0.008138,-1307601.2108273434,0.8344265898613081
661,241265,643.2,-1225479.812477477,-1184267.282592433,0.9083426274665415,51329.29531764984,859276.1776123047,34170.84755039215,87040.0,1828.8480701446533,243163.94116210938,1225479.8143949509,0.15733775476876058,0.0003377213098773561,0.0020251357847499954,0.00927899146795665,0.9776144027709961,,0.008138,-1307601.2108273434,0.8344265898613081
662,241630,644.5,-1172800.0283567258,-1181332.0741481911,0.896036034414213,59129.90077495575,758506.4111328125,38613.313588142395,98190.0,1757.2340331077576,275733.08264160156,1172800.0413956642,0.15733775476876058,0.0003377213098773561,0.0020251357847499954,0.00927899146795665,0.9776144027709961,,0.008138,-1307601.2108273434,0.8344265898613081
663,241995,646.1,-1268592.7009102227,-1187764.7529276428,0.9221342806946742,41555.57534790039,965197.8472900391,28946.085619926453,76580.0,2516.6575968265533,195352.1114654541,1268592.7019722462,0.15029178795061612,0.000345377189325135,0.0024997644297974674,0.009571768980669347,0.9778679609298706,,0.008084000000000001,-1307601.2108273434,0.8344265898613081
664,242360,646.9,-1292251.6818659764,-1188641.7199036903,0.9212652624469914,43803.17957830429,951907.7928466797,29933.103537082672,78125.0,2210.43656539917,230075.34828186035,1292251.6812310219,0.15029178795061612,0.000345377189325135,0.0024997644297974674,0.009571768980669347,0.9778679609298706,,0.008084000000000001,-1307601.2108273434,0.8344265898613081
665,242725,648.4,-1146864.4902297764,-1187693.3285084968,0.8557228962036029,56466.218784332275,775634.2019042969,41590.69708633423,118820.0,2768.500699043274,208051.0851135254,1146864.4848031998,0.1410726463716281,0.0002876145197564926,0.0020208526111673564,0.00838105901953225,0.9812259674072266,,0.008048,-1307601.2108273434,0.8344265898613081
666,243090,649.1,-1132602.1027992214,-1187209.4997082467,0.877688367889352,53755.98636341095,786401.6577148438,38884.19222640991,109175.0,1806.2008051872253,196335.04191589355,1132602.0926623344,0.1410726463716281,0.0002876145197564926,0.0020208526111673564,0.00838105901953225,0.9812259674072266,,0.008048,-1307601.2108273434,0.8344265898613081
667,243455,649.9,-1181967.5306514371,-1187655.4371475424,0.8552687328155727,57702.887166023254,797926.4066162109,42195.38921737671,118350.0,3344.3748865127563,220151.36144638062,1181967.532166481,0.1410726463716281,0.0002876145197564926,0.0020208526111673564,0.00838105901953225,0.9812259674072266,,0.008048,-1307601.2108273434,0.8344265898613081
668,243820,651.4,-1250333.931540487,-1190522.440847976,0.9176247493861472,46776.06111907959,909596.5177001953,31510.714398384094,82645.0,1387.930771112442,225193.7671585083,1250333.9300282001,0.16105807317714943,0.00029522074256467594,0.00222724781518704,0.009578287270606348,0.9781748652458191,,0.007994000000000001,-1307601.2108273434,0.8344265898613081
669,244185,652.3,-1291364.439738702,-1191220.1482378528,0.8442640853254763,75483.31346702576,781237.1251831055,51050.22293663025,124590.0,14158.067785263062,320329.0253601074,1291364.4412651062,0.16105807317714943,0.00029522074256467594,0.00222724781518704,0.009578287270606348,0.9781748652458191,,0.007994000000000001,-1307601.2108273434,0.8344265898613081
670,244550,653.1,-1237494.3495472013,-1195220.5696450428,0.9140910153519617,49010.43591117859,887774.0955810547,32750.68639564514,85460.0,1040.4455394744873,230469.12712860107,1237494.3546447754,0.16105807317714943,0.00029522074256467594,0.00222724781518704,0.009578287270606348,0.9781748652458191,,0.007994000000000001,-1307601.2108273434,0.8344265898613081
671,244915,654.6,-1151282.9345301413,-1193963.963357829,0.8960785681254243,58599.48087120056,769380.6719970703,38544.30986022949,99580.0,1526.6882207393646,242251.25762939453,1151282.9277074337,0.1525992302126006,0.0003367762596290528,0.0019571404733908005,0.010574717846650043,0.9751983880996704,,0.00794,-1307601.2108273434,0.8344265898613081
672,245280,655.5,-1159931.6636499525,-1194317.1136712555,0.896581643411558,58632.47618484497,768314.4031982422,38138.1874961853,98430.0,3646.260217666626,251402.81547546387,1159931.666387558,0.1525992302126006,0.0003367762596290528,0.0019571404733908005,0.010574717846650043,0.9751983880996704,,0.00794,-1307601.2108273434,0.8344265898613081
673,245645,656.4,-1297229.9847928947,-1202548.2899523543,0.8461021498458027,75524.12203025818,776373.2296142578,51151.57192325592,122760.0,15475.53688621521,331469.6476364136,1297229.9860601425,0.1525992302126006,0.0003367762596290528,0.0019571404733908005,0.010574717846650043,0.9751983880996704,,0.00794,-1307601.2108273434,0.8344265898613081
674,246010,658.0,-1167017.8082128838,-1202682.433567656,0.8574029548527443,55691.420879364014,797699.4533691406,41158.56548881531,115925.0,2480.9570655822754,209753.82859802246,1167017.8045215607,0.17021876083392845,0.0002686492845034656,0.0018136543206453911,0.011258833661773488,0.9728797078132629,,0.007886,-1307601.2108273434,0.8344265898613081
675,246375,660.4,-1181769.502513447,-1203579.4889665924,0.9040372613358171,53663.838008880615,815170.3161621094,35552.26996421814,91640.0,1976.200044631958,237430.70848083496,1181769.4946517944,0.17021876083392845,0.0002686492845034656,0.0018136543206453911,0.011258833661773488,0.9728797078132629,,0.007886,-1314542.7572501204,0.836653057598088
676,246740,661.2,-1147496.140235413,-1203564.607268914,0.8702864063929205,53869.19251728058,786971.8322753906,40019.92702484131,109905.0,3660.2800903320312,206939.1033935547,1147496.1427841187,0.17021876083392845,0.0002686492845034656,0.0018136543206453911,0.011258833661773488,0.9728797078132629,,0.007886,-1314542.7572501204,0.836653057598088
677,247105,662.8,-1168415.2180362178,-1196155.1256261899,0.8541837401586037,56859.65595245361,784642.0753173828,41494.846883773804,118760.0,2118.038003921509,221400.25646972656,1168415.2166748047,0.16255701862667737,0.000352797552822219,0.0027661239953311835,0.00978314980717474,0.9760987758636475,,0.007831999999999999,-1314542.7572501204,0.836653057598088
678,247470,663.5,-1155484.8125286119,-1197305.5240764422,0.8928906976360165,60756.26315689087,753031.5487060547,39502.66965866089,101265.0,1606.2903137207031,260079.31024169922,1155484.8189201355,0.16255701862667737,0.000352797552822219,0.0027661239953311835,0.00978314980717474,0.9760987758636475,,0.007831999999999999,-1314542.7572501204,0.836653057598088
679,247835,665.3,-1188294.7086669058,-1198793.7774582743,0.9051870927418748,53425.45976829529,819670.7414550781,35240.565168857574,92210.0,2540.4294805526733,238632.9696044922,1188294.7057089806,0.16002392298296877,0.0003230896125291781,0.002561067290738911,0.009336169110611081,0.9769826531410217,,0.007796,-1314542.7572501204,0.836653057598088
680,248200,666.3,-1143999.9876370463,-1198033.691446037,0.8851400875065425,54802.86033153534,780220.8348388672,38149.87204551697,106010.0,2680.4644508957863,216938.8233795166,1143999.9947147965,0.16002392298296877,0.0003230896125291781,0.002561067290738911,0.009336169110611081,0.9769826531410217,,0.007796,-1314542.7572501204,0.836653057598088
681,248565,667.3,-1125106.2916777302,-1193015.0154060498,0.8733208974746809,51482.41304779053,779864.4263916016,38389.12251472473,111550.0,4606.775366306305,190695.9765777588,1125106.3008503914,0.16002392298296877,0.0003230896125291781,0.002561067290738911,0.009336169110611081,0.9769826531410217,,0.007796,-1314542.7572501204,0.836653057598088
682,248930,668.9,-1145129.1059552731,-1191631.4692859773,0.866298853207941,53126.661752700806,798876.6472167969,39619.351410865784,114260.0,3126.833126604557,189246.2710723877,1145129.102826655,0.16905878895991727,0.0003848455918686293,0.0027516682993767687,0.009084366323230298,0.9771131277084351,,0.007742,-1314542.7572501204,0.836653057598088
683,249295,669.8,-1291885.6151464812,-1192796.11499779,0.9240359632936243,41621.681509017944,984692.3065185547,28545.441979408264,76550.0,1696.9231977462769,200400.94515228271,1291885.616847992,0.16905878895991727,0.0003848455918686293,0.0027516682993767687,0.009084366323230298,0.9771131277084351,,0.007742,-1314542.7572501204,0.836653057598088
684,249660,671.0,-1147912.4367234376,-1185579.1527406627,0.854687995290103,56121.68587684631,778089.7213134766,41267.19983291626,118690.0,2537.2102332115173,207328.3069114685,1147912.4382910728,0.16905878895991727,0.0003848455918686293,0.0027516682993767687,0.009084366323230298,0.9771131277084351,,0.007742,-1314542.7572501204,0.836653057598088
685,250025,673.3,-1341681.4218658486,-1195319.9993224666,0.8406672128259319,76329.30221366882,811658.8421630859,51114.11385822296,125605.0,16942.90709257126,336360.5617980957,1341681.4249119759,0.1617315639006464,0.00035102021999926746,0.002482631751550607,0.010342349849739358,0.9749425649642944,,0.0076879999999999995,-1314542.7572501204,0.836653057598088
686,250390,674.3,-1212467.8937235225,-1199313.2888686815,0.9079092207020276,51550.15697479248,846035.0579833984,34303.18484592438,89765.0,1853.9836530685425,240510.66542816162,1212467.891910553,0.1617315639006464,0.00035102021999926746,0.002482631751550607,0.010342349849739358,0.9749425649642944,,0.0076879999999999995,-1314542.7572501204,0.836653057598088
687,250755,675.3,-1199429.9116822626,-1200186.407920223,0.9127301087118175,49173.36949920654,860387.6848144531,32699.171597003937,86930.0,549.1261891126633,218863.93309783936,1199429.915698409,0.1617315639006464,0.00035102021999926746,0.002482631751550607,0.010342349849739358,0.9749425649642944,,0.0076879999999999995,-1314542.7572501204,0.836653057598088
688,251120,677.1,-1218536.0274229737,-1198596.512714347,0.9169281309598113,45831.527972221375,899927.4044189453,31009.16269683838,83995.0,1564.4579854011536,202040.00699996948,1218536.0321011543,0.14694797522143313,0.00029520769054981527,0.0018977115065162682,0.009865881127648447,0.9779396653175354,,0.007633999999999999,-1314542.7572501204,0.836653057598088
689,251485,678.0,-1147648.4167904817,-1191410.7115669362,0.8603927311831958,55120.419832229614,790129.3311767578,40534.517221450806,117580.0,2509.932047367096,196894.63514709473,1147648.4155926704,0.14694797522143313,0.00029520769054981527,0.0018977115065162682,0.009865881127648447,0.9779396653175354,,0.007633999999999999,-1314542.7572501204,0.836653057598088
690,251850,679.1,-1266244.7605125587,-1192848.232115204,0.9230039028272237,41320.20285511017,962034.4038085938,28541.41769886017,76805.0,1257.8970856666565,197606.04006195068,1266244.7586550713,0.14694797522143313,0.00029520769054981527,0.0018977115065162682,0.009865881127648447,0.9779396653175354,,0.007633999999999999,-1314542.7572501204,0.836653057598088
691,252215,680.9,-1266666.5965864547,-1198617.4152180196,0.9200346447017095,45656.735818862915,934215.5864257812,30786.614634513855,81085.0,1947.58438205719,218631.8122406006,1266666.5976829529,0.14811263958874502,0.00027778316320779454,0.0021464029988764147,0.008586786558704549,0.9802001118659973,,0.007580000000000002,-1314542.7572501204,0.836653057598088
692,252580,681.8,-1242993.3922439879,-1202770.5016477217,0.8520341393065779,72331.90621376038,784092.1297607422,49175.09223175049,120995.0,9196.339986801147,279534.8323059082,1242993.394285202,0.14811263958874502,0.00027778316320779454,0.0021464029988764147,0.008586786558704549,0.9802001118659973,,0.007580000000000002,-1314542.7572501204,0.836653057598088
693,252945,683.6,-1155108.5558405826,-1195664.430200106,0.8732467455406712,51993.282670497894,804138.55078125,38632.3534488678,110350.0,4136.57245349884,197851.07666015625,1155108.553343773,0.16370200267747828,0.00027765485619487374,0.0018730832870412421,0.010136177285427326,0.975783109664917,,0.007544000000000001,-1314542.7572501204,0.836653057598088
694,253310,684.5,-1129494.6978601196,-1193788.2746824678,0.8771957750189794,50891.73379325867,797821.3421630859,37771.69790172577,111265.0,2676.342032492161,179960.3113861084,1129494.6934834123,0.16370200267747828,0.00027765485619487374,0.0018730832870412421,0.010136177285427326,0.975783109664917,,0.007544000000000001,-1314542.7572501204,0.836653057598088
695,253675,685.4,-1140438.9282566863,-1191721.7459696296,0.8806570404196439,51862.325298309326,797296.0847167969,37544.62212085724,108290.0,5228.005963563919,192080.21754455566,1140438.9303457737,0.16370200267747828,0.00027765485619487374,0.0018730832870412421,0.010136177285427326,0.975783109664917,,0.007544000000000001,-1314542.7572501204,0.836653057598088
696,254040,687.4,-1242774.9572625903,-1196485.6868209885,0.8527840514705606,72115.71291732788,786185.1728515625,48984.94065475464,121475.0,9333.099946290255,276796.7445983887,1242774.958050996,0.17365745062890806,0.00038506164156914516,0.0031414366645836516,0.009597276116868383,0.9754753708839417,,0.007490000000000002,-1314542.7572501204,0.836653057598088
697,254405,688.3,-1138858.7570751356,-1195007.8637729343,0.8558409068682422,54998.151933670044,770145.2220458984,40507.67541885376,118175.0,2503.106201171875,207527.7551422119,1138858.758808136,0.17365745062890806,0.00038506164156914516,0.0031414366645836516,0.009597276116868383,0.9754753708839417,,0.007490000000000002,-1314542.7572501204,0.836653057598088
698,254770,689.1,-1157027.4562790068,-1195084.995960454,0.874624445013804,52959.276491642,798460.1208496094,39002.541431427,109840.0,3625.135884284973,206099.65684509277,1157027.4550104141,0.17365745062890806,0.00038506164156914516,0.0031414366645836516,0.009597276116868383,0.9754753708839417,,0.007490000000000002,-1314542.7572501204,0.836653057598088
699,255135,690.9,-1148635.8871698165,-1193102.0548855998,0.8836035991368228,53035.821457862854,776037.884765625,37538.99732494354,105980.0,2538.1634464263916,226540.83489990234,1148635.8804368973,0.1762483486611592,0.00036635526511848805,0.0024877180173797043,0.01058138372670663,0.9733368158340454,,0.007436000000000002,-1314542.7572501204,0.836653057598088
700,255500,693.3,-1207779.3958696502,-1196291.0252972296,0.908869887868019,51756.47926521301,849859.4501953125,34381.084522247314,89625.0,3470.174060821533,230443.69287490845,1207779.4016532898,0.1762483486611592,0.00036635526511848805,0.0024877180173797043,0.01058138372670663,0.9733368158340454,,0.007436000000000002,-1311430.1975540752,0.8391472392702756
701,255865,694.1,-1125684.2144754515,-1196319.9214371159,0.8805367425696491,53126.73533630371,783704.7371826172,38251.98100376129,107385.0,2421.299934387207,193921.19451141357,1125684.2126321793,0.1762483486611592,0.00036635526511848805,0.0024877180173797043,0.01058138372670663,0.9733368158340454,,0.007436000000000002,-1311430.1975540752,0.8391472392702756
702,256230,695.9,-1175855.0434163678,-1197856.2183101706,0.8576239241312628,56245.78244590759,805909.4669189453,41173.93463087082,118025.0,3607.1632108688354,207139.4708404541,1175855.035601139,0.159784394855562,0.0003690136778267946,0.002480757868493368,0.008571684317614296,0.979335606098175,,0.007382000000000001,-1311430.1975540752,0.8391472392702756
703,256595,696.8,-1262385.899061629,-1196381.232505928,0.9214198550132856,44886.67449378967,935062.4317626953,30339.76775455475,80605.0,1082.5246186256409,215296.17986774445,1262385.9040036201,0.159784394855562,0.0003690136778267946,0.002480757868493368,0.008571684317614296,0.979335606098175,,0.007382000000000001,-1311430.1975540752,0.8391472392702756
704,256960,697.7,-1123276.3514680476,-1195149.4282431589,0.8921047003301855,58250.76185798645,752697.5269775391,38457.12146091461,102615.0,1238.5376415252686,228268.15965652466,1123276.3457365036,0.159784394855562,0.0003690136778267946,0.002480757868493368,0.008571684317614296,0.979335606098175,,0.007382000000000001,-1311430.1975540752,0.8391472392702756
705,257325,699.5,-1155480.5632257238,-1185839.3853111523,0.8850797780572551,54522.322457790375,775037.0852050781,37896.873324394226,106665.0,3641.0185508728027,232240.5917983055,1155480.5688786507,0.15700725426799372,0.00038618438884441275,0.0024202581109037916,0.009156266411178206,0.9784099459648132,,0.007328000000000001,-1311430.1975540752,0.8391472392702756
706,257690,700.4,-1126143.2543159225,-1181523.1533407725,0.8988226356571668,56863.75429916382,766151.4838867188,37349.28811168671,100250.0,1077.006164073944,221315.47178649902,1126143.2499489784,0.15700725426799372,0.00038618438884441275,0.0024202581109037916,0.009156266411178206,0.9784099459648132,,0.007328000000000001,-1311430.1975540752,0.8391472392702756
707,258055,702.3,-1152839.030138048,-1179193.6092635621,0.8733133784712177,52589.06544017792,801059.5905761719,39013.52852725983,111845.0,3078.031385421753,197842.87673950195,1152839.0272283554,0.1719986529726731,0.0003647505078620988,0.0027417634693464557,0.008737532716048392,0.9781978726387024,,0.007292000000000002,-1311430.1975540752,0.8391472392702756
708,258420,703.1,-1136962.9875381656,-1175114.9572693217,0.8948132067510527,58649.49835586548,750164.8590087891,38490.36417675018,101535.0,3068.620143890381,243704.1404914856,1136962.9838209152,0.1719986529726731,0.0003647505078620988,0.0027417634693464557,0.008737532716048392,0.9781978726387024,,0.007292000000000002,-1311430.1975540752,0.8391472392702756
709,258785,704.0,-1190193.6812587492,-1177242.220492735,0.9086845481232421,51681.83052253723,830889.3284912109,34209.83265590668,91880.0,1231.8008003383875,231982.71703338623,1190193.6789808422,0.1719986529726731,0.0003647505078620988,0.0027417634693464557,0.008737532716048392,0.9781978726387024,,0.007292000000000002,-1311430.1975540752,0.8391472392702756
710,259150,705.8,-1143377.11131871,-1171098.8380330424,0.8927767544576567,57004.76152133942,766252.9580078125,37741.02282190323,103355.0,2307.7634592056274,233720.36392211914,1143377.1082110405,0.15896816767360034,0.0003870731242817496,0.002886320426592934,0.008980419609303536,0.9778944253921509,,0.007238000000000001,-1311430.1975540752,0.8391472392702756
711,259515,706.7,-1278779.886526383,-1171704.5025300388,0.9213998401001708,43354.12750816345,957681.4383544922,29398.920868873596,80095.0,2999.2001028060913,208605.33265686035,1278779.8919830322,0.15896816767360034,0.0003870731242817496,0.002886320426592934,0.008980419609303536,0.9778944253921509,,0.007238000000000001,-1311430.1975540752,0.8391472392702756
712,259880,707.7,-1123469.5779877354,-1165728.3118172262,0.8877962822783483,54889.16220664978,778747.6196289062,37498.676235198975,106630.0,3186.942481994629,197406.33950805664,1123469.5778541565,0.15896816767360034,0.0003870731242817496,0.002886320426592934,0.008980419609303536,0.9778944253921509,,0.007238000000000001,-1311430.1975540752,0.8391472392702756
713,260245,709.6,-1191281.8336985568,-1167536.975710125,0.9033911092640602,55273.89828300476,803947.1785888672,36362.5888838768,97970.0,3030.4181365966797,249971.63418579102,1191281.8197951317,0.14997348267781108,0.00034940466699290003,0.0028105618724734278,0.008290985972914649,0.9812297224998474,,0.007184000000000001,-1311430.1975540752,0.8391472392702756
714,260610,710.4,-1187523.4054536556,-1170438.4110898017,0.9055229387871206,52592.83685684204,830788.73046875,34908.507890701294,93025.0,2034.1179313659668,226767.05010986328,1187523.4064006805,0.14997348267781108,0.00034940466699290003,0.0028105618724734278,0.008290985972914649,0.9812297224998474,,0.007184000000000001,-1311430.1975540752,0.8391472392702756
715,260975,711.3,-1143128.6586351153,-1170572.897608723,0.8793609413382125,52623.03971862793,787234.9908447266,37937.33410167694,110765.0,3610.05821621418,203581.2735824585,1143128.6567450762,0.14997348267781108,0.00034940466699290003,0.0028105618724734278,0.008290985972914649,0.9812297224998474,,0.007184000000000001,-1311430.1975540752,0.8391472392702756
716,261340,713.3,-1146027.7945633684,-1165735.539473762,0.8760893405300297,51468.93053627014,800234.6794433594,37989.763394355774,111320.0,3991.1252298354957,192492.22564697266,1146027.7937145233,0.17154899690496295,0.00025894579362341715,0.0016230533024339053,0.009035671901840129,0.9780411720275879,,0.007130000000000001,-1311430.1975540752,0.8391472392702756
717,261705,714.3,-1184329.9831044683,-1168009.1007752283,0.9069493837552528,51964.182050704956,826397.7485351562,34526.750102996826,93175.0,933.7892415523529,229296.6886138916,1184329.976493597,0.17154899690496295,0.00025894579362341715,0.0016230533024339053,0.009035671901840129,0.9780411720275879,,0.007130000000000001,-1311430.1975540752,0.8391472392702756
718,262070,715.2,-1142246.1552437476,-1167270.0357234657,0.8747081266690607,50162.88320350647,801635.2514648438,37602.79720497131,112670.0,2334.388486146927,188003.72100830078,1142246.1581642628,0.17154899690496295,0.00025894579362341715,0.0016230533024339053,0.009035671901840129,0.9780411720275879,,0.007130000000000001,-1311430.1975540752,0.8391472392702756
719,262435,717.1,-1138764.9378007269,-1166776.4882550112,0.8996549748394588,57353.82314491272,767351.3294677734,37607.600319862366,100475.0,2003.3116149902344,231327.69548034668,1138764.9368829727,0.16189118298260788,0.00033759673078748165,0.0026951840102954427,0.008627342826098595,0.9795817136764526,,0.0070760000000000016,-1311430.1975540752,0.8391472392702756
720,262800,718.1,-1241540.4426969094,-1168464.540596374,0.9243545982935657,41345.10422420502,946458.4045410156,28323.854224205017,79000.0,1530.230670928955,186227.95205688477,1241540.4414930344,0.16189118298260788,0.00033759673078748165,0.0026951840102954427,0.008627342826098595,0.9795817136764526,,0.0070760000000000016,-1311430.1975540752,0.8391472392702756
721,263165,719.1,-1135717.3348924168,-1168966.1966172226,0.8906527796836748,54071.806062698364,771412.4614257812,36884.418416023254,104870.0,3740.414710044861,218810.04522705078,1135717.3397789001,0.16189118298260788,0.00033759673078748165,0.0026951840102954427,0.008627342826098595,0.9795817136764526,,0.0070760000000000016,-1311430.1975540752,0.8391472392702756
722,263530,721.1,-1174975.1187913879,-1168922.2003859733,0.8569433001622762,56099.14649963379,796277.9117431641,41200.868516922,118085.0,3600.5646896362305,215810.7704925537,1174975.115442276,0.15372693754340472,0.0003791834521363949,0.002817789723753537,0.008268689332333835,0.9807884693145752,,0.007022000000000001,-1311430.1975540752,0.8391472392702756
723,263895,722.2,-1161183.0816848006,-1163862.0595171321,0.8622675699730442,55402.46965408325,789413.6138916016,40906.62635421753,115460.0,3827.5167560577393,211575.32470703125,1161183.081708908,0.15372693754340472,0.0003791834521363949,0.002817789723753537,0.008268689332333835,0.9807884693145752,,0.007022000000000001,-1311430.1975540752,0.8391472392702756
724,264260,724.3,-1168193.3306622575,-1166107.9084768426,0.9035959921471061,54570.82824611664,806701.3920898438,36112.4925365448,94300.0,2430.184970855713,228649.25601959229,1168193.3256168365,0.17091713296739677,0.00028226693958506647,0.0017488713875584501,0.010175544511232721,0.9749810099601746,,0.006986000000000001,-1311430.1975540752,0.8391472392702756
725,264625,727.0,-1148214.9110896317,-1165744.6258700378,0.8751944938751116,53340.07329940796,788851.7242431641,39295.59915924072,110335.0,4794.215600013733,204938.36953735352,1148214.908539772,0.17091713296739677,0.00028226693958506647,0.0017488713875584501,0.010175544511232721,0.9749810099601746,,0.006986000000000001,-1305497.4432740763,0.8387990601258735
726,264990,728.0,-1226782.1837072063,-1170776.5723396023,0.9145647427807115,49212.007449150085,880063.5858154297,32926.4926738739,85415.0,576.3819975852966,227800.720993042,1226782.1814799309,0.17091713296739677,0.00028226693958506647,0.0017488713875584501,0.010175544511232721,0.9749810099601746,,0.006986000000000001,-1305497.4432740763,0.8387990601258735
727,265355,730.1,-1229501.0246845998,-1174609.6720669298,0.9136470938382083,49097.25915336609,877883.2934570312,32765.06575679779,85585.0,1835.1152954101562,231432.55715942383,1229501.031668663,0.1524541976028367,0.00026094752052143263,0.0017202276955542498,0.008572299866692015,0.9804263710975647,,0.006932000000000001,-1305497.4432740763,0.8387990601258735
728,265720,731.0,-1140125.6452634651,-1174767.8049531947,0.8578437715360563,56876.206747055054,772344.458984375,41439.37861061096,118625.0,2212.0559544563293,205504.74757385254,1140125.6411232948,0.1524541976028367,0.00026094752052143263,0.0017202276955542498,0.008572299866692015,0.9804263710975647,,0.006932000000000001,-1305497.4432740763,0.8387990601258735
729,266085,732.0,-1171302.5047223058,-1173823.2461263724,0.8980104359861922,58340.058815956116,778048.8000488281,37961.48784351349,98440.0,2897.6003354787827,253954.61679840088,1171302.5050262213,0.1524541976028367,0.00026094752052143263,0.0017202276955542498,0.008572299866692015,0.9804263710975647,,0.006932000000000001,-1305497.4432740763,0.8387990601258735
730,266450,733.9,-1180359.214367349,-1175672.351278804,0.9034492504106809,55791.29325962067,795320.8850097656,36765.54712963104,95095.0,2174.2911853790283,251003.48079681396,1180359.2041215897,0.16285818246634384,0.00039344923133237327,0.0029138933184041983,0.009289596965046306,0.9768655300140381,,0.006878000000000001,-1305497.4432740763,0.8387990601258735
731,266815,734.9,-1214153.8538392084,-1172441.0496444455,0.9118255104104134,49702.88179206848,860717.2951660156,33286.94634246826,86730.0,3300.8448028564453,230118.76331329346,1214153.8496246338,0.16285818246634384,0.00039344923133237327,0.0029138933184041983,0.009289596965046306,0.9768655300140381,,0.006878000000000001,-1305497.4432740763,0.8387990601258735
732,267180,735.9,-1172484.063496279,-1174891.7739198727,0.8997301395625285,59119.625802993774,770365.6218261719,38394.95506954193,97770.0,1254.4224300384521,264699.0557632446,1172484.055088997,0.16285818246634384,0.00039344923133237327,0.0029138933184041983,0.009289596965046306,0.9768655300140381,,0.006878000000000001,-1305497.4432740763,0.8387990601258735
733,267545,737.8,-1169867.5539720769,-1173821.0599335488,0.8838611076955926,55359.2428817749,770765.5561523438,38580.93024253845,106385.0,1679.1026706695557,252456.95599365234,1169867.545059204,0.1544462342403437,0.00035342836681114643,0.002571239813206423,0.008579892994786956,0.9794730544090271,,0.006824000000000001,-1305497.4432740763,0.8387990601258735
734,267910,738.8,-1273529.9791779094,-1178121.3886197614,0.920967761947684,44353.29923248291,934656.5788574219,30217.43119907379,79515.0,1476.7230319976807,227664.2462463379,1273529.9793348312,0.1544462342403437,0.00035342836681114643,0.002571239813206423,0.008579892994786956,0.9794730544090271,,0.006824000000000001,-1305497.4432740763,0.8387990601258735
735,268275,739.8,-1207744.1608094783,-1181352.1637284798,0.9104501786297314,49911.80392456055,861734.9733886719,33333.74903869629,88380.0,1043.2169036865234,223252.22352600098,1207744.1628570557,0.1544462342403437,0.00035342836681114643,0.002571239813206423,0.008579892994786956,0.9794730544090271,,0.006824000000000001,-1305497.4432740763,0.8387990601258735
736,268640,741.7,-1220306.9135613763,-1185066.1196783804,0.9144699264879096,48911.73569869995,880928.2084960938,32708.30539417267,86305.0,1728.7472076416016,218636.65076446533,1220306.9118623734,0.14891153946518898,0.00030141038060767304,0.0018259684300956952,0.00801986800261626,0.9821352958679199,,0.006770000000000001,-1305497.4432740763,0.8387990601258735
737,269005,742.7,-1166914.3917390388,-1184195.340110109,0.8601772391632811,56283.31203842163,792759.0081787109,41333.86635971069,116730.0,3504.063302963972,212587.45233154297,1166914.3901729286,0.14891153946518898,0.00030141038060767304,0.0018259684300956952,0.00801986800261626,0.9821352958679199,,0.006770000000000001,-1305497.4432740763,0.8387990601258735
738,269370,744.6,-1176386.2771319,-1185902.3462045162,0.8562162387860964,56054.096056461334,794604.2468261719,41217.789434194565,118285.0,2689.7070722579956,219589.53582763672,1176386.2791602612,0.16720254170267204,0.0002575894265024353,0.0013028864305899908,0.009873292568188748,0.9764524698257446,,0.006734,-1305497.4432740763,0.8387990601258735
739,269735,745.5,-1259858.7201488798,-1191957.035321924,0.8485709345504029,75913.76668930054,771270.6958007812,50973.62648773193,123245.0,10312.831460952759,304056.56636047363,1259858.7201099396,0.16720254170267204,0.0002575894265024353,0.0013028864305899908,0.009873292568188748,0.9764524698257446,,0.006734,-1305497.4432740763,0.8387990601258735
740,270100,746.3,-1178290.0253074635,-1188794.5144524518,0.8638957149361911,55495.412967681885,790057.0952148438,41079.40206813812,114070.0,3973.8132662773132,229109.70965576172,1178290.020205021,0.16720254170267204,0.0002575894265024353,0.0013028864305899908,0.009873292568188748,0.9764524698257446,,0.006734,-1305497.4432740763,0.8387990601258735
741,270465,748.2,-1242712.4433941122,-1194144.2698775365,0.9178845160628019,45945.77994346619,914256.7962646484,31136.344222068787,81830.0,1702.2268736362457,213787.07090759277,1242712.4382679462,0.17010951493131488,0.0003460754255923492,0.0021292703221613344,0.010774459052634867,0.974333643913269,,0.006680000000000001,-1305497.4432740763,0.8387990601258735
742,270830,749.0,-1137444.2639632823,-1192267.7271361311,0.8758827460955267,53187.92475914955,787901.4063720703,38937.31017923355,110480.0,2390.347368001938,197735.2042541504,1137444.2681734562,0.17010951493131488,0.0003460754255923492,0.0021292703221613344,0.010774459052634867,0.974333643913269,,0.006680000000000001,-1305497.4432740763,0.8387990601258735
743,271195,749.9,-1138941.7694593514,-1191155.6615248586,0.8551481957304967,56373.5109500885,768973.6900634766,41298.71171092987,118590.0,4469.396270751953,205609.97299957275,1138941.7710447311,0.17010951493131488,0.0003460754255923492,0.0021292703221613344,0.010774459052634867,0.974333643913269,,0.006680000000000001,-1305497.4432740763,0.8387990601258735
744,271560,751.7,-1138493.3451567558,-1189670.6622495833,0.8644002039138585,53776.06073951721,784592.7214355469,39912.882917404175,114575.0,2434.908066779375,196977.83312606812,1138493.3455457985,0.1713359383376021,0.0004681003175918656,0.0026900977490616866,0.009886393090710044,0.9748020172119141,,0.006626000000000001,-1305497.4432740763,0.8387990601258735
745,271925,752.6,-1227324.04779166,-1193626.1190846849,0.9196550003469807,45132.559101104736,908704.1317138672,30526.972198486328,81530.0,1743.118824005127,204819.82557678223,1227324.0483131409,0.1713359383376021,0.0004681003175918656,0.0026900977490616866,0.009886393090710044,0.9748020172119141,,0.006626000000000001,-1305497.4432740763,0.8387990601258735
746,272290,753.4,-1169871.4931455092,-1190780.5845566,0.9059815539072638,51826.94762134552,822765.673828125,34503.94945716858,91565.0,1596.573173046112,219440.30583190918,1169871.5022902489,0.1713359383376021,0.0004681003175918656,0.0026900977490616866,0.009886393090710044,0.9748020172119141,,0.006626000000000001,-1305497.4432740763,0.8387990601258735
747,272655,755.3,-1289394.164565683,-1193775.2415506542,0.8472362526475566,75071.16701889038,785694.0792236328,51013.73117542267,121935.0,10641.828603744507,320109.522026062,1289394.161028862,0.14686125242396406,0.0003171256096864358,0.0019697222818841078,0.008951848813969838,0.9792160391807556,,0.006572000000000001,-1305497.4432740763,0.8387990601258735
748,273020,756.1,-1114914.9864455815,-1192514.7086097603,0.8808253688355014,53775.468170166016,779394.0375976562,38552.29820537567,106125.0,3314.4157705307007,187529.23802947998,1114914.9896030426,0.14686125242396406,0.0003171256096864358,0.0019697222818841078,0.008951848813969838,0.9792160391807556,,0.006572000000000001,-1305497.4432740763,0.8387990601258735
749,273385,756.9,-1153897.5793829137,-1191644.4623427908,0.9044719738503025,53641.06555747986,803975.0989990234,35497.204125881195,93190.0,2310.8451232910156,218924.4306793213,1153897.578927517,0.14686125242396406,0.0003171256096864358,0.0019697222818841078,0.008951848813969838,0.9792160391807556,,0.006572000000000001,-1305497.4432740763,0.8387990601258735
750,273750,760.3,-1153741.1063330995,-1190313.556941078,0.8843508106388458,56329.05502319336,776896.8446044922,38861.205629348755,103930.0,2526.9644775390625,231526.09004354477,1153741.1047549248,0.16602747024674164,0.0003150467644349862,0.0017253139590856766,0.010175972049565692,0.97514408826828,,0.006518,-1304310.545862555,0.8387275552096431
751,274115,761.2,-1272904.7057893728,-1193251.099538586,0.9215445103710644,44085.73930358887,942653.9521484375,29906.919095039368,77970.0,1673.3981609344482,220700.43547058105,1272904.7048749924,0.16602747024674164,0.0003150467644349862,0.0017253139590856766,0.010175972049565692,0.97514408826828,,0.006518,-1304310.545862555,0.8387275552096431
752,274480,763.3,-1243096.2954564518,-1196781.7111365949,0.917609908156199,45326.03842544556,913202.2697753906,30903.36693572998,81145.0,1445.9629516601562,216399.6996536255,1243096.2993164062,0.13735980599334366,0.00024077781324051198,0.0014801025421260611,0.007923771486323523,0.9825627207756042,,0.006482000000000001,-1304310.545862555,0.8387275552096431
753,274845,764.2,-1146851.8298661034,-1195630.9249312961,0.8955890226037535,60162.71713638306,753294.0905761719,39234.97053527832,98795.0,974.4683406352997,254553.2966003418,1146851.8260524273,0.13735980599334366,0.00024077781324051198,0.0014801025421260611,0.007923771486323523,0.9825627207756042,,0.006482000000000001,-1304310.545862555,0.8387275552096431
754,275210,765.0,-1149098.0227805208,-1189409.3271114263,0.8594663956393934,55979.979877471924,789392.3549804688,41088.123682022095,115565.0,3575.864130139351,199476.67979431152,1149098.0225869417,0.13735980599334366,0.00024077781324051198,0.0014801025421260611,0.007923771486323523,0.9825627207756042,,0.006482000000000001,-1304310.545862555,0.8387275552096431
755,275575,766.9,-1147065.4447687129,-1186375.3913093884,0.8771988248171871,54378.80797576904,778613.8754882812,39031.77621221542,107130.0,3241.322636127472,219048.47667312622,1147065.4510097504,0.168700184477003,0.00032410551169672735,0.002199674909015333,0.00994644179253986,0.9755432605743408,,0.0064280000000000006,-1304310.545862555,0.8387275552096431
756,275940,767.8,-1235808.3452171397,-1187150.4628921766,0.9103456244076769,52282.47727203369,860865.2095947266,34622.294776916504,87820.0,865.2302775382996,251635.61541175842,1235808.3500609398,0.168700184477003,0.00032410551169672735,0.002199674909015333,0.00994644179253986,0.9755432605743408,,0.0064280000000000006,-1304310.545862555,0.8387275552096431
757,276305,768.7,-1181069.0810606473,-1187858.197358257,0.8599253455253496,57638.49953460693,798461.1014404297,41966.57295417786,114935.0,4357.946141004562,221348.46739959717,1181069.0879352093,0.168700184477003,0.00032410551169672735,0.002199674909015333,0.00994644179253986,0.9755432605743408,,0.0064280000000000006,-1304310.545862555,0.8387275552096431
758,276670,770.5,-1134169.8111526147,-1185747.3740592927,0.8742604817429634,53554.80174922943,780535.2270507812,39237.87757778168,109545.0,3899.874465942383,200951.82914733887,1134169.8082418442,0.16169035885679095,0.0002810845191178439,0.0017831367400312477,0.010122173490296853,0.9765389561653137,,0.006374,-1304310.545862555,0.8387275552096431
759,277035,771.4,-1251444.693032495,-1185326.6727034734,0.9215471956827869,43179.74684333801,939152.4443359375,29549.99256849289,78145.0,1295.9359397888184,203301.31745910645,1251444.6903033257,0.16169035885679095,0.0002810845191178439,0.0017831367400312477,0.010122173490296853,0.9765389561653137,,0.006374,-1304310.545862555,0.8387275552096431
760,277400,772.2,-1265453.700188538,-1189684.8564475272,0.9239018420650534,43445.9022064209,943893.7788085938,29494.726838111877,77675.0,1407.5357494354248,212982.65687561035,1265453.6982717514,0.16169035885679095,0.0002810845191178439,0.0017831367400312477,0.010122173490296853,0.9765389561653137,,0.006374,-1304310.545862555,0.8387275552096431
761,277765,774.1,-1166716.8581135185,-1185885.0771834976,0.8615127457331304,57184.1404132843,790988.96484375,41596.525928497314,115995.0,3620.79158782959,214515.57321929932,1166716.8555793762,0.13482581961311793,0.00028869016473196866,0.0020005075616369907,0.007955912194263778,0.9828794002532959,,0.00632,-1304310.545862555,0.8387275552096431
762,278130,775.0,-1189006.8469297555,-1188463.2063318214,0.9059588528659246,53233.63967895508,816012.1845703125,35440.02160835266,90900.0,1144.5810279846191,245510.06340026855,1189006.8506069183,0.13482581961311793,0.00028869016473196866,0.0020005075616369907,0.007955912194263778,0.9828794002532959,,0.00632,-1304310.545862555,0.8387275552096431
763,278495,775.8,-1205806.8110723398,-1191806.4584124708,0.9140302390268404,48596.56137084961,868956.4227294922,32609.598357200623,84925.0,1964.3501970767975,217351.443359375,1205806.8146431446,0.13482581961311793,0.00028869016473196866,0.0020005075616369907,0.007955912194263778,0.9828794002532959,,0.00632,-1304310.545862555,0.8387275552096431
764,278860,777.7,-1178931.3077929781,-1193828.3565442816,0.8550473776582169,58147.90054321289,795170.2911376953,42299.62845611572,117305.0,4479.275161743164,219677.11074829102,1178931.3055038452,0.14822154982309593,0.000263390891297221,0.0020299543455047043,0.009275685113511588,0.9791565537452698,,0.006266000000000001,-1304310.545862555,0.8387275552096431
765,279225,778.6,-1137932.659327582,-1189358.7871210775,0.8904595231356686,59022.77976226807,743699.3792724609,38954.82975387573,102075.0,1402.8779389858246,251800.57342529297,1137932.6603906155,0.14822154982309593,0.000263390891297221,0.0020299543455047043,0.009275685113511588,0.9791565537452698,,0.006266000000000001,-1304310.545862555,0.8387275552096431
766,279590,780.5,-1291693.2282589898,-1195449.8738767519,0.8452794437539087,78195.02033996582,769067.0822753906,52535.30320072174,123360.0,14239.062143564224,332491.78063964844,1291693.228259325,0.17215349152684212,0.00032738035751160506,0.0021185624002675084,0.010402450656616375,0.9736379981040955,,0.00623,-1304310.545862555,0.8387275552096431
767,279955,781.3,-1114098.6009890442,-1186685.0956979198,0.8889000112063264,57207.4292011261,734422.6489257812,38485.28384780884,103885.0,2051.2320861816406,235254.4458618164,1114098.6107215881,0.17215349152684212,0.00032738035751160506,0.0021185624002675084,0.010402450656616375,0.9736379981040955,,0.00623,-1304310.545862555,0.8387275552096431
768,280320,782.3,-1158055.8815647266,-1188842.1404538772,0.8578909493472479,58006.52507972717,778384.1796875,42361.7519569397,116520.0,3573.359453201294,217216.59045410156,1158055.8815517426,0.17215349152684212,0.00032738035751160506,0.0021185624002675084,0.010402450656616375,0.9736379981040955,,0.00623,-1304310.545862555,0.8387275552096431
769,280685,784.2,-1164570.4791336865,-1189375.7854414159,0.8569392756240009,58061.48001861572,777112.4072265625,42293.78212738037,117145.0,3705.1076276302338,224314.1855621338,1164570.482543707,0.16790400602315603,0.0003050498422740738,0.002209312040481324,0.010407930644425122,0.9747435450553894,,0.006176,-1304310.545862555,0.8387275552096431
770,281050,785.0,-1156518.7117934495,-1189514.6657144334,0.874417400196807,54614.322080135345,773495.1234130859,39426.295288562775,108785.0,3767.8696586489677,231044.42561340332,1156518.713973701,0.16790400602315603,0.0003050498422740738,0.002209312040481324,0.010407930644425122,0.9747435450553894,,0.006176,-1304310.545862555,0.8387275552096431
771,281415,785.9,-1242079.8891967298,-1187973.4248848013,0.9104829231353655,51216.74291610718,880308.8474121094,34188.56953048706,86265.0,1568.6750144958496,239748.79788208008,1242079.8898391724,0.16790400602315603,0.0003050498422740738,0.002209312040481324,0.010407930644425122,0.9747435450553894,,0.006176,-1304310.545862555,0.8387275552096431
772,281780,787.8,-1276874.3269208053,-1189662.326458019,0.9217380280364049,44005.02803993225,955425.2613525391,30074.542324543,77040.0,1352.515456199646,212982.009475708,1276874.3286089897,0.1485271738155892,0.00030336676144016614,0.0023206744318533886,0.009527503414765784,0.9781590700149536,,0.006122,-1304310.545862555,0.8387275552096431
773,282145,788.6,-1186295.4666056894,-1191634.5082949982,0.9005528975839484,57840.06732368469,779411.84765625,37924.610503196716,95875.0,1324.2547731399536,271759.75817489624,1186295.471107483,0.1485271738155892,0.00030336676144016614,0.0023206744318533886,0.009527503414765784,0.9781590700149536,,0.006122,-1304310.545862555,0.8387275552096431
774,282510,789.5,-1123948.0606205424,-1190377.0101869993,0.8801269052779838,53828.61674499512,772209.8884277344,38736.85945701599,106935.0,1499.5724260807037,204566.74702453613,1123948.0673353672,0.1485271738155892,0.00030336676144016614,0.0023206744318533886,0.009527503414765784,0.9781590700149536,,0.006122,-1304310.545862555,0.8387275552096431
775,282875,792.8,-1276490.5957880095,-1196848.267737964,0.9216744809934537,42235.44122695923,953347.1965332031,29318.07772064209,76575.0,1047.2740020751953,216203.047996521,1276490.5962524414,0.14549109457354797,0.00023787141684519347,0.0013708817372581077,0.00857094203514096,0.9796706438064575,,0.0060680000000000005,-1302833.9574359767,0.8365444588334593
776,283240,793.7,-1284970.010521373,-1199306.351003176,0.9223705117016623,41102.322439193726,963226.9497070312,28846.319310188293,75880.0,983.4873952865601,216033.25790405273,1284970.0143165588,0.14549109457354797,0.00023787141684519347,0.0013708817372581077,0.00857094203514096,0.9796706438064575,,0.0060680000000000005,-1302833.9574359767,0.8365444588334593
777,283605,794.6,-1149470.5200359793,-1197726.4229519423,0.8697888086919915,55241.39970970154,785150.0059814453,40646.06150054932,111385.0,2088.687528602779,210200.76211547852,1149470.517126076,0.14549109457354797,0.00023787141684519347,0.0013708817372581077,0.00857094203514096,0.9796706438064575,,0.0060680000000000005,-1302833.9574359767,0.8365444588334593
778,283970,796.5,-1139228.2676376286,-1197979.3457761933,0.8682145931949354,54073.26545715332,785561.9112548828,40238.35799121857,110335.0,2674.312171459198,200418.68825531006,1139228.2696728706,0.13644134625792503,0.00025922912486988167,0.0013917621843957978,0.00897844943315967,0.9803528785705566,,0.006014,-1302833.9574359767,0.8365444588334593
779,284335,797.4,-1162595.524137672,-1193536.8873314518,0.8976432594534469,58613.749715805054,772356.8116455078,38272.10280132294,96090.0,2823.6110796928406,253053.00512695312,1162595.5306534767,0.13644134625792503,0.00025922912486988167,0.0013917621843957978,0.00897844943315967,0.9803528785705566,,0.006014,-1302833.9574359767,0.8365444588334593
780,284700,799.2,-1159465.2641026478,-1188237.4655271575,0.8723260174058888,55633.84199714661,782074.0537109375,40626.91432952881,109735.0,2226.8317642211914,224802.4620361328,1159465.2618408203,0.1584358564332912,0.000277385660602273,0.001671238954785574,0.00917827940889095,0.9778280854225159,,0.005978,-1302833.9574359767,0.8365444588334593
781,285065,800.0,-1534858.7468318604,-1206644.5599630745,0.9225800269270596,41762.4415102005,1176273.2635498047,29465.97879600525,73795.0,3448.103409767151,251876.39195251465,1534858.7377080917,0.1584358564332912,0.000277385660602273,0.001671238954785574,0.00917827940889095,0.9778280854225159,,0.005978,-1302833.9574359767,0.8365444588334593
782,285430,800.9,-1202003.4782634506,-1207294.3915297592,0.9017225770101155,57265.259563446045,799681.4591064453,37491.7774105072,93480.0,1777.5935688018799,269572.6508331299,1202003.4809188843,0.1584358564332912,0.000277385660602273,0.001671238954785574,0.00917827940889095,0.9778280854225159,,0.005978,-1302833.9574359767,0.8365444588334593
783,285795,802.7,-1183915.9548903476,-1206199.8487206595,0.9083535865561603,52311.405071258545,825894.6138916016,34763.79895210266,88500.0,2099.581916809082,232657.95994377136,1183915.9547042847,0.12705613917818195,0.00021994590913795706,0.0013430411360643216,0.010769141715412078,0.9765495657920837,,0.005924,-1302833.9574359767,0.8365444588334593
784,286160,803.5,-1247810.2571694618,-1209643.7961894837,0.9232879710524049,40634.135986328125,959246.4749755859,28459.062061309814,75575.0,639.8689422607422,183889.84902954102,1247810.2550086975,0.12705613917818195,0.00021994590913795706,0.0013430411360643216,0.010769141715412078,0.9765495657920837,,0.005924,-1302833.9574359767,0.8365444588334593
785,286525,804.4,-1158285.1233768305,-1210661.4193919464,0.899167272162764,57756.530572891235,776065.8187255859,37901.53715419769,95080.0,2911.272565841675,246326.50411605835,1158285.1325616837,0.12705613917818195,0.00021994590913795706,0.0013430411360643216,0.010769141715412078,0.9765495657920837,,0.005924,-1302833.9574359767,0.8365444588334593
786,286890,806.2,-1155574.7670115398,-1203855.4963295737,0.8691479584942126,55146.37600326538,782249.9576416016,40728.99761390686,109500.0,4389.085906267166,218706.72482299805,1155574.7659847736,0.1422632544448501,0.0002999601834074527,0.0017954508489071343,0.0086384244557274,0.9810582399368286,,0.00587,-1302833.9574359767,0.8365444588334593
787,287255,807.2,-1135971.4960188298,-1204949.1410810628,0.889836429079918,61107.21433830261,741869.005859375,40133.34057426453,101075.0,1802.2587323188782,251091.8928604126,1135971.498026371,0.1422632544448501,0.0002999601834074527,0.0017954508489071343,0.0086384244557274,0.9810582399368286,,0.00587,-1302833.9574359767,0.8365444588334593
788,287620,808.0,-1151920.902424775,-1204642.3921240657,0.8943868997978838,60865.590452194214,737375.6048583984,39627.166774749756,99830.0,1257.2932119369507,273830.84823799133,1151920.9130830765,0.1422632544448501,0.0002999601834074527,0.0017954508489071343,0.0086384244557274,0.9810582399368286,,0.00587,-1302833.9574359767,0.8365444588334593
789,287985,809.9,-1129500.579131686,-1202888.8971239652,0.8762456758381569,54515.93266296387,774971.4431152344,39315.04510974884,107150.0,2289.9950408935547,205774.09129333496,1129500.5745592117,0.15511938125679367,0.0002887063926544598,0.0016069914226567274,0.009310332408763076,0.9774258136749268,,0.005816,-1302833.9574359767,0.8365444588334593
790,288350,810.7,-1226924.1909624096,-1206409.1710824133,0.909044411737625,51372.090213775635,859837.0473632812,34039.224283218384,86260.0,1596.049877166748,245191.87015533447,1226924.1916790009,0.15511938125679367,0.0002887063926544598,0.0016069914226567274,0.009310332408763076,0.9774258136749268,,0.005816,-1302833.9574359767,0.8365444588334593
791,288715,811.5,-1158271.0444917968,-1202218.7288471665,0.8658108358513819,54946.477418899536,797005.6268310547,40890.127561569214,113140.0,4058.341504096985,203176.94803619385,1158271.0439329147,0.15511938125679367,0.0002887063926544598,0.0016069914226567274,0.009310332408763076,0.9774258136749268,,0.005816,-1302833.9574359767,0.8365444588334593
792,289080,813.4,-1119889.1426610793,-1194369.4696341804,0.8744980408720774,53933.494992256165,768886.4611816406,39139.603368759155,107370.0,3116.1091022491455,201376.97338867188,1119889.1470413208,0.15119523692287898,0.00036195402026351076,0.001867997024084233,0.009577963403181025,0.9780237674713135,,0.005762,-1302833.9574359767,0.8365444588334593
793,289445,814.2,-1145052.8206262698,-1192307.3373352098,0.8956329296713006,59044.78340339661,757358.8297119141,38648.14281082153,98085.0,2297.090323418379,248663.75703430176,1145052.8198804557,0.15119523692287898,0.00036195402026351076,0.001867997024084233,0.009577963403181025,0.9780237674713135,,0.005762,-1302833.9574359767,0.8365444588334593
794,289810,816.1,-1145415.7456543716,-1193380.721586901,0.8687305269176013,54359.47392463684,792690.2491455078,40152.58473968506,109710.0,2640.08176612854,200222.827835083,1145415.7434864044,0.15676657933937876,0.0002848496778345802,0.001620376320237196,0.008976869334123637,0.9785726070404053,,0.005726,-1302833.9574359767,0.8365444588334593
795,290175,816.9,-1190661.8323526168,-1189089.2834151313,0.8987086289549527,58690.487780570984,785545.3078613281,38469.95513534546,94835.0,3880.00177192688,267931.567779541,1190661.8325481415,0.15676657933937876,0.0002848496778345802,0.001620376320237196,0.008976869334123637,0.9785726070404053,,0.005726,-1302833.9574359767,0.8365444588334593
796,290540,817.8,-1140916.8836648543,-1181886.6270723052,0.8912157181191118,60514.88555622101,742877.3797607422,39776.03796672821,99895.0,1813.1500186920166,256555.31616210938,1140916.8839082718,0.15676657933937876,0.0002848496778345802,0.001620376320237196,0.008976869334123637,0.9785726070404053,,0.005726,-1302833.9574359767,0.8365444588334593
797,290905,819.6,-1135724.203936967,-1181199.3112673548,0.8685376294671673,55042.718242645264,781658.7058105469,40715.66131019592,109650.0,2260.337929725647,201439.49639892578,1135724.2014493942,0.15094100683927536,0.00037786767576395314,0.0025278727239071343,0.009221324795170835,0.9784247875213623,,0.005672,-1302833.9574359767,0.8365444588334593
798,291270,820.5,-1120759.1281670628,-1180275.8542938265,0.8908094381632871,59718.11558151245,736819.1353759766,39514.90330696106,100290.0,2418.332565307617,241716.75839996338,1120759.1296482086,0.15094100683927536,0.00037786767576395314,0.0025278727239071343,0.009221324795170835,0.9784247875213623,,0.005672,-1302833.9574359767,0.8365444588334593
799,291635,821.4,-1130441.8657958154,-1178668.1713767338,0.8899446240843158,58649.59362602234,750596.0526123047,39116.214238643646,100985.0,3246.445868253708,236498.14685058594,1130441.859569788,0.15094100683927536,0.00037786767576395314,0.0025278727239071343,0.009221324795170835,0.9784247875213623,,0.005672,-1302833.9574359767,0.8365444588334593
800,292000,824.7,-1205897.687582762,-1180989.7925507394,0.9053069643778344,53521.68808364868,827869.7764892578,35439.843247413635,89290.0,3263.7069339752197,250034.36435699463,1205897.6910276413,0.14071868379649363,0.00023040832279787681,0.001309578882443786,0.009240072147038422,0.9786620140075684,,0.005618,-1305309.7500299332,0.8366154576817604
801,292365,825.7,-1179881.5708315913,-1163240.9337507258,0.8866188467365421,57198.74763202667,769079.654296875,38890.00725746155,102280.0,3401.4763441085815,266230.43820762634,1179881.5761060715,0.14071868379649363,0.00023040832279787681,0.001309578882443786,0.009240072147038422,0.9786620140075684,,0.005618,-1305309.7500299332,0.8366154576817604
802,292730,826.5,-1314358.2035807688,-1168858.6700165917,0.8391951956161081,75851.63187789917,783262.6993408203,51165.58044433594,123085.0,12319.245610237122,344525.67879486084,1314358.2041902542,0.14071868379649363,0.00023040832279787681,0.001309578882443786,0.009240072147038422,0.9786620140075684,,0.005618,-1305309.7500299332,0.8366154576817604
803,293095,828.6,-1135750.5338701755,-1166450.398965583,0.8740385571571245,54591.40030288696,781292.7075195312,40000.814182281494,107310.0,3621.0726461410522,203525.93920898438,1135750.5335569382,0.16259773840245448,0.000320405247916106,0.002407943994847684,0.011770056143991257,0.9710758328437805,,0.0055639999999999995,-1305309.7500299332,0.8366154576817604
804,293460,829.4,-1287377.342790272,-1168428.7532466236,0.9230353623220365,41773.94936466217,966036.6682128906,29126.008883476257,75205.0,2311.213470220566,214698.44802856445,1287377.338595152,0.16259773840245448,0.000320405247916106,0.002407943994847684,0.011770056143991257,0.9710758328437805,,0.0055639999999999995,-1305309.7500299332,0.8366154576817604
805,293825,830.3,-1217198.510030135,-1171374.422579289,0.9109787823402719,49673.6947851181,875834.6005859375,33382.28052663803,83580.0,1967.045244693756,222434.587059021,1217198.5134162903,0.16259773840245448,0.000320405247916106,0.002407943994847684,0.011770056143991257,0.9710758328437805,,0.0055639999999999995,-1305309.7500299332,0.8366154576817604
806,294190,832.1,-1286131.0909547717,-1177902.2387764507,0.8445424040702925,75862.59781265259,765606.8253173828,51347.11440849304,122215.0,11161.404947280884,335800.74407958984,1286131.0887527466,0.12655740613607983,0.00019146301790322852,0.0013497335879181168,0.008431039683177675,0.9820535182952881,,0.005509999999999999,-1305309.7500299332,0.8366154576817604
807,294555,833.0,-1280663.1679883539,-1185136.8223749266,0.8436195210234759,75613.8170375824,773211.8686523438,51178.24484062195,121720.0,12034.343088150024,322518.7120513916,1280663.1686325073,0.12655740613607983,0.00019146301790322852,0.0013497335879181168,0.008431039683177675,0.9820535182952881,,0.005509999999999999,-1305309.7500299332,0.8366154576817604
808,294920,834.9,-1281296.764997982,-1191605.6155035873,0.8444709356517008,76272.33702659607,771584.2937011719,51574.07643318176,121625.0,16501.791892290115,320011.60287475586,1281296.7649013996,0.17259649265753596,0.0003177447740055964,0.0018374794407894736,0.013442037504558501,0.9644864797592163,,0.005474,-1305309.7500299332,0.8366154576817604
809,295285,835.8,-1339829.2827895526,-1202122.0506864805,0.8394175331886501,77508.12222671509,800872.998046875,51832.13251590729,123710.0,18382.32969713211,345031.82403564453,1339829.284295559,0.17259649265753596,0.0003177447740055964,0.0018374794407894736,0.013442037504558501,0.9644864797592163,,0.005474,-1305309.7500299332,0.8366154576817604
810,295650,836.6,-1148254.76727203,-1198188.5795019614,0.8695828924440357,54282.23815536499,782079.6156005859,40197.40972518921,109025.0,2863.104863524437,214089.6349029541,1148254.7650922537,0.17259649265753596,0.0003177447740055964,0.0018374794407894736,0.013442037504558501,0.9644864797592163,,0.005474,-1305309.7500299332,0.8366154576817604
811,296015,838.5,-1184741.0018689474,-1199512.077370819,0.9014320040402347,57052.703243255615,801982.4114990234,37619.0010471344,92165.0,1844.610143661499,251129.98917388916,1184741.0118637085,0.1532064339047984,0.0002750228395119561,0.0013746295092124982,0.01158783127749829,0.9721286296844482,,0.0054199999999999995,-1305309.7500299332,0.8366154576817604
812,296380,839.3,-1163942.079415021,-1201714.7242085158,0.900576362054642,56521.85893249512,789149.9345703125,37332.125056266785,93615.0,2112.8683524131775,241732.1418991089,1163942.0698781013,0.1532064339047984,0.0002750228395119561,0.0013746295092124982,0.01158783127749829,0.9721286296844482,,0.0054199999999999995,-1305309.7500299332,0.8366154576817604
813,296745,840.2,-1260170.031401569,-1207470.584747281,0.9198168026257868,43559.69570732117,945557.4124755859,29775.49122619629,77040.0,1865.9870014190674,205931.14115905762,1260170.031862259,0.1532064339047984,0.0002750228395119561,0.0013746295092124982,0.01158783127749829,0.9721286296844482,,0.0054199999999999995,-1305309.7500299332,0.8366154576817604
814,297110,842.1,-1267527.894383304,-1213576.1921837279,0.9226629420502545,40785.155822753906,968884.6168212891,28510.15572452545,74180.0,2189.7370433807373,193763.38499450684,1267527.894583702,0.1227996532658213,0.00024468930032047576,0.0013711494332375495,0.008539744156510815,0.9812685251235962,,0.005366000000000001,-1305309.7500299332,0.8366154576817604
815,297475,843.0,-1274758.1164716207,-1217781.0063896778,0.8459464118905263,75597.13017463684,776346.5911865234,51358.7028465271,120640.0,10097.550259590149,316315.2702560425,1274758.1145486832,0.1227996532658213,0.00024468930032047576,0.0013711494332375495,0.008539744156510815,0.9812685251235962,,0.005366000000000001,-1305309.7500299332,0.8366154576817604
816,297840,843.9,-1152349.455432321,-1218352.634978051,0.870911123328013,54153.224603652954,792394.6329345703,39868.59917449951,108705.0,2711.666202068329,208669.5499267578,1152349.448237896,0.1227996532658213,0.00024468930032047576,0.0013711494332375495,0.008539744156510815,0.9812685251235962,,0.005366000000000001,-1305309.7500299332,0.8366154576817604
817,298205,845.7,-1143129.2347913417,-1218722.88652077,0.8604712758978752,55275.37268066406,791220.2534179688,40758.836901664734,113015.0,3894.934841632843,194240.21210861206,1143129.2372698784,0.1542599997238109,0.00023435997728053111,0.001463505262826833,0.010705722250828617,0.9742773175239563,,0.005312000000000001,-1305309.7500299332,0.8366154576817604
818,298570,846.5,-1119894.1499729778,-1218679.6376110658,0.8790328799861751,54231.08067321777,781467.7888183594,38567.77068901062,104150.0,3221.4417700767517,192487.14459991455,1119894.1458773613,0.1542599997238109,0.00023435997728053111,0.001463505262826833,0.010705722250828617,0.9742773175239563,,0.005312000000000001,-1305309.7500299332,0.8366154576817604
819,298935,847.4,-1151225.5425901494,-1219718.8214507825,0.8691878206109347,53430.66733932495,797991.8205566406,39728.13977050781,108720.0,4062.742386817932,200722.8351135254,1151225.5378274918,0.1542599997238109,0.00023435997728053111,0.001463505262826833,0.010705722250828617,0.9742773175239563,,0.005312000000000001,-1305309.7500299332,0.8366154576817604
820,299300,849.4,-1134300.3066748588,-1216138.9524053873,0.8696783315645505,52148.7414932251,780132.8497314453,38992.039600372314,108905.0,3266.9388356804848,203003.47813415527,1134300.3063016534,0.1548127381033019,0.00017900007744748635,0.0009728147292901811,0.01008061170087833,0.9753106236457825,,0.005258000000000001,-1305309.7500299332,0.8366154576817604
821,299665,850.3,-1176506.57080422,-1215970.2024040187,0.8571860512642011,55364.484464645386,802175.0439453125,40912.45304107666,114325.0,4903.430282115936,214190.64190673828,1176506.5691752434,0.1548127381033019,0.00017900007744748635,0.0009728147292901811,0.01008061170087833,0.9753106236457825,,0.005258000000000001,-1305309.7500299332,0.8366154576817604
822,300030,851.2,-1345426.0179799015,-1217523.5931239754,0.8401598799718569,76043.31175041199,816784.8731689453,50971.62660217285,123155.0,17529.79258108139,336984.72427368164,1345426.0166258812,0.1548127381033019,0.00017900007744748635,0.0009728147292901811,0.01008061170087833,0.9753106236457825,,0.005258000000000001,-1305309.7500299332,0.8366154576817604
823,300395,853.0,-1122185.8636881062,-1216845.359614872,0.8925845771619718,56295.57063484192,767321.2935791016,37616.811935424805,99995.0,2187.5942821502686,215065.16175460815,1122185.8615512848,0.16271979714694776,0.0003332125962563288,0.002146670693611285,0.011821271410506023,0.9716098308563232,,0.005204000000000001,-1305309.7500299332,0.8366154576817604
824,300760,854.0,-1152808.1734569622,-1210116.9011482063,0.861432322410688,53709.861864089966,797955.1528320312,40009.352098464966,113535.0,3026.6540670394897,198282.01329040527,1152808.172287941,0.16271979714694776,0.0003332125962563288,0.002146670693611285,0.011821271410506023,0.9716098308563232,,0.005204000000000001,-1305309.7500299332,0.8366154576817604
825,301125,857.4,-1125015.657967681,-1205507.758545084,0.8740937304823366,52406.17723083496,787613.9356689453,38870.24809360504,108465.0,3201.460234642029,186865.0178527832,1125015.6618499756,0.15206799224803322,0.00027567957117992733,0.001613148472786538,0.00981389380697357,0.9761391878128052,,0.005168000000000001,-1315178.9456576519,0.8380853345949355
826,301490,858.2,-1152356.2835537833,-1198819.0181750343,0.9043913454225618,53471.77926635742,802438.7750244141,35362.541582107544,92315.0,2836.991594314575,219402.97064971924,1152356.2788505554,0.15206799224803322,0.00027567957117992733,0.001613148472786538,0.00981389380697357,0.9761391878128052,,0.005168000000000001,-1315178.9456576519,0.8380853345949355
827,301855,859.1,-1160603.493671194,-1192816.034459176,0.8961254448106845,58583.734046936035,768186.9552001953,38299.72117996216,97685.0,2620.1227316856384,253811.68792533875,1160603.4870371819,0.15206799224803322,0.00027567957117992733,0.001613148472786538,0.00981389380697357,0.9761391878128052,,0.005168000000000001,-1315178.9456576519,0.8380853345949355
828,302220,861.1,-1257221.5961093483,-1191612.2760147445,0.9225927297383139,42230.64408874512,952251.7995605469,29146.71784877777,75535.0,1112.7724323272705,199175.30780029297,1257221.597641945,0.13036686927080154,0.00021584042061524662,0.0011371813337686227,0.009023116104991027,0.9793210625648499,,0.005114000000000001,-1315178.9456576519,0.8380853345949355
829,302585,862.0,-1174119.3990210819,-1183326.781826321,0.859577524335417,55999.06220626831,800627.7266845703,41135.24536323547,114150.0,4115.477670431137,214090.9453125,1174119.395030737,0.13036686927080154,0.00021584042061524662,0.0011371813337686227,0.009023116104991027,0.9793210625648499,,0.005114000000000001,-1315178.9456576519,0.8380853345949355
830,302950,862.8,-1131961.019984549,-1182512.094461947,0.8743547857624211,53021.98580169678,784412.3902587891,39000.74950218201,107235.0,2897.9305916130543,198414.9471130371,1131961.0174656212,0.13036686927080154,0.00021584042061524662,0.0011371813337686227,0.009023116104991027,0.9793210625648499,,0.005114000000000001,-1315178.9456576519,0.8380853345949355
831,303315,864.8,-1129094.5982400926,-1179729.774280504,0.8869211321007715,54776.049686431885,776046.0993652344,37825.271631240845,102825.0,2936.1764492988586,209462.06092834473,1129094.6083741188,0.14645480109672798,0.00024763326138398903,0.0013906913916702922,0.009466159071675256,0.9769959449768066,,0.005060000000000001,-1315178.9456576519,0.8380853345949355
832,303680,865.6,-1286427.907835844,-1185854.0657015452,0.8411605583478327,74674.88459968567,786720.9696044922,50578.48158597946,123050.0,15997.236057281494,310081.2205963135,1286427.9078440666,0.14645480109672798,0.00024763326138398903,0.0013906913916702922,0.009466159071675256,0.9769959449768066,,0.005060000000000001,-1315178.9456576519,0.8380853345949355
833,304045,866.4,-1152486.048685653,-1180469.8665657495,0.8644215484188028,54893.37266731262,785367.9434814453,40728.094970703125,112250.0,3713.402317047119,210426.6053466797,1152486.0461158752,0.14645480109672798,0.00024763326138398903,0.0013906913916702922,0.009466159071675256,0.9769959449768066,,0.005060000000000001,-1315178.9456576519,0.8380853345949355
834,304410,868.2,-1166938.2729207017,-1175440.3854926194,0.8741390050274052,55007.87372016907,794516.3342285156,40200.78763103485,107955.0,4018.813634157181,220247.33377075195,1166938.2692644596,0.16205161692280518,0.00020557899456195484,0.001262196324349038,0.011494848766903343,0.9723315834999084,,0.005006000000000001,-1315178.9456576519,0.8380853345949355
835,304775,869.1,-1339718.1061585154,-1178688.384976964,0.8403786595553568,77409.80633544922,795504.3182373047,51520.228781700134,123435.0,18483.759083032608,350774.8005065918,1339718.1066086292,0.16205161692280518,0.00020557899456195484,0.001262196324349038,0.011494848766903343,0.9723315834999084,,0.005006000000000001,-1315178.9456576519,0.8380853345949355
836,305140,869.9,-1319351.6446322773,-1187038.494436962,0.8417955258121229,74721.032828331,801906.2775878906,50373.45837497711,122960.0,18057.851680755615,326054.0594329834,1319351.6470766068,0.16205161692280518,0.00020557899456195484,0.001262196324349038,0.011494848766903343,0.9723315834999084,,0.005006000000000001,-1315178.9456576519,0.8380853345949355
837,305505,871.7,-1154226.562395467,-1187593.3608171681,0.8983636862611117,58684.31813240051,777188.7572021484,38222.73354148865,95070.0,2881.339250564575,240863.73277282715,1154226.5627670288,0.1625198908150196,0.00036575179877361636,0.002587301691834766,0.012700103125289866,0.9691914916038513,,0.0049520000000000015,-1315178.9456576519,0.8380853345949355
838,305870,872.6,-1149848.1573925493,-1189091.061188147,0.8789786766653191,55291.92849159241,784708.7442626953,39385.921253204346,104320.0,4881.443286418915,216552.04915618896,1149848.1579585075,0.1625198908150196,0.00036575179877361636,0.002587301691834766,0.012700103125289866,0.9691914916038513,,0.0049520000000000015,-1315178.9456576519,0.8380853345949355
839,306235,874.4,-1299830.009717248,-1196521.284544502,0.8466021754970289,76678.96217918396,786704.1945800781,51645.577691078186,118955.0,15799.642326831818,326725.5955657959,1299830.010163784,0.14821330693207288,0.00015583443176805494,0.0007650810393419018,0.01020842485472952,0.9752729535102844,,0.004916000000000001,-1315178.9456576519,0.8380853345949355
840,306600,875.2,-1342806.4514409457,-1206946.5917828062,0.8411583275011141,77779.71870803833,804296.4078369141,51845.10160732269,122050.0,15113.304873943329,349501.64225769043,1342806.4565758705,0.14821330693207288,0.00015583443176805494,0.0007650810393419018,0.01020842485472952,0.9752729535102844,,0.004916000000000001,-1315178.9456576519,0.8380853345949355
841,306965,876.1,-1101390.4736665515,-1203190.7869259226,0.8812908211799517,54357.450315475464,776458.001953125,38681.943073272705,102420.0,3120.4238262176514,180710.10695266724,1101390.4758052826,0.14821330693207288,0.00015583443176805494,0.0007650810393419018,0.01020842485472952,0.9752729535102844,,0.004916000000000001,-1315178.9456576519,0.8380853345949355
842,307330,877.8,-1128466.9604476462,-1192342.83404931,0.8751092050173511,53785.863262176514,781093.4986572266,39290.890993118286,105340.0,2609.437171936035,200133.13375854492,1128466.9605808258,0.15886278979872404,0.00027356566251431725,0.0014343261764703417,0.012461174352976837,0.971132218837738,,0.004862000000000001,-1315178.9456576519,0.8380853345949355
843,307695,878.8,-1232902.7865637247,-1197878.6801930908,0.9166269063949585,46752.39131164551,905054.3392333984,31443.071617126465,80475.0,1075.880859375,214854.5006942749,1232902.7924041748,0.15886278979872404,0.00027356566251431725,0.0014343261764703417,0.012461174352976837,0.971132218837738,,0.004862000000000001,-1315178.9456576519,0.8380853345949355
844,308060,879.6,-1156206.0091532157,-1198048.5719779036,0.8659077296518299,54331.76406097412,786881.9505615234,40314.6568031311,110050.0,6072.102563858032,212887.30310058594,1156206.0130290985,0.15886278979872404,0.00027356566251431725,0.0014343261764703417,0.012461174352976837,0.971132218837738,,0.004862000000000001,-1315178.9456576519,0.8380853345949355
845,308425,881.4,-1223115.707670049,-1202953.5744630217,0.909184392837629,52657.789056777954,854145.0495605469,35004.358971595764,85345.0,2098.369899749756,246522.9369354248,1223115.7153673172,0.13043712099131785,0.0002838642035146078,0.002141584430367067,0.00933976138108655,0.979383647441864,,0.0048080000000000015,-1315178.9456576519,0.8380853345949355
846,308790,882.2,-1230813.665703691,-1206876.4435705175,0.9153698290864082,49028.70839881897,887611.9161376953,32667.728410720825,81795.0,1528.6287899017334,227210.39224243164,1230813.6655807495,0.13043712099131785,0.0002838642035146078,0.002141584430367067,0.00933976138108655,0.979383647441864,,0.0048080000000000015,-1315178.9456576519,0.8380853345949355
847,309155,883.1,-1139227.1165469254,-1205807.624714304,0.889026036981034,56917.13742828369,755714.6022949219,38584.34163379669,100405.0,2821.604147911072,241701.57396316528,1139227.122039795,0.13043712099131785,0.0002838642035146078,0.002141584430367067,0.00933976138108655,0.979383647441864,,0.0048080000000000015,-1315178.9456576519,0.8380853345949355
848,309520,884.9,-1158241.0710010626,-1200858.5984588894,0.8589994729381718,57013.10223865509,796285.4229736328,41669.351179122925,112290.0,3803.4345321059227,204192.8673095703,1158241.075994432,0.1365138590335846,0.00018031439704875658,0.0009663899767665976,0.009241594602108785,0.9788298606872559,,0.004754000000000001,-1315178.9456576519,0.8380853345949355
849,309885,885.8,-1295366.4719677833,-1206920.9521062246,0.9240553331701723,42218.89033794403,969375.3071289062,29178.909984588623,73285.0,1783.297561764717,221743.96113586426,1295366.4758111238,0.1365138590335846,0.00018031439704875658,0.0009663899767665976,0.009241594602108785,0.9788298606872559,,0.004754000000000001,-1315178.9456576519,0.8380853345949355
850,310250,888.2,-1160450.106584143,-1208345.4064362044,0.8995194219563105,57165.716406822205,789263.3277587891,37614.638080596924,93235.0,2618.9321117401123,237718.2032775879,1160450.101228714,0.1365138590335846,0.00018031439704875658,0.0009663899767665976,0.009241594602108785,0.9788298606872559,,0.004754000000000001,-1305071.7022777973,0.8381344589468551
851,310615,890.1,-1229843.7171861008,-1213382.8623835049,0.916038959156977,47528.88233566284,899022.4123535156,31936.413662433624,80335.0,2639.993818759918,215909.88834381104,1229843.7081785202,0.12993135636574343,0.00013765237384321058,0.0006679066469874478,0.009175156341179422,0.9798570275306702,,0.004700000000000001,-1305071.7022777973,0.8381344589468551
852,310980,890.9,-1106020.3676005958,-1204362.4853717424,0.8876388471420497,56055.49574279785,761096.4340820312,38189.272530555725,100730.0,3315.047124862671,202689.61472320557,1106020.3684606552,0.12993135636574343,0.00013765237384321058,0.0006679066469874478,0.009175156341179422,0.9798570275306702,,0.004700000000000001,-1305071.7022777973,0.8381344589468551
853,311345,892.8,-1137899.1490460306,-1203633.1403897614,0.8755704081221802,53824.76114368439,784961.0882568359,39285.43391609192,105315.0,4756.959005832672,203580.6590270996,1137899.1402058601,0.13572216230003456,0.00018503515629594118,0.0007243909341540482,0.008577018577948604,0.980510413646698,,0.004664000000000001,-1305071.7022777973,0.8381344589468551
854,311710,893.8,-1161182.62945725,-1203345.3582165889,0.8560592021027656,57448.91261100769,783583.1237792969,41732.634799957275,114620.0,3066.892369747162,218179.98122406006,1161182.6321730614,0.13572216230003456,0.00018503515629594118,0.0007243909341540482,0.008577018577948604,0.980510413646698,,0.004664000000000001,-1305071.7022777973,0.8381344589468551
855,312075,894.8,-1137249.3298622807,-1193221.919401777,0.8541657454346957,58160.04667472839,769816.3426513672,42243.74147796631,114410.0,3239.469779729843,207539.77513885498,1137249.3290479183,0.13572216230003456,0.00018503515629594118,0.0007243909341540482,0.008577018577948604,0.980510413646698,,0.004664000000000001,-1305071.7022777973,0.8381344589468551
856,312440,896.7,-1180402.771659984,-1186274.4757531623,0.9030588697080743,55900.211515426636,802575.7940673828,36845.80608558655,90745.0,2453.558334350586,247782.6103591919,1180402.7688465118,0.14551156367126264,0.00022073531851530883,0.0009674607671944326,0.009542140374450307,0.9757266640663147,,0.004610000000000001,-1305071.7022777973,0.8381344589468551
857,312805,897.6,-1293316.7298814359,-1193228.9841274607,0.8447244070980647,77110.44584846497,768039.7508544922,52074.25091171265,120475.0,13754.615139961243,338973.11195373535,1293316.7288599014,0.14551156367126264,0.00022073531851530883,0.0009674607671944326,0.009542140374450307,0.9757266640663147,,0.004610000000000001,-1305071.7022777973,0.8381344589468551
858,313170,898.5,-1167603.5304961102,-1194116.7527826389,0.9057444222985882,52159.48445510864,824744.9936523438,34674.28785991669,87715.0,2641.99014377594,217827.2642288208,1167603.5358848572,0.14551156367126264,0.00022073531851530883,0.0009674607671944326,0.009542140374450307,0.9757266640663147,,0.004610000000000001,-1305071.7022777973,0.8381344589468551
859,313535,900.3,-1163446.295532567,-1187297.5670734043,0.85151065408367,57433.14553642273,775663.9982910156,42105.52473831177,115390.0,3226.656030654907,227060.11553955078,1163446.294599533,0.1473804949537704,0.00020840848166795025,0.001163683442619482,0.01071556362225429,0.974433958530426,,0.004556000000000001,-1305071.7022777973,0.8381344589468551
860,313900,901.2,-1193396.3913844838,-1179827.0640705812,0.8503061701173652,65507.438742637634,782199.7857666016,46073.66068267822,115620.0,7069.7609033584595,242433.19326782227,1193396.4006204605,0.1473804949537704,0.00020840848166795025,0.001163683442619482,0.01071556362225429,0.974433958530426,,0.004556000000000001,-1305071.7022777973,0.8381344589468551
861,314265,902.0,-1154614.0145603833,-1182488.241115273,0.8664739453629272,55505.9610748291,788644.9854736328,41145.35849571228,109445.0,3139.6994334459305,212238.9689025879,1154614.012305379,0.1473804949537704,0.00020840848166795025,0.001163683442619482,0.01071556362225429,0.974433958530426,,0.004556000000000001,-1305071.7022777973,0.8381344589468551
862,314630,903.8,-1118737.2329820963,-1182001.7547419956,0.8890377890573788,56733.100914001465,749145.810546875,38119.54444313049,99720.0,978.292706489563,230773.59396743774,1118737.2416639328,0.1560342141280049,0.0002683035078294587,0.001729329430657488,0.011745663126930594,0.9706848859786987,,0.004502000000000001,-1305071.7022777973,0.8381344589468551
863,314995,904.7,-1137960.9461620229,-1177254.6627219103,0.8836401052670936,55625.53602600098,767588.9898681641,38672.23620700836,102245.0,3641.7433490753174,225812.972366333,1137960.9417905807,0.1560342141280049,0.0002683035078294587,0.001729329430657488,0.011745663126930594,0.9706848859786987,,0.004502000000000001,-1305071.7022777973,0.8381344589468551
864,315360,905.4,-1203251.6935853045,-1179606.9469435147,0.909019621431011,52543.37668991089,842668.3762207031,34771.817865371704,86325.0,2525.2222423553467,236961.27769470215,1203251.6940231323,0.1560342141280049,0.0002683035078294587,0.001729329430657488,0.011745663126930594,0.9706848859786987,,0.004502000000000001,-1305071.7022777973,0.8381344589468551
865,315725,907.3,-1098687.739860674,-1173385.548553046,0.8807475926124886,54413.170337677,771607.8188476562,38693.85372924805,103100.0,2720.221988916397,182565.84058380127,1098687.735149622,0.14039093040322004,0.00016499911630250464,0.0009535404697089689,0.008933669323787877,0.9781436324119568,,0.0044480000000000006,-1305071.7022777973,0.8381344589468551
866,316090,908.2,-1137209.700197265,-1168705.3502777251,0.8883462507430822,55285.905851364136,766828.9276123047,37779.30512237549,100700.0,3006.799509048462,228894.6612854004,1137209.693529129,0.14039093040322004,0.00016499911630250464,0.0009535404697089689,0.008933669323787877,0.9781436324119568,,0.0044480000000000006,-1305071.7022777973,0.8381344589468551
867,316455,910.0,-1202525.225904222,-1171870.2557455897,0.907378430725777,52026.42107009888,839636.2021484375,34520.21234703064,88230.0,2865.733648300171,237273.07360839844,1202525.2217521667,0.13917825018104754,0.00014997277599162006,0.0006165086195228229,0.008706335278571044,0.9792899489402771,,0.004412000000000001,-1305071.7022777973,0.8381344589468551
868,316820,910.9,-1135611.2208866621,-1170738.7632398698,0.8705167030634945,51761.918360710144,796691.9720458984,38981.85357475281,106190.0,3649.578599214554,190097.82093811035,1135611.2251579762,0.13917825018104754,0.00014997277599162006,0.0006165086195228229,0.008706335278571044,0.9792899489402771,,0.004412000000000001,-1305071.7022777973,0.8381344589468551
869,317185,911.8,-1127132.148243909,-1162327.047053676,0.8764842624533666,52476.486738204956,795948.1892089844,38369.26379966736,104615.0,3235.194929122925,184964.50450134277,1127132.1524391174,0.13917825018104754,0.00014997277599162006,0.0006165086195228229,0.008706335278571044,0.9792899489402771,,0.004412000000000001,-1305071.7022777973,0.8381344589468551
870,317550,913.6,-1126333.9493656121,-1160621.2391927496,0.8898083526794225,56077.35734939575,768355.8254394531,37713.33231925964,98585.0,1917.0229845046997,219762.7680130005,1126333.948756218,0.14853390933651672,0.00028962572492960854,0.0017900968868113857,0.00937435407142498,0.977290153503418,,0.004358000000000001,-1305071.7022777973,0.8381344589468551
871,317915,914.5,-1235987.2613811851,-1160928.4164025036,0.9200306573959246,43699.31918525696,925562.3770751953,29898.244490623474,77175.0,4236.4554941654205,199115.18836593628,1235987.2654259205,0.14853390933651672,0.00028962572492960854,0.0017900968868113857,0.00937435407142498,0.977290153503418,,0.004358000000000001,-1305071.7022777973,0.8381344589468551
872,318280,915.4,-1205339.6070909656,-1165894.3783770222,0.9111497567124562,49646.71356964111,869056.9248046875,33295.33328342438,82725.0,1945.9494018554688,218316.40103912354,1205339.6085290909,0.14853390933651672,0.00028962572492960854,0.0017900968868113857,0.00937435407142498,0.977290153503418,,0.004358000000000001,-1305071.7022777973,0.8381344589468551
873,318645,917.2,-1150956.4627491431,-1166547.2440621778,0.8615474671533663,54231.859130859375,806728.1959228516,40400.59001350403,110530.0,4085.8128685951233,189211.8671875,1150956.4659924507,0.12534936135144611,0.00024354974630114157,0.001505533858251415,0.008379033092703474,0.9819558262825012,,0.0043040000000000005,-1305071.7022777973,0.8381344589468551
874,319010,918.1,-1172527.148685603,-1167114.4700235955,0.8979233584991874,58117.93470001221,781201.9586181641,38005.021721839905,93040.0,2548.5390045642853,257731.63260650635,1172527.1519510746,0.12534936135144611,0.00024354974630114157,0.001505533858251415,0.008379033092703474,0.9819558262825012,,0.0043040000000000005,-1305071.7022777973,0.8381344589468551
875,319375,920.5,-1155103.4266875766,-1168007.1748648603,0.869921516392329,52862.80668258667,813319.5991210938,39547.820404052734,106325.0,3978.5820214748383,191932.42352294922,1155103.4250695705,0.12534936135144611,0.00024354974630114157,0.001505533858251415,0.008379033092703474,0.9819558262825012,,0.0043040000000000005,-1318316.1617043603,0.8378139588930835
876,319740,922.5,-1150648.2655526355,-1166519.449559493,0.8523923896763422,59166.59818267822,785921.6376953125,42851.01246070862,114300.0,5365.672428190708,202209.94634246826,1150648.26892668,0.14257725543881716,0.0002493982929560221,0.0012696918703640175,0.0099313776621497,0.9760241508483887,,0.00425,-1318316.1617043603,0.8378139588930835
877,320105,923.4,-1154046.6993348915,-1159555.9480321656,0.8584578672500506,55893.62263298035,793547.5290527344,41175.952978134155,112690.0,3592.066235780716,203041.14488220215,1154046.6931488514,0.14257725543881716,0.0002493982929560221,0.0012696918703640175,0.0099313776621497,0.9760241508483887,,0.00425,-1318316.1617043603,0.8378139588930835
878,320470,924.3,-1151681.69213481,-1158759.8561141004,0.8614593812864121,55001.38364458084,795573.8555908203,40832.63717460632,109940.0,3439.4435052871704,201895.74465942383,1151681.6809301376,0.14257725543881716,0.0002493982929560221,0.0012696918703640175,0.0099313776621497,0.9760241508483887,,0.00425,-1318316.1617043603,0.8378139588930835
879,320835,926.1,-1277748.9728777758,-1164474.9899813612,0.8452202556884452,75740.17852210999,786399.7194824219,51411.72229766846,117370.0,13741.560703516006,308825.9732513428,1277748.975734949,0.15507220182763903,0.00020464204216726726,0.000998513741490713,0.011044100135270702,0.9720141291618347,,0.004196,-1318316.1617043603,0.8378139588930835
880,321200,926.9,-1279862.6790765966,-1168798.3043659665,0.8429203751969011,76999.90764808655,774535.50390625,52234.59425544739,118580.0,14070.157025754452,320442.4229888916,1279862.6781763434,0.15507220182763903,0.00020464204216726726,0.000998513741490713,0.011044100135270702,0.9720141291618347,,0.004196,-1318316.1617043603,0.8378139588930835
881,321565,928.8,-1225948.782658759,-1172365.0427708854,0.9166553885969397,46624.45683193207,900461.5159912109,31512.754163742065,79610.0,2713.713406085968,211650.7971420288,1225948.7807030678,0.1452086732575768,0.0002073119075679355,0.0008807265993183185,0.011764011002684894,0.9724562168121338,,0.0041600000000000005,-1318316.1617043603,0.8378139588930835
882,321930,929.7,-1196286.826113632,-1176242.5224274625,0.9102455389009763,49979.09047317505,855966.9569091797,33536.54288864136,83995.0,2909.7162284851074,219878.6115875244,1196286.8276138306,0.1452086732575768,0.0002073119075679355,0.0008807265993183185,0.011764011002684894,0.9724562168121338,,0.0041600000000000005,-1318316.1617043603,0.8378139588930835
883,322295,930.5,-1214209.7178944796,-1180054.9610140852,0.9088975821455864,51632.36557197571,854593.0983886719,34262.360778808594,83805.0,2804.6406059265137,238744.61726379395,1214209.717037201,0.1452086732575768,0.0002073119075679355,0.0008807265993183185,0.011764011002684894,0.9724562168121338,,0.0041600000000000005,-1318316.1617043603,0.8378139588930835
884,322660,932.2,-1129116.5826030748,-1176348.2054649736,0.8718898433528535,53106.291244506836,783865.3620605469,39487.944553375244,106415.0,2656.711778640747,196691.56782531738,1129116.5862178802,0.1290770838723371,0.00011774256664035707,0.0003557707137875504,0.008789659600312772,0.9799447655677795,,0.004106,-1318316.1617043603,0.8378139588930835
885,323025,933.1,-1258240.8828087253,-1184325.8626123762,0.9190036352366617,45165.66177558899,932808.9797363281,30760.533005714417,77190.0,2343.310657978058,215138.06034088135,1258240.883740902,0.1290770838723371,0.00011774256664035707,0.0003557707137875504,0.008789659600312772,0.9799447655677795,,0.004106,-1318316.1617043603,0.8378139588930835
886,323390,933.9,-1348830.702616402,-1194906.912733333,0.922975957720247,42099.58521938324,1037457.74609375,29088.065595149994,73310.0,1608.37917137146,207366.51205444336,1348830.7029147148,0.1290770838723371,0.00011774256664035707,0.0003557707137875504,0.008789659600312772,0.9799447655677795,,0.004106,-1318316.1617043603,0.8378139588930835
887,323755,935.8,-1119446.9401775564,-1190752.9984469998,0.873366621422441,53383.643379211426,774443.5218505859,39441.31505584717,105565.0,3523.9011759757996,196473.1943359375,1119446.9324183464,0.11975370053397982,0.00011839086982945446,0.0006288227283987094,0.00936400835206242,0.9798701405525208,,0.004052,-1318316.1617043603,0.8378139588930835
888,324120,936.6,-1176993.4197428792,-1192822.1083898104,0.9018782034312209,56390.900272369385,785713.150390625,37140.40309524536,91965.0,2897.4957575798035,259277.37300109863,1176993.4222445488,0.11975370053397982,0.00011839086982945446,0.0006288227283987094,0.00936400835206242,0.9798701405525208,,0.004052,-1318316.1617043603,0.8378139588930835
889,324485,937.5,-1137018.698858686,-1193316.435920549,0.8554774759566948,57077.30530548096,772481.1496582031,41831.90410423279,113805.0,3862.4849529266357,205038.15899658203,1137018.6977119446,0.11975370053397982,0.00011839086982945446,0.0006288227283987094,0.00936400835206242,0.9798701405525208,,0.004052,-1318316.1617043603,0.8378139588930835
890,324850,939.3,-1138538.556064095,-1193926.6662554736,0.9010481102825844,54746.944860458374,783511.3184814453,36408.14309120178,92505.0,2355.4827880859375,223758.6176147461,1138538.5619754791,0.13907974252575322,0.0001342151609653803,0.0006076745829839064,0.008791081815663921,0.9789581894874573,,0.003998,-1318316.1617043603,0.8378139588930835
891,325215,940.1,-1141259.6596799865,-1189190.2861704137,0.8773556985267221,54215.72431373596,782154.0035400391,39159.38832473755,104355.0,4893.115240097046,210698.15211868286,1141259.6592235565,0.13907974252575322,0.0001342151609653803,0.0006076745829839064,0.008791081815663921,0.9789581894874573,,0.003998,-1318316.1617043603,0.8378139588930835
892,325580,941.0,-1233611.4034166674,-1190603.8759866985,0.9177046550463324,46108.39687156677,908695.6573486328,31095.512477874756,79185.0,3593.900345802307,211041.33211517334,1233611.4022874832,0.13907974252575322,0.0001342151609653803,0.0006076745829839064,0.008791081815663921,0.9789581894874573,,0.003998,-1318316.1617043603,0.8378139588930835
893,325945,942.8,-1170666.046370625,-1191589.355167773,0.8556790675202461,56667.034052848816,795143.9799804688,41630.43552350998,113755.0,3967.0859894752502,216169.54502868652,1170666.0465221405,0.1342355075635408,0.00019184518858214448,0.0010461639949904853,0.00906507946599863,0.9794221520423889,,0.003944,-1318316.1617043603,0.8378139588930835
894,326310,943.7,-1272493.5868588884,-1196587.677076437,0.9223755428235825,43767.462995529175,958184.9206542969,29807.592518806458,75220.0,2981.3048934936523,206299.77407836914,1272493.5921449661,0.1342355075635408,0.00019184518858214448,0.0010461639949904853,0.00906507946599863,0.9794221520423889,,0.003944,-1318316.1617043603,0.8378139588930835
895,326675,945.4,-1154305.9485200741,-1196547.803168062,0.8512482355718743,64290.14547538757,777028.6374511719,45634.320976257324,115720.0,4290.9588441848755,211632.02964782715,1154305.9469194412,0.14162957844765564,0.0002365933777055991,0.001147353860352795,0.009352214609909999,0.9784465432167053,,0.003908,-1318316.1617043603,0.8378139588930835
896,327040,946.4,-1098401.8705647227,-1193935.4834186663,0.8925740609430287,57025.96855354309,748909.1929931641,37956.6028213501,99840.0,1214.3696184158325,210481.7047996521,1098401.870232582,0.14162957844765564,0.0002365933777055991,0.001147353860352795,0.009352214609909999,0.9784465432167053,,0.003908,-1318316.1617043603,0.8378139588930835
897,327405,947.3,-1177954.3656989366,-1195130.8667368686,0.863176204896953,54561.273792266846,798890.6102294922,40818.20544052124,110960.0,4748.811288833618,222536.73887634277,1177954.3658351898,0.14162957844765564,0.0002365933777055991,0.001147353860352795,0.009352214609909999,0.9784465432167053,,0.003908,-1318316.1617043603,0.8378139588930835
898,327770,949.4,-1126253.4111347112,-1193859.4526868637,0.8897736555909457,58751.88437175751,742969.5496826172,38969.258306503296,99785.0,1203.6210532188416,243325.99866867065,1126253.42771101,0.14713141910339655,0.00028236271105254814,0.0012520238034133065,0.01014444180519173,0.9757270216941833,,0.003854,-1318316.1617043603,0.8378139588930835
899,328135,950.4,-1126142.9173773963,-1186279.1499118449,0.8695337161625901,54193.13672828674,773652.0880126953,40417.26063537598,108275.0,2824.296422958374,200974.27500915527,1126142.920080185,0.14713141910339655,0.00028236271105254814,0.0012520238034133065,0.01014444180519173,0.9757270216941833,,0.003854,-1318316.1617043603,0.8378139588930835
900,328500,953.2,-1150161.6850447278,-1179794.1002102515,0.8812750741227032,56666.31378555298,760897.8442382812,39656.93423080444,103705.0,2192.3045568466187,243709.60208129883,1150161.6851072311,0.14713141910339655,0.00028236271105254814,0.0012520238034133065,0.01014444180519173,0.9757270216941833,,0.003854,-1302659.2398843793,0.8365847857031103
901,328865,955.4,-1149779.4027646494,-1175985.6312155458,0.8965199281091559,58159.53291606903,768014.5406494141,38172.882475852966,95345.0,3770.2635135650635,244476.71731567383,1149779.403954506,0.14458894631580302,0.000161563416105836,0.0006381921621620055,0.00906931319715161,0.978646993637085,,0.0037999999999999996,-1302659.2398843793,0.8365847857031103
902,329230,956.4,-1176384.137483237,-1174990.496784026,0.8545778906508668,58305.369921684265,798384.3491210938,42486.07206916809,115285.0,4909.71492266655,215319.00881576538,1176384.1449286938,0.14458894631580302,0.000161563416105836,0.0006381921621620055,0.00906931319715161,0.978646993637085,,0.0037999999999999996,-1302659.2398843793,0.8365847857031103
903,329595,957.4,-1159711.0672201356,-1172265.5642503088,0.8589776164864841,56584.04189109802,789960.18359375,41889.46359825134,113220.0,3316.937856197357,211324.48500061035,1159711.070048809,0.14458894631580302,0.000161563416105836,0.0006381921621620055,0.00906931319715161,0.978646993637085,,0.0037999999999999996,-1302659.2398843793,0.8365847857031103
904,329960,959.6,-1225071.208020823,-1177063.295521196,0.9131634204355005,48837.77787780762,885130.4725341797,32750.36958551407,82930.0,1693.4413785934448,222566.92488861084,1225071.208386898,0.15437258054551325,0.00024565075904990267,0.0014897396692839194,0.010901899273066144,0.9753991365432739,,0.0037459999999999998,-1302659.2398843793,0.8365847857031103
905,330325,960.6,-1139930.7323644448,-1171147.7879989825,0.8730036859642969,54170.97807312012,771378.8298339844,39819.55849456787,108355.0,2791.900655388832,217585.4440574646,1139930.7330414057,0.15437258054551325,0.00024565075904990267,0.0014897396692839194,0.010901899273066144,0.9753991365432739,,0.0037459999999999998,-1302659.2398843793,0.8365847857031103
906,330690,961.7,-1139567.4495579598,-1160684.6253460604,0.8616892574584647,56167.94190788269,775550.2127685547,41504.33846759796,112995.0,2100.2310421466827,207417.66778564453,1139567.4500639439,0.15437258054551325,0.00024565075904990267,0.0014897396692839194,0.010901899273066144,0.9753991365432739,,0.0037459999999999998,-1302659.2398843793,0.8365847857031103
907,331055,963.8,-1107479.3469187724,-1160086.245683121,0.8929646797376136,59308.854372024536,742571.1174316406,39074.42223930359,100110.0,1735.2546005249023,223988.5467414856,1107479.3410129547,0.14886594524509028,0.0001812619429983897,0.000511570983354958,0.01022043523966874,0.9755071997642517,,0.003692,-1302659.2398843793,0.8365847857031103
908,331420,964.8,-1234565.1570501504,-1162964.8325484847,0.917679350343469,47628.91396141052,901654.7738037109,31790.613117218018,82425.0,1528.2266216278076,217166.54401397705,1234565.1575565338,0.14886594524509028,0.0001812619429983897,0.000511570983354958,0.01022043523966874,0.9755071997642517,,0.003692,-1302659.2398843793,0.8365847857031103
909,331785,966.9,-1148589.0386270094,-1163543.3495369009,0.8584821167057508,56340.42017364502,776909.5343017578,41509.017444610596,115510.0,5398.492172718048,209261.98895263672,1148589.0328717232,0.14419576839396828,0.0002048958692141337,0.0008068419345746454,0.009606884853718313,0.9779058694839478,,0.0036559999999999995,-1302659.2398843793,0.8365847857031103
910,332150,968.0,-1120417.5858362478,-1162637.3010255084,0.8739204160154682,53026.68527317047,774416.919921875,39397.823692798615,108875.0,2769.708973169327,194958.13232421875,1120417.5849120617,0.14419576839396828,0.0002048958692141337,0.0008068419345746454,0.009606884853718313,0.9779058694839478,,0.0036559999999999995,-1302659.2398843793,0.8365847857031103
911,332515,969.0,-1175148.0395547098,-1164331.7200192444,0.8515175466668116,63994.26697921753,781556.4438476562,45354.41203689575,118250.0,4215.958867430687,225771.22235107422,1175148.037103057,0.14419576839396828,0.0002048958692141337,0.0008068419345746454,0.009606884853718313,0.9779058694839478,,0.0036559999999999995,-1302659.2398843793,0.8365847857031103
912,332880,971.1,-1151189.4787834527,-1160210.6237875836,0.8635995624816581,54619.96688461304,795420.9609375,40701.502296447754,112540.0,4414.042174816132,198112.9755859375,1151189.4809947014,0.1583219476436314,0.000152172869332533,0.0005613628186677632,0.010276151857779999,0.974539577960968,,0.0036019999999999997,-1302659.2398843793,0.8365847857031103
913,333245,972.2,-1160270.7643539049,-1159690.8596867477,0.9018728610587446,55479.54853820801,790873.3442382812,36647.03513908386,94330.0,2908.1362648010254,235512.24814605713,1160270.7637882233,0.1583219476436314,0.000152172869332533,0.0005613628186677632,0.010276151857779999,0.974539577960968,,0.0036019999999999997,-1302659.2398843793,0.8365847857031103
914,333610,973.2,-1127976.7861702621,-1152465.0196523163,0.8910554262056742,57588.900884628296,763573.4865722656,38287.292310237885,100900.0,1836.3329685926437,223379.68124389648,1127976.7930949926,0.1583219476436314,0.000152172869332533,0.0005613628186677632,0.010276151857779999,0.974539577960968,,0.0036019999999999997,-1302659.2398843793,0.8365847857031103
915,333975,975.3,-1242771.3442069753,-1156888.2894366612,0.9195234963338669,43369.07246303558,934981.9344482422,29738.058274269104,78640.0,2168.9710931777954,197242.38052368164,1242771.3443393707,0.1378695635419143,0.0001671972712708674,0.0006673712485184966,0.009349440457299352,0.9787937998771667,,0.0035479999999999995,-1302659.2398843793,0.8365847857031103
916,334340,976.3,-1181333.8566493585,-1161034.888740893,0.9045832402085605,53610.674966812134,818050.5805664062,35642.84162521362,91430.0,2722.519411087036,233487.91954040527,1181333.8611431122,0.1378695635419143,0.0001671972712708674,0.0006673712485184966,0.009349440457299352,0.9787937998771667,,0.0035479999999999995,-1302659.2398843793,0.8365847857031103
917,334705,977.5,-1162604.640513443,-1160267.4024816186,0.85166889674043,59318.89181613922,789205.9193115234,42884.31693267822,118095.0,3890.7128524780273,208528.69156646729,1162604.640663147,0.1378695635419143,0.0001671972712708674,0.0006673712485184966,0.009349440457299352,0.9787937998771667,,0.0035479999999999995,-1302659.2398843793,0.8365847857031103
918,335070,979.5,-1141567.8730057527,-1161033.1255751704,0.873700945834591,53327.26051235199,785228.1470947266,39318.104681015015,109590.0,2897.418119430542,204534.20219421387,1141567.872089386,0.1460636463996611,0.000285855901797492,0.0013317978208713037,0.010061889494720259,0.9754642844200134,,0.0034939999999999997,-1302659.2398843793,0.8365847857031103
919,335435,980.5,-1128522.8756592374,-1161152.1234892628,0.8747286301769622,53973.270362854004,777153.1478271484,39201.38260650635,108535.0,2195.6363577842712,201437.7021331787,1128522.8689246178,0.1460636463996611,0.000285855901797492,0.0013317978208713037,0.010061889494720259,0.9754642844200134,,0.0034939999999999997,-1302659.2398843793,0.8365847857031103
920,335800,981.4,-1133640.5764367618,-1160326.0680588644,0.878936037625352,54177.068329811096,773098.4765625,38809.704219818115,107135.0,2775.5216846466064,211821.8703765869,1133640.5728435516,0.1460636463996611,0.000285855901797492,0.0013317978208713037,0.010061889494720259,0.9754642844200134,,0.0034939999999999997,-1302659.2398843793,0.8365847857031103
921,336165,983.5,-1195314.0968939436,-1162602.8027653291,0.9047548114436946,54478.420694351196,827778.763671875,35997.3538312912,90060.0,2051.0072231292725,239426.97667694092,1195314.1014032364,0.14809810350600042,0.00029250884596733256,0.0013665985653029853,0.008631755659160646,0.9795027375221252,,0.0034399999999999995,-1302659.2398843793,0.8365847857031103
922,336530,984.5,-1104834.945415371,-1159025.343161936,0.8898293281254703,56275.05369949341,752246.8161621094,37684.89904785156,101095.0,1505.531837463379,212302.70700073242,1104834.9540481567,0.14809810350600042,0.00029250884596733256,0.0013665985653029853,0.008631755659160646,0.9795027375221252,,0.0034399999999999995,-1302659.2398843793,0.8365847857031103
923,336895,985.5,-1128878.2517187963,-1157483.702386869,0.8882945070528004,55989.8671836853,763867.1524658203,38184.72785663605,102520.0,3307.5428144931793,220998.83450698853,1128878.257643938,0.14809810350600042,0.00029250884596733256,0.0013665985653029853,0.008631755659160646,0.9795027375221252,,0.0034399999999999995,-1302659.2398843793,0.8365847857031103
924,337260,987.8,-1208256.5623800606,-1156642.9701048308,0.8629717614552747,55122.168157577515,802049.8383789062,40888.31464576721,112745.0,5570.294026851654,247003.11938476562,1208256.5664362907,0.14153046415824638,0.00012789715006683285,0.0004267106993019728,0.008506738568509096,0.9794412851333618,,0.0033859999999999993,-1302659.2398843793,0.8365847857031103
925,337625,990.3,-1177501.1957734264,-1158521.4932752796,0.9025966469555685,54133.40466403961,813671.7457275391,35979.12019824982,92375.0,1974.2633323669434,233501.06330871582,1177501.1925668716,0.14153046415824638,0.00012789715006683285,0.0004267106993019728,0.008506738568509096,0.9794412851333618,,0.0033859999999999993,-1321047.3083710046,0.8372359359917576
926,337990,992.3,-1167281.4370718666,-1159907.1926509752,0.8502072678853387,65482.50777339935,779326.9757080078,46307.99964141846,118355.0,6246.020702123642,217045.4360961914,1167281.4321477413,0.14831051053969482,0.00012153184625755162,0.0006221302778852221,0.009975649918870707,0.9761552810668945,,0.0033499999999999997,-1321047.3083710046,0.8372359359917576
927,338355,993.1,-1231450.0464596448,-1166105.727628019,0.914069847701347,48904.6674156189,889423.3806152344,32710.294810295105,83440.0,2260.041907802224,223616.32485961914,1231450.0421929508,0.14831051053969482,0.00012153184625755162,0.0006221302778852221,0.009975649918870707,0.9761552810668945,,0.0033499999999999997,-1321047.3083710046,0.8372359359917576
928,338720,993.9,-1176683.524686433,-1163211.6460098329,0.8486262355765252,67137.86658668518,773901.5825195312,47136.6281080246,118960.0,6296.128991603851,230389.18658447266,1176683.5262036324,0.14831051053969482,0.00012153184625755162,0.0006221302778852221,0.009975649918870707,0.9761552810668945,,0.0033499999999999997,-1321047.3083710046,0.8372359359917576
929,339085,995.4,-1270551.7924451246,-1169309.7837007388,0.9233539398402384,42574.9797706604,954381.3840332031,29097.362377643585,76855.0,3002.645763397217,207215.40183639526,1270551.7940106392,0.1337922442900507,0.0002282545671589201,0.0009291799455432307,0.01016800632504256,0.9775088429450989,,0.0032959999999999995,-1321047.3083710046,0.8372359359917576
930,339450,996.2,-1139562.3005749732,-1170267.019437675,0.8959553249894756,58576.78080558777,760346.5209960938,38394.45741176605,98455.0,1654.5858640670776,240711.74054718018,1139562.304819107,0.1337922442900507,0.0002282545671589201,0.0009291799455432307,0.01016800632504256,0.9775088429450989,,0.0032959999999999995,-1321047.3083710046,0.8372359359917576
931,339815,996.9,-1152525.4137036875,-1169135.8881451238,0.864807648854713,55144.870458602905,785828.7581787109,41122.528705596924,111855.0,2431.711681365967,211287.4197692871,1152525.418334961,0.1337922442900507,0.0002282545671589201,0.0009291799455432307,0.01016800632504256,0.9775088429450989,,0.0032959999999999995,-1321047.3083710046,0.8372359359917576
932,340180,998.5,-1117624.8311487907,-1167457.655763391,0.8912826356822497,57838.482652664185,750777.4382324219,38521.83967781067,101295.0,1537.3083851337433,225493.23401641846,1117624.8203117847,0.13683608723314186,0.00018078160122202367,0.0004641884262175728,0.009512403183371612,0.9774497151374817,,0.0032419999999999992,-1321047.3083710046,0.8372359359917576
933,340545,999.2,-1148983.1756808842,-1166893.2763297397,0.8696660422299006,53627.02524185181,798659.0021972656,39990.565980911255,109785.0,2636.4432649612427,197912.1671295166,1148983.1785726547,0.13683608723314186,0.00018078160122202367,0.0004641884262175728,0.009512403183371612,0.9774497151374817,,0.0032419999999999992,-1321047.3083710046,0.8372359359917576
934,340910,1000.0,-1162502.9101010433,-1168619.582526279,0.8663533436108942,55022.398869514465,805124.4460449219,40978.643964767456,110980.0,3964.086376428604,201455.73573303223,1162502.9121191502,0.13683608723314186,0.00018078160122202367,0.0004641884262175728,0.009512403183371612,0.9774497151374817,,0.0032419999999999992,-1321047.3083710046,0.8372359359917576
935,341275,1001.7,-1140102.2571867201,-1163486.128175266,0.8927500538630029,57896.10193634033,760476.6949462891,38415.8453168869,99720.0,1896.3070259094238,239593.40489196777,1140102.2521810532,0.14892301492785154,0.00028221925070906045,0.0011642188397481253,0.009732583268104415,0.9769300222396851,,0.003187999999999999,-1321047.3083710046,0.8372359359917576
936,341640,1002.6,-1165961.771085994,-1162717.5238970977,0.9019789836178087,53481.65914440155,806189.7341308594,35797.12870979309,91815.0,3287.2955285310745,228872.6082763672,1165961.7666455507,0.14892301492785154,0.00028221925070906045,0.0011642188397481253,0.009732583268104415,0.9769300222396851,,0.003187999999999999,-1321047.3083710046,0.8372359359917576
937,342005,1003.4,-1161545.021854202,-1162664.5429641358,0.8971780241352239,57229.75429916382,779192.7769775391,37718.33423233032,96330.0,3182.021678864956,245121.89277648926,1161545.0256652236,0.14892301492785154,0.00028221925070906045,0.0011642188397481253,0.009732583268104415,0.9769300222396851,,0.003187999999999999,-1321047.3083710046,0.8372359359917576
938,342370,1005.1,-1159813.876816356,-1163576.8431546655,0.8646778688038865,53599.43089199066,801291.5645751953,40052.99410915375,112110.0,5132.716764688492,201226.5918521881,1159813.8673012257,0.13451491002189486,0.0002053553349756648,0.0010314406031523646,0.00910898725698261,0.9782203435897827,,0.003133999999999999,-1321047.3083710046,0.8372359359917576
939,342735,1005.8,-1145492.7584159488,-1164425.3372925012,0.8538246352378637,55957.73003864288,781552.8946533203,41276.50127506256,116330.0,3073.443379878998,203259.92636108398,1145492.7656693459,0.13451491002189486,0.0002053553349756648,0.0010314406031523646,0.00910898725698261,0.9782203435897827,,0.003133999999999999,-1321047.3083710046,0.8372359359917576
940,343100,1007.5,-1123943.8189268087,-1163940.4994170037,0.8775559936484245,52760.50264263153,779737.55078125,38315.527104854584,105990.0,2971.418082714081,196929.3286781311,1123943.8246469498,0.15123109264593376,0.00022272908312228728,0.0012306079534985322,0.009647193573121177,0.9759615659713745,,0.003098000000000001,-1321047.3083710046,0.8372359359917576
941,343465,1008.3,-1127759.0959846599,-1160562.7493715393,0.8897043985863254,56036.01157569885,763268.1313476562,37583.40971946716,100465.0,1387.6394004821777,225054.91120147705,1127759.0916690826,0.15123109264593376,0.00022272908312228728,0.0012306079534985322,0.009647193573121177,0.9759615659713745,,0.003098000000000001,-1321047.3083710046,0.8372359359917576
942,343830,1009.1,-1234524.051171444,-1167047.2046593432,0.916389659169602,46879.466859817505,897330.9556884766,31676.926978111267,81250.0,2977.024713397026,221289.13918304443,1234524.0465630293,0.15123109264593376,0.00022272908312228728,0.0012306079534985322,0.009647193573121177,0.9759615659713745,,0.003098000000000001,-1321047.3083710046,0.8372359359917576
943,344195,1010.9,-1168908.2914702515,-1169048.706646916,0.851649059988048,60703.179010391235,791058.3681640625,43512.74930000305,117175.0,5112.11524155736,212050.05821228027,1168908.2909179032,0.13121177275714122,0.00015904772676309987,0.0005680552723405478,0.009292326683766748,0.978759765625,,0.003044000000000001,-1321047.3083710046,0.8372359359917576
944,344560,1011.7,-1169967.3587060666,-1167134.2464632164,0.882211414265306,53855.45575141907,782711.4268798828,38155.98558425903,103030.0,1524.0924758911133,244545.8706550598,1169967.3755950928,0.13121177275714122,0.00015904772676309987,0.0005680552723405478,0.009292326683766748,0.978759765625,,0.003044000000000001,-1321047.3083710046,0.8372359359917576
945,344925,1012.5,-1141281.7890797753,-1165323.2761285338,0.8751085583477805,53367.58803939819,796463.1298828125,39133.74548149109,105735.0,2993.813292503357,196956.09649658203,1141281.785153389,0.13121177275714122,0.00015904772676309987,0.0005680552723405478,0.009292326683766748,0.978759765625,,0.003044000000000001,-1321047.3083710046,0.8372359359917576
946,345290,1014.2,-1245532.0151814418,-1169235.8050340125,0.9210777116148439,43573.93253326416,933281.6885986328,29702.036682128906,77620.0,1857.3575973510742,203070.93338012695,1245532.0162582397,0.13885034561941498,0.00021662551472744732,0.0010780200634479499,0.009703821784473564,0.9782265424728394,,0.0029900000000000013,-1321047.3083710046,0.8372359359917576
947,345655,1014.9,-1170930.241271314,-1166209.814774596,0.858918648060054,55311.73922920227,807105.7443847656,40840.81744861603,112645.0,4309.946368217468,206028.74070739746,1170930.2489089966,0.13885034561941498,0.00021662551472744732,0.0010780200634479499,0.009703821784473564,0.9782265424728394,,0.0029900000000000013,-1321047.3083710046,0.8372359359917576
948,346020,1015.7,-1114464.2828630426,-1163098.8526834263,0.8920909953443972,57105.8520526886,751334.6142578125,37990.955065727234,99160.0,3724.295040667057,222254.41222381592,1114464.2765880227,0.13885034561941498,0.00021662551472744732,0.0010780200634479499,0.009703821784473564,0.9782265424728394,,0.0029900000000000013,-1321047.3083710046,0.8372359359917576
949,346385,1017.3,-1188558.7029099704,-1158999.1982066687,0.9090962658189747,51055.62484359741,846705.7121582031,34110.04424381256,85535.0,2684.366183280945,219523.572265625,1188558.6948509216,0.13281902396365217,0.00024331358590164824,0.0011361105421919522,0.009625729651337392,0.9783172607421875,,0.002936000000000001,-1321047.3083710046,0.8372359359917576
950,346750,1019.3,-1136764.8113244893,-1158859.3237441445,0.858379895556463,56536.11301994324,784951.1311035156,41386.87509727478,113650.0,3201.602875649929,193575.20405578613,1136764.8131322265,0.13281902396365217,0.00024331358590164824,0.0011361105421919522,0.009625729651337392,0.9783172607421875,,0.002936000000000001,-1308609.5845536366,0.8387593541243306
951,347115,1020.1,-1152889.8505998522,-1158877.5455889527,0.8802531317488788,55312.03211593628,787675.1530761719,39198.88593626022,103085.0,3985.3909397125244,218945.4171628952,1152889.8471150398,0.13281902396365217,0.00024331358590164824,0.0011361105421919522,0.009625729651337392,0.9783172607421875,,0.002936000000000001,-1308609.5845536366,0.8387593541243306
952,347480,1021.8,-1211717.2795665078,-1163582.1680098386,0.9157960712093196,47071.23133850098,882004.2541503906,31869.013833522797,81780.0,1648.192581653595,214415.8164138794,1211717.2769794464,0.13830064158690603,0.00025691594897867426,0.0012603224389941285,0.00961698786551623,0.9769929647445679,,0.002882000000000001,-1308609.5845536366,0.8387593541243306
953,347845,1022.6,-1273302.917135616,-1169798.1550825753,0.8446535864921465,73609.86788368225,783603.6468505859,49918.7783203125,121225.0,15272.907877206802,303282.5812950134,1273302.9143431187,0.13830064158690603,0.00025691594897867426,0.0012603224389941285,0.00961698786551623,0.9769929647445679,,0.002882000000000001,-1308609.5845536366,0.8387593541243306
954,348210,1024.2,-1181787.701702306,-1170762.3946626384,0.9059092062793366,53041.68535423279,830549.9252929688,35314.413524627686,87195.0,2691.0653505325317,226037.29936218262,1181787.7035303116,0.12990740186681873,0.00013179275294150053,0.0004411663930544532,0.010486233722124445,0.97629714012146,,0.002846000000000001,-1308609.5845536366,0.8387593541243306
955,348575,1025.0,-1162605.7477187582,-1171887.56918924,0.8994992078167119,58306.50955200195,769107.4033203125,38040.82151412964,93305.0,2811.961925983429,259340.55934143066,1162605.7461018562,0.12990740186681873,0.00013179275294150053,0.0004411663930544532,0.010486233722124445,0.97629714012146,,0.002846000000000001,-1308609.5845536366,0.8387593541243306
956,348940,1025.8,-1122024.4230848786,-1169690.7017891842,0.8566999858372832,57542.8581161499,764648.7325439453,42112.45503616333,113980.0,2478.112361907959,198805.1198577881,1122024.4197998047,0.12990740186681873,0.00013179275294150053,0.0004411663930544532,0.010486233722124445,0.97629714012146,,0.002846000000000001,-1308609.5845536366,0.8387593541243306
957,349305,1027.4,-1142248.8964451395,-1168725.8955187313,0.8790178450819565,55923.690422058105,775386.8742675781,39676.010150909424,103625.0,2318.8353399038315,221242.18449401855,1142248.90425241,0.14310764227258532,7.331903591540667e-05,0.00017882229995417505,0.009921165183186531,0.9758328199386597,,0.002792000000000001,-1308609.5845536366,0.8387593541243306
958,349670,1028.2,-1151459.8252406786,-1168308.1929399476,0.9007838936701212,57565.73119735718,778884.8828125,37900.03989982605,93200.0,1881.5279273986816,239593.38426208496,1151459.8349018097,0.14310764227258532,7.331903591540667e-05,0.00017882229995417505,0.009921165183186531,0.9758328199386597,,0.002792000000000001,-1308609.5845536366,0.8387593541243306
959,350035,1028.9,-1284229.4495125117,-1175245.0274947756,0.8445851004286988,76647.95732307434,775380.4788818359,51901.04423332214,119165.0,14848.320728302002,322934.61236572266,1284229.4562091827,0.14310764227258532,7.331903591540667e-05,0.00017882229995417505,0.009921165183186531,0.9758328199386597,,0.002792000000000001,-1308609.5845536366,0.8387593541243306
960,350400,1030.4,-1268990.7825506232,-1182497.3756759665,0.8462970942667086,75731.27319526672,778149.23828125,51217.795585632324,119205.0,11154.64505147934,309264.1064453125,1268990.7853636742,0.14012373630937777,0.00010920264079878077,0.0005035400398283903,0.01098123480761914,0.9740515351295471,,0.002738000000000001,-1308609.5845536366,0.8387593541243306
961,350765,1031.2,-1110581.4869505416,-1181638.4952242603,0.891220291836621,56221.28839302063,753177.9022216797,37686.60319900513,99185.0,3019.515476703644,217512.4665298462,1110581.4874272346,0.14012373630937777,0.00010920264079878077,0.0005035400398283903,0.01098123480761914,0.9740515351295471,,0.002738000000000001,-1308609.5845536366,0.8387593541243306
962,351130,1032.0,-1158459.7203762017,-1177835.2786844983,0.8593793903311638,56358.11863517761,793840.1201171875,41594.46062374115,112375.0,3281.810034751892,207368.32940673828,1158459.7201824188,0.14012373630937777,0.00010920264079878077,0.0005035400398283903,0.01098123480761914,0.9740515351295471,,0.002738000000000001,-1308609.5845536366,0.8387593541243306
963,351495,1034.3,-1138472.518790835,-1176313.4900505275,0.8855997866147185,55480.62882423401,769095.2279052734,38184.09747028351,101485.0,2931.645393371582,226776.55026245117,1138472.5210313797,0.1463029457158164,0.0002351081794155394,0.0008959853874234556,0.011111536528915167,0.9738223552703857,,0.0026840000000000006,-1308609.5845536366,0.8387593541243306
964,351860,1035.3,-1104821.0415649193,-1173056.17419347,0.8798201142925106,55904.58705711365,765139.3475341797,39429.866622924805,103540.0,4928.551570415497,191783.27813720703,1104821.043864727,0.1463029457158164,0.0002351081794155394,0.0008959853874234556,0.011111536528915167,0.9738223552703857,,0.0026840000000000006,-1308609.5845536366,0.8387593541243306
965,352225,1036.3,-1123146.123647959,-1172149.390921879,0.8807355193242635,55432.64549446106,769799.19140625,39262.572916030884,104000.0,2978.723544061184,207105.63383483887,1123146.121701181,0.1463029457158164,0.0002351081794155394,0.0008959853874234556,0.011111536528915167,0.9738223552703857,,0.0026840000000000006,-1308609.5845536366,0.8387593541243306
966,352590,1038.3,-1111594.5576198583,-1165452.5180437998,0.8851130866024592,55871.810691833496,760053.1096191406,38431.09331893921,101375.0,1731.3189511299133,210004.0401611328,1111594.5620503426,0.14080560226973735,0.0002582205586230358,0.0015448854701389791,0.008941013917424962,0.9781957864761353,,0.002630000000000001,-1308609.5845536366,0.8387593541243306
967,352955,1039.3,-1145953.1588572068,-1164203.6639230947,0.8643081246990048,55304.0918674469,786705.0823974609,41067.61239147186,110625.0,2355.5650008916855,205199.90238380432,1145953.1621736288,0.14080560226973735,0.0002582205586230358,0.0015448854701389791,0.008941013917424962,0.9781957864761353,,0.002630000000000001,-1308609.5845536366,0.8387593541243306
968,353320,1041.2,-1461329.4998970637,-1181546.9247747958,0.9238780955745749,40865.948402404785,1125135.2266845703,28654.99547290802,72855.0,2618.3257780224085,232065.9485015869,1461329.4964370877,0.1274770627680578,0.00015007326740152692,0.000480250308771103,0.0111929187060971,0.9750018119812012,,0.002594000000000001,-1308609.5845536366,0.8387593541243306
969,353685,1042.2,-1179770.8214596915,-1181107.530702282,0.9046907771123599,53251.598960876465,823696.4061279297,35490.36106300354,88975.0,2479.0965337753296,229129.9649963379,1179770.8287210464,0.1274770627680578,0.00015007326740152692,0.000480250308771103,0.0111929187060971,0.9750018119812012,,0.002594000000000001,-1308609.5845536366,0.8387593541243306
970,354050,1043.1,-1147319.0294910716,-1181635.2416106109,0.8711773353080227,54265.78327178955,795207.4713134766,40294.41276741028,107520.0,3589.564468383789,200707.5858001709,1147319.0343494415,0.1274770627680578,0.00015007326740152692,0.000480250308771103,0.0111929187060971,0.9750018119812012,,0.002594000000000001,-1308609.5845536366,0.8387593541243306
971,354415,1045.1,-1190182.7891258358,-1183499.8885369103,0.9089144657735955,52044.106046676636,833710.0759277344,34558.0481004715,87525.0,1123.1506652832031,233266.5100479126,1190182.7847414017,0.1212381380365083,8.754322640781634e-05,0.0001809638844478238,0.008887867492280509,0.9799230098724365,,0.0025400000000000006,-1308609.5845536366,0.8387593541243306
972,354780,1046.1,-1171965.481182929,-1181512.2986177313,0.8644458194301553,54342.80626964569,792877.3565673828,40307.81523990631,110335.0,5272.2651653289795,223173.0432434082,1171965.4802160263,0.1212381380365083,8.754322640781634e-05,0.0001809638844478238,0.008887867492280509,0.9799230098724365,,0.0025400000000000006,-1308609.5845536366,0.8387593541243306
973,355145,1047.1,-1146072.203384535,-1175150.7629301772,0.8766780201702902,53574.70022678375,785676.1553955078,38802.54405403137,104895.0,5084.335546255112,211614.17782592773,1146072.212821722,0.1212381380365083,8.754322640781634e-05,0.0001809638844478238,0.008887867492280509,0.9799230098724365,,0.0025400000000000006,-1308609.5845536366,0.8387593541243306
974,355510,1049.1,-1280153.304291335,-1180069.0430596285,0.84320231806742,75060.41763114929,783284.9306640625,50814.568437576294,121220.0,14445.880420207977,310387.9279785156,1280153.3075003624,0.14302842142550568,0.00018939522224651514,0.0007257294254438756,0.010636910134436269,0.9743199944496155,,0.0024860000000000004,-1308609.5845536366,0.8387593541243306
975,355875,1052.0,-1252245.1713677268,-1184551.0142420768,0.9202659023951177,44349.402629852295,929933.4719238281,30180.188759803772,77535.0,1225.1712646484375,213371.3356704712,1252245.1676187515,0.14302842142550568,0.00018939522224651514,0.0007257294254438756,0.010636910134436269,0.9743199944496155,,0.0024860000000000004,-1309610.157625739,0.8381446180278308
976,356240,1053.1,-1140855.303518541,-1185492.55826376,0.8569233201954463,57407.85382461548,772544.2864990234,41811.737285614014,115295.0,3658.519543647766,207545.76498413086,1140855.308312416,0.14302842142550568,0.00018939522224651514,0.0007257294254438756,0.010636910134436269,0.9743199944496155,,0.0024860000000000004,-1309610.157625739,0.8381446180278308
977,356605,1055.2,-1134688.388434353,-1185114.532863221,0.8962999356936102,58754.46086978912,758467.0354003906,38552.55010128021,96250.0,2957.6449241638184,238461.15371704102,1134688.3841428757,0.12978604563364857,0.00020861488342473566,0.0008151405741763914,0.009687813292992743,0.9774991869926453,,0.0024320000000000006,-1309610.157625739,0.8381446180278308
978,356970,1056.1,-1196809.2870712024,-1187382.0059547473,0.9094363405279917,50649.81196975708,857291.1135253906,33837.03693675995,84905.0,976.6277545690536,219799.50417518616,1196809.2823919058,0.12978604563364857,0.00020861488342473566,0.0008151405741763914,0.009687813292992743,0.9774991869926453,,0.0024320000000000006,-1309610.157625739,0.8381446180278308
979,357335,1057.1,-1122664.1312203282,-1179303.740040138,0.8804579194277933,53884.93448257446,780784.8458251953,38462.7031288147,104220.0,3438.267728805542,195758.3207511902,1122664.1374340057,0.12978604563364857,0.00020861488342473566,0.0008151405741763914,0.009687813292992743,0.9774991869926453,,0.0024320000000000006,-1309610.157625739,0.8381446180278308
980,357700,1059.1,-1158457.6960282037,-1173777.085714017,0.8984571657768667,57753.504316329956,775718.0643310547,37986.25299835205,93385.0,2302.015256881714,249066.35762023926,1158457.6902065277,0.1262840441379108,0.00021540472224794365,0.001217490750652934,0.009183704032023487,0.9791609644889832,,0.0023780000000000003,-1309610.157625739,0.8381446180278308
981,358065,1060.1,-1259989.5017300108,-1181247.4864529904,0.8458583892208256,75807.51888656616,769326.3947753906,51331.20775413513,119145.0,11319.028486728668,308867.8735046387,1259989.504520893,0.1262840441379108,0.00021540472224794365,0.001217490750652934,0.009183704032023487,0.9791609644889832,,0.0023780000000000003,-1309610.157625739,0.8381446180278308
982,358430,1062.2,-1144433.6510179318,-1180546.182985077,0.862217184288861,54952.65252685547,791237.259765625,40901.68299674988,111215.0,2436.2930651009083,198643.4139099121,1144433.649737388,0.14020657676615214,0.00013393084854167108,0.0003865559923915977,0.010858745130367185,0.9740519523620605,,0.0023420000000000003,-1309610.157625739,0.8381446180278308
983,358795,1063.2,-1233751.823208577,-1185310.1482059637,0.9173407081055315,46954.378821372986,901265.3416748047,31756.699560165405,79810.0,2103.458806037903,218816.32485961914,1233751.8249006271,0.14020657676615214,0.00013393084854167108,0.0003865559923915977,0.010858745130367185,0.9740519523620605,,0.0023420000000000003,-1309610.157625739,0.8381446180278308
984,359160,1064.1,-1176154.1523702908,-1188876.8037462328,0.8822169178152738,55694.106300354004,777068.7827148438,39090.14959335327,102100.0,2447.1659438610077,255448.05055236816,1176154.1488044262,0.14020657676615214,0.00013393084854167108,0.0003865559923915977,0.010858745130367185,0.9740519523620605,,0.0023420000000000003,-1309610.157625739,0.8381446180278308
985,359525,1066.1,-1182445.6017843017,-1191841.77765305,0.8493688382514536,68597.85744667053,771274.8581542969,47815.02727985382,116045.0,5360.002171993256,241950.7129058838,1182445.6005120277,0.12569738924503326,0.00015290275173117008,0.0006116900530239371,0.0098925285580519,0.9776673316955566,,0.002288,-1309610.157625739,0.8381446180278308
986,359890,1067.1,-1299319.3724915036,-1201228.018396632,0.8430768827869467,76044.02467346191,774562.3581542969,51532.855125427246,119970.0,19551.756644248962,333702.4062194824,1299319.3761434555,0.12569738924503326,0.00015290275173117008,0.0006116900530239371,0.0098925285580519,0.9776673316955566,,0.002288,-1309610.157625739,0.8381446180278308
987,360255,1068.1,-1131328.9531831767,-1200496.8081129303,0.8809291722023324,56410.925203323364,779367.8610839844,39718.938546180725,102595.0,2977.9183740615845,206669.241897583,1131328.9599018097,0.12569738924503326,0.00015290275173117008,0.0006116900530239371,0.0098925285580519,0.9776673316955566,,0.002288,-1309610.157625739,0.8381446180278308
988,360620,1070.1,-1148086.7716495788,-1184834.6717005563,0.8995081044223211,56778.73381614685,773635.0864257812,37231.198822021484,93110.0,2094.131633758545,242016.35675811768,1148086.773639679,0.1363679929391334,0.0003192218320787345,0.001719424602158956,0.01130088700569774,0.9730632901191711,,0.0022340000000000003,-1309610.157625739,0.8381446180278308
989,360985,1071.0,-1156879.581315151,-1183690.1096933295,0.9049287322449358,53896.91189002991,810550.8380126953,35674.50163936615,87730.0,1741.8567485809326,221182.38605499268,1156879.582455635,0.1363679929391334,0.0003192218320787345,0.001719424602158956,0.01130088700569774,0.9730632901191711,,0.0022340000000000003,-1309610.157625739,0.8381446180278308
990,361350,1072.0,-1333682.0241452984,-1193008.2594260408,0.8396913291656808,78239.64308071136,798616.3117675781,52087.94808387756,120715.0,15575.922085285187,346686.84143066406,1333682.023367405,0.1363679929391334,0.0003192218320787345,0.001719424602158956,0.01130088700569774,0.9730632901191711,,0.0022340000000000003,-1309610.157625739,0.8381446180278308
991,361715,1074.0,-1261332.9630983286,-1196565.7681246654,0.9216430378286806,45375.25400352478,931765.6485595703,30559.28775215149,75255.0,1279.429172039032,222473.59561920166,1261332.9611029625,0.1311932737497907,0.00020361074745635146,0.0008135343879602212,0.011421394019730781,0.9745582342147827,,0.00218,-1309610.157625739,0.8381446180278308
992,362080,1075.1,-1674646.611225327,-1221699.824626785,0.9219047956270714,42442.49737262726,1257322.9431152344,29639.660391807556,71240.0,5606.415801525116,310837.58057022095,1674646.599878788,0.1311932737497907,0.00020361074745635146,0.0008135343879602212,0.011421394019730781,0.9745582342147827,,0.00218,-1309610.157625739,0.8381446180278308
993,362445,1076.0,-1276491.03405017,-1228220.7661600667,0.843432684303963,77025.12390899658,766225.7430419922,51794.33791542053,119325.0,15486.722577095032,323659.22747802734,1276491.031012535,0.1311932737497907,0.00020361074745635146,0.0008135343879602212,0.011421394019730781,0.9745582342147827,,0.00218,-1309610.157625739,0.8381446180278308
994,362810,1078.0,-1171182.1192466256,-1222772.2069078314,0.8990406562204231,57127.73222160339,780688.8883056641,37672.53565406799,92490.0,3393.8650188446045,256936.83378601074,1171182.1227645874,0.11727597986004855,0.000123375251860125,0.0004277814916445334,0.014671599051277889,0.9696218371391296,,0.0021260000000000003,-1309610.157625739,0.8381446180278308
995,363175,1079.1,-1259582.8580342392,-1223139.0912411567,0.8416500099717754,75131.34625816345,764007.9625244141,50755.35340499878,119935.0,16850.56294822693,308033.981842041,1259582.8607196808,0.11727597986004855,0.000123375251860125,0.0004277814916445334,0.014671599051277889,0.9696218371391296,,0.0021260000000000003,-1309610.157625739,0.8381446180278308
996,363540,1081.1,-1135846.0816453137,-1222888.6301474955,0.8964018655149903,59081.9362449646,755758.7641601562,38690.22048664093,95420.0,2526.7018508911133,243450.4024810791,1135846.0889787674,0.13757454701944402,0.00014438058607131672,0.0005303098457117908,0.011224569593507209,0.9739448428153992,,0.0020900000000000003,-1309610.157625739,0.8381446180278308
997,363905,1082.1,-1170525.8027831246,-1224680.500864934,0.8872406663959973,58024.27252578735,763553.5559082031,39123.57709598541,99515.0,2065.5821113586426,266268.0988769531,1170525.8139925003,0.13757454701944402,0.00014438058607131672,0.0005303098457117908,0.011224569593507209,0.9739448428153992,,0.0020900000000000003,-1309610.157625739,0.8381446180278308
998,364270,1083.2,-1248325.874491061,-1227256.3302359271,0.9187535645210579,44012.49883937836,933145.3220214844,29957.902585029602,76975.0,2982.133903026581,205265.5137939453,1248325.8723034859,0.13757454701944402,0.00014438058607131672,0.0005303098457117908,0.011224569593507209,0.9739448428153992,,0.0020900000000000003,-1309610.157625739,0.8381446180278308
999,364635,1085.2,-1150060.9792263922,-1228626.1726362302,0.8538250928055751,57735.525238990784,779345.5173339844,42062.49754142761,114450.0,4269.069625854492,209933.8893547058,1150060.9738559723,0.12454222466208432,0.00010641869094366771,0.0003718325969154983,0.009609766672120282,0.9785013794898987,,0.002036,-1309610.157625739,0.8381446180278308
1000,365000,1087.9,-1157302.1573846848,-1228568.3957040545,0.8604111452625223,54472.83268356323,792149.7913818359,40693.80607700348,111375.0,5195.136119842529,207888.4239807129,1157302.1575593948,0.12454222466208432,0.00010641869094366771,0.0003718325969154983,0.009609766672120282,0.9785013794898987,,0.002036,-1305899.3553190283,0.8379361205721554
