episode,global_step,elapsed_s,reward_raw,reward_smooth,fill_rate,stockout,cost_holding,cost_stockout,cost_ordering,cost_overflow,cost_service_penalty,cost_total,entropy,approx_kl,clip_frac,value_loss,explained_variance,lr_scale,ent_coef,eval_reward,eval_cost,eval_fill,eval_feasible
1,365,0.5,-16994443.255362216,-16994443.255362216,0.1369789290706802,257273.48541259766,1851660.8786621094,2572734.8555908203,456455.0,7336432.546630859,4777159.990907669,16994443.271791458,,,,,,,0.02,nan,nan,nan,
2,730,1.0,-17209435.851347424,-17101939.553354822,0.13628797941873538,261100.1438217163,1851362.55859375,2611001.438232422,455575.0,7412327.531738281,4879169.358840942,17209435.887405396,,,,,,,0.02,nan,nan,nan,
3,1095,5.4,-19049510.038174868,-17751129.714961503,0.20744166271337772,332994.9705276489,1803699.9509277344,3329949.702758789,452495.0,6969073.6494140625,6494291.732406616,19049510.035507202,1.7782967169033854,0.013438650365921938,0.0975004498797812,2.74655828977886,-0.000712275505065918,,0.019964000000000003,nan,nan,nan,
4,1460,6.0,-16550583.862049013,-17450993.25173338,0.15672036216378005,280120.63009643555,1839823.7739257812,2801206.3040771484,438260.0,6280316.099121094,5190977.721618652,16550583.898742676,1.7782967169033854,0.013438650365921938,0.0975004498797812,2.74655828977886,-0.000712275505065918,,0.019964000000000003,nan,nan,nan,
5,1825,6.4,-18389403.71353253,-17638675.34409321,0.1742925047286683,344145.80124664307,1818756.6206054688,3441458.007446289,437220.0,6265423.445556641,6426545.630516052,18389403.70412445,1.7782967169033854,0.013438650365921938,0.0975004498797812,2.74655828977886,-0.000712275505065918,,0.019964000000000003,nan,nan,nan,
6,2190,10.4,-16206717.438499575,-17400015.693160936,0.15311701025986346,280297.94441223145,1841483.0913085938,2802979.4575195312,428715.0,5940158.1484375,5193381.759536743,16206717.456802368,1.7383815677542436,0.011055633020652366,0.09019684379822329,2.155826305088244,-0.007979989051818848,,0.019910000000000004,nan,nan,nan,
7,2555,10.9,-17731745.243024535,-17447405.628855735,0.17438602247454826,348314.1529083252,1816736.939453125,3483141.5113067627,416525.0,5249104.783569336,6766236.976074219,17731745.210403442,1.7383815677542436,0.011055633020652366,0.09019684379822329,2.155826305088244,-0.007979989051818848,,0.019910000000000004,nan,nan,nan,
8,2920,11.5,-14840385.020889724,-17121528.052859984,0.12075619251732217,257381.0397644043,1855485.3979492188,2573810.3991088867,415055.0,5245469.822265625,4750564.410629272,14840385.029953003,1.7383815677542436,0.011055633020652366,0.09019684379822329,2.155826305088244,-0.007979989051818848,,0.019910000000000004,nan,nan,nan,
9,3285,15.6,-16070526.269619782,-17004750.076944407,0.2531628362301107,323160.17494904995,1780274.4399414062,3231601.7425785065,401980.0,4608705.683898926,6047964.408744812,16070526.27516365,1.6756765277762162,0.01081269654121953,0.07279780869813342,1.8906425661162327,0.03586292266845703,,0.019856,nan,nan,nan,
10,3650,16.1,-16201457.435495032,-16924420.81279947,0.2255317749031438,328473.65937387943,1791191.3859863281,3284736.5941963196,390045.0,4378514.014404297,6356970.42175293,16201457.416339874,1.6756765277762162,0.01081269654121953,0.07279780869813342,1.8906425661162327,0.03586292266845703,,0.019856,nan,nan,nan,
11,4015,16.8,-13707037.678239696,-16631931.4369304,0.11384502896162574,242660.2464942932,1859927.0212402344,2426602.479888916,389625.0,4580491.580993652,4450391.622337341,13707037.704460144,1.6756765277762162,0.01081269654121953,0.07279780869813342,1.8906425661162327,0.03586292266845703,,0.019856,nan,nan,nan,
12,4380,21.7,-14578045.801147593,-16460774.300615164,0.15088453934838386,291801.9245147705,1836005.5231933594,2918019.2377929688,366265.0,4052711.201538086,5405044.862625122,14578045.825149536,1.586990657605623,0.011456119771872565,0.060038516389843276,1.4582698721634715,0.020170629024505615,,0.019802,nan,nan,nan,
13,4745,22.2,-13732918.9175132,-16250939.271145782,0.1304497401400777,269999.7034378052,1848158.8361816406,2699997.033508301,362405.0,3807782.0347595215,5014576.038246155,13732918.942695618,1.586990657605623,0.011456119771872565,0.060038516389843276,1.4582698721634715,0.020170629024505615,,0.019802,nan,nan,nan,
14,5110,22.8,-13808737.674963323,-16076496.299989892,0.14222044983844262,272952.31509780884,1844663.046875,2729523.1726989746,360855.0,3836101.7708129883,5037594.728675842,13808737.719062805,1.586990657605623,0.011456119771872565,0.060038516389843276,1.4582698721634715,0.020170629024505615,,0.019802,nan,nan,nan,
15,5475,27.2,-15982675.331258759,-16070241.56874115,0.14988210692248205,370766.1672973633,1816555.9500732422,3707661.6584472656,326830.0,3127392.9183654785,7004234.761817932,15982675.288703918,1.488990782122863,0.00990240402748704,0.09247441893737567,1.1094019914928235,0.017064392566680908,,0.019748,nan,nan,nan,
16,5840,27.8,-15703627.676262585,-16047328.200461242,0.1680528779235625,350708.9732055664,1812185.0072021484,3507089.7524414062,327210.0,3132412.377807617,6924730.5628967285,15703627.7003479,1.488990782122863,0.00990240402748704,0.09247441893737567,1.1094019914928235,0.017064392566680908,,0.019748,nan,nan,nan,
17,6205,32.2,-15708798.478633393,-16027414.687412545,0.16000957974500807,353516.6882876754,1815405.8518066406,3535166.899813652,319270.0,3036301.954711914,7002653.800773621,15708798.507105827,1.4000011008036763,0.011407800854660883,0.060307820733884764,1.6727769170936786,0.04418820142745972,,0.019712,nan,nan,nan,
18,6570,32.8,-14436564.851627935,-15939034.140980069,0.21143192739013472,334303.97156608105,1784940.1274414062,3343039.714653969,282400.0,2512801.149658203,6513383.857345581,14436564.84909916,1.4000011008036763,0.011407800854660883,0.060307820733884764,1.6727769170936786,0.04418820142745972,,0.019712,nan,nan,nan,
19,6935,33.3,-15315513.520831171,-15906217.266235389,0.15751372724030233,364628.9013366699,1813287.6865234375,3646289.0,281925.0,2664270.854309082,6909740.977970123,15315513.518802643,1.4000011008036763,0.011407800854660883,0.060307820733884764,1.6727769170936786,0.04418820142745972,,0.019712,nan,nan,nan,
20,7300,37.6,-11435603.838825226,-15682686.59486488,0.11546605808469323,235705.29763793945,1854496.8063964844,2357052.9741210938,263620.0,2633269.284057617,4327164.779167175,11435603.84374237,1.2707240236432928,0.014673079254479441,0.04196006376418824,1.0910645237094478,0.05089688301086426,,0.019658000000000002,nan,nan,nan,
21,7665,38.1,-13705557.809262238,-15518242.322559878,0.2248928012033321,334018.4953918457,1768620.538696289,3340184.9595336914,232085.0,1998710.0893554688,6365957.170314789,13705557.757900238,1.2707240236432928,0.014673079254479441,0.04196006376418824,1.0910645237094478,0.05089688301086426,,0.019658000000000002,nan,nan,nan,
22,8030,38.6,-14301878.74687953,-15372864.467336481,0.1774670257509381,346074.99118447304,1791068.7985839844,3460749.9258213043,231360.0,2037299.0545883179,6781400.959350586,14301878.738344193,1.2707240236432928,0.014673079254479441,0.04196006376418824,1.0910645237094478,0.05089688301086426,,0.019658000000000002,nan,nan,nan,
23,8395,43.1,-13396808.23051289,-15090229.376953388,0.22115098441749426,335494.66540527344,1765019.1450195312,3354946.6627197266,209045.0,1670962.6547546387,6396834.767868042,13396808.230361938,1.1320864432736446,0.010273767931147105,0.029852616159539474,0.9555768731393313,0.07113885879516602,,0.019604000000000003,nan,nan,nan,
24,8760,43.7,-14259629.333820917,-14975681.650541985,0.14118338680931086,366482.8133468628,1807187.197265625,3664828.1322021484,186310.0,1659103.120941162,6942200.842636108,14259629.293045044,1.1320864432736446,0.010273767931147105,0.029852616159539474,0.9555768731393313,0.07113885879516602,,0.019604000000000003,nan,nan,nan,
25,9125,45.1,-14507573.289031072,-14781590.129316907,0.1418944387185841,373912.6334838867,1804756.0705566406,3739126.3337402344,187525.0,1682350.8521118164,7093815.023258209,14507573.2796669,1.1320864432736446,0.010273767931147105,0.029852616159539474,0.9555768731393313,0.07113885879516602,,0.019604000000000003,-12371525.488893464,3354713.0,0.009236655148316453,False
26,9490,50.1,-14020123.034052443,-14672260.409094552,0.1542532921397154,357352.5107254982,1789935.1232910156,3573525.116959572,165280.0,1461540.883178711,7029841.8898983,14020123.013327599,1.0060596175883945,0.0063024613247858055,0.022253203855239247,0.8607970993769797,0.06369727849960327,,0.019550000000000005,-12371525.488893464,3354713.0,0.009236655148316453,
27,9855,50.7,-13017808.538781654,-14436563.573882407,0.21983719235410015,330093.905380249,1742949.5832519531,3300939.0446777344,158880.0,1394711.4648590088,6420328.453826904,13017808.5466156,1.0060596175883945,0.0063024613247858055,0.022253203855239247,0.8607970993769797,0.06369727849960327,,0.019550000000000005,-12371525.488893464,3354713.0,0.009236655148316453,
28,10220,51.2,-11861190.587902792,-14287603.852233062,0.150973791655857,293221.3893661499,1808159.9743652344,2932213.9161987305,155340.0,1516691.298614502,5448785.419303894,11861190.60848236,1.0060596175883945,0.0063024613247858055,0.022253203855239247,0.8607970993769797,0.06369727849960327,,0.019550000000000005,-12371525.488893464,3354713.0,0.009236655148316453,
29,10585,55.7,-10805741.31857921,-14024364.60468103,0.16879277291023165,263638.15225219727,1798553.15625,2636381.518676758,140590.0,1377787.5309448242,4852429.086463928,10805741.29233551,0.9185366403115424,0.003256719877131936,0.00988555373011255,0.8638783434503957,0.08085352182388306,,0.019496,-12371525.488893464,3354713.0,0.009236655148316453,
30,10950,56.5,-12454729.283846844,-13837028.197098622,0.2504713239114107,316161.6889756322,1720624.720703125,3161616.8788614273,148550.0,1383886.7856445312,6040050.888885498,12454729.274094582,0.9185366403115424,0.003256719877131936,0.00988555373011255,0.8638783434503957,0.08085352182388306,,0.019496,-12371525.488893464,3354713.0,0.009236655148316453,
31,11315,61.2,-12937904.909751907,-13798571.558674235,0.22269713053120288,327347.88932800293,1732360.1821289062,3273478.922729492,146885.0,1430974.293258667,6354206.539138794,12937904.93725586,0.9082625814174351,0.001846810627236999,0.01338008411939403,0.5898274238172331,0.13958323001861572,,0.019460000000000005,-12371525.488893464,3354713.0,0.009236655148316453,
32,11680,61.7,-10317925.760947421,-13585565.556664225,0.17333794901449884,245139.1912612915,1807764.009765625,2451391.9025878906,132475.0,1455307.286743164,4470987.578503609,10317925.777600288,0.9082625814174351,0.001846810627236999,0.01338008411939403,0.5898274238172331,0.13958323001861572,,0.019460000000000005,-12371525.488893464,3354713.0,0.009236655148316453,
33,12045,62.3,-12115945.138821878,-13504716.86772966,0.27597670737675506,305923.73390197754,1695480.2902832031,3059237.3442382812,144775.0,1523172.3269805908,5693280.192638397,12115945.154140472,0.9082625814174351,0.001846810627236999,0.01338008411939403,0.5898274238172331,0.13958323001861572,,0.019460000000000005,-12371525.488893464,3354713.0,0.009236655148316453,
34,12410,67.0,-10237856.649953103,-13326172.816479146,0.39615609743439817,260434.85595703125,1621549.462890625,2604348.5620117188,152330.0,1301322.888256073,4558305.770568848,10237856.683727264,0.8776304243426574,0.0024513262099533583,0.017471313488816743,0.43127621396591787,0.20487546920776367,,0.019406,-12371525.488893464,3354713.0,0.009236655148316453,
35,12775,67.5,-9253875.02054878,-12989732.80094365,0.20980135681723067,212113.02178955078,1800619.546875,2121130.224243164,129915.0,1393540.7867126465,3808669.4663085938,9253875.024139404,0.8776304243426574,0.0024513262099533583,0.017471313488816743,0.43127621396591787,0.20487546920776367,,0.019406,-12371525.488893464,3354713.0,0.009236655148316453,
36,13140,68.2,-9427485.712876381,-12675925.702774338,0.45064295422748457,257063.389213562,1568333.9201660156,2570633.887084961,155335.0,1328882.8026885986,3804300.1085357666,9427485.718475342,0.8776304243426574,0.0024513262099533583,0.017471313488816743,0.43127621396591787,0.20487546920776367,,0.019406,-12371525.488893464,3354713.0,0.009236655148316453,
37,13505,72.8,-8486065.783254517,-12314789.068005394,0.523535712019232,228504.17262268066,1509016.3654785156,2285041.7275390625,165560.0,1339295.6174697876,3187152.069168091,8486065.779655457,0.9226941740826556,0.0034697507856579156,0.029808981368612302,0.22527276057946055,0.3153938055038452,,0.019352,-12371525.488893464,3354713.0,0.009236655148316453,
38,13870,73.2,-10315139.824456058,-12108717.816646803,0.41285355409867763,249999.32376098633,1638882.4084472656,2499993.2286376953,153375.0,1741658.4471740723,4281230.716426849,10315139.800685883,0.9226941740826556,0.0034697507856579156,0.029808981368612302,0.22527276057946055,0.3153938055038452,,0.019352,-12371525.488893464,3354713.0,0.009236655148316453,
39,14235,73.7,-9485492.979596324,-11817216.789585058,0.470397065835674,223879.57796221972,1600769.5579833984,2238795.775273323,161765.0,1710977.2080688477,3773185.4258117676,9485492.967137337,0.9226941740826556,0.0034697507856579156,0.029808981368612302,0.22527276057946055,0.3153938055038452,,0.019352,-12371525.488893464,3354713.0,0.009236655148316453,
40,14600,79.1,-9145275.711816665,-11702700.383234631,0.40477894261985436,207183.95043182373,1694247.0639648438,2071839.5072021484,147390.0,1739068.8163146973,3492730.3262634277,9145275.713745117,0.96928198086588,0.004732927628346691,0.040671097586470605,0.26284069705166313,0.3729274868965149,,0.019298000000000003,-12371525.488893464,3354713.0,0.009236655148316453,
41,14965,79.7,-8969567.442432027,-11465900.86489312,0.4974436438736075,212594.4051067233,1592897.0141601562,2125944.0530662537,165400.0,1756039.6674194336,3329286.7115478516,8969567.446193695,0.96928198086588,0.004732927628346691,0.040671097586470605,0.26284069705166313,0.3729274868965149,,0.019298000000000003,-12371525.488893464,3354713.0,0.009236655148316453,
42,15330,80.3,-8975287.520025184,-11199571.303550404,0.5004748581148122,210408.48168945312,1590676.8054199219,2104084.808959961,166930.0,1778596.8132476807,3334999.0944213867,8975287.52204895,0.96928198086588,0.004732927628346691,0.040671097586470605,0.26284069705166313,0.3729274868965149,,0.019298000000000003,-12371525.488893464,3354713.0,0.009236655148316453,
43,15695,85.2,-8158304.712120226,-10937646.12763077,0.49083339408000726,177891.61044311523,1649790.1774902344,1778916.1049804688,157650.0,1719062.7527313232,2852885.674228668,8158304.709430695,0.9369794012684571,0.0042178488849554255,0.039144147873709075,0.1847802867230616,0.49573224782943726,,0.019244000000000004,-12371525.488893464,3354713.0,0.009236655148316453,
44,16060,85.8,-6069147.445773842,-10528122.033228416,0.6891055097782233,146269.32886505127,1418874.4807128906,1462693.2797851562,188870.0,1547129.1649169922,1451580.5177993774,6069147.4432144165,0.9369794012684571,0.0042178488849554255,0.039144147873709075,0.1847802867230616,0.49573224782943726,,0.019244000000000004,-12371525.488893464,3354713.0,0.009236655148316453,
45,16425,90.5,-8044012.497036281,-10204943.993628677,0.5804409154179307,179734.49668502808,1551343.6359863281,1797344.9624023438,167480.0,1890943.2863464355,2636900.611328125,8044012.496063232,0.9228109662470064,0.003768381923308832,0.037755598069021575,0.10295947023520344,0.6017277240753174,,0.019208000000000003,-12371525.488893464,3354713.0,0.009236655148316453,
46,16790,91.1,-7117431.838389914,-9859809.43384555,0.6493916099248336,147618.75412368774,1513339.0061035156,1476187.5446777344,181595.0,1949685.0374145508,1996625.2475280762,7117431.835723877,0.9228109662470064,0.003768381923308832,0.037755598069021575,0.10295947023520344,0.6017277240753174,,0.019208000000000003,-12371525.488893464,3354713.0,0.009236655148316453,
47,17155,91.6,-6796764.93691103,-9548757.253752017,0.6688111977540023,140486.31564712524,1499642.0600585938,1404863.1596374512,175360.0,1957539.7680358887,1759359.9472579956,6796764.934989929,0.9228109662470064,0.003768381923308832,0.037755598069021575,0.10295947023520344,0.6017277240753174,,0.019208000000000003,-12371525.488893464,3354713.0,0.009236655148316453,
48,17520,96.4,-7683004.037400131,-9339847.926226884,0.5406075515559019,154508.84036254883,1653254.0124511719,1545088.4146728516,163330.0,1903023.0987167358,2418308.5148468018,7683004.040687561,0.9178553309879804,0.0038538944166870543,0.03821791264865743,0.09585257286303922,0.6839343309402466,,0.019154000000000004,-12371525.488893464,3354713.0,0.009236655148316453,
49,17885,97.1,-5421171.700525541,-9070619.445324201,0.7634701312994222,111056.6866016388,1394783.8935546875,1110566.8647766113,198200.0,1880462.010005951,837158.9310760498,5421171.6994133,0.9178553309879804,0.0038538944166870543,0.03821791264865743,0.09585257286303922,0.6839343309402466,,0.019154000000000004,-12371525.488893464,3354713.0,0.009236655148316453,
50,18250,99.1,-7634911.493339313,-8829628.555798825,0.4539737383877551,149985.22367095947,1719230.6892089844,1499852.2442016602,163215.0,1724453.5866088867,2528159.977054596,7634911.497074127,0.9178553309879804,0.0038538944166870543,0.03821791264865743,0.09585257286303922,0.6839343309402466,,0.019154000000000004,-3418495.8223633748,2208091.9599246085,0.7491513617391873,False
51,18615,104.0,-7380127.739445591,-8551739.69728351,0.5131583046938852,139981.5926513672,1688015.5700683594,1399815.9315185547,161815.0,1834578.3806304932,2295902.851348877,7380127.733566284,0.8970103930485877,0.0026530262514011397,0.021753143862281974,0.10375340459378142,0.7376655340194702,,0.0191,-3418495.8223633748,2208091.9599246085,0.7491513617391873,
52,18980,104.6,-5327158.217345804,-8302201.320103429,0.7887689925732623,98596.29733657837,1392444.1176757812,985962.9733581543,198460.0,2064651.9544830322,685639.1714172363,5327158.216934204,0.8970103930485877,0.0026530262514011397,0.021753143862281974,0.10375340459378142,0.7376655340194702,,0.0191,-3418495.8223633748,2208091.9599246085,0.7491513617391873,
53,19345,105.1,-6895971.672915945,-8041202.646808131,0.5960880695553554,126653.04838180542,1643071.1857910156,1266530.4847106934,159265.0,1929679.7031316757,1897425.2988929749,6895971.67252636,0.8970103930485877,0.0026530262514011397,0.021753143862281974,0.10375340459378142,0.7376655340194702,,0.0191,-3418495.8223633748,2208091.9599246085,0.7491513617391873,
54,19710,109.8,-5841176.083386079,-7821368.618479783,0.7759254078723883,95911.09581756592,1453885.7092285156,959110.9556884766,173765.0,2327465.117248535,926949.2884979248,5841176.070663452,0.8515855975841221,0.002718530881266863,0.027187414320283813,0.06868948620793067,0.7617689371109009,,0.019046,-3418495.8223633748,2208091.9599246085,0.7491513617391873,
55,20075,110.3,-5869276.082725992,-7652138.6715886425,0.7855423887709422,90609.84194755554,1454124.8527832031,906098.4168701172,191190.0,2442126.2483444214,875736.572593689,5869276.090591431,0.8515855975841221,0.002718530881266863,0.027187414320283813,0.06868948620793067,0.7617689371109009,,0.019046,-3418495.8223633748,2208091.9599246085,0.7491513617391873,
56,20440,110.9,-5447624.007358593,-7453145.586312753,0.8035044612177463,84205.80519866943,1425909.5180664062,842058.0540161133,191775.0,2221661.5302181244,766219.9018440247,5447624.004144669,0.8515855975841221,0.002718530881266863,0.027187414320283813,0.06868948620793067,0.7617689371109009,,0.019046,-3418495.8223633748,2208091.9599246085,0.7491513617391873,
57,20805,116.0,-6678703.28832123,-7362777.461566088,0.5993406791576057,113092.9045162201,1662408.1606445312,1130929.0383300781,168380.0,1962555.0375823975,1754431.0545196533,6678703.29107666,0.9285903776946821,0.0035660458263105524,0.02637655693596523,0.05660762574131552,0.7280060052871704,,0.018992000000000002,-3418495.8223633748,2208091.9599246085,0.7491513617391873,
58,21170,116.6,-6458727.550312251,-7169956.847858898,0.5891986739172366,108189.04803848267,1681015.1916503906,1081890.4820404053,167535.0,1888389.723449707,1639897.1502494812,6458727.547389984,0.9285903776946821,0.0035660458263105524,0.02637655693596523,0.05660762574131552,0.7280060052871704,,0.018992000000000002,-3418495.8223633748,2208091.9599246085,0.7491513617391873,
59,21535,121.7,-5337523.673926406,-6962558.382575402,0.8211055360494928,76788.65970611572,1431395.5998535156,767886.5946655273,192245.0,2334392.036857605,611604.444152832,5337523.67552948,0.8342424835029402,0.0024806814971222928,0.01835552013577207,0.0854528846317216,0.8220210671424866,,0.018956,-3418495.8223633748,2208091.9599246085,0.7491513617391873,
60,21900,122.3,-5822165.982523253,-6796402.896110731,0.7545368800820947,86741.75731658936,1544988.7619628906,867417.5699768066,157800.0,2300889.8588256836,951069.7753295898,5822165.966094971,0.8342424835029402,0.0024806814971222928,0.01835552013577207,0.0854528846317216,0.8220210671424866,,0.018956,-3418495.8223633748,2208091.9599246085,0.7491513617391873,
61,22265,123.0,-5853732.397876315,-6640611.143882945,0.7523241805995105,85966.04783153534,1553093.4228515625,859660.4777832031,158060.0,2306019.769897461,976898.7171478271,5853732.387680054,0.8342424835029402,0.0024806814971222928,0.01835552013577207,0.0854528846317216,0.8220210671424866,,0.018956,-3418495.8223633748,2208091.9599246085,0.7491513617391873,
62,22630,128.1,-5322268.019939303,-6457960.168878652,0.8407031732348098,68213.29067325592,1425758.2492675781,682132.9049987793,189545.0,2566828.323486328,458003.536819458,5322268.014572144,0.7898233862299668,0.0022139337139665976,0.02041304737672602,0.05173720144911816,0.7965510487556458,,0.018902000000000002,-3418495.8223633748,2208091.9599246085,0.7491513617391873,
63,22995,128.8,-5259331.642287405,-6313011.515387011,0.8488597685305967,66748.21156406403,1403925.595703125,667482.1194076538,191260.0,2609222.7192382812,387441.19847106934,5259331.632820129,0.7898233862299668,0.0022139337139665976,0.02041304737672602,0.05173720144911816,0.7965510487556458,,0.018902000000000002,-3418495.8223633748,2208091.9599246085,0.7491513617391873,
64,23360,129.4,-5990433.195153106,-6309075.802855974,0.6979136311506982,89194.32335281372,1618839.3857421875,891943.2252655029,163030.0,2156960.894104004,1159659.6924057007,5990433.197517395,0.7898233862299668,0.0022139337139665976,0.02041304737672602,0.05173720144911816,0.7965510487556458,,0.018902000000000002,-3418495.8223633748,2208091.9599246085,0.7491513617391873,
65,23725,134.7,-5440307.604414747,-6178890.558224897,0.8308995700047259,79066.45715332031,1383871.2319335938,790664.5674285889,192265.0,2645593.6487789154,427913.16453552246,5440307.6126766205,0.8402151575213984,0.0022099734762952338,0.015435202077864424,0.06653742070652936,0.8085846900939941,,0.018848000000000004,-3418495.8223633748,2208091.9599246085,0.7491513617391873,
66,24090,135.3,-5357177.367084225,-6090877.834659613,0.8555636666750079,61146.97727680206,1430625.5673828125,611469.773651123,179665.0,2734228.61529541,401188.4137458801,5357177.370075226,0.8402151575213984,0.0022099734762952338,0.015435202077864424,0.06653742070652936,0.8085846900939941,,0.018848000000000004,-3418495.8223633748,2208091.9599246085,0.7491513617391873,
67,24455,135.9,-5332665.617799731,-6017672.868704047,0.8628568956452864,57745.20123338699,1429907.1217041016,577452.0148162842,178930.0,2766756.1294555664,379620.350107193,5332665.616083145,0.8402151575213984,0.0022099734762952338,0.015435202077864424,0.06653742070652936,0.8085846900939941,,0.018848000000000004,-3418495.8223633748,2208091.9599246085,0.7491513617391873,
68,24820,140.7,-5505751.889037473,-5908810.261285915,0.8491744132276098,72344.24682331085,1369141.1062011719,723442.4695053101,192100.0,2816025.0022239685,405043.30375671387,5505751.881687164,0.8530815408418053,0.0020955712199888935,0.01496967515221944,0.047186684843740966,0.7506707310676575,,0.018794000000000005,-3418495.8223633748,2208091.9599246085,0.7491513617391873,
69,25185,141.3,-5835955.609392665,-5929549.456729272,0.684343698960206,82883.76890182495,1656483.6381835938,828837.6958007812,160160.0,2118824.0583229065,1071650.2262115479,5835955.618518829,0.8530815408418053,0.0020955712199888935,0.01496967515221944,0.047186684843740966,0.7506707310676575,,0.018794000000000005,-3418495.8223633748,2208091.9599246085,0.7491513617391873,
70,25550,141.9,-5133227.684090647,-5804465.266266838,0.8664108638028643,56710.72574186325,1418089.5554199219,567107.2616691589,162770.0,2700568.523956299,284692.33641815186,5133227.6774635315,0.8530815408418053,0.0020955712199888935,0.01496967515221944,0.047186684843740966,0.7506707310676575,,0.018794000000000005,-3418495.8223633748,2208091.9599246085,0.7491513617391873,
71,25915,146.8,-5462255.411662989,-5708571.6498777075,0.8498210308456796,71959.60468101501,1363806.1242675781,719596.0443611145,192130.0,2796480.6541137695,390242.60316467285,5462255.425907135,0.8007474620091287,0.0016324452435583225,0.009447867412267155,0.06438513913829076,0.8407684564590454,,0.01874,-3418495.8223633748,2208091.9599246085,0.7491513617391873,
72,26280,147.4,-5173475.794370947,-5700887.528728965,0.8756670593252651,53144.37483024597,1417466.6622314453,531443.7475814819,180485.0,2762701.7049179077,281378.6687927246,5173475.78352356,0.8007474620091287,0.0016324452435583225,0.009447867412267155,0.06438513913829076,0.8407684564590454,,0.01874,-3418495.8223633748,2208091.9599246085,0.7491513617391873,
73,26645,152.2,-5237204.928980318,-5617949.191532184,0.8653718593313481,58426.728256225586,1405338.8542480469,584267.2792167664,155905.0,2742174.3001708984,349519.48372650146,5237204.917362213,0.8005847428974352,0.0018509615855643795,0.010642871517982138,0.0511973640440326,0.770079493522644,,0.018704000000000005,-3418495.8223633748,2208091.9599246085,0.7491513617391873,
74,27010,152.8,-5084163.021965443,-5580098.538461152,0.8712132662806473,55038.427309036255,1407606.9779052734,550384.2741031647,157360.0,2671703.0691833496,297108.7064552307,5084163.027647018,0.8005847428974352,0.0018509615855643795,0.010642871517982138,0.0511973640440326,0.770079493522644,,0.018704000000000005,-3418495.8223633748,2208091.9599246085,0.7491513617391873,
75,27375,154.6,-5205335.975394593,-5546901.533094582,0.8472650901235274,71611.59531450272,1377808.9172363281,716115.9486351013,189955.0,2558525.311477661,362930.7820739746,5205335.959423065,0.8005847428974352,0.0018509615855643795,0.010642871517982138,0.0511973640440326,0.770079493522644,,0.018704000000000005,-3053341.707800458,2852157.470207691,0.8936856032080949,True
76,27740,159.4,-5048079.783548801,-5526924.321904092,0.8790900971042203,51031.59634590149,1416149.7185058594,510315.9635848999,172385.0,2691755.656829834,257473.4436340332,5048079.782554626,0.7715350271839845,0.001866784004577264,0.010445578060554047,0.045035704088054206,0.7891222238540649,,0.01865,-3053341.707800458,2852157.470207691,0.8936856032080949,
77,28105,160.0,-4927354.379569223,-5439356.876466492,0.8804699627250123,50537.29975986481,1411594.9594726562,505372.9958457947,172170.0,2595837.15032959,242379.26852416992,4927354.374172211,0.7715350271839845,0.001866784004577264,0.010445578060554047,0.045035704088054206,0.7891222238540649,,0.01865,-3053341.707800458,2852157.470207691,0.8936856032080949,
78,28470,160.6,-4972797.317675349,-5365060.364834647,0.8640310929266548,54726.26137685776,1443786.7775878906,547262.6187438965,146990.0,2513099.542678833,321658.36153411865,4972797.300544739,0.7715350271839845,0.001866784004577264,0.010445578060554047,0.045035704088054206,0.7891222238540649,,0.01865,-3053341.707800458,2852157.470207691,0.8936856032080949,
79,28835,165.6,-5456205.200275349,-5370994.441152094,0.719071132523233,73765.17830657959,1646821.3166503906,737651.782119751,157530.0,2023264.583618164,890937.5036468506,5456205.186035156,0.7381097141065096,0.0015610751571856734,0.010545161738647087,0.061986536424803104,0.8290149569511414,,0.018596,-3053341.707800458,2852157.470207691,0.8936856032080949,
80,29200,166.2,-5177210.713436381,-5338746.67769775,0.8545951893557203,68623.80038356781,1362861.8686523438,686238.0031433105,180800.0,2647306.649734497,300004.20558166504,5177210.727111816,0.7381097141065096,0.0015610751571856734,0.010545161738647087,0.061986536424803104,0.8290149569511414,,0.018596,-3053341.707800458,2852157.470207691,0.8936856032080949,
81,29565,166.8,-5090663.367128582,-5300593.226160364,0.8270741506945394,59426.65981721878,1524813.3676757812,594266.602722168,148535.0,2368844.471801758,454203.9231414795,5090663.3653411865,0.7381097141065096,0.0015610751571856734,0.010545161738647087,0.061986536424803104,0.8290149569511414,,0.018596,-3053341.707800458,2852157.470207691,0.8936856032080949,
82,29930,171.8,-5308703.154497169,-5299914.982888257,0.7739757137078239,66022.37209880352,1600865.5935058594,660223.7216405869,154060.0,2219860.2760009766,673693.5768966675,5308703.16804409,0.7174502117069144,0.0018122728427586385,0.009930259299979202,0.05956409597083142,0.8341351747512817,,0.018542000000000003,-3053341.707800458,2852157.470207691,0.8936856032080949,
83,30295,172.4,-5110562.459391105,-5292476.523743441,0.8810408331805,50440.709037303925,1413429.3859863281,504407.09089946747,158825.0,2785688.420654297,248212.55655670166,5110562.454096794,0.7174502117069144,0.0018122728427586385,0.009930259299979202,0.05956409597083142,0.8341351747512817,,0.018542000000000003,-3053341.707800458,2852157.470207691,0.8936856032080949,
84,30660,173.0,-5000896.496532934,-5242999.688812433,0.8259693978624125,56330.747391700745,1548448.9196777344,563307.469795227,146610.0,2272270.5994873047,470259.5074253082,5000896.496385574,0.7174502117069144,0.0018122728427586385,0.009930259299979202,0.05956409597083142,0.8341351747512817,,0.018542000000000003,-3053341.707800458,2852157.470207691,0.8936856032080949,
85,31025,177.9,-5213343.608937042,-5231651.489038548,0.8680854319369244,62554.94349205494,1367811.5363769531,625549.4330501556,182185.0,2759554.2700195312,278243.3532409668,5213343.592687607,0.6515734987823587,0.001193593292507438,0.006291707358813207,0.04165997630671451,0.8690679669380188,,0.018488000000000004,-3053341.707800458,2852157.470207691,0.8936856032080949,
86,31390,178.5,-4993310.983844871,-5213458.169876581,0.8905163734779428,46907.821848869324,1412093.4006347656,469078.21711730957,175560.0,2723952.166870117,212627.20640563965,4993310.991027832,0.6515734987823587,0.001193593292507438,0.006291707358813207,0.04165997630671451,0.8690679669380188,,0.018488000000000004,-3053341.707800458,2852157.470207691,0.8936856032080949,
87,31755,183.2,-4973173.814541168,-5195483.579713652,0.8852154021618465,48337.86027240753,1424563.9411621094,483378.6045227051,167705.0,2645813.4251098633,251712.8465576172,4973173.817352295,0.7573656659377249,0.0014191146201004525,0.005969131199986134,0.05644170381128788,0.8010286092758179,,0.018452000000000003,-3053341.707800458,2852157.470207691,0.8936856032080949,
88,32120,183.8,-4828622.629229586,-5161627.116723259,0.8893842860644263,47361.22407865524,1396702.4128417969,473612.24224567413,150395.0,2580516.6431884766,227396.3409423828,4828622.63921833,0.7573656659377249,0.0014191146201004525,0.005969131199986134,0.05644170381128788,0.8010286092758179,,0.018452000000000003,-3053341.707800458,2852157.470207691,0.8936856032080949,
89,32485,184.4,-4979277.126875293,-5118793.19259739,0.7840037989920619,59330.91647386551,1614872.6350097656,593309.1653633118,151170.0,2032447.142944336,587478.1897315979,4979277.133049011,0.7573656659377249,0.0014191146201004525,0.005969131199986134,0.05644170381128788,0.8010286092758179,,0.018452000000000003,-3053341.707800458,2852157.470207691,0.8936856032080949,
90,32850,189.5,-4962530.3400430605,-5110258.32539501,0.8691061220779112,62351.16785430908,1358769.4829101562,623511.6779632568,180030.0,2480272.847351074,319946.335395813,4962530.3436203,0.6867270312811199,0.0009915099862586143,0.004017344691275962,0.05695759843250638,0.8467665314674377,,0.018398000000000005,-3053341.707800458,2852157.470207691,0.8936856032080949,
91,33215,190.2,-4561701.288370317,-5065230.6192303775,0.8981648674825459,43325.655294418335,1396386.4421386719,433256.5527534485,153060.0,2390330.7111816406,188667.5760192871,4561701.282093048,0.6867270312811199,0.0009915099862586143,0.004017344691275962,0.05695759843250638,0.8467665314674377,,0.018398000000000005,-3053341.707800458,2852157.470207691,0.8936856032080949,
92,33580,191.0,-4610523.973610503,-5037083.028192354,0.9003476267613685,42654.40462207794,1396837.890625,426544.0482559204,168515.0,2453341.327972412,165285.71140289307,4610523.978256226,0.6867270312811199,0.0009915099862586143,0.004017344691275962,0.05695759843250638,0.8467665314674377,,0.018398000000000005,-3053341.707800458,2852157.470207691,0.8936856032080949,
93,33945,196.1,-4703249.11623033,-5010385.237554854,0.8877143884581349,47611.008149147034,1395425.2082519531,476110.0796775818,152230.0,2445296.5767822266,234187.25346374512,4703249.118175507,0.6888949737737053,0.0010390917173744559,0.005226804501082944,0.0430601070095834,0.8278062343597412,,0.018344,-3053341.707800458,2852157.470207691,0.8936856032080949,
94,34310,196.8,-4724898.087445989,-4992421.990828881,0.88697495996438,49249.75699520111,1380172.8720703125,492497.5714607239,144140.0,2457351.138320923,250736.50763320923,4724898.089485168,0.6888949737737053,0.0010390917173744559,0.005226804501082944,0.0430601070095834,0.8278062343597412,,0.018344,-3053341.707800458,2852157.470207691,0.8936856032080949,
95,34675,197.4,-4632111.159474988,-4963760.750032902,0.8955738483618878,44151.37691259384,1406460.1960449219,441513.7696495056,162245.0,2440630.192565918,181262.00350952148,4632111.161769867,0.6888949737737053,0.0010390917173744559,0.005226804501082944,0.0430601070095834,0.8278062343597412,,0.018344,-3053341.707800458,2852157.470207691,0.8936856032080949,
96,35040,202.6,-4490173.3374927705,-4935865.4277301,0.8993475887259961,42557.55057764053,1404420.9438476562,425575.499961853,153020.0,2343036.4113616943,164120.48246002197,4490173.337631226,0.6494828211633783,0.0012054011159833816,0.00792653937701528,0.0353592084230561,0.8495663404464722,,0.01829,-3053341.707800458,2852157.470207691,0.8936856032080949,
97,35405,203.1,-4416611.027605214,-4910328.260131899,0.8961284180328823,44932.76892733574,1382046.01953125,449327.6886405945,145265.0,2229573.2487335205,210399.07613945007,4416611.033044815,0.6494828211633783,0.0012054011159833816,0.00792653937701528,0.0353592084230561,0.8495663404464722,,0.01829,-3053341.707800458,2852157.470207691,0.8936856032080949,
98,35770,203.8,-4313587.894853153,-4877367.78899079,0.9033433253082208,41686.47728776932,1382384.21484375,416864.7749671936,145495.0,2195313.457748413,173530.4437713623,4313587.891330719,0.6494828211633783,0.0012054011159833816,0.00792653937701528,0.0353592084230561,0.8495663404464722,,0.01829,-3053341.707800458,2852157.470207691,0.8936856032080949,
99,36135,208.7,-4273840.548729517,-4818249.556413499,0.9009815660571008,42705.066264629364,1380425.6105957031,427050.6647338867,145010.0,2145100.8653564453,176253.42095184326,4273840.561637878,0.6058196323482614,0.0012601492379824201,0.006994147043626167,0.025685108953008528,0.8781450986862183,,0.018236000000000002,-3053341.707800458,2852157.470207691,0.8936856032080949,
100,36500,210.4,-4229375.716506562,-4770857.806567008,0.8404272110534056,46252.33244895935,1575763.4780273438,462523.3260192871,140145.0,1732306.9213562012,318636.9819946289,4229375.707397461,0.6058196323482614,0.0012601492379824201,0.006994147043626167,0.025685108953008528,0.8781450986862183,,0.018236000000000002,-3340043.9472863358,3164682.771549225,0.9016881357045805,True
101,36865,215.3,-4096656.769744286,-4721157.476697793,0.8877234064116446,41170.92865610123,1473711.9321289062,411709.28804016113,135305.0,1864463.4529075623,211467.08796691895,4096656.7610435486,0.5807467095161739,0.0008254132611622673,0.0050635086822455235,0.033074848721490094,0.8695984482765198,,0.0182,-3340043.9472863358,3164682.771549225,0.9016881357045805,
102,37230,215.9,-4194559.341197021,-4665450.286032786,0.8813277118606181,55370.94690608978,1351176.5625,553709.4703521729,167845.0,1902531.9080810547,219296.4076538086,4194559.348587036,0.5807467095161739,0.0008254132611622673,0.0050635086822455235,0.033074848721490094,0.8695984482765198,,0.0182,-3340043.9472863358,3164682.771549225,0.9016881357045805,
103,37595,216.6,-4280885.874617882,-4623966.456794123,0.8766534623154786,58798.43108844757,1343899.1789550781,587984.3147754669,171020.0,1912704.5911560059,265277.79712677,4280885.882013321,0.5807467095161739,0.0008254132611622673,0.0050635086822455235,0.033074848721490094,0.8695984482765198,,0.0182,-3340043.9472863358,3164682.771549225,0.9016881357045805,
104,37960,221.4,-4066801.6709884377,-4577261.7155169,0.8913810898196659,48883.831907749176,1365419.3848876953,488838.32039642334,166430.0,1869893.213897705,176220.75507736206,4066801.674259186,0.6649285907808103,0.0014077698044370902,0.006815057057936333,0.06163954063269653,0.7885017395019531,,0.018146000000000002,-3340043.9472863358,3164682.771549225,0.9016881357045805,
105,38325,222.0,-3832974.2807465377,-4508243.249107374,0.9035709722897471,39467.62960958481,1395405.8078613281,394676.2981481552,132730.0,1726314.6779632568,183847.50300598145,3832974.2869787216,0.6649285907808103,0.0014077698044370902,0.006815057057936333,0.06163954063269653,0.7885017395019531,,0.018146000000000002,-3340043.9472863358,3164682.771549225,0.9016881357045805,
106,38690,222.6,-4769763.807632598,-4497065.890296761,0.7743228581355708,58147.5210185051,1625036.109375,581475.212677002,152060.0,1671677.654434204,739514.8429260254,4769763.819412231,0.6649285907808103,0.0014077698044370902,0.006815057057936333,0.06163954063269653,0.7885017395019531,,0.018146000000000002,-3340043.9472863358,3164682.771549225,0.9016881357045805,
107,39055,227.5,-4188083.416233801,-4457811.370381393,0.8765534476848988,58561.43961310387,1338747.3060302734,585614.3965616226,167630.0,1845833.376504898,250258.3412322998,4188083.420329094,0.5975629946118907,0.0013938688318471816,0.007030018585378696,0.06305892089087713,0.8528331518173218,,0.018092000000000004,-3340043.9472863358,3164682.771549225,0.9016881357045805,
108,39420,228.1,-3702302.2490530508,-4401495.351372565,0.8814050305486896,40958.19583964348,1489827.5212402344,409581.95929145813,128210.0,1488084.931274414,186597.83391571045,3702302.245721817,0.5975629946118907,0.0013938688318471816,0.007030018585378696,0.06305892089087713,0.8528331518173218,,0.018092000000000004,-3340043.9472863358,3164682.771549225,0.9016881357045805,
109,39785,228.7,-3740504.741819861,-4339556.732119793,0.9147420042304534,36087.748675346375,1377275.1557617188,360877.48762512207,147290.0,1704413.362186432,150648.73764038086,3740504.7432136536,0.5975629946118907,0.0013938688318471816,0.007030018585378696,0.06305892089087713,0.8528331518173218,,0.018092000000000004,-3340043.9472863358,3164682.771549225,0.9016881357045805,
110,40150,233.7,-3672866.1582110994,-4275073.523028196,0.8987773536967469,39124.880917072296,1433435.869140625,391248.8062286377,132005.0,1547878.7700805664,168297.71879577637,3672866.1642456055,0.5721225589513779,0.0011968085917894648,0.005679214206266854,0.03260812109434291,0.8524067997932434,,0.018038000000000005,-3340043.9472863358,3164682.771549225,0.9016881357045805,
111,40515,234.3,-3723565.508310923,-4233166.734025226,0.9068776134158908,39818.76001381874,1366671.6784667969,398187.6003379822,141405.0,1660908.5795326233,156392.6495361328,3723565.507873535,0.5721225589513779,0.0011968085917894648,0.005679214206266854,0.03260812109434291,0.8524067997932434,,0.018038000000000005,-3340043.9472863358,3164682.771549225,0.9016881357045805,
112,40880,234.9,-3760400.760960241,-4190660.5733927125,0.908658434293035,39069.71058297157,1390632.3542480469,390697.10891342163,158555.0,1667967.2333374023,152549.07109832764,3760400.7675971985,0.5721225589513779,0.0011968085917894648,0.005679214206266854,0.03260812109434291,0.8524067997932434,,0.018038000000000005,-3340043.9472863358,3164682.771549225,0.9016881357045805,
113,41245,239.9,-3727443.05569181,-4141870.2703657867,0.9101685799540595,37825.13637590408,1389452.41015625,378251.35958099365,152580.0,1677707.0499420166,129452.24940490723,3727443.0690841675,0.587852606647893,0.0011269460989129392,0.004959909537176013,0.03873627534822414,0.8228738307952881,,0.017984,-3340043.9472863358,3164682.771549225,0.9016881357045805,
114,41610,240.5,-3616665.151347027,-4086458.6235608384,0.9083780242005378,39239.58492946625,1362810.3009033203,392395.8517074585,140335.0,1571254.1733074188,149869.81896209717,3616665.144880295,0.587852606647893,0.0011269460989129392,0.004959909537176013,0.03873627534822414,0.8228738307952881,,0.017984,-3340043.9472863358,3164682.771549225,0.9016881357045805,
115,41975,241.1,-3818237.1725114184,-4045764.9242126597,0.883576749710936,54724.28310537338,1336761.4973144531,547242.8308029175,163990.0,1561920.8536834717,208321.98780059814,3818237.1696014404,0.587852606647893,0.0011269460989129392,0.004959909537176013,0.03873627534822414,0.8228738307952881,,0.017984,-3340043.9472863358,3164682.771549225,0.9016881357045805,
116,42340,246.0,-3482892.4124094527,-3995400.8779584942,0.9127484220303232,36963.78200054169,1365404.9528808594,369637.8204574585,141605.0,1446757.2319335938,159487.40264987946,3482892.407921791,0.5921205854729602,0.0012414694941215107,0.007216336438432336,0.03851468679740241,0.815959095954895,,0.01793,-3340043.9472863358,3164682.771549225,0.9016881357045805,
117,42705,246.6,-4114335.314858145,-3980287.092321141,0.807220177681959,52953.72549343109,1585657.06640625,529537.2573776245,139345.0,1397261.1075134277,462534.8853187561,4114335.3166160583,0.5921205854729602,0.0012414694941215107,0.007216336438432336,0.03851468679740241,0.815959095954895,,0.01793,-3340043.9472863358,3164682.771549225,0.9016881357045805,
118,43070,251.4,-3432542.3268389595,-3936234.813920431,0.9153279354489952,35939.904519319534,1363086.9699707031,359399.0434703827,143310.0,1437653.4165387154,129092.89527893066,3432542.325258732,0.5451786094590237,0.0008467979076541317,0.006067376369365344,0.042435973784641215,0.8506671190261841,,0.017894,-3340043.9472863358,3164682.771549225,0.9016881357045805,
119,43435,251.9,-3444336.6786013283,-3894759.6204140214,0.8829226389104736,41948.46724629402,1460803.2546386719,419484.67459487915,127590.0,1236949.3857879639,199509.36415863037,3444336.6791801453,0.5451786094590237,0.0008467979076541317,0.006067376369365344,0.042435973784641215,0.8506671190261841,,0.017894,-3340043.9472863358,3164682.771549225,0.9016881357045805,
120,43800,252.6,-3460243.1790791415,-3856302.993542651,0.8791403211234691,40587.2182199955,1487898.2814941406,405872.1817340851,130055.0,1240966.4614486694,195451.2637939453,3460243.1884708405,0.5451786094590237,0.0008467979076541317,0.006067376369365344,0.042435973784641215,0.8506671190261841,,0.017894,-3340043.9472863358,3164682.771549225,0.9016881357045805,
121,44165,258.1,-3308400.62247603,-3816890.1861792384,0.8875028813784389,38750.75748038292,1471954.9509277344,387507.57751464844,126755.0,1152263.384552002,169919.69889068604,3308400.611885071,0.4936323510973077,0.0007512929376772311,0.0038749293277138158,0.030600074188489663,0.8555445075035095,,0.01784,-3340043.9472863358,3164682.771549225,0.9016881357045805,
122,44530,258.8,-3275332.0334161925,-3770928.820790197,0.9163197597094749,35263.941101551056,1374916.7351074219,352639.4096984863,149745.0,1273457.525390625,124573.35243988037,3275332.0226364136,0.4936323510973077,0.0007512929376772311,0.0038749293277138158,0.030600074188489663,0.8555445075035095,,0.01784,-3340043.9472863358,3164682.771549225,0.9016881357045805,
123,44895,259.4,-3473093.2074954,-3730539.1874340726,0.8699316610447088,42357.40492248535,1500043.1782226562,423574.0498313904,129255.0,1164897.8503723145,255323.12814712524,3473093.2065734863,0.4936323510973077,0.0007512929376772311,0.0038749293277138158,0.030600074188489663,0.8555445075035095,,0.01784,-3340043.9472863358,3164682.771549225,0.9016881357045805,
124,45260,265.2,-3124596.4573836247,-3683428.9267538316,0.9207663435478559,34039.491914749146,1346110.5366210938,340394.9189605713,137095.0,1192244.021762848,108751.97220420837,3124596.4495487213,0.5310859805659244,0.0010442843259672947,0.007096675399225205,0.036753238717976366,0.8322820067405701,,0.017786000000000003,-3340043.9472863358,3164682.771549225,0.9016881357045805,
125,45625,266.9,-3521846.410683889,-3667872.5332506993,0.8823048368321751,56442.12783908844,1311792.1235351562,564421.2766647339,163585.0,1226839.2783699036,255208.73654174805,3521846.4151115417,0.5310859805659244,0.0010442843259672947,0.007096675399225205,0.036753238717976366,0.8322820067405701,,0.017786000000000003,-3329500.2017434854,3156636.1179447174,0.9008597533083693,True
126,45990,267.5,-3328091.499113455,-3595788.9178247424,0.9068046601859647,40189.46514606476,1356498.6164550781,401894.652053833,156955.0,1254622.8660888672,158120.35723876953,3328091.491836548,0.5310859805659244,0.0010442843259672947,0.007096675399225205,0.036753238717976366,0.8322820067405701,,0.017786000000000003,-3329500.2017434854,3156636.1179447174,0.9008597533083693,
127,46355,272.3,-3761222.6194755216,-3574445.877986829,0.8299135527251738,46887.90100669861,1574950.3449707031,468879.0081291199,140215.0,1222667.021774292,354511.25270080566,3761222.6275749207,0.603713521831914,0.0009695050344625519,0.005400540535973912,0.056580320637869205,0.7871421575546265,,0.017732000000000005,-3329500.2017434854,3156636.1179447174,0.9008597533083693,
128,46720,272.9,-3239606.095087409,-3551311.0702885473,0.9170962427421991,34985.30265903473,1367889.9621582031,349853.029006958,151050.0,1248547.8181915283,122265.29428863525,3239606.1036453247,0.603713521831914,0.0009695050344625519,0.005400540535973912,0.056580320637869205,0.7871421575546265,,0.017732000000000005,-3329500.2017434854,3156636.1179447174,0.9008597533083693,
129,47085,273.5,-3273268.392951125,-3527949.25284511,0.9107628749818849,38113.88999223709,1365681.9052734375,381138.89862060547,155965.0,1233698.3246498108,136784.26473236084,3273268.3932762146,0.603713521831914,0.0009695050344625519,0.005400540535973912,0.056580320637869205,0.7871421575546265,,0.017732000000000005,-3329500.2017434854,3156636.1179447174,0.9008597533083693,
130,47450,278.4,-3267658.9022209495,-3507688.890045602,0.914313071132761,36084.30811071396,1376569.1730957031,360843.0812149048,150110.0,1255063.6527557373,125073.00240325928,3267658.9094696045,0.555310897921261,0.0008162911833910345,0.004197237784913006,0.04414612716554027,0.8196907043457031,,0.017678,-3329500.2017434854,3156636.1179447174,0.9008597533083693,
131,47815,279.0,-3505348.8251002114,-3496778.0558850663,0.8810828437514766,55999.27804899216,1321067.5319824219,559992.779258728,162465.0,1231785.626625061,230037.8834991455,3505348.8213653564,0.555310897921261,0.0008162911833910345,0.004197237784913006,0.04414612716554027,0.8196907043457031,,0.017678,-3329500.2017434854,3156636.1179447174,0.9008597533083693,
132,48180,283.7,-3138933.989903507,-3465704.71733223,0.9183725431650825,35242.736115932465,1354591.4833984375,352427.3626937866,157260.0,1152847.6678962708,121807.47396850586,3138933.9879570007,0.5795496655137915,0.0010044735507969897,0.006052920692845395,0.05093162310750861,0.7717227935791016,,0.017642000000000005,-3329500.2017434854,3156636.1179447174,0.9008597533083693,
133,48545,284.3,-3091530.407001279,-3433909.084897703,0.9167152423431616,35882.90469741821,1354160.2641601562,358829.04514312744,156665.0,1108283.5636940002,113592.53364562988,3091530.406642914,0.5795496655137915,0.0010044735507969897,0.006052920692845395,0.05093162310750861,0.7717227935791016,,0.017642000000000005,-3329500.2017434854,3156636.1179447174,0.9008597533083693,
134,48910,284.9,-3140084.7086941963,-3410080.062765062,0.9172929701884849,34830.74229264259,1363696.9916992188,348307.42054748535,149190.0,1160393.0115776062,118497.27600097656,3140084.699825287,0.5795496655137915,0.0010044735507969897,0.006052920692845395,0.05093162310750861,0.7717227935791016,,0.017642000000000005,-3329500.2017434854,3156636.1179447174,0.9008597533083693,
135,49275,289.6,-3095790.60218091,-3373957.7342485366,0.9154741372507567,36410.44516372681,1350785.64453125,364104.4521865845,158690.0,1097976.9808616638,124233.528465271,3095790.6060447693,0.568638414144516,0.0009022635068552182,0.004711218051134462,0.04659672066765396,0.7709513306617737,,0.017588,-3329500.2017434854,3156636.1179447174,0.9008597533083693,
136,49640,290.1,-4202547.368282484,-3409940.4820421883,0.7844705422925347,55536.337485313416,1601586.4853515625,555363.3733978271,146770.0,1325398.1405258179,573429.3817749023,4202547.38105011,0.568638414144516,0.0009022635068552182,0.004711218051134462,0.04659672066765396,0.7709513306617737,,0.017588,-3329500.2017434854,3156636.1179447174,0.9008597533083693,
137,50005,290.6,-3078532.9889677195,-3358150.365747667,0.918347794683189,35317.84488773346,1347940.6186523438,353178.4489879608,157210.0,1098837.1554603577,121366.76243591309,3078532.9855365753,0.568638414144516,0.0009022635068552182,0.004711218051134462,0.04659672066765396,0.7709513306617737,,0.017588,-3329500.2017434854,3156636.1179447174,0.9008597533083693,
138,50370,295.0,-3061285.7621459817,-3339587.5375130177,0.913721440581443,37245.15992259979,1346353.0202636719,372451.5986099243,155390.0,1067621.0824623108,119470.06076431274,3061285.7621002197,0.5513977118228611,0.0008165748146750143,0.0048089278348733815,0.06818993526854013,0.8315843343734741,,0.017534,-3329500.2017434854,3156636.1179447174,0.9008597533083693,
139,50735,295.6,-3052718.8304782524,-3320006.645106864,0.9169383053989622,35482.71000814438,1361050.447265625,354827.1011581421,152795.0,1064904.5887298584,119141.69868469238,3052718.835838318,0.5513977118228611,0.0008165748146750143,0.0048089278348733815,0.06818993526854013,0.8315843343734741,,0.017534,-3329500.2017434854,3156636.1179447174,0.9008597533083693,
140,51100,296.1,-3098017.832730639,-3301895.3777894387,0.9141051721354773,36976.0913939476,1345638.201171875,369760.91257476807,156040.0,1096418.5392951965,130160.18131256104,3098017.8343544006,0.5513977118228611,0.0008165748146750143,0.0048089278348733815,0.06818993526854013,0.8315843343734741,,0.017534,-3329500.2017434854,3156636.1179447174,0.9008597533083693,
141,51465,300.5,-3216532.371925194,-3297301.9652618966,0.8837894757260214,41273.21359062195,1452153.4880371094,412732.13903808594,128880.0,1034650.2945327759,188116.4553375244,3216532.3769454956,0.5712453926864424,0.001079981793353861,0.006087721441872418,0.06147983753563542,0.7690723538398743,,0.017480000000000002,-3329500.2017434854,3156636.1179447174,0.9008597533083693,
142,51830,301.0,-3129378.6378471963,-3290004.2954834467,0.9110589334592394,37698.73834609985,1368967.0744628906,376987.3828048706,150885.0,1092014.135831356,140525.04832077026,3129378.6414198875,0.5712453926864424,0.001079981793353861,0.006087721441872418,0.06147983753563542,0.7690723538398743,,0.017480000000000002,-3329500.2017434854,3156636.1179447174,0.9008597533083693,
143,52195,301.5,-3216491.581012851,-3277174.21415932,0.8816961824832774,40802.7500538826,1473022.0112304688,408027.500453949,128865.0,1003651.7131652832,202925.35832977295,3216491.583179474,0.5712453926864424,0.001079981793353861,0.006087721441872418,0.06147983753563542,0.7690723538398743,,0.017480000000000002,-3329500.2017434854,3156636.1179447174,0.9008597533083693,
144,52560,305.9,-3044398.055997937,-3273164.2940900354,0.9134391690247136,37307.54502868652,1346525.0490722656,373075.44874954224,154115.0,1041720.4708862305,128962.08976745605,3044398.0584754944,0.4985876377475889,0.0009088491418591921,0.006118506726220642,0.03908538970312005,0.7908754348754883,,0.017426000000000004,-3329500.2017434854,3156636.1179447174,0.9008597533083693,
145,52925,306.4,-2970179.0985886697,-3245580.9284852743,0.9155190153529416,36064.42545992136,1325139.4239501953,360644.25482177734,136095.0,1007484.8990745544,140815.52195358276,2970179.09980011,0.4985876377475889,0.0009088491418591921,0.006118506726220642,0.03908538970312005,0.7908754348754883,,0.017426000000000004,-3329500.2017434854,3156636.1179447174,0.9008597533083693,
146,53290,310.8,-2973146.2682642494,-3227833.666942814,0.9150320427721291,35997.439791202545,1340880.7102050781,359974.39889240265,138965.0,1005672.6449203491,127653.51206207275,2973146.2660799026,0.5223632498007071,0.0009683584908806983,0.00466115851764028,0.03727220248823103,0.7873518466949463,,0.017390000000000003,-3329500.2017434854,3156636.1179447174,0.9008597533083693,
147,53655,311.3,-3203609.9054439245,-3199953.031241234,0.8755645075220186,40644.61377906799,1488172.3244628906,406446.13624572754,128450.0,952884.3235702515,227657.12882232666,3203609.9131011963,0.5223632498007071,0.0009683584908806983,0.00466115851764028,0.03727220248823103,0.7873518466949463,,0.017390000000000003,-3329500.2017434854,3156636.1179447174,0.9008597533083693,
148,54020,311.8,-2971813.456807277,-3186563.3993272274,0.899065291707468,38158.06366586685,1406566.8161621094,381580.6362438202,124570.0,895014.225517273,164081.77420043945,2971813.452123642,0.5223632498007071,0.0009683584908806983,0.00466115851764028,0.03727220248823103,0.7873518466949463,,0.017390000000000003,-3329500.2017434854,3156636.1179447174,0.9008597533083693,
149,54385,316.2,-3018195.6038224725,-3173809.7598707946,0.9120719758807587,37239.54055905342,1349246.5319824219,372395.4047279358,148270.0,1016049.4256668091,132234.23532104492,3018195.5976982117,0.4724189646934208,0.0007914853332821574,0.005118386786259515,0.02783344923763683,0.8124753832817078,,0.017336,-3329500.2017434854,3156636.1179447174,0.9008597533083693,
150,54750,317.7,-2955518.4079933516,-3158202.735159415,0.916932149901832,35905.745933532715,1337852.6228027344,359057.459564209,155610.0,972894.622954607,130103.70568847656,2955518.411010027,0.4724189646934208,0.0007914853332821574,0.005118386786259515,0.02783344923763683,0.8124753832817078,,0.017336,-3186299.4583403496,3026067.5222206116,0.9048540954204449,True
151,55115,318.3,-3240288.733736207,-3144949.7305912147,0.8758009759238297,40567.37563204765,1489608.9665527344,405673.7575531006,131300.0,1005913.0132141113,207792.99411773682,3240288.731437683,0.4724189646934208,0.0007914853332821574,0.005118386786259515,0.02783344923763683,0.8124753832817078,,0.017336,-3186299.4583403496,3026067.5222206116,0.9048540954204449,
152,55480,323.0,-3602452.6616753973,-3168125.6641798094,0.8328777360789239,44963.576618909836,1576293.2370605469,449635.76448631287,138235.0,1117533.6073760986,320755.04390335083,3602452.652826309,0.5162890882868516,0.0007867339054906839,0.005103395696527227,0.06077044672871891,0.8027851581573486,,0.017282000000000002,-3186299.4583403496,3026067.5222206116,0.9048540954204449,
153,55845,323.6,-2991840.344157793,-3163141.1610376355,0.9153443580009418,35906.18262004852,1339731.240234375,359061.8255825043,139930.0,1016449.2989578247,136667.97821235657,2991840.3429870605,0.5162890882868516,0.0007867339054906839,0.005103395696527227,0.06077044672871891,0.8027851581573486,,0.017282000000000002,-3186299.4583403496,3026067.5222206116,0.9048540954204449,
154,56210,324.1,-3279055.2362469677,-3170089.6874152734,0.8867232698847525,53361.38253211975,1315317.1682128906,533613.8251190186,163295.0,1035793.0037841797,231036.2358932495,3279055.2330093384,0.5162890882868516,0.0007867339054906839,0.005103395696527227,0.06077044672871891,0.8027851581573486,,0.017282000000000002,-3186299.4583403496,3026067.5222206116,0.9048540954204449,
155,56575,328.9,-3328336.2185261985,-3181716.9682325376,0.8820196393306007,55159.94792556763,1321723.3875732422,551599.4802913666,162795.0,1041800.2730026245,250418.09065246582,3328336.231519699,0.5021381127206903,0.000960379482995976,0.006108066492934564,0.043253403107978795,0.7669172286987305,,0.017228,-3186299.4583403496,3026067.5222206116,0.9048540954204449,
156,56940,329.5,-3631580.207424557,-3153168.610189642,0.8329315267890909,46858.86416077614,1556603.7243652344,468588.6419124603,136965.0,1134679.3827972412,334743.44747161865,3631580.1965465546,0.5021381127206903,0.000960379482995976,0.006108066492934564,0.043253403107978795,0.7669172286987305,,0.017228,-3186299.4583403496,3026067.5222206116,0.9048540954204449,
157,57305,330.1,-3049155.58557074,-3151699.740019792,0.913149113939577,37143.08418703079,1358414.0373535156,371430.84074020386,150170.0,1042757.5552978516,126383.14682769775,3049155.580219269,0.5021381127206903,0.000960379482995976,0.006108066492934564,0.043253403107978795,0.7669172286987305,,0.017228,-3186299.4583403496,3026067.5222206116,0.9048540954204449,
158,57670,334.5,-3067347.6568589155,-3152002.8347554393,0.9172946881989755,34965.82090198994,1363028.8813476562,349658.2105522156,149455.0,1089703.3839645386,115502.19107055664,3067347.666934967,0.5242903295316195,0.0009858410231620503,0.006068982573005518,0.05769216460420897,0.8024789690971375,,0.017174000000000002,-3186299.4583403496,3026067.5222206116,0.9048540954204449,
159,58035,335.0,-3103721.6032847366,-3154552.973395764,0.916974539607537,35547.350867033005,1359525.0766601562,355473.5086708069,153610.0,1113862.5008392334,121250.5135345459,3103721.5997047424,0.5242903295316195,0.0009858410231620503,0.006068982573005518,0.05769216460420897,0.8024789690971375,,0.017174000000000002,-3186299.4583403496,3026067.5222206116,0.9048540954204449,
160,58400,339.3,-3031711.1021170826,-3151237.636865086,0.9086384649711422,36963.23256504536,1375286.8278808594,369632.32793045044,130725.0,1019040.5452594757,137026.39526367188,3031711.0963344574,0.5036022012170992,0.0008623839378886164,0.005101521805811085,0.045358534608232345,0.7620604038238525,,0.017138,-3186299.4583403496,3026067.5222206116,0.9048540954204449,
161,58765,339.9,-3351022.730635072,-3157962.15480058,0.8877940486072526,53260.01350593567,1321994.9404296875,532600.130531311,163765.0,1072731.4486484528,259931.2096824646,3351022.729291916,0.5036022012170992,0.0008623839378886164,0.005101521805811085,0.045358534608232345,0.7620604038238525,,0.017138,-3186299.4583403496,3026067.5222206116,0.9048540954204449,
162,59130,340.4,-3037273.077351952,-3153356.8767758175,0.9211634416229509,33440.41831302643,1360846.7590332031,334404.1805419922,151630.0,1083466.341369629,106925.8003578186,3037273.081302643,0.5036022012170992,0.0008623839378886164,0.005101521805811085,0.045358534608232345,0.7620604038238525,,0.017138,-3186299.4583403496,3026067.5222206116,0.9048540954204449,
163,59495,344.9,-2881208.988458131,-3136592.7471480817,0.9170413464061413,36076.14672970772,1330241.5155029297,360761.46642303467,134595.0,952532.8525037766,103078.14678192139,2881208.9812116623,0.5100885825721841,0.0008178270716981435,0.004317969604591398,0.04948026309476087,0.7573118209838867,,0.017084000000000002,-3186299.4583403496,3026067.5222206116,0.9048540954204449,
164,59860,345.4,-3493500.116477916,-3159047.85017208,0.8500180416569786,44631.631163716316,1528159.857421875,446316.31308078766,135185.0,1084895.5782546997,298943.3645095825,3493500.113266945,0.5100885825721841,0.0008178270716981435,0.004317969604591398,0.04948026309476087,0.7573118209838867,,0.017084000000000002,-3186299.4583403496,3026067.5222206116,0.9048540954204449,
165,60225,345.9,-3044245.0464846045,-3162751.1475668773,0.9174242048278787,35557.46770429611,1354579.2907714844,355574.67492485046,153890.0,1065475.870010376,114725.21154785156,3044245.0472545624,0.5100885825721841,0.0008178270716981435,0.004317969604591398,0.04948026309476087,0.7573118209838867,,0.017084000000000002,-3186299.4583403496,3026067.5222206116,0.9048540954204449,
166,60590,350.8,-3801048.277406846,-3204146.2480240073,0.818695411923257,47606.23351883888,1590849.8447265625,476062.33278131485,139485.0,1202201.0698394775,392450.0159072876,3801048.2632546425,0.49082564091996145,0.0008487277236781665,0.0042534543761959,0.06838957573238172,0.8129845857620239,,0.017030000000000003,-3186299.4583403496,3026067.5222206116,0.9048540954204449,
167,60955,351.5,-3015516.4878896223,-3194741.5771462927,0.9211306988804026,33347.28129148483,1361568.7573242188,333472.81379938126,142130.0,1079454.4792404175,98890.44466018677,3015516.4950242043,0.49082564091996145,0.0008487277236781665,0.0042534543761959,0.06838957573238172,0.8129845857620239,,0.017030000000000003,-3186299.4583403496,3026067.5222206116,0.9048540954204449,
168,61320,352.1,-2992394.5630970667,-3195770.6324607814,0.9240067262371761,32031.240884304047,1363567.2280273438,320312.4090023041,144315.0,1061460.8724060059,102739.04732894897,2992394.5567646027,0.49082564091996145,0.0008487277236781665,0.0042534543761959,0.06838957573238172,0.8129845857620239,,0.017030000000000003,-3186299.4583403496,3026067.5222206116,0.9048540954204449,
169,61685,356.5,-2976492.071812928,-3193685.4558603046,0.9064104172992136,35940.83308625221,1408285.4545898438,359408.3354625702,127900.0,946195.4218139648,134702.84909057617,2976492.060956955,0.458885201105946,0.0007570055314365737,0.004135399536033602,0.028184195784361737,0.8030874729156494,,0.016976,-3186299.4583403496,3026067.5222206116,0.9048540954204449,
170,62050,357.1,-3196156.4268170306,-3205717.3568014884,0.8843546492277453,38693.3153334856,1478789.9431152344,386933.1515369415,132655.0,1022738.8970146179,175039.4299621582,3196156.421628952,0.458885201105946,0.0007570055314365737,0.004135399536033602,0.028184195784361737,0.8030874729156494,,0.016976,-3186299.4583403496,3026067.5222206116,0.9048540954204449,
171,62415,357.6,-2997817.172818365,-3193593.778755596,0.9235108705068262,32355.819645166397,1355203.2727050781,323558.19457292557,142245.0,1025100.0126609802,151710.69144058228,2997817.171379566,0.458885201105946,0.0007570055314365737,0.004135399536033602,0.028184195784361737,0.8030874729156494,,0.016976,-3186299.4583403496,3026067.5222206116,0.9048540954204449,
172,62780,362.1,-2951973.845238314,-3161069.8379337415,0.9214059244040064,33976.769038677216,1350820.1303710938,339767.6908798218,155740.0,990450.0363426208,115195.99006652832,2951973.8476600647,0.45264416423283127,0.0008151923684636131,0.005974752864284183,0.031093585893119637,0.8083497285842896,,0.016922,-3186299.4583403496,3026067.5222206116,0.9048540954204449,
173,63145,362.6,-3074204.2212958075,-3165188.0317906425,0.8856877927796216,36847.282563209534,1495266.1508789062,368472.8236646652,129240.0,917748.1683921814,163477.0704345703,3074204.213370323,0.45264416423283127,0.0008151923684636131,0.005974752864284183,0.031093585893119637,0.8083497285842896,,0.016922,-3186299.4583403496,3026067.5222206116,0.9048540954204449,
174,63510,367.0,-3490108.517932702,-3175740.6958749285,0.8533036972010144,42179.58794379234,1550593.6411132812,421795.8767375946,136685.0,1095571.676689148,285462.33894348145,3490108.5334835052,0.45872338861227036,0.0009605662745870129,0.005096167846778898,0.052896748051831595,0.8238067626953125,,0.016886,-3186299.4583403496,3026067.5222206116,0.9048540954204449,
175,63875,368.5,-2941484.279980415,-3156398.0989476396,0.9249949165402235,31721.89994764328,1357240.357421875,317219.001953125,142990.0,1009308.6153564453,114726.31225585938,2941484.2869873047,0.45872338861227036,0.0009605662745870129,0.005096167846778898,0.052896748051831595,0.8238067626953125,,0.016886,-3386738.3127714293,3237545.3467667103,0.9057605010600209,True
176,64240,369.1,-3010242.0971148126,-3125331.1934321523,0.9214050863367204,33855.387819767,1350332.8029785156,338553.87844467163,154820.0,1054316.676876068,112218.74116897583,3010242.099468231,0.45872338861227036,0.0009605662745870129,0.005096167846778898,0.052896748051831595,0.8238067626953125,,0.016886,-3386738.3127714293,3237545.3467667103,0.9057605010600209,
177,64605,373.5,-2875533.3729126174,-3116650.082799246,0.9178131877134708,34302.474217653275,1354652.5092773438,343024.74177742004,129975.0,926642.4232444763,121238.70703125,2875533.38133049,0.4655280395558006,0.0012043470853888337,0.006461160232950198,0.038530003083379644,0.7828120589256287,,0.016832000000000003,-3386738.3127714293,3237545.3467667103,0.9057605010600209,
178,64970,374.0,-2967025.3762846165,-3111633.9687705315,0.9034829742375177,43133.94139838219,1333238.2807617188,431339.4154701233,153730.0,921951.9139270782,126765.77217102051,2967025.382329941,0.4655280395558006,0.0012043470853888337,0.006461160232950198,0.038530003083379644,0.7828120589256287,,0.016832000000000003,-3386738.3127714293,3237545.3467667103,0.9057605010600209,
179,65335,374.5,-2919879.5276478603,-3102441.864988688,0.9056895976361341,34639.83354663849,1429250.5422363281,346398.33579826355,126840.0,881221.669998169,136168.99241638184,2919879.5404491425,0.4655280395558006,0.0012043470853888337,0.006461160232950198,0.038530003083379644,0.7828120589256287,,0.016832000000000003,-3386738.3127714293,3237545.3467667103,0.9057605010600209,
180,65700,378.9,-2811805.3661668682,-3091446.578191177,0.9256634740919291,31420.04241514206,1341317.9633789062,314200.4241876602,140955.0,928920.6816749573,86411.30347824097,2811805.3727197647,0.47027245987402766,0.0007774939412181419,0.0038486949113001557,0.0416335125796889,0.7789934277534485,,0.016778,-3386738.3127714293,3237545.3467667103,0.9057605010600209,
181,66065,379.4,-3098053.639018293,-3078798.123610338,0.8866635129312006,53607.70503759384,1298770.6530761719,536077.046710968,156510.0,877318.5753135681,229377.3614807129,3098053.636581421,0.47027245987402766,0.0007774939412181419,0.0038486949113001557,0.0416335125796889,0.7789934277534485,,0.016778,-3386738.3127714293,3237545.3467667103,0.9057605010600209,
182,66430,379.9,-2811080.7589391023,-3067488.507689696,0.9184612398848724,35166.362617492676,1316454.7170410156,351663.6258354187,134920.0,874477.6928994656,133564.72590255737,2811080.7616784573,0.47027245987402766,0.0007774939412181419,0.0038486949113001557,0.0416335125796889,0.7789934277534485,,0.016778,-3386738.3127714293,3237545.3467667103,0.9057605010600209,
183,66795,384.4,-2860374.080853662,-3066446.7623094725,0.9205860528427697,33645.06875026226,1345092.8491210938,336450.6894521713,139730.0,909250.7998657227,129849.74141311646,2860374.079852104,0.46071435197403554,0.0011767146450342568,0.006146079618606325,0.04058581272042111,0.7715070843696594,,0.016724000000000003,-3386738.3127714293,3237545.3467667103,0.9057605010600209,
184,67160,385.0,-2868340.690712601,-3035188.7910212064,0.9255122440141849,31392.417833685875,1352375.1545410156,313924.17846012115,144440.0,958708.2447223663,98893.12316131592,2868340.700884819,0.46071435197403554,0.0011767146450342568,0.006146079618606325,0.04058581272042111,0.7715070843696594,,0.016724000000000003,-3386738.3127714293,3237545.3467667103,0.9057605010600209,
185,67525,385.6,-2864760.666252467,-3026214.5720096,0.9263538982719342,31190.744296073914,1346989.2021484375,311907.44124794006,140275.0,942724.2584322691,122864.76317596436,2864760.665004611,0.46071435197403554,0.0011767146450342568,0.006146079618606325,0.04058581272042111,0.7715070843696594,,0.016724000000000003,-3386738.3127714293,3237545.3467667103,0.9057605010600209,
186,67890,390.4,-2802212.018525433,-2976272.759065529,0.928425361976082,30867.922565937042,1343964.6818847656,308679.22565460205,152810.0,901096.3957252502,95661.714138031,2802212.017402649,0.4625703268929532,0.0011128978194871084,0.007371065906370764,0.02666864715712635,0.7741740942001343,,0.01667,-3386738.3127714293,3237545.3467667103,0.9057605010600209,
187,68255,391.0,-3183377.9102761676,-2984665.8301848564,0.8739473745356496,37817.04816555977,1518367.4375,378170.48130226135,132980.0,933008.2874555588,220851.6997756958,3183377.906033516,0.4625703268929532,0.0011128978194871084,0.007371065906370764,0.02666864715712635,0.7741740942001343,,0.01667,-3386738.3127714293,3237545.3467667103,0.9057605010600209,
188,68620,395.7,-3116193.032934917,-2990855.753676749,0.8854129622424375,54051.85158061981,1304038.6611328125,540518.5205078125,157145.0,905309.841647625,209181.00926208496,3116193.032550335,0.46984134496826874,0.00101186769437558,0.006194800655257974,0.055625998317018935,0.7757243514060974,,0.016634000000000003,-3386738.3127714293,3237545.3467667103,0.9057605010600209,
189,68985,396.2,-2888919.4586233,-2986477.123017268,0.8959350107023557,36222.837409734726,1447994.79296875,362228.37129068375,125855.0,804555.3103094101,148285.987739563,2888919.462308407,0.46984134496826874,0.00101186769437558,0.006194800655257974,0.055625998317018935,0.7757243514060974,,0.016634000000000003,-3386738.3127714293,3237545.3467667103,0.9057605010600209,
190,69350,396.7,-2773208.4743281305,-2965329.7253928226,0.9102545851582587,35398.64295768738,1368426.5930175781,353986.42947387695,126880.0,796857.5077800751,127057.94818878174,2773208.478460312,0.46984134496826874,0.00101186769437558,0.006194800655257974,0.055625998317018935,0.7757243514060974,,0.016634000000000003,-3386738.3127714293,3237545.3467667103,0.9057605010600209,
191,69715,401.4,-2929126.5925440956,-2961895.1963791093,0.8903046246409936,38764.15174436569,1438548.7756347656,387641.51659202576,126020.0,799814.3958740234,177101.89597320557,2929126.5840740204,0.4044981343965781,0.0007550496199990831,0.0038660952950043508,0.027886852695557632,0.8190818428993225,,0.016580000000000004,-3386738.3127714293,3237545.3467667103,0.9057605010600209,
192,70080,401.9,-2888588.057598703,-2958725.9069971284,0.8955519583526823,37922.47272109985,1421962.6000976562,379224.7277984619,125805.0,804696.5817068815,156899.14811706543,2888588.057720065,0.4044981343965781,0.0007550496199990831,0.0038660952950043508,0.027886852695557632,0.8190818428993225,,0.016580000000000004,-3386738.3127714293,3237545.3467667103,0.9057605010600209,
193,70445,402.5,-3187659.06795061,-2964398.6493298686,0.8568657274120741,39457.96805858612,1548308.3615722656,394579.67847442627,131060.0,874347.8875961304,239363.1311340332,3187659.0587768555,0.4044981343965781,0.0007550496199990831,0.0038660952950043508,0.027886852695557632,0.8190818428993225,,0.016580000000000004,-3386738.3127714293,3237545.3467667103,0.9057605010600209,
194,70810,406.9,-3122486.4204158694,-2946017.5444540274,0.8539774462264642,38596.97345852852,1547917.3217773438,385969.73285102844,128645.0,819294.9046211243,240659.4511566162,3122486.4104061127,0.4275354472430129,0.0006351340103528377,0.003394946716358199,0.04754092867829298,0.8390436172485352,,0.016526,-3386738.3127714293,3237545.3467667103,0.9057605010600209,
195,71175,407.4,-2682808.43922104,-2933083.7524160584,0.91757834785122,35124.31674981117,1314995.1064453125,351243.16756248474,129910.0,777912.1814823151,108747.99033355713,2682808.4458236694,0.4275354472430129,0.0006351340103528377,0.003394946716358199,0.04754092867829298,0.8390436172485352,,0.016526,-3386738.3127714293,3237545.3467667103,0.9057605010600209,
196,71540,407.9,-2737839.516487992,-2919463.623384717,0.9210359758660004,33931.94666671753,1332359.4946289062,339319.467792511,150470.0,810077.6996126175,105612.85735321045,2737839.519387245,0.4275354472430129,0.0006351340103528377,0.003394946716358199,0.04754092867829298,0.8390436172485352,,0.016526,-3386738.3127714293,3237545.3467667103,0.9057605010600209,
197,71905,412.3,-2598398.05147923,-2905606.8573130476,0.9264509541445313,31291.368010163307,1313761.8576660156,312913.67982673645,135500.0,741292.4598846436,94930.03634643555,2598398.033723831,0.4304569583190115,0.0010221294529688557,0.005185043601637804,0.03333882563502381,0.7935579419136047,,0.016472,-3386738.3127714293,3237545.3467667103,0.9057605010600209,
198,72270,412.8,-2712225.2338182987,-2892866.850189732,0.9209088099223681,33740.064413547516,1329259.2470703125,337400.64421081543,149165.0,791282.8458328247,105117.50141143799,2712225.2385253906,0.4304569583190115,0.0010221294529688557,0.005185043601637804,0.03333882563502381,0.7935579419136047,,0.016472,-3386738.3127714293,3237545.3467667103,0.9057605010600209,
199,72635,413.3,-3026262.5777645903,-2898186.002695569,0.8841937447048742,55451.16180419922,1275838.2823486328,554511.6169948578,158015.0,780869.8235783577,257027.8584022522,3026262.5813241005,0.4304569583190115,0.0010221294529688557,0.005185043601637804,0.03333882563502381,0.7935579419136047,,0.016472,-3386738.3127714293,3237545.3467667103,0.9057605010600209,
200,73000,418.6,-2880039.421909565,-2901597.7054827036,0.8953179912529792,38386.055151462555,1408778.0288085938,383860.55206108093,127340.0,784224.7559204102,175836.08226013184,2880039.4190502167,0.47489142025771897,0.001111947828528508,0.006990666976076011,0.049797761008927695,0.7534316182136536,,0.016418000000000002,-2634578.281290679,2493240.506453514,0.9122018058723035,True
201,73365,419.2,-2729105.2921303757,-2883150.2881383076,0.9029270273078509,37151.6710357666,1381386.1752929688,371516.7065048218,125595.0,719380.9411637783,131226.47400665283,2729105.2969682217,0.47489142025771897,0.001111947828528508,0.006990666976076011,0.049797761008927695,0.7534316182136536,,0.016418000000000002,-2634578.281290679,2493240.506453514,0.9122018058723035,
202,73730,423.6,-3101310.452544665,-2897661.7728185854,0.8756015990746617,58408.15919446945,1297851.5515136719,584081.5984153748,160920.0,779422.9425525665,279034.36529541016,3101310.4577770233,0.43834652085053294,0.0008515071720849894,0.0058438485093096175,0.04094592873987399,0.7750582098960876,,0.016382,-2634578.281290679,2493240.506453514,0.9122018058723035,
203,74095,424.1,-2856211.9370640824,-2897453.6656291066,0.8813683866689032,37151.743715286255,1467656.3208007812,371517.43818855286,125505.0,717339.0420167446,174194.14389801025,2856211.944904089,0.43834652085053294,0.0008515071720849894,0.0058438485093096175,0.04094592873987399,0.7750582098960876,,0.016382,-2634578.281290679,2493240.506453514,0.9122018058723035,
204,74460,424.6,-2646084.0485700774,-2886340.83352198,0.9234838100333558,32186.229244709015,1328835.8859863281,321862.29003334045,141035.0,750028.0635700226,104322.80123519897,2646084.04082489,0.43834652085053294,0.0008515071720849894,0.0058438485093096175,0.04094592873987399,0.7750582098960876,,0.016382,-2634578.281290679,2493240.506453514,0.9122018058723035,
205,74825,429.3,-2635011.975049134,-2874853.398961813,0.9227221804912439,32493.70026922226,1326724.9870605469,324936.9995212555,143560.0,735270.6319022179,104519.35572814941,2635011.9742121696,0.4262809874980073,0.0008468374706257906,0.003972103718153544,0.03239946608970824,0.7899513244628906,,0.016328000000000002,-2634578.281290679,2493240.506453514,0.9122018058723035,
206,75190,429.8,-2632900.8075716104,-2866387.8384141224,0.9085337442648489,36398.90500354767,1348807.1809082031,363989.0443716049,125955.0,662199.3188285828,131950.25045013428,2632900.794558525,0.4262809874980073,0.0008468374706257906,0.003972103718153544,0.03239946608970824,0.7899513244628906,,0.016328000000000002,-2634578.281290679,2493240.506453514,0.9122018058723035,
207,75555,430.3,-3069701.351729212,-2860704.0104867746,0.848077889414894,39263.66179227829,1554285.1242675781,392636.6193180084,127300.0,770129.2987327576,225350.3074798584,3069701.3497982025,0.4262809874980073,0.0008468374706257906,0.003972103718153544,0.03239946608970824,0.7899513244628906,,0.016328000000000002,-2634578.281290679,2493240.506453514,0.9122018058723035,
208,75920,434.8,-2627440.47644021,-2836266.3826620393,0.9199815371649773,33875.73622274399,1324046.646484375,338757.3604259491,145480.0,715752.4496192932,103404.02460479736,2627440.4811344147,0.4110741858419619,0.000746975626593906,0.004222669093379457,0.037438852222342243,0.8129804134368896,,0.016274000000000004,-2634578.281290679,2493240.506453514,0.9122018058723035,
209,76285,435.3,-2754703.551306651,-2829555.5872962074,0.8953498446461647,47529.065707206726,1286445.1350097656,475290.65533447266,151180.0,693282.4626085758,148505.29704284668,2754703.549995661,0.4110741858419619,0.000746975626593906,0.004222669093379457,0.037438852222342243,0.8129804134368896,,0.016274000000000004,-2634578.281290679,2493240.506453514,0.9122018058723035,
210,76650,435.8,-2657077.4024957484,-2823749.033704588,0.9091834077561948,39922.065784454346,1298918.9641113281,399220.6617794037,150345.0,692051.7903862,116540.99017333984,2657077.4064502716,0.4110741858419619,0.000746975626593906,0.004222669093379457,0.037438852222342243,0.8129804134368896,,0.016274000000000004,-2634578.281290679,2493240.506453514,0.9122018058723035,
211,77015,440.4,-2583617.5792390285,-2806473.583039335,0.9218615440157217,33747.06147813797,1309703.7800292969,337470.6128845215,149120.0,671532.6058249474,115790.58457183838,2583617.583310604,0.4608389919525699,0.0006945828640470465,0.004489028664753086,0.05232165714627818,0.7276800870895386,,0.016220000000000002,-2634578.281290679,2493240.506453514,0.9122018058723035,
212,77380,440.9,-2547522.7243386563,-2789420.316376332,0.920242334055281,33790.69105780125,1297509.8430175781,337906.9122824669,135255.0,651787.1399364471,125063.82543182373,2547522.720668316,0.4608389919525699,0.0006945828640470465,0.004489028664753086,0.05232165714627818,0.7276800870895386,,0.016220000000000002,-2634578.281290679,2493240.506453514,0.9122018058723035,
213,77745,441.4,-2927657.5461782003,-2776420.240287712,0.8705976132168036,38678.244007110596,1496993.3376464844,386782.4366912842,124120.0,719083.4270811081,200678.3472366333,2927657.54865551,0.4608389919525699,0.0006945828640470465,0.004489028664753086,0.05232165714627818,0.7276800870895386,,0.016220000000000002,-2634578.281290679,2493240.506453514,0.9122018058723035,
214,78110,445.7,-2894251.899337154,-2765008.5142337764,0.8702114079932151,39899.08980035782,1468790.7248535156,398990.8984003067,124935.0,691910.0229575634,209625.253616333,2894251.8998277187,0.42648508125229884,0.0006406952917658552,0.003616600704845041,0.04341464612240854,0.7874554991722107,,0.016166,-2634578.281290679,2493240.506453514,0.9122018058723035,
215,78475,446.2,-2713719.4207128785,-2766554.0633083684,0.8921008108895268,49277.23596918583,1272866.4753417969,492772.3607521057,150765.0,644915.0331325531,152400.55379486084,2713719.4230213165,0.42648508125229884,0.0006406952917658552,0.003616600704845041,0.04341464612240854,0.7874554991722107,,0.016166,-2634578.281290679,2493240.506453514,0.9122018058723035,
216,78840,446.7,-3046820.9729273436,-2782003.1361303357,0.8494343166278676,39217.54241657257,1546231.2072753906,392175.42110443115,126025.0,754982.553768158,227406.7876663208,3046820.9698143005,0.42648508125229884,0.0006406952917658552,0.003616600704845041,0.04341464612240854,0.7874554991722107,,0.016166,-2634578.281290679,2493240.506453514,0.9122018058723035,
217,79205,451.2,-2589440.722907117,-2781555.2697017305,0.9248197098397362,31789.158711075783,1319186.3542480469,317891.5869321823,138785.0,706503.8218994141,107073.96434020996,2589440.727419853,0.41731666773557663,0.0008916140979253166,0.005194145346697616,0.04955889818895804,0.8207380771636963,,0.016112,-2634578.281290679,2493240.506453514,0.9122018058723035,
218,79570,451.8,-2557856.990114238,-2773836.857516527,0.9207612988687285,33803.46761870384,1292582.8713378906,338034.677216053,133255.0,676175.7373094559,117808.70872879028,2557856.99459219,0.41731666773557663,0.0008916140979253166,0.005194145346697616,0.04955889818895804,0.8207380771636963,,0.016112,-2634578.281290679,2493240.506453514,0.9122018058723035,
219,79935,456.6,-2695119.015097377,-2757279.679383166,0.9036105411406914,43049.55650520325,1288984.625,430495.5630722046,150620.0,704242.2722395658,120776.55728912354,2695119.017600894,0.43831215328291845,0.0009013396608057327,0.0050206769917981306,0.041009028736305866,0.7592388391494751,,0.016076,-2634578.281290679,2493240.506453514,0.9122018058723035,
220,80300,457.2,-2606979.8110492877,-2743626.698840153,0.9175668296679355,35321.21212339401,1316167.310546875,353212.1206817627,146255.0,683511.239730835,107834.14457321167,2606979.8155326843,0.43831215328291845,0.0009013396608057327,0.0050206769917981306,0.041009028736305866,0.7592388391494751,,0.016076,-2634578.281290679,2493240.506453514,0.9122018058723035,
221,80665,457.8,-2568021.438294516,-2735572.5061483597,0.9190686310939532,34226.685224056244,1311512.19921875,342266.85206222534,145105.0,667856.2325735092,101281.1589012146,2568021.442755699,0.43831215328291845,0.0009013396608057327,0.0050206769917981306,0.041009028736305866,0.7592388391494751,,0.016076,-2634578.281290679,2493240.506453514,0.9122018058723035,
222,81030,462.4,-2504153.5359424055,-2705714.660318247,0.9112094435762734,36862.376195430756,1294636.4797363281,368623.76144599915,124545.0,596255.0195941925,120093.27489089966,2504153.5356674194,0.4294372361741568,0.0008464300769303104,0.004566928799153845,0.044840150071602115,0.7551934123039246,,0.016022,-2634578.281290679,2493240.506453514,0.9122018058723035,
223,81395,462.9,-2512633.1504424983,-2688535.7209871667,0.9113622632753781,33446.031749248505,1363910.5051269531,334460.3214607239,120380.0,573522.4333953857,120359.89694976807,2512633.156932831,0.4294372361741568,0.0008464300769303104,0.004566928799153845,0.044840150071602115,0.7551934123039246,,0.016022,-2634578.281290679,2493240.506453514,0.9122018058723035,
224,81760,463.5,-2915527.815433351,-2702007.909330331,0.8782119249562695,58310.059933662415,1253213.439086914,583100.6079292297,153925.0,654894.8499832153,270393.92782592773,2915527.824825287,0.4294372361741568,0.0008464300769303104,0.004566928799153845,0.044840150071602115,0.7551934123039246,,0.016022,-2634578.281290679,2493240.506453514,0.9122018058723035,
225,82125,468.8,-2487397.5585899926,-2694627.1885073734,0.9104688416172758,37523.493320941925,1295204.4714355469,375234.93562984467,123730.0,560042.6125106812,133185.541305542,2487397.5608816147,0.4108561155827422,0.0008095364493400618,0.00533870228345653,0.038458194828739294,0.7736931443214417,,0.015968000000000003,-2490383.63801342,2348250.1938900948,0.9123385262113421,True
226,82490,469.4,-2835055.395611525,-2704734.91790937,0.8783158871638083,58256.999125003815,1240572.6437988281,582569.9939117432,152455.0,599728.2113866806,259729.54391098022,2835055.393008232,0.4108561155827422,0.0008095364493400618,0.00533870228345653,0.038458194828739294,0.7736931443214417,,0.015968000000000003,-2490383.63801342,2348250.1938900948,0.9123385262113421,
227,82855,469.9,-2559335.4686469818,-2679216.623755258,0.902022018238527,43655.26550960541,1266568.6783447266,436552.6592178345,147525.0,586533.0871715546,122156.04847717285,2559335.4732112885,0.4108561155827422,0.0008095364493400618,0.00533870228345653,0.038458194828739294,0.7736931443214417,,0.015968000000000003,-2490383.63801342,2348250.1938900948,0.9123385262113421,
228,83220,474.3,-2448829.379069224,-2670286.068886709,0.9196354252316377,33840.63842463493,1284329.6110839844,338406.3852748871,136610.0,595067.0015087128,94416.37512207031,2448829.3729896545,0.4484990662650058,0.0008929996507312784,0.005871689112513866,0.05721812597230861,0.7376891374588013,,0.015914000000000005,-2490383.63801342,2348250.1938900948,0.9123385262113421,
229,83585,474.8,-2560338.441989566,-2660567.813420854,0.8966825352126516,35860.562170505524,1402699.0041503906,358605.6246471405,117855.0,548204.6299448013,132974.19173431396,2560338.4504766464,0.4484990662650058,0.0008929996507312784,0.005871689112513866,0.05721812597230861,0.7376891374588013,,0.015914000000000005,-2490383.63801342,2348250.1938900948,0.9123385262113421,
230,83950,475.4,-2744196.227843746,-2664923.754688254,0.8819954273717979,54785.03889751434,1255991.5876464844,547850.3872680664,149095.0,605235.1484155655,186024.09954833984,2744196.222878456,0.4484990662650058,0.0008929996507312784,0.005871689112513866,0.05721812597230861,0.7376891374588013,,0.015914000000000005,-2490383.63801342,2348250.1938900948,0.9123385262113421,
231,84315,479.9,-2424076.605052516,-2656946.7059789286,0.9157352517604113,35744.095026254654,1262448.1110839844,357440.94965934753,130670.0,545566.3390808105,127951.19512557983,2424076.5949497223,0.4159121897659804,0.0007655225523003059,0.003473114545493828,0.041440286036384735,0.7534904479980469,,0.015860000000000003,-2490383.63801342,2348250.1938900948,0.9123385262113421,
232,84680,480.4,-2489393.078548461,-2654040.2236894188,0.9149313508269766,36060.17504119873,1285776.3308105469,360601.75193214417,141985.0,582620.0235671997,118409.97745513916,2489393.08376503,0.4159121897659804,0.0007655225523003059,0.003473114545493828,0.041440286036384735,0.7534904479980469,,0.015860000000000003,-2490383.63801342,2348250.1938900948,0.9123385262113421,
233,85045,484.8,-2610598.4875292936,-2638187.2707569734,0.8913471859724602,49621.41420793533,1252403.7852783203,496214.1398086548,148060.0,545493.1723442078,168427.39058685303,2610598.488018036,0.4212054963174619,0.0010428720200396032,0.006470797359820847,0.04750146932507816,0.7379450798034668,,0.015824,-2490383.63801342,2348250.1938900948,0.9123385262113421,
234,85410,485.3,-2627975.8091034666,-2624873.466245289,0.8829078898093885,54277.579310417175,1232768.4324951172,542775.7956075668,146950.0,510213.1795473099,195268.4002532959,2627975.80790329,0.4212054963174619,0.0010428720200396032,0.006470797359820847,0.04750146932507816,0.7379450798034668,,0.015824,-2490383.63801342,2348250.1938900948,0.9123385262113421,
235,85775,485.8,-2420071.5617400454,-2610191.0732966475,0.9043456667905692,41740.203110933304,1223562.2158203125,417402.03313827515,124715.0,471673.8829212189,182718.43059158325,2420071.56247139,0.4212054963174619,0.0010428720200396032,0.006470797359820847,0.04750146932507816,0.7379450798034668,,0.015824,-2490383.63801342,2348250.1938900948,0.9123385262113421,
236,86140,490.1,-2424318.9290783093,-2579065.9711041963,0.9142670176326689,36156.2563867569,1286231.8491210938,361562.5644645691,137660.0,528326.337059021,110538.1755027771,2424318.926147461,0.4184096232056618,0.0010861873652653518,0.006122522190899441,0.0417250747253236,0.7351508140563965,,0.01577,-2490383.63801342,2348250.1938900948,0.9123385262113421,
237,86505,490.6,-2400661.102782214,-2569626.9900979507,0.9050947604811463,37277.06978869438,1314114.0539550781,372770.69631767273,117510.0,472704.2288608551,123562.12967300415,2400661.10880661,0.4184096232056618,0.0010861873652653518,0.006122522190899441,0.0417250747253236,0.7351508140563965,,0.01577,-2490383.63801342,2348250.1938900948,0.9123385262113421,
238,86870,491.1,-2419140.9873242667,-2562691.1899584522,0.9192643408060626,33975.583780288696,1289122.0427246094,339755.8385562897,134080.0,533999.2038240433,122183.90577697754,2419140.99088192,0.4184096232056618,0.0010861873652653518,0.006122522190899441,0.0417250747253236,0.7351508140563965,,0.01577,-2490383.63801342,2348250.1938900948,0.9123385262113421,
239,87235,495.7,-2418214.9490246717,-2548845.9866548167,0.9147886957848331,36884.73556518555,1260828.6320800781,368847.3535079956,143745.0,508803.6842494011,135990.28569030762,2418214.9555277824,0.38908504420205164,0.0007815396738327476,0.005245811056642867,0.0322224550243271,0.7156257629394531,,0.015716,-2490383.63801342,2348250.1938900948,0.9123385262113421,
240,87600,496.2,-2382035.236450481,-2537598.757924876,0.923091931291735,32284.4690823555,1292483.6950683594,322844.6899089813,136420.0,542563.8456611633,87723.00327301025,2382035.2339115143,0.38908504420205164,0.0007815396738327476,0.005245811056642867,0.0322224550243271,0.7156257629394531,,0.015716,-2490383.63801342,2348250.1938900948,0.9123385262113421,
241,87965,496.8,-2795726.745182313,-2548984.0232692664,0.8764924877138689,58297.52191925049,1238078.926147461,582975.2238235474,151135.0,555440.2486076355,268097.3472213745,2795726.7458000183,0.38908504420205164,0.0007815396738327476,0.005245811056642867,0.0322224550243271,0.7156257629394531,,0.015716,-2490383.63801342,2348250.1938900948,0.9123385262113421,
242,88330,501.2,-2336920.0423180736,-2540622.34858805,0.9180712609824385,35450.97501659393,1258564.5532226562,354509.74977493286,144930.0,470806.9330840111,108108.8045425415,2336920.0406241417,0.43071600755578593,0.0007795801760661753,0.004289593608853848,0.05609777354096111,0.7068163156509399,,0.015662000000000002,-2490383.63801342,2348250.1938900948,0.9123385262113421,
243,88695,501.8,-2363047.3403391386,-2533143.058082882,0.920217134180453,33562.178381443024,1282581.1948242188,335621.78575897217,135645.0,508305.8769207001,100893.48287200928,2363047.3403759003,0.43071600755578593,0.0007795801760661753,0.004289593608853848,0.05609777354096111,0.7068163156509399,,0.015662000000000002,-2490383.63801342,2348250.1938900948,0.9123385262113421,
244,89060,502.3,-2361541.9579036944,-2505443.765206399,0.9201723612016567,33610.309729099274,1278641.0283203125,336103.0982322693,133885.0,487452.1667690277,125460.66326904297,2361541.9565906525,0.43071600755578593,0.0007795801760661753,0.004289593608853848,0.05609777354096111,0.7068163156509399,,0.015662000000000002,-2490383.63801342,2348250.1938900948,0.9123385262113421,
245,89425,506.7,-2327484.0895983474,-2497448.0917568174,0.9187186800403523,35168.63895750046,1256354.33984375,351686.39037323,142270.0,464087.32816791534,113086.03091430664,2327484.089299202,0.4063365239846079,0.0010181569772803893,0.005847596284614778,0.04041735372064929,0.7193179130554199,,0.015608000000000002,-2490383.63801342,2348250.1938900948,0.9123385262113421,
246,89790,507.2,-2340548.424380127,-2472722.7431952474,0.9195125672091158,34047.47186946869,1264381.6730957031,340474.7183895111,128505.0,465934.95638656616,141252.07726287842,2340548.425134659,0.4063365239846079,0.0010181569772803893,0.005847596284614778,0.04041735372064929,0.7193179130554199,,0.015608000000000002,-2490383.63801342,2348250.1938900948,0.9123385262113421,
247,90155,511.8,-2695591.6311340416,-2479535.5513196,0.8747870251812894,59376.994362831116,1208709.2492675781,593769.9477310181,146255.0,489620.03915023804,257237.39526367188,2695591.631412506,0.4028558421291803,0.0010547624899692508,0.007739418431332237,0.04843035310898956,0.7250017523765564,,0.015572000000000003,-2490383.63801342,2348250.1938900948,0.9123385262113421,
248,90520,512.3,-2310092.8553400747,-2472598.7251331424,0.914000130167991,36595.78260922432,1237983.6208496094,365957.82540130615,124870.0,427250.60408878326,154030.80787944794,2310092.8582191467,0.4028558421291803,0.0010547624899692508,0.007739418431332237,0.04843035310898956,0.7250017523765564,,0.015572000000000003,-2490383.63801342,2348250.1938900948,0.9123385262113421,
249,90885,512.8,-2337082.0881724833,-2461435.9074422875,0.9014418208910069,37848.90329051018,1308235.6740722656,378489.03404808044,113080.0,384700.456990242,152576.92485809326,2337082.0899686813,0.4028558421291803,0.0010547624899692508,0.007739418431332237,0.04843035310898956,0.7250017523765564,,0.015572000000000003,-2490383.63801342,2348250.1938900948,0.9123385262113421,
250,91250,518.4,-2349850.7893509897,-2441718.6355176503,0.9176715891191886,34802.771460056305,1272140.3908691406,348027.7156829834,135645.0,479952.0242450237,114085.65795898438,2349850.788756132,0.3672740208475213,0.0008099093049263741,0.005615234381127122,0.025092077735615403,0.710321307182312,,0.015518000000000002,-2366195.3248183196,2226030.3472142816,0.9128467233324347,True
251,91615,519.0,-2294115.7686691927,-2435220.593698484,0.9094744800176555,39233.85088586807,1225928.6564941406,392338.5077190399,122245.0,419741.74514341354,133861.8535118103,2294115.7628684044,0.3672740208475213,0.0008099093049263741,0.005615234381127122,0.025092077735615403,0.710321307182312,,0.015518000000000002,-2366195.3248183196,2226030.3472142816,0.9128467233324347,
252,91980,519.7,-2321251.562825787,-2426813.51791235,0.9187942385359531,34314.225358486176,1269412.0629882812,343142.25044059753,136115.0,471549.71551799774,101032.53936004639,2321251.568306923,0.3672740208475213,0.0008099093049263741,0.005615234381127122,0.025092077735615403,0.710321307182312,,0.015518000000000002,-2366195.3248183196,2226030.3472142816,0.9128467233324347,
253,92345,524.5,-2367075.6203070744,-2414637.3745512394,0.9157822967214511,36283.765756607056,1260348.2145996094,362837.6566696167,141150.0,470044.5233783722,132695.22674179077,2367075.621389389,0.37994153601558583,0.0009064828310855726,0.006511755151318778,0.038218421714478416,0.7072231769561768,,0.015464000000000002,-2366195.3248183196,2226030.3472142816,0.9128467233324347,
254,92710,525.1,-2448465.7840265394,-2405661.8732973933,0.8786281605755195,36117.83197593689,1442969.8669433594,361178.322912693,105245.0,367873.9529314041,171198.6464920044,2448465.789279461,0.37994153601558583,0.0009064828310855726,0.006511755151318778,0.038218421714478416,0.7072231769561768,,0.015464000000000002,-2366195.3248183196,2226030.3472142816,0.9128467233324347,
255,93075,525.7,-2309606.145796219,-2400138.6025002017,0.9048313561836293,40084.93760681152,1235582.7822265625,400849.37302589417,117675.0,395165.39488220215,160333.59674453735,2309606.146879196,0.37994153601558583,0.0009064828310855726,0.006511755151318778,0.038218421714478416,0.7072231769561768,,0.015464000000000002,-2366195.3248183196,2226030.3472142816,0.9128467233324347,
256,93440,530.4,-2655162.835783533,-2411680.7978354627,0.8783761548401676,58219.631944179535,1202730.1708984375,582196.3183097839,147170.0,445961.47809123993,277104.8705749512,2655162.8378744125,0.3482719212770462,0.0005753325918991131,0.0037552682946338073,0.035757300860591625,0.7427675724029541,,0.015410000000000002,-2366195.3248183196,2226030.3472142816,0.9128467233324347,
257,93805,531.0,-2557898.653043375,-2419542.675348521,0.8802235906896185,56976.55992126465,1191361.1014404297,569765.5947570801,143095.0,421354.25230813026,232322.71305084229,2557898.6615564823,0.3482719212770462,0.0005753325918991131,0.0037552682946338073,0.035757300860591625,0.7427675724029541,,0.015410000000000002,-2366195.3248183196,2226030.3472142816,0.9128467233324347,
258,94170,531.5,-2432162.598332828,-2420193.755898949,0.8902503162097795,36912.44039821625,1391807.5856933594,369124.4030175209,108895.0,405030.48125863075,157305.11770629883,2432162.58767581,0.3482719212770462,0.0005753325918991131,0.0037552682946338073,0.035757300860591625,0.7427675724029541,,0.015410000000000002,-2366195.3248183196,2226030.3472142816,0.9128467233324347,
259,94535,535.8,-2674742.473866173,-2433020.1321410243,0.8760725836055696,59375.97981548309,1198030.0026855469,593759.8029785156,145845.0,454360.2992401123,282747.36486053467,2674742.4697647095,0.3832742203223078,0.0009364041289748121,0.00618757281182824,0.04738371123216654,0.7228219509124756,,0.015356000000000002,-2366195.3248183196,2226030.3472142816,0.9128467233324347,
260,94900,536.4,-2170482.070258759,-2422442.4738314385,0.9202098384107471,33693.70964574814,1241943.8162841797,336937.09795188904,125240.0,381392.2287340164,84968.9200706482,2170482.0630407333,0.3832742203223078,0.0009364041289748121,0.00618757281182824,0.04738371123216654,0.7228219509124756,,0.015356000000000002,-2366195.3248183196,2226030.3472142816,0.9128467233324347,
261,95265,540.9,-2439393.764719911,-2404625.824808318,0.883783294755949,34866.17374026775,1446783.2670898438,348661.74105644226,104980.0,394915.35602235794,144053.3998146057,2439393.7639832497,0.3633172265008876,0.0007515569831364127,0.004960712627507746,0.038268752739225566,0.7290400862693787,,0.015320000000000002,-2366195.3248183196,2226030.3472142816,0.9128467233324347,
262,95630,541.4,-2247173.8827120876,-2400138.5168280187,0.9196090536403488,33810.82421994209,1254322.3942871094,338108.24112319946,126990.0,408161.9030895233,119591.34153747559,2247173.8800373077,0.3633172265008876,0.0007515569831364127,0.004960712627507746,0.038268752739225566,0.7290400862693787,,0.015320000000000002,-2366195.3248183196,2226030.3472142816,0.9128467233324347,
263,95995,541.9,-2290650.7148765884,-2396518.685554891,0.9172622273204541,35562.43219089508,1242048.1804199219,355624.3218307495,136430.0,441009.3310699463,115538.8872756958,2290650.7205963135,0.3633172265008876,0.0007515569831364127,0.004960712627507746,0.038268752739225566,0.7290400862693787,,0.015320000000000002,-2366195.3248183196,2226030.3472142816,0.9128467233324347,
264,96360,546.4,-2308253.065178247,-2393854.240918619,0.9168470307914112,35521.701151371,1262342.8869628906,355217.0122375488,135510.0,456441.2799100876,98741.88793563843,2308253.0670461655,0.3818500147838342,0.0007764167853326255,0.004651521381578948,0.03777313389276203,0.6966875791549683,,0.015266000000000002,-2366195.3248183196,2226030.3472142816,0.9128467233324347,
265,96725,546.9,-2399632.1791888624,-2397461.6453981446,0.892594795553743,48917.80777025223,1212964.2780761719,489178.0752334595,141395.0,414173.85463523865,141920.96842956543,2399632.1763744354,0.3818500147838342,0.0007764167853326255,0.004651521381578948,0.03777313389276203,0.6966875791549683,,0.015266000000000002,-2366195.3248183196,2226030.3472142816,0.9128467233324347,
266,97090,547.4,-2299600.211691459,-2395414.234763711,0.9152419436900219,35686.023480415344,1257901.5533447266,356860.2322292328,130945.0,437065.9495782852,116827.47245407104,2299600.2076063156,0.3818500147838342,0.0007764167853326255,0.004651521381578948,0.03777313389276203,0.6966875791549683,,0.015266000000000002,-2366195.3248183196,2226030.3472142816,0.9128467233324347,
267,97455,551.8,-2244269.3497057105,-2372848.120692295,0.9162200157000433,36163.3788831234,1229542.2819824219,361633.7868652344,138905.0,402242.42276728153,111945.85426330566,2244269.3458782434,0.38714768815981715,0.0006304214758577137,0.0033885219661322864,0.04938628779430138,0.7087104320526123,,0.015212000000000002,-2366195.3248183196,2226030.3472142816,0.9128467233324347,
268,97820,552.3,-2312482.9941163696,-2372967.62763111,0.9135430553497952,36358.86287403107,1255909.23046875,363588.6302661896,128380.0,420164.6026277542,144440.53453063965,2312482.9978933334,0.38714768815981715,0.0006304214758577137,0.0033885219661322864,0.04938628779430138,0.7087104320526123,,0.015212000000000002,-2366195.3248183196,2226030.3472142816,0.9128467233324347,
269,98185,552.9,-2713155.1891893563,-2391771.282681953,0.8725563833603116,59701.59943294525,1226548.0883789062,597015.9975166321,147890.0,436753.8446006775,304947.2617034912,2713155.192199707,0.38714768815981715,0.0006304214758577137,0.0033885219661322864,0.04938628779430138,0.7087104320526123,,0.015212000000000002,-2366195.3248183196,2226030.3472142816,0.9128467233324347,
270,98550,557.4,-2259338.5494876867,-2387245.6706887884,0.9168303840503724,35048.75736618042,1247515.4641113281,350487.5738840103,133145.0,428773.63432991505,99416.87260818481,2259338.5449334383,0.3969479144403809,0.0008106635775077034,0.004669724850253643,0.05588510274691017,0.7054101228713989,,0.015158000000000001,-2366195.3248183196,2226030.3472142816,0.9128467233324347,
271,98915,558.0,-2312375.094976914,-2388158.637004174,0.9157377052964168,35431.53656220436,1264477.5659179688,354315.3648490906,128465.0,444964.2066516876,120152.95846366882,2312375.095882416,0.3969479144403809,0.0008106635775077034,0.004669724850253643,0.05588510274691017,0.7054101228713989,,0.015158000000000001,-2366195.3248183196,2226030.3472142816,0.9128467233324347,
272,99280,558.6,-2237017.7557670856,-2383946.9466512394,0.9196245486620848,33935.72118663788,1255406.5874023438,339357.2128639221,128105.0,415154.3968410492,98994.55763149261,2237017.7547388077,0.3969479144403809,0.0008106635775077034,0.004669724850253643,0.05588510274691017,0.7054101228713989,,0.015158000000000001,-2366195.3248183196,2226030.3472142816,0.9128467233324347,
273,99645,563.1,-2278298.2865162315,-2379508.079961697,0.91430178457346,36699.403774261475,1247442.9990234375,366994.03842544556,137995.0,414507.5085141659,111358.73608398438,2278298.2820470333,0.3720909211980669,0.0009187181373674416,0.0067382277147292995,0.03513661781816106,0.6691383719444275,,0.015104000000000001,-2366195.3248183196,2226030.3472142816,0.9128467233324347,
274,100010,563.6,-2197934.3755746945,-2366981.5095391045,0.9116511490280582,37701.10517525673,1215247.255859375,377011.0516014099,118190.0,344390.5257399082,143095.53620147705,2197934.36940217,0.3720909211980669,0.0009187181373674416,0.0067382277147292995,0.03513661781816106,0.6691383719444275,,0.015104000000000001,-2366195.3248183196,2226030.3472142816,0.9128467233324347,
275,100375,568.9,-2624169.66018105,-2382709.685258346,0.8806342540519823,56658.50306892395,1202220.5134277344,566585.0297012329,147225.0,422335.7967634201,285803.3239555359,2624169.6638479233,0.3742511837106002,0.0008333325412853523,0.005734360004824243,0.04837793332377547,0.7146625518798828,,0.015068000000000002,-2321692.767677048,2171412.426058054,0.912245263926392,True
276,100740,569.4,-2287945.1518340213,-2364348.8010608708,0.9149681922020308,36648.53909730911,1248129.4619140625,366485.390914917,139635.0,414059.4548125267,119635.84729766846,2287945.1549391747,0.3742511837106002,0.0008333325412853523,0.005734360004824243,0.04837793332377547,0.7146625518798828,,0.015068000000000002,-2321692.767677048,2171412.426058054,0.912245263926392,
277,101105,569.9,-2204535.7170713646,-2346680.65426227,0.9051839895301081,34234.07910823822,1322248.7292480469,342340.79051589966,107715.0,310099.14032936096,122132.05211830139,2204535.712211609,0.3742511837106002,0.0008333325412853523,0.005734360004824243,0.04837793332377547,0.7146625518798828,,0.015068000000000002,-2321692.767677048,2171412.426058054,0.912245263926392,
278,101470,574.3,-2262898.098523914,-2338217.429271824,0.9157313567631212,36299.30795478821,1242644.6098632812,362993.08001708984,140010.0,412249.0363883972,105001.37747192383,2262898.103740692,0.35570559729086726,0.0006723840050606094,0.0041541383972416,0.04433251799721467,0.7077900171279907,,0.015014000000000001,-2321692.767677048,2171412.426058054,0.912245263926392,
279,101835,574.9,-2326196.0809951792,-2320790.1096282746,0.8953852062510568,34314.17542362213,1395333.0261230469,343141.7532892227,108365.0,350036.31122398376,129319.9843006134,2326196.0749368668,0.35570559729086726,0.0006723840050606094,0.0041541383972416,0.04433251799721467,0.7077900171279907,,0.015014000000000001,-2321692.767677048,2171412.426058054,0.912245263926392,
280,102200,575.4,-2235196.0216611223,-2324025.807198393,0.9059869745982083,36988.39070105553,1273307.9704589844,369883.90638017654,112870.0,340396.62935209274,138737.51006698608,2235196.0162582397,0.35570559729086726,0.0006723840050606094,0.0041541383972416,0.04433251799721467,0.7077900171279907,,0.015014000000000001,-2321692.767677048,2171412.426058054,0.912245263926392,
281,102565,579.7,-2161380.7481328314,-2310125.156369039,0.9208940256732209,33373.623978853226,1233296.9713134766,333736.24197769165,125695.0,347913.35919988155,120739.17443656921,2161380.746927619,0.3263794540574676,0.0008710025209725963,0.0058309990042624505,0.029738832534732,0.7403251528739929,,0.014960000000000001,-2321692.767677048,2171412.426058054,0.912245263926392,
282,102930,580.3,-3152671.4082609517,-2355400.032646482,0.8307752827825186,43618.68621110916,1513902.4014892578,436186.8620071411,123225.0,657053.6437373161,422303.5040206909,3152671.411254406,0.3263794540574676,0.0008710025209725963,0.0058309990042624505,0.029738832534732,0.7403251528739929,,0.014960000000000001,-2321692.767677048,2171412.426058054,0.912245263926392,
283,103295,580.8,-2149864.3139287224,-2348360.7125990884,0.9232548550703883,32312.315350294113,1239185.3933105469,323123.15334892273,130970.0,362555.97630643845,94029.78733062744,2149864.3102965355,0.3263794540574676,0.0008710025209725963,0.0058309990042624505,0.029738832534732,0.7403251528739929,,0.014960000000000001,-2321692.767677048,2171412.426058054,0.912245263926392,
284,103660,585.5,-2150824.4964269917,-2340489.284161526,0.9189827306120407,34375.87045311928,1220909.580078125,343758.7068500519,125975.0,332459.6426792145,127721.57957458496,2150824.5091819763,0.3489754776421346,0.0009212224765513767,0.005790308902138158,0.041118918722005265,0.7453638315200806,,0.014906000000000003,-2321692.767677048,2171412.426058054,0.912245263926392,
285,104025,586.1,-2138379.269756616,-2327426.638689914,0.8990573510642026,32537.75251531601,1361901.7037353516,325377.5230617523,100280.0,223823.2659444809,126996.77777862549,2138379.2705202103,0.3489754776421346,0.0009212224765513767,0.005790308902138158,0.041118918722005265,0.7453638315200806,,0.014906000000000003,-2321692.767677048,2171412.426058054,0.912245263926392,
286,104390,586.7,-2204012.6635453254,-2322647.261282607,0.8903001600478292,32911.04898405075,1411276.458984375,329110.48608112335,99055.0,225917.50535964966,138653.2248764038,2204012.675301552,0.3489754776421346,0.0009212224765513767,0.005790308902138158,0.041118918722005265,0.7453638315200806,,0.014906000000000003,-2321692.767677048,2171412.426058054,0.912245263926392,
287,104755,591.4,-2146966.8346770634,-2317782.1355311745,0.9179336053714009,34921.95910549164,1206462.1005859375,349219.5899991989,121620.0,318913.8270344734,150751.3178434372,2146966.835463047,0.2956976278832084,0.0006768396469373041,0.004851224127617714,0.021165259770656888,0.7542569637298584,,0.014852,-2321692.767677048,2171412.426058054,0.912245263926392,
288,105120,592.0,-2180133.482026007,-2311164.6599266566,0.9166645181977074,35694.00355911255,1229138.8654785156,356940.0354728699,135905.0,354142.2562177181,104007.3233909607,2180133.4805600643,0.2956976278832084,0.0006768396469373041,0.004851224127617714,0.021165259770656888,0.7542569637298584,,0.014852,-2321692.767677048,2171412.426058054,0.912245263926392,
289,105485,596.5,-2175082.7967596403,-2284261.0403051707,0.9212218959181184,33421.61065673828,1244157.3479003906,334216.1060066223,133600.0,362845.2517566681,100264.0905418396,2175082.7962055206,0.36138246953487396,0.0009093728922858933,0.006086650653742254,0.04068909737428552,0.6823041439056396,,0.014816000000000001,-2321692.767677048,2171412.426058054,0.912245263926392,
290,105850,597.0,-2198039.1516339546,-2281196.070412484,0.891153415526341,31932.5401802063,1421478.2598876953,319325.40145492554,100255.0,239315.68205022812,117664.80016326904,2198039.143556118,0.36138246953487396,0.0009093728922858933,0.006086650653742254,0.04068909737428552,0.6823041439056396,,0.014816000000000001,-2321692.767677048,2171412.426058054,0.912245263926392,
291,106215,597.5,-2165676.5585343973,-2273861.1435903586,0.9001541927527887,35461.13705611229,1319278.1141357422,354611.36895370483,107240.0,256501.46609210968,128045.60234832764,2165676.5515298843,0.36138246953487396,0.0009093728922858933,0.006086650653742254,0.04068909737428552,0.6823041439056396,,0.014816000000000001,-2321692.767677048,2171412.426058054,0.912245263926392,
292,106580,602.0,-2233409.149905361,-2273680.713297272,0.8882290747929819,33951.87155365944,1395006.4538574219,339518.7144165039,102365.0,253028.4756977558,143490.5010433197,2233409.1450150013,0.28325045030368,0.0004618993695035705,0.0032988431140486348,0.01945707547527395,0.7794016599655151,,0.014762000000000003,-2321692.767677048,2171412.426058054,0.912245263926392,
293,106945,602.5,-2147387.0919886352,-2267135.1535708928,0.9197333654164617,33928.14457201958,1226804.5437011719,339281.4455485344,126145.0,290897.63666152954,164258.46550369263,2147387.0914149284,0.28325045030368,0.0004618993695035705,0.0032988431140486348,0.01945707547527395,0.7794016599655151,,0.014762000000000003,-2321692.767677048,2171412.426058054,0.912245263926392,
294,107310,603.0,-2064522.9846013358,-2260464.5840222244,0.9243050083309988,31858.205313682556,1225529.7932128906,318582.0562801361,128185.0,299803.9751844406,92422.15766525269,2064522.98234272,0.28325045030368,0.0004618993695035705,0.0032988431140486348,0.01945707547527395,0.7794016599655151,,0.014762000000000003,-2321692.767677048,2171412.426058054,0.912245263926392,
295,107675,607.4,-2138042.413473585,-2236158.2216868512,0.9174589152459063,34923.87582921982,1226555.6772460938,349238.76004600525,133965.0,325794.7446835041,102488.23114395142,2138042.4131195545,0.34657638716070277,0.0007720879614824202,0.005824306555472216,0.024614749623364525,0.703743040561676,,0.014708,-2321692.767677048,2171412.426058054,0.912245263926392,
296,108040,607.9,-2129146.4217158663,-2228218.2851809426,0.915405518913602,36199.585752010345,1214713.0515136719,361995.85537719727,136905.0,314674.7095024586,100857.81074523926,2129146.427138567,0.34657638716070277,0.0007720879614824202,0.005824306555472216,0.024614749623364525,0.703743040561676,,0.014708,-2321692.767677048,2171412.426058054,0.912245263926392,
297,108405,608.4,-2124866.576822548,-2224234.828168502,0.9183981950081815,34613.364030599594,1218818.2431640625,346133.6398448944,136010.0,323866.92720746994,100037.76495361328,2124866.57517004,0.34657638716070277,0.0007720879614824202,0.005824306555472216,0.024614749623364525,0.703743040561676,,0.014708,-2321692.767677048,2171412.426058054,0.912245263926392,
298,108770,612.8,-2270821.1793185645,-2224630.9822082347,0.8746263746705197,32402.311971902847,1478522.4899902344,324023.1189002991,97655.0,241291.09951472282,129329.47043609619,2270821.1788413525,0.3483818561622971,0.0008018385977648952,0.005250361928789827,0.045450533985307344,0.6840097904205322,,0.014654000000000002,-2321692.767677048,2171412.426058054,0.912245263926392,
299,109135,613.3,-2107692.147050908,-2213705.7855110215,0.9113031094482859,37347.42231082916,1211341.3778076172,373474.2219963074,127975.0,271459.0349521637,123442.50067901611,2107692.1354351044,0.3483818561622971,0.0008018385977648952,0.005250361928789827,0.045450533985307344,0.6840097904205322,,0.014654000000000002,-2321692.767677048,2171412.426058054,0.912245263926392,
300,109500,614.7,-2035429.0758981763,-2203717.438222874,0.9152732904417428,35833.46727347374,1183773.0764160156,358334.6709251404,124600.0,244772.02837371826,123949.2963104248,2035429.072025299,0.3483818561622971,0.0008018385977648952,0.005250361928789827,0.045450533985307344,0.6840097904205322,,0.014654000000000002,-2146023.0621947353,1999260.9915044308,0.911248687952859,True
301,109865,619.3,-2033167.2598784522,-2197306.763810155,0.9142425627330317,36375.30337834358,1179180.9584960938,363753.03220272064,121220.0,246118.27935123444,122894.99105834961,2033167.2611083984,0.31960543715640116,0.0009123086348680724,0.005498250329094988,0.02328092472529725,0.7195057272911072,,0.0146,-2146023.0621947353,1999260.9915044308,0.911248687952859,
302,110230,619.8,-2134294.221476684,-2146387.9044709415,0.9144216307629951,36249.54237651825,1213890.44921875,362495.42490005493,132655.0,305618.7600822449,119634.58477783203,2134294.218978882,0.31960543715640116,0.0009123086348680724,0.005498250329094988,0.02328092472529725,0.7195057272911072,,0.0146,-2146023.0621947353,1999260.9915044308,0.911248687952859,
303,110595,624.3,-2141697.6432940206,-2145979.5709392065,0.8976131937001477,34913.28662741184,1337935.689086914,349132.8634672165,102550.0,219881.12141990662,132197.96737670898,2141697.641350746,0.31935485962190124,0.0007128172959423146,0.005925764116813968,0.030484319247893597,0.7089158892631531,,0.014564,-2146023.0621947353,1999260.9915044308,0.911248687952859,
304,110960,624.9,-2034056.4058179369,-2140141.1664087535,0.9008986126775435,33879.69218254089,1296564.4959716797,338796.92510414124,100410.0,177278.50434327126,121006.48139953613,2034056.4068186283,0.31935485962190124,0.0007128172959423146,0.005925764116813968,0.030484319247893597,0.7089158892631531,,0.014564,-2146023.0621947353,1999260.9915044308,0.911248687952859,
305,111325,625.4,-2478392.6710178354,-2157141.836471814,0.8746955617570287,59576.74698925018,1157115.0650634766,595767.4694023132,143810.0,280718.5165991783,300981.6191177368,2478392.670182705,0.31935485962190124,0.0007128172959423146,0.005925764116813968,0.030484319247893597,0.7089158892631531,,0.014564,-2146023.0621947353,1999260.9915044308,0.911248687952859,
306,111690,630.0,-2196675.4933085167,-2156774.977959974,0.8809855070726842,32808.84427976608,1429288.2780761719,328088.4444923401,95035.0,199685.20017051697,144578.5774383545,2196675.5001773834,0.2973957548015996,0.0008844443502886478,0.004988820923149194,0.03519973565677279,0.7022603750228882,,0.014510000000000002,-2146023.0621947353,1999260.9915044308,0.911248687952859,
307,112055,630.6,-2094450.7400282756,-2154149.1732275346,0.8998128997719723,36095.40847015381,1284577.9794921875,360954.0811920166,103500.0,206943.88876366615,138474.7944393158,2094450.743887186,0.2973957548015996,0.0008844443502886478,0.004988820923149194,0.03519973565677279,0.7022603750228882,,0.014510000000000002,-2146023.0621947353,1999260.9915044308,0.911248687952859,
308,112420,631.1,-2059189.9977720566,-2148101.999014837,0.91150161264309,37537.91847324371,1183055.4428710938,375379.1859817505,120045.0,240286.6806550026,140423.68712997437,2059189.9966378212,0.2973957548015996,0.0008844443502886478,0.004988820923149194,0.03519973565677279,0.7022603750228882,,0.014510000000000002,-2146023.0621947353,1999260.9915044308,0.911248687952859,
309,112785,635.5,-2432148.897245059,-2160955.3040391086,0.8790319849796975,57419.04091358185,1162983.275390625,574190.4100952148,142640.0,263906.2438440919,288428.973323822,2432148.9026537538,0.31111732242923035,0.0007938851855023562,0.006103515625,0.03213202144558493,0.7122600078582764,,0.014456,-2146023.0621947353,1999260.9915044308,0.911248687952859,
310,113150,636.0,-2054581.0756796845,-2153782.400241395,0.9074622572380515,40029.9767639637,1156632.5065917969,400299.76917266846,117745.0,215567.18591201305,164336.61472511292,2054581.0764015913,0.31111732242923035,0.0007938851855023562,0.006103515625,0.03213202144558493,0.7122600078582764,,0.014456,-2146023.0621947353,1999260.9915044308,0.911248687952859,
311,113515,636.7,-2038731.1761222132,-2147435.131120785,0.9075478164493602,37404.48932528496,1198518.6342773438,374044.89214897156,111020.0,208618.6571612358,146528.99434661865,2038731.1779341698,0.31111732242923035,0.0007938851855023562,0.006103515625,0.03213202144558493,0.7122600078582764,,0.014456,-2146023.0621947353,1999260.9915044308,0.911248687952859,
312,113880,641.2,-2061181.723965528,-2138823.7598237935,0.9056109503589033,40476.289823293686,1158790.0189208984,404762.899641037,113995.0,220128.56254529953,163505.24955749512,2061181.73066473,0.30619610885256215,0.0009842208334559569,0.006515502932751061,0.02598455241930328,0.7271448969841003,,0.014402000000000003,-2146023.0621947353,1999260.9915044308,0.911248687952859,
313,114245,641.8,-2386063.5729306755,-2150757.583870896,0.8778859583466698,58489.45098686218,1130905.169921875,584894.5056877136,142410.0,264577.5943059921,263276.3073272705,2386063.5772428513,0.30619610885256215,0.0009842208334559569,0.006515502932751061,0.02598455241930328,0.7271448969841003,,0.014402000000000003,-2146023.0621947353,1999260.9915044308,0.911248687952859,
314,114610,642.3,-2024434.5814134022,-2148753.1637114994,0.8920778812145348,31281.334052085876,1365723.6188964844,312813.33945274353,92660.0,141238.54245615005,111999.08536911011,2024434.586174488,0.30619610885256215,0.0009842208334559569,0.006515502932751061,0.02598455241930328,0.7271448969841003,,0.014402000000000003,-2146023.0621947353,1999260.9915044308,0.911248687952859,
315,114975,646.9,-2440998.214181632,-2163900.953746902,0.8690005446132852,61507.519290447235,1151393.7131347656,615075.195277214,142930.0,236530.76501464844,295068.5416030884,2440998.2150297165,0.3133995352607024,0.0006779298195109923,0.004512050697628997,0.0386185853889114,0.7014155983924866,,0.014348,-2146023.0621947353,1999260.9915044308,0.911248687952859,
316,115340,647.5,-2046630.038804222,-2159775.1346013197,0.9102970717251113,37963.98360157013,1180827.868774414,379639.83502578735,130475.0,228447.01481056213,127240.32983398438,2046630.048444748,0.3133995352607024,0.0006779298195109923,0.004512050697628997,0.0386185853889114,0.7014155983924866,,0.014348,-2146023.0621947353,1999260.9915044308,0.911248687952859,
317,115705,648.1,-2030880.0024485977,-2155075.805882622,0.9130202634422612,36567.84688413143,1179666.9450683594,365678.46831798553,127540.0,237921.4870238304,120073.1046409607,2030880.005051136,0.3133995352607024,0.0006779298195109923,0.004512050697628997,0.0386185853889114,0.7014155983924866,,0.014348,-2146023.0621947353,1999260.9915044308,0.911248687952859,
318,116070,653.4,-2049347.2869684692,-2144002.1112651173,0.8902816998188643,32649.971767902374,1370827.8747558594,326499.71224212646,93775.0,135922.82356333733,122321.87230587006,2049347.2828671932,0.3452729712191381,0.0008423845539302994,0.005622194522354556,0.051484946308559494,0.6727029085159302,,0.014294000000000003,-2146023.0621947353,1999260.9915044308,0.911248687952859,
319,116435,654.0,-1953296.642255923,-2136282.3360253675,0.9068522060235199,36647.97491431236,1185612.390625,366479.7474002838,108315.0,162533.21946048737,130356.28112220764,1953296.6386079788,0.3452729712191381,0.0008423845539302994,0.005622194522354556,0.051484946308559494,0.6727029085159302,,0.014294000000000003,-2146023.0621947353,1999260.9915044308,0.911248687952859,
320,116800,659.0,-2005463.4548173228,-2134784.054971325,0.9113429308638412,37461.68993520737,1173669.4384765625,374616.90214538574,124255.0,216169.37808060646,116752.74168777466,2005463.4603903294,0.2777852921893722,0.0008520729628033127,0.005356370355002582,0.022551808212148517,0.7225674390792847,,0.014258000000000002,-2146023.0621947353,1999260.9915044308,0.911248687952859,
321,117165,659.7,-1972320.0639007776,-2131741.6951724417,0.905161239514243,38171.74754667282,1180380.4748535156,381717.47705459595,110040.0,169919.89779520035,130262.21409988403,1972320.063803196,0.2777852921893722,0.0008520729628033127,0.005356370355002582,0.022551808212148517,0.7225674390792847,,0.014258000000000002,-2146023.0621947353,1999260.9915044308,0.911248687952859,
322,117530,660.2,-1964887.0313684405,-2123271.3356670295,0.9144618482625622,36856.165591716766,1156425.212524414,368561.6571273804,134650.0,200168.1261267662,105082.0364074707,1964887.0321860313,0.2777852921893722,0.0008520729628033127,0.005356370355002582,0.022551808212148517,0.7225674390792847,,0.014258000000000002,-2146023.0621947353,1999260.9915044308,0.911248687952859,
323,117895,664.8,-2444294.339738939,-2138401.1704892754,0.8694355268962483,61227.94853305817,1153240.7966308594,612279.4871520996,143925.0,237792.45297443867,297056.6106262207,2444294.3473836184,0.316986740811875,0.0007069544819961792,0.005591409248728796,0.04468924468873363,0.6979784369468689,,0.014204,-2146023.0621947353,1999260.9915044308,0.911248687952859,
324,118260,665.3,-2318828.430194928,-2152639.771708125,0.8731226489248215,59951.57842063904,1120773.9388427734,599515.7859077454,139565.0,215723.89046287537,243249.80745697021,2318828.4226703644,0.316986740811875,0.0007069544819961792,0.005591409248728796,0.04468924468873363,0.6979784369468689,,0.014204,-2146023.0621947353,1999260.9915044308,0.911248687952859,
325,118625,666.8,-1989974.1147958385,-2128218.8438970256,0.8892924906958481,31831.73015022278,1339072.5904541016,318317.3000779152,92490.0,119788.57095909119,120305.6554222107,1989974.1169133186,0.316986740811875,0.0007069544819961792,0.005591409248728796,0.04468924468873363,0.6979784369468689,,0.014204,-2102688.721617232,1954647.59914577,0.9094052446732789,True
326,118990,671.7,-2370658.901308337,-2136918.014297016,0.8764970664600155,59172.4785118103,1129258.892211914,591724.7857398987,142875.0,236799.96479272842,270000.25774383545,2370658.9004883766,0.30692469838418457,0.000750072069661799,0.005701165442587808,0.048599061948296274,0.6854071617126465,,0.014150000000000003,-2102688.721617232,1954647.59914577,0.9094052446732789,
327,119355,672.2,-1962636.2746511188,-2130327.2910281583,0.9051628497207426,33134.01389026642,1266228.2900390625,331340.14037132263,102390.0,149668.82599544525,113009.01650619507,1962636.2729120255,0.30692469838418457,0.000750072069661799,0.005701165442587808,0.048599061948296274,0.6854071617126465,,0.014150000000000003,-2102688.721617232,1954647.59914577,0.9094052446732789,
328,119720,672.7,-1949839.1795597558,-2124859.750117543,0.9203369734249297,33498.62132692337,1184065.3752441406,334986.21227931976,128470.0,205430.98627996445,96886.61418914795,1949839.1879925728,0.30692469838418457,0.000750072069661799,0.005701165442587808,0.048599061948296274,0.6854071617126465,,0.014150000000000003,-2102688.721617232,1954647.59914577,0.9094052446732789,
329,120085,677.3,-1943922.3595870105,-2100448.4232346406,0.9190676515444645,34197.640110492706,1172226.357788086,341976.4008655548,124840.0,202426.93891596794,102452.65175628662,1943922.3493258953,0.3068741548218225,0.0005979540449659812,0.004090961655540588,0.03874133904709628,0.6923599243164062,,0.014096000000000001,-2102688.721617232,1954647.59914577,0.9094052446732789,
330,120450,677.9,-1914666.7595275927,-2093452.7074270365,0.9196860464920358,33915.618798971176,1179135.4772949219,339156.18841362,124020.0,196774.8215789795,75580.26948928833,1914666.7567768097,0.3068741548218225,0.0005979540449659812,0.004090961655540588,0.03874133904709628,0.6923599243164062,,0.014096000000000001,-2102688.721617232,1954647.59914577,0.9094052446732789,
331,120815,678.5,-2003089.8662495404,-2091670.6419334027,0.913030798393917,37629.660212516785,1147499.6196289062,376296.60234832764,137030.0,218499.66487884521,123763.97389221191,2003089.860748291,0.3068741548218225,0.0005979540449659812,0.004090961655540588,0.03874133904709628,0.6923599243164062,,0.014096000000000001,-2102688.721617232,1954647.59914577,0.9094052446732789,
332,121180,683.0,-1993599.6439273045,-2088291.5379314914,0.896651417237704,34578.98891210556,1275689.2239990234,345789.88928985596,101065.0,142795.32940804958,128260.19856643677,1993599.6412633657,0.32490512611050354,0.0007310172691416627,0.005236441637144277,0.04111646110878179,0.6798069477081299,,0.014042000000000002,-2102688.721617232,1954647.59914577,0.9094052446732789,
333,121545,683.5,-1991293.6842461224,-2068553.043497264,0.9152342236979392,35938.48524188995,1177292.83984375,359384.8535079956,133990.0,214272.19957351685,106353.79786300659,1991293.690788269,0.32490512611050354,0.0007310172691416627,0.005236441637144277,0.04111646110878179,0.6798069477081299,,0.014042000000000002,-2102688.721617232,1954647.59914577,0.9094052446732789,
334,121910,688.1,-1978974.801872633,-2066280.0545202256,0.9146789814887551,36682.406772613525,1164787.0815429688,366824.06785583496,136310.0,201100.38330936432,109953.27109527588,1978974.803803444,0.30183506835448115,0.0007526658329975602,0.0060349849227350205,0.0427755754146921,0.6901125907897949,,0.014006000000000003,-2102688.721617232,1954647.59914577,0.9094052446732789,
335,122275,688.6,-2321702.952021321,-2060315.29141221,0.8769450919684844,57967.59858131409,1128422.1372070312,579675.9820556641,143855.0,214686.5041193962,255063.32527923584,2321702.9486613274,0.30183506835448115,0.0007526658329975602,0.0060349849227350205,0.0427755754146921,0.6901125907897949,,0.014006000000000003,-2102688.721617232,1954647.59914577,0.9094052446732789,
336,122640,689.1,-1996741.3704582201,-2057820.8579949099,0.9144701989458465,36152.84819698334,1165060.0922851562,361528.48500204086,122055.0,178614.7021983266,169483.09105300903,1996741.3705385327,0.30183506835448115,0.0007526658329975602,0.0060349849227350205,0.0427755754146921,0.6901125907897949,,0.014006000000000003,-2102688.721617232,1954647.59914577,0.9094052446732789,
337,123005,693.6,-1936130.966942252,-2053083.4062195928,0.9175639532218767,34749.019490242004,1166867.6397705078,347490.1977901459,127770.0,189211.94120955467,104791.1869468689,1936130.9657170773,0.32662367624671834,0.0007221704861781051,0.005783081051623939,0.04776630501605963,0.6740092039108276,,0.013952,-2102688.721617232,1954647.59914577,0.9094052446732789,
338,123370,694.2,-1931626.6311581165,-2047197.3734290744,0.9167045483627718,35117.02922844887,1163544.4116210938,351170.293094635,129375.0,184478.46767425537,103058.46552276611,1931626.6379127502,0.32662367624671834,0.0007221704861781051,0.005783081051623939,0.04776630501605963,0.6740092039108276,,0.013952,-2102688.721617232,1954647.59914577,0.9094052446732789,
339,123735,694.7,-2331641.2170267478,-2066114.6021676157,0.8751223765321445,58659.640214920044,1137227.4528808594,586596.4021244049,144745.0,209768.94955682755,253303.41583251953,2331641.2203946114,0.32662367624671834,0.0007221704861781051,0.005783081051623939,0.04776630501605963,0.6740092039108276,,0.013952,-2102688.721617232,1954647.59914577,0.9094052446732789,
340,124100,699.4,-1918923.8242666882,-2061787.6206400841,0.9076821540372324,39676.64079141617,1128634.775024414,396766.4075574875,114900.0,148844.39222812653,129778.24689292908,1918923.8217029572,0.3163335589986098,0.0006437860714102403,0.004839177716731731,0.05266054704981415,0.6740007400512695,,0.013898000000000002,-2102688.721617232,1954647.59914577,0.9094052446732789,
341,124465,699.9,-1971400.8608176224,-2061741.6604859263,0.8896474003130455,32681.03274989128,1318628.2156982422,326810.3241443634,93725.0,106828.00428414345,125409.33135032654,1971400.8754770756,0.3163335589986098,0.0006437860714102403,0.004839177716731731,0.05266054704981415,0.6740007400512695,,0.013898000000000002,-2102688.721617232,1954647.59914577,0.9094052446732789,
342,124830,700.5,-1914918.7522949753,-2059243.2465322532,0.9016497202923732,35123.63869142532,1212664.8659667969,351236.3855085373,102205.0,115572.05438113213,133240.43863677979,1914918.744493246,0.3163335589986098,0.0006437860714102403,0.004839177716731731,0.05266054704981415,0.6740007400512695,,0.013898000000000002,-2102688.721617232,1954647.59914577,0.9094052446732789,
343,125195,705.0,-1947457.8835899336,-2034401.423724803,0.8801210074373391,33717.04556918144,1288624.8894042969,337170.45297050476,90840.0,81928.96928548813,148893.56623458862,1947457.8778948784,0.257188129974039,0.0006595639753006827,0.005638791807302225,0.023806744843329255,0.6952134370803833,,0.013844,-2102688.721617232,1954647.59914577,0.9094052446732789,
344,125560,705.5,-1906097.5471244585,-2013764.8795712795,0.9029431781394206,41260.116711616516,1091957.2393798828,412601.1673297882,113550.0,116298.88431167603,171690.2552947998,1906097.5463161469,0.257188129974039,0.0006595639753006827,0.005638791807302225,0.023806744843329255,0.6952134370803833,,0.013844,-2102688.721617232,1954647.59914577,0.9094052446732789,
345,125925,706.1,-2322433.062898207,-2030387.8269763975,0.8693297251379954,61092.92695760727,1103381.7985839844,610929.2690887451,143510.0,169561.9725984335,295050.01850891113,2322433.058780074,0.257188129974039,0.0006595639753006827,0.005638791807302225,0.023806744843329255,0.6952134370803833,,0.013844,-2102688.721617232,1954647.59914577,0.9094052446732789,
346,126290,710.6,-1932447.8780025542,-2008477.2758111085,0.89920940992281,39806.73959803581,1147516.8137207031,398067.3984422684,108945.0,122945.76403725147,154972.90229988098,1932447.878500104,0.29127466286483567,0.0006079354741239896,0.00449545341880845,0.03881349752804166,0.7162204384803772,,0.013790000000000002,-2102688.721617232,1954647.59914577,0.9094052446732789,
347,126655,711.1,-1939396.7969741262,-2007315.3019272587,0.880859671226073,33002.347631692886,1297073.343383789,330023.4769897461,90840.0,84168.54765319824,137291.42522239685,1939396.7932491302,0.29127466286483567,0.0006079354741239896,0.00449545341880845,0.03881349752804166,0.7162204384803772,,0.013790000000000002,-2102688.721617232,1954647.59914577,0.9094052446732789,
348,127020,715.9,-1998330.7350053098,-2009739.8796995368,0.8767069478566035,32470.581505537033,1357019.0769042969,324705.8111419678,89315.0,78747.00695943832,148543.83419036865,1998330.7291960716,0.23993997883639837,0.0007839956497264211,0.006098697053905772,0.019757532808733613,0.7337196469306946,,0.013754000000000002,-2102688.721617232,1954647.59914577,0.9094052446732789,
349,127385,716.6,-1959160.7723231378,-2010501.800336343,0.9088064187886217,39289.20417404175,1135443.4055175781,392892.0414505005,137835.0,162955.040266037,130035.2815208435,1959160.768754959,0.23993997883639837,0.0007839956497264211,0.006098697053905772,0.019757532808733613,0.7337196469306946,,0.013754000000000002,-2102688.721617232,1954647.59914577,0.9094052446732789,
350,127750,718.4,-1927400.0372366682,-2011138.4642217972,0.8875124140875277,35847.43139100075,1249509.574584961,358474.3154182434,97345.0,75181.49526691437,146889.65899658203,1927400.0442667007,0.23993997883639837,0.0007839956497264211,0.006098697053905772,0.019757532808733613,0.7337196469306946,,0.013754000000000002,-2002305.7178571373,1846700.1516544223,0.9075298212856988,True
351,128115,723.3,-2288610.881583785,-2025414.5149885095,0.8714634385338592,61047.02596616745,1090108.5434570312,610470.2611675262,143340.0,161531.07022237778,283161.0050506592,2288610.8798975945,0.29605576984192195,0.0006516874492789563,0.005020141604626061,0.04594360380188415,0.7112952470779419,,0.013700000000000002,-2002305.7178571373,1846700.1516544223,0.9075298212856988,
352,128480,723.9,-1890670.0436390166,-2020268.034974095,0.9097305375174397,38598.86107969284,1115802.9616699219,385988.6103363037,121205.0,128043.59433889389,139629.87954711914,1890670.0458922386,0.29605576984192195,0.0006516874492789563,0.005020141604626061,0.04594360380188415,0.7112952470779419,,0.013700000000000002,-2002305.7178571373,1846700.1516544223,0.9075298212856988,
353,128845,724.5,-1907329.736774318,-2016069.8376005045,0.8990390451024589,34933.80288696289,1205858.7083740234,349338.02863025665,103290.0,102855.91152489185,145987.08658981323,1907329.7351189852,0.29605576984192195,0.0006516874492789563,0.005020141604626061,0.04594360380188415,0.7112952470779419,,0.013700000000000002,-2002305.7178571373,1846700.1516544223,0.9075298212856988,
354,129210,729.2,-1881477.9480404563,-2011194.9949088958,0.9169974398050983,34902.90857219696,1142907.9639892578,349029.08580207825,130460.0,157103.05683135986,101977.83895874023,1881477.9455814362,0.2911290753828852,0.000791614522887884,0.004605477315827126,0.030195840389320727,0.7141644954681396,,0.013646000000000002,-2002305.7178571373,1846700.1516544223,0.9075298212856988,
355,129575,729.8,-1889149.1740562017,-1989567.3060106398,0.9170396931102316,34931.93050146103,1157350.6611328125,349319.3031730652,128755.0,161075.89246559143,92648.30963134766,1889149.1664028168,0.2911290753828852,0.000791614522887884,0.004605477315827126,0.030195840389320727,0.7141644954681396,,0.013646000000000002,-2002305.7178571373,1846700.1516544223,0.9075298212856988,
356,129940,730.3,-1937032.3450716315,-1986581.8547413102,0.8895750771616777,29081.61810362339,1369358.5842285156,290816.1855621338,90320.0,84839.31088852882,101698.26296234131,1937032.3436415195,0.2911290753828852,0.000791614522887884,0.004605477315827126,0.030195840389320727,0.7141644954681396,,0.013646000000000002,-2002305.7178571373,1846700.1516544223,0.9075298212856988,
357,130305,734.9,-1918731.8854086518,-1985711.90066463,0.9109624862817216,38011.71728157997,1120821.5017089844,380117.1697330475,120420.0,136523.18686294556,160850.0293121338,1918731.8876171112,0.2705241394670386,0.0005088325213268705,0.0037536621132044515,0.027150014096772986,0.7033674716949463,,0.013592000000000002,-2002305.7178571373,1846700.1516544223,0.9075298212856988,
358,130670,735.4,-1941619.1570922728,-1986211.5269613382,0.9115624222406897,37372.30535984039,1146706.9431152344,373723.05180358887,130870.0,167862.67227315903,122456.4928894043,1941619.1600813866,0.2705241394670386,0.0005088325213268705,0.0037536621132044515,0.027150014096772986,0.7033674716949463,,0.013592000000000002,-2002305.7178571373,1846700.1516544223,0.9075298212856988,
359,131035,736.0,-1810021.4754586674,-1960130.5398829342,0.899575055874512,30986.518209695816,1233751.7127685547,309865.182346344,93975.0,66907.91341590881,105521.6727733612,1810021.4813041687,0.2705241394670386,0.0005088325213268705,0.0037536621132044515,0.027150014096772986,0.7033674716949463,,0.013592000000000002,-2002305.7178571373,1846700.1516544223,0.9075298212856988,
360,131400,740.5,-1874348.7496189785,-1957901.7861505481,0.8873771627298292,29718.01331615448,1316712.6375732422,297180.13330841064,89310.0,54321.81721448898,116824.16904449463,1874348.7571406364,0.27987042579211685,0.0007841311183399643,0.006015175270333298,0.03327780388491718,0.7077599167823792,,0.013538000000000001,-2002305.7178571373,1846700.1516544223,0.9075298212856988,
361,131765,741.1,-1880744.790980216,-1953368.9826586782,0.9144683329023999,36928.38280105591,1109972.848022461,369283.82792663574,137670.0,152770.75902616978,111047.35810089111,1880744.7930761576,0.27987042579211685,0.0007841311183399643,0.006015175270333298,0.03327780388491718,0.7077599167823792,,0.013538000000000001,-2002305.7178571373,1846700.1516544223,0.9075298212856988,
362,132130,745.7,-1910740.2205534675,-1953160.056071603,0.9098406541304997,39040.43931102753,1116773.9295654297,390404.3925704956,138215.0,152661.02341771126,112685.8733215332,1910740.2188751698,0.2927869072085933,0.0008258369963713401,0.006406549827692001,0.04536198795233902,0.7021597623825073,,0.013502000000000002,-2002305.7178571373,1846700.1516544223,0.9075298212856988,
363,132495,746.2,-1827493.2456865155,-1947161.8241764319,0.9072855523446592,39624.764211177826,1074772.5561523438,396247.640417099,116765.0,104409.71577692032,135298.33854675293,1827493.250893116,0.2927869072085933,0.0008258369963713401,0.006406549827692001,0.04536198795233902,0.7021597623825073,,0.013502000000000002,-2002305.7178571373,1846700.1516544223,0.9075298212856988,
364,132860,746.7,-1881271.8894415374,-1945920.541292286,0.9096556464572116,38171.12178230286,1118293.044921875,381711.21503829956,131805.0,137586.94810819626,111875.67974853516,1881271.887816906,0.2927869072085933,0.0008258369963713401,0.006406549827692001,0.04536198795233902,0.7021597623825073,,0.013502000000000002,-2002305.7178571373,1846700.1516544223,0.9075298212856988,
365,133225,751.1,-2181991.9402468875,-1938898.4851597198,0.875525135145163,59023.86484146118,1064409.6420898438,590238.6453094482,142605.0,144448.25216329098,240290.39727783203,2181991.936840415,0.30764689727833394,0.0006330667016587349,0.004408986947964877,0.04705453075860676,0.6978062391281128,,0.013448000000000002,-2002305.7178571373,1846700.1516544223,0.9075298212856988,
366,133590,751.7,-1823317.5318617653,-1933441.9678526807,0.8901586666456791,30280.070207118988,1274945.4765625,302800.7017297745,89635.0,45265.287246346474,110671.0623626709,1823317.5279012918,0.30764689727833394,0.0006330667016587349,0.004408986947964877,0.04705453075860676,0.6978062391281128,,0.013448000000000002,-2002305.7178571373,1846700.1516544223,0.9075298212856988,
367,133955,752.2,-1856210.8993724757,-1929282.6729725979,0.8973702640920228,36651.952325344086,1167388.9498291016,366519.5231246948,103260.0,84420.48918199539,134621.93509864807,1856210.8972344398,0.30764689727833394,0.0006330667016587349,0.004408986947964877,0.04705453075860676,0.6978062391281128,,0.013448000000000002,-2002305.7178571373,1846700.1516544223,0.9075298212856988,
368,134320,756.7,-1869422.354271806,-1922837.2539359226,0.9120768615249176,38042.407709121704,1102120.7794189453,380424.0762023926,138055.0,129808.95316314697,119013.54174041748,1869422.3505249023,0.2604508403884737,0.0006242888470966902,0.004527041789658956,0.025684131137830645,0.7444578409194946,,0.013394000000000001,-2002305.7178571373,1846700.1516544223,0.9075298212856988,
369,134685,757.3,-1897948.2436284819,-1919776.6275011897,0.9127853705084199,37608.866958618164,1122870.7996826172,376088.66957855225,137075.0,139306.07673287392,122607.69367980957,1897948.239673853,0.2604508403884737,0.0006242888470966902,0.004527041789658956,0.025684131137830645,0.7444578409194946,,0.013394000000000001,-2002305.7178571373,1846700.1516544223,0.9075298212856988,
370,135050,758.0,-1849944.057192759,-1915903.8284989945,0.9093953460398948,38724.51970720291,1091751.627319336,387245.1966743469,120475.0,110787.17261791229,139685.06341934204,1849944.0600309372,0.2604508403884737,0.0006242888470966902,0.004527041789658956,0.025684131137830645,0.7444578409194946,,0.013394000000000001,-2002305.7178571373,1846700.1516544223,0.9075298212856988,
371,135415,762.7,-1872388.09966866,-1895092.6894032382,0.9116665211692766,37291.30309057236,1115986.6842041016,372913.0313949585,129175.0,135233.82552325726,119079.5556678772,1872388.0967901945,0.3175521328261024,0.0006654586953740555,0.005372432239758047,0.05173771495097562,0.6970702409744263,,0.013340000000000001,-2002305.7178571373,1846700.1516544223,0.9075298212856988,
372,135780,763.2,-1850276.4208829522,-1893073.0082654352,0.9142834017899881,36338.523211956024,1109290.1588134766,363385.2341346741,133215.0,128387.89153862,115998.14071655273,1850276.4252033234,0.3175521328261024,0.0006654586953740555,0.005372432239758047,0.05173771495097562,0.6970702409744263,,0.013340000000000001,-2002305.7178571373,1846700.1516544223,0.9075298212856988,
373,136145,763.7,-1940123.6977963003,-1894712.7063165344,0.900963551317049,43415.30126428604,1096442.6137695312,434153.0114059448,139095.0,138751.9117348194,131681.16632080078,1940123.7032310963,0.3175521328261024,0.0006654586953740555,0.005372432239758047,0.05173771495097562,0.6970702409744263,,0.013340000000000001,-2002305.7178571373,1846700.1516544223,0.9075298212856988,
374,136510,768.2,-2143061.7721020365,-1907791.8975196134,0.8744594929064768,58831.29459619522,1053017.1751708984,588312.9480743408,141195.0,135305.43772816658,225231.21186065674,2143061.7728340626,0.3170383058880505,0.0007347779979011792,0.0052926582244062475,0.05283783101721814,0.6757054328918457,,0.013286000000000001,-2002305.7178571373,1846700.1516544223,0.9075298212856988,
375,136875,769.7,-1860123.7152144825,-1906340.6245775274,0.903313453380922,40522.395240068436,1086109.4389648438,405223.9522781372,114705.0,95639.41159248352,158445.9153060913,1860123.7181415558,0.3170383058880505,0.0007347779979011792,0.0052926582244062475,0.05283783101721814,0.6757054328918457,,0.013286000000000001,-1952471.971520996,1800472.622784853,0.9069608494823631,True
376,137240,774.3,-1849581.9179488237,-1901968.1032213871,0.9095109949609531,38296.575734615326,1109067.6538085938,382965.75648117065,132560.0,121662.35665869713,103326.151512146,1849581.9184606075,0.30289170302842794,0.0007335850967042221,0.004823383530540588,0.049570628883023014,0.7029709815979004,,0.013250000000000001,-1952471.971520996,1800472.622784853,0.9069608494823631,
377,137605,774.8,-2258361.145991778,-1918949.5662505433,0.8734923963957244,60048.47864961624,1076011.4555664062,600484.7901496887,143790.0,146604.15079164505,291470.75747299194,2258361.153980732,0.30289170302842794,0.0007335850967042221,0.004823383530540588,0.049570628883023014,0.7029709815979004,,0.013250000000000001,-1952471.971520996,1800472.622784853,0.9069608494823631,
378,137970,775.4,-1973157.160080113,-1920526.4663999355,0.8847044045495157,29698.415954113007,1349363.4641113281,296984.1613731384,91790.0,88208.85012960434,146810.6876449585,1973157.1632590294,0.30289170302842794,0.0007335850967042221,0.004823383530540588,0.049570628883023014,0.7029709815979004,,0.013250000000000001,-1952471.971520996,1800472.622784853,0.9069608494823631,
379,138335,779.9,-2284835.8709248044,-1944267.1861732423,0.8670155177750505,62720.801196575165,1075454.4744873047,627208.0137863159,145405.0,146705.52087259293,290062.8651123047,2284835.874258518,0.29724716238285365,0.000647235731967636,0.004124156218542913,0.06001632136145705,0.7095892429351807,,0.013196000000000001,-1952471.971520996,1800472.622784853,0.9069608494823631,
380,138700,780.4,-1860900.9713016374,-1943594.7972573754,0.8804354550550608,32037.558947086334,1275813.8858642578,320375.5911254883,88200.0,45466.087985277176,131045.40475845337,1860900.9697334766,0.29724716238285365,0.000647235731967636,0.004124156218542913,0.06001632136145705,0.7095892429351807,,0.013196000000000001,-1952471.971520996,1800472.622784853,0.9069608494823631,
381,139065,781.0,-1843521.4190512407,-1941733.6286609261,0.8975287916251523,41728.42794561386,1069277.4530029297,417284.27742767334,111015.0,73107.0141415596,172837.67574310303,1843521.4203152657,0.29724716238285365,0.000647235731967636,0.004124156218542913,0.06001632136145705,0.7095892429351807,,0.013196000000000001,-1952471.971520996,1800472.622784853,0.9069608494823631,
382,139430,786.8,-1878749.5964608784,-1940134.0974562964,0.9063665710690749,40318.92903137207,1087113.4171142578,403189.291015625,134650.0,125358.63857197762,128438.25177764893,1878749.5984795094,0.259069914488416,0.0007100862152774904,0.00482150964824924,0.028473408378072475,0.7143398523330688,,0.013142000000000001,-1952471.971520996,1800472.622784853,0.9069608494823631,
383,139795,787.6,-1887750.175596836,-1943146.9439518128,0.9082777114274999,39205.40813827515,1109650.6463623047,392054.08069610596,132530.0,132311.27260541916,121204.1717376709,1887750.1714015007,0.259069914488416,0.0007100862152774904,0.00482150964824924,0.028473408378072475,0.7143398523330688,,0.013142000000000001,-1952471.971520996,1800472.622784853,0.9069608494823631,
384,140160,788.4,-1817933.4742962827,-1939980.0231945496,0.899498572549067,36427.546391010284,1140442.6435546875,364275.4627342224,102990.0,70881.54588031769,139343.8169708252,1817933.4691400528,0.259069914488416,0.0007100862152774904,0.00482150964824924,0.028473408378072475,0.7143398523330688,,0.013142000000000001,-1952471.971520996,1800472.622784853,0.9069608494823631,
385,140525,793.6,-1807386.1370803185,-1921249.7330362215,0.8934656907606348,35309.09224843979,1170165.6651611328,353090.9232673645,97800.0,55524.69393205643,130804.86944007874,1807386.1518006325,0.2819787244263448,0.0006160831904516703,0.00407034890591412,0.04862874035576457,0.7222342491149902,,0.013088,-1952471.971520996,1800472.622784853,0.9069608494823631,
386,140890,794.1,-1884498.7009696595,-1924308.7914916165,0.9062358084882756,40393.613703250885,1090319.291015625,403936.1343841553,134735.0,127168.74060606956,128339.53441619873,1884498.7004220486,0.2819787244263448,0.0006160831904516703,0.00407034890591412,0.04862874035576457,0.7222342491149902,,0.013088,-1952471.971520996,1800472.622784853,0.9069608494823631,
387,141255,794.6,-2171463.542321526,-1940071.4236390688,0.8760731779367852,59380.652132987976,1050331.119140625,593806.5222930908,143725.0,125321.7631893158,258279.13534545898,2171463.5399684906,0.2819787244263448,0.0006160831904516703,0.00407034890591412,0.04862874035576457,0.7222342491149902,,0.013088,-1952471.971520996,1800472.622784853,0.9069608494823631,
388,141620,799.5,-1806032.3531238362,-1936901.9235816703,0.9085792892898064,38785.327939510345,1075869.0437011719,387853.2790489197,120550.0,99170.80788373947,122589.22496795654,1806032.3556017876,0.3022024855017662,0.0006277877753650261,0.004710682646346916,0.056208687491322816,0.7029541730880737,,0.013034,-1952471.971520996,1800472.622784853,0.9069608494823631,
389,141985,800.0,-1807451.4922548244,-1932377.0860129874,0.8993727833786445,39109.87463927269,1101549.8912353516,391098.7466163635,106415.0,67919.03001737595,140468.81844329834,1807451.4863123894,0.3022024855017662,0.0006277877753650261,0.004710682646346916,0.056208687491322816,0.7029541730880737,,0.013034,-1952471.971520996,1800472.622784853,0.9069608494823631,
390,142350,804.6,-1773427.479966903,-1928551.2571516945,0.9118081781904128,37289.00152206421,1088418.0178222656,372890.01346206665,122040.0,97429.40995359421,92650.03256225586,1773427.4738001823,0.2792928112964881,0.0006018181907405195,0.004592360113747418,0.03183750712655877,0.7076416015625,,0.012998000000000001,-1952471.971520996,1800472.622784853,0.9069608494823631,
391,142715,805.2,-1787378.7619959433,-1924300.7902680587,0.8956219726241208,33376.231167793274,1176603.614868164,333762.3092575073,96135.0,55113.74917960167,125764.08337402344,1787378.7566792965,0.2792928112964881,0.0006018181907405195,0.004592360113747418,0.03183750712655877,0.7076416015625,,0.012998000000000001,-1952471.971520996,1800472.622784853,0.9069608494823631,
392,143080,805.7,-1846136.4522474767,-1924093.7918362848,0.9119711790444329,37833.81892967224,1100538.9494628906,378338.1888847351,135265.0,125762.31575345993,106231.9927368164,1846136.446837902,0.2792928112964881,0.0006018181907405195,0.004592360113747418,0.03183750712655877,0.7076416015625,,0.012998000000000001,-1952471.971520996,1800472.622784853,0.9069608494823631,
393,143445,810.4,-1821582.7983676156,-1918166.7468648504,0.9137406047418828,36271.29937148094,1109529.6005859375,362712.9946374893,124780.0,106174.06013000011,118386.14315605164,1821582.7985094786,0.27667281266890076,0.0005447366045604882,0.004529718767643269,0.04149006856115241,0.7278553247451782,,0.012944,-1952471.971520996,1800472.622784853,0.9069608494823631,
394,143810,810.9,-2219153.006642835,-1921971.3085918904,0.8733330823462506,60352.73292064667,1061789.0401611328,603527.3274383545,142250.0,145365.78144299984,266220.8579559326,2219153.0069984198,0.27667281266890076,0.0005447366045604882,0.004529718767643269,0.04149006856115241,0.7278553247451782,,0.012944,-1952471.971520996,1800472.622784853,0.9069608494823631,
395,144175,811.5,-1799036.5985684805,-1918916.9527595907,0.9158773245611259,35886.48097419739,1102626.6837158203,358864.80919265747,132325.0,101545.50880050659,103674.59328460693,1799036.5949935913,0.27667281266890076,0.0005447366045604882,0.004529718767643269,0.04149006856115241,0.7278553247451782,,0.012944,-1952471.971520996,1800472.622784853,0.9069608494823631,
396,144540,816.0,-1765178.0371338553,-1914696.7587188422,0.9049079198675064,37981.86883068085,1084674.6953125,379818.68970680237,109880.0,68164.23283219337,122640.4183921814,1765178.0362436771,0.29272044175549555,0.0006016043299065419,0.004349290283004704,0.05341339091721334,0.7078393697738647,,0.01289,-1952471.971520996,1800472.622784853,0.9069608494823631,
397,144905,816.6,-1811250.6730915809,-1892341.2350738328,0.9051681812906643,40871.18621826172,1059609.0455322266,408711.8619194031,115520.0,83599.30450510979,143810.46089172363,1811250.672848463,0.29272044175549555,0.0006016043299065419,0.004349290283004704,0.05341339091721334,0.7078393697738647,,0.01289,-1952471.971520996,1800472.622784853,0.9069608494823631,
398,145270,817.1,-1853038.8210891066,-1886335.318124282,0.9099117448238903,38781.64252948761,1098998.185546875,387816.42457962036,134775.0,116967.60539007187,114481.60971450806,1853038.8252310753,0.29272044175549555,0.0006016043299065419,0.004349290283004704,0.05341339091721334,0.7078393697738647,,0.01289,-1952471.971520996,1800472.622784853,0.9069608494823631,
399,145635,821.7,-1858890.451473526,-1865038.0471517178,0.9018255380256439,42926.7834982872,1075841.8885498047,429267.83528137207,137880.0,102376.86065173149,113523.86767196655,1858890.4521548748,0.2883345970981999,0.000614843057088652,0.0026951840049342104,0.044462948351314195,0.7128052711486816,,0.012836,-1952471.971520996,1800472.622784853,0.9069608494823631,
400,146000,823.1,-2240371.5676159356,-1884011.5769674326,0.8740020102006485,58927.747853279114,1088853.8081054688,589277.4760284424,146070.0,149755.00178432465,266415.2808685303,2240371.566786766,0.2883345970981999,0.000614843057088652,0.0026951840049342104,0.044462948351314195,0.7128052711486816,,0.012836,-1943892.740430953,1797202.6072379947,0.9074780489100822,True
401,146365,823.8,-1781948.6549334745,-1880932.9387615446,0.905049632955915,38665.78341805935,1074373.4138183594,386657.8340911865,111760.0,72297.49734354019,136859.915184021,1781948.660437107,0.2883345970981999,0.000614843057088652,0.0026951840049342104,0.044462948351314195,0.7128052711486816,,0.012836,-1943892.740430953,1797202.6072379947,0.9074780489100822,
402,146730,828.5,-1888878.4492584278,-1881439.381401422,0.9114976435499771,38189.03231525421,1111501.1790771484,381890.32319641113,137030.0,136790.64699554443,121666.3009109497,1888878.4501800537,0.2996962658668819,0.000672027803471122,0.00501639382778912,0.06092730610582389,0.7094434499740601,,0.012782000000000002,-1943892.740430953,1797202.6072379947,0.9074780489100822,
403,147095,829.0,-1746738.7097260642,-1874388.8081078834,0.910411570442356,34738.36150312424,1099925.744140625,347383.61570358276,108030.0,72649.42156720161,118749.93446350098,1746738.7158749104,0.2996962658668819,0.000672027803471122,0.00501639382778912,0.06092730610582389,0.7094434499740601,,0.012782000000000002,-1943892.740430953,1797202.6072379947,0.9074780489100822,
404,147460,833.6,-1987887.6437459926,-1882886.5165803693,0.8920711545154933,48573.26898145676,1094343.978881836,485732.68755340576,138145.0,124747.85119342804,144918.1258201599,1987887.6434488297,0.2901794961408565,0.0007640162797734343,0.004610831280986436,0.05887928438421927,0.7220524549484253,,0.012746,-1943892.740430953,1797202.6072379947,0.9074780489100822,
405,147825,834.2,-1777007.3462161985,-1881367.5770371635,0.9100953749834647,36185.80242753029,1099606.8736572266,361858.02449417114,111500.0,83924.86482572556,120117.58438110352,1777007.3473582268,0.2901794961408565,0.0007640162797734343,0.004610831280986436,0.05887928438421927,0.7220524549484253,,0.012746,-1943892.740430953,1797202.6072379947,0.9074780489100822,
406,148190,834.7,-1861189.6812729908,-1880202.12605233,0.9126443653679739,36920.24748778343,1103514.5183105469,369202.47746276855,125570.0,128636.4709906578,134266.21772289276,1861189.684486866,0.2901794961408565,0.0007640162797734343,0.004610831280986436,0.05887928438421927,0.7220524549484253,,0.012746,-1943892.740430953,1797202.6072379947,0.9074780489100822,
407,148555,840.6,-1766566.0185180642,-1859957.2498621568,0.9218581400682128,32897.723031282425,1113768.9328613281,328977.22885894775,127090.0,110690.33360862732,86039.52209472656,1766566.0174236298,0.2785866613450803,0.0006678888607175873,0.005084656833021559,0.035899079453788306,0.6944478750228882,,0.012692,-1943892.740430953,1797202.6072379947,0.9074780489100822,
408,148920,841.3,-1756679.8054575135,-1857489.6224788402,0.923505573619996,32193.29129743576,1111044.369506836,321932.91328048706,125650.0,111241.6072716713,86810.9105758667,1756679.800634861,0.2785866613450803,0.0006678888607175873,0.005084656833021559,0.035899079453788306,0.6944478750228882,,0.012692,-1943892.740430953,1797202.6072379947,0.9074780489100822,
409,149285,842.0,-1903752.7594337952,-1862304.685837789,0.9126883134199222,37538.2626581192,1130707.560180664,375382.6230697632,133950.0,144236.2943854332,119476.27826690674,1903752.7559027672,0.2785866613450803,0.0006678888607175873,0.005084656833021559,0.035899079453788306,0.6944478750228882,,0.012692,-1943892.740430953,1797202.6072379947,0.9074780489100822,
410,149650,847.0,-2167909.9915636573,-1882028.811417627,0.8782708560294844,58091.582085609436,1065344.150390625,580915.8163070679,141915.0,144392.69084453583,235342.33039855957,2167909.9879407883,0.2970158779307416,0.000600701645213887,0.004336976167427278,0.058434658340717614,0.6898004412651062,,0.012638,-1943892.740430953,1797202.6072379947,0.9074780489100822,
411,150015,847.6,-2208688.4759572973,-1903094.2971156943,0.8794162756270613,57818.68999958038,1081129.881225586,578186.8988456726,143165.0,141529.09042656422,264677.60651779175,2208688.4770156145,0.2970158779307416,0.000600701645213887,0.004336976167427278,0.058434658340717614,0.6898004412651062,,0.012638,-1943892.740430953,1797202.6072379947,0.9074780489100822,
412,150380,848.2,-1754785.533978786,-1898526.7512022597,0.9162045034436266,36431.01387834549,1072099.4029541016,364310.1406478882,115115.0,92475.30521202087,110785.68480682373,1754785.5336208344,0.2970158779307416,0.000600701645213887,0.004336976167427278,0.058434658340717614,0.6898004412651062,,0.012638,-1943892.740430953,1797202.6072379947,0.9074780489100822,
413,150745,853.2,-2176282.9838459836,-1916261.7604761783,0.8761929883265497,58732.43684673309,1078678.7026367188,587324.3682937622,140425.0,136799.99345207214,233054.91929626465,2176282.9836788177,0.2939671744641505,0.0005978473071943307,0.004676149600479556,0.05618321027998861,0.6913881301879883,,0.012584000000000003,-1943892.740430953,1797202.6072379947,0.9074780489100822,
414,151110,853.9,-1801464.6559588648,-1895377.34294198,0.9192795572594247,34016.643936634064,1119492.7478027344,340166.44012260437,128240.0,121728.65801644325,91836.81339263916,1801464.6593344212,0.2939671744641505,0.0005978473071943307,0.004676149600479556,0.05618321027998861,0.6913881301879883,,0.012584000000000003,-1943892.740430953,1797202.6072379947,0.9074780489100822,
415,151475,854.5,-1879985.2680296497,-1899424.7764150384,0.9163137030690026,35453.616008520126,1133438.2255859375,354536.1609592438,130935.0,136007.4356393814,125068.44555664062,1879985.2677412033,0.2939671744641505,0.0005978473071943307,0.004676149600479556,0.05618321027998861,0.6913881301879883,,0.012584000000000003,-1943892.740430953,1797202.6072379947,0.9074780489100822,
416,151840,859.5,-1792314.5671594844,-1900781.6029163196,0.9181735260156072,34605.23411273956,1112766.4047851562,346052.3429336548,130785.0,111272.06635427475,91438.75130462646,1792314.5653777122,0.3008191534563115,0.0005905724034451659,0.003518623217180567,0.06316918615055711,0.6878688335418701,,0.012530000000000001,-1943892.740430953,1797202.6072379947,0.9074780489100822,
417,152205,860.0,-2182088.1079572444,-1919323.4746596026,0.8771510882289263,58345.73930764198,1068528.505859375,583457.3854236603,141395.0,143924.0930404663,244783.1240158081,2182088.1083393097,0.3008191534563115,0.0005905724034451659,0.003518623217180567,0.06316918615055711,0.6878688335418701,,0.012530000000000001,-1943892.740430953,1797202.6072379947,0.9074780489100822,
418,152570,860.6,-1772978.25944317,-1915320.4465773061,0.9124710347758384,37764.98474872112,1076403.2414550781,377649.84390354156,117270.0,86725.39070010185,114929.77904129028,1772978.2551000118,0.3008191534563115,0.0005905724034451659,0.003518623217180567,0.06316918615055711,0.6878688335418701,,0.012530000000000001,-1943892.740430953,1797202.6072379947,0.9074780489100822,
419,152935,865.2,-1730465.121474614,-1908899.180077361,0.9021046373107182,30094.600816488266,1198888.900756836,300946.0078010559,92580.0,39548.04551386833,98502.17417907715,1730465.1282508373,0.28516930969137894,0.0007379737150921229,0.004086143092105263,0.05987777712901956,0.7071819305419922,,0.012476000000000003,-1943892.740430953,1797202.6072379947,0.9074780489100822,
420,153300,865.7,-2154445.544069243,-1904602.8789000262,0.8788883099069125,57432.13233566284,1072982.5463867188,574321.3253250122,140215.0,149193.0979642868,217733.57749938965,2154445.5471754074,0.28516930969137894,0.0007379737150921229,0.004086143092105263,0.05987777712901956,0.7071819305419922,,0.012476000000000003,-1943892.740430953,1797202.6072379947,0.9074780489100822,
421,153665,870.5,-1824068.282009874,-1906708.8602538463,0.9161561930851511,35797.532581329346,1112127.74609375,357975.3250656128,131675.0,121837.70693612099,100452.50592041016,1824068.284015894,0.26758827033795807,0.0007610540506950775,0.0057469418204977715,0.055120678961669146,0.7261550426483154,,0.012440000000000003,-1943892.740430953,1797202.6072379947,0.9074780489100822,
422,154030,871.0,-1793134.7029116622,-1901921.6729365073,0.9076182052290083,37294.53054904938,1097061.7644042969,372945.3071784973,109205.0,76757.24836587906,137165.38484954834,1793134.7047982216,0.26758827033795807,0.0007610540506950775,0.0057469418204977715,0.055120678961669146,0.7261550426483154,,0.012440000000000003,-1943892.740430953,1797202.6072379947,0.9074780489100822,
423,154395,871.6,-1807007.7388911797,-1904935.1243947628,0.913394904777766,37382.82953739166,1085709.1639404297,373828.29384994507,135065.0,108228.4252474308,104176.8597869873,1807007.7428247929,0.26758827033795807,0.0007610540506950775,0.0057469418204977715,0.055120678961669146,0.7261550426483154,,0.012440000000000003,-1943892.740430953,1797202.6072379947,0.9074780489100822,
424,154760,876.1,-1811551.7631472324,-1896118.3303648252,0.9010208181325948,35153.347252845764,1146603.234008789,351533.4734134674,100290.0,71329.16255187988,141795.8920097351,1811551.7619838715,0.263602277165965,0.0006546359449873164,0.00422079521415167,0.04906773748562524,0.7530720829963684,,0.012386000000000001,-1943892.740430953,1797202.6072379947,0.9074780489100822,
425,155125,877.6,-1867495.7740570998,-1900642.7517568704,0.9129177355670426,37487.26027536392,1114860.2438964844,374872.6046562195,133255.0,125610.75161659718,118897.17524719238,1867495.7754164934,0.263602277165965,0.0006546359449873164,0.00422079521415167,0.04906773748562524,0.7530720829963684,,0.012386000000000001,-1951825.2432229663,1811242.9276937842,0.909131992664761,True
426,155490,878.1,-2206909.0046574674,-1917928.7179260943,0.876437327498241,58901.46104288101,1067866.4603271484,589014.6110839844,140525.0,154242.41964626312,255260.51155853271,2206909.0026159286,0.263602277165965,0.0006546359449873164,0.00422079521415167,0.04906773748562524,0.7530720829963684,,0.012386000000000001,-1951825.2432229663,1811242.9276937842,0.909131992664761,
427,155855,882.8,-1716441.371332708,-1915422.485566826,0.9124688640359543,35465.515545368195,1073123.4411621094,354655.15419483185,108320.0,71704.81043124199,108637.96411514282,1716441.369903326,0.28333241178801183,0.0006529848937804529,0.004532128048595041,0.06575495043867513,0.7212477326393127,,0.012332000000000003,-1951825.2432229663,1811242.9276937842,0.909131992664761,
428,156220,883.4,-1750329.8342229265,-1915104.987005097,0.9030887958946751,33424.48047351837,1138239.9609375,334244.80476379395,97905.0,60087.71766114235,119852.34396362305,1750329.8273260593,0.28333241178801183,0.0006529848937804529,0.004532128048595041,0.06575495043867513,0.7212477326393127,,0.012332000000000003,-1951825.2432229663,1811242.9276937842,0.909131992664761,
429,156585,883.9,-1814963.3381151848,-1910665.5159391663,0.9180453473777148,34676.16088962555,1116397.3853759766,346761.6106262207,127980.0,121081.76717066765,102742.57720947266,1814963.3403823376,0.28333241178801183,0.0006529848937804529,0.004532128048595041,0.06575495043867513,0.7212477326393127,,0.012332000000000003,-1951825.2432229663,1811242.9276937842,0.909131992664761,
430,156950,888.4,-1721790.9962656214,-1888359.5661742645,0.9138228803041447,35382.68798184395,1078375.9305419922,353826.87825393677,108170.0,73275.68520081043,108142.50005340576,1721790.9940501451,0.25145801411647545,0.000618500333937271,0.004383555637966646,0.04407410887315085,0.724480390548706,,0.012278,-1951825.2432229663,1811242.9276937842,0.909131992664761,
431,157315,889.0,-1811222.6310704951,-1868486.2739299245,0.9167739299389237,35503.99180984497,1101300.947265625,355039.9165840149,130145.0,118785.11974573135,105951.65027618408,1811222.6338715553,0.25145801411647545,0.000618500333937271,0.004383555637966646,0.04407410887315085,0.724480390548706,,0.012278,-1951825.2432229663,1811242.9276937842,0.909131992664761,
432,157680,889.5,-1818223.7005927013,-1871658.1822606206,0.9147492578102404,36803.85366296768,1092478.5437011719,368038.53467941284,134210.0,109311.72427129745,114184.89748382568,1818223.7001357079,0.25145801411647545,0.000618500333937271,0.004383555637966646,0.04407410887315085,0.724480390548706,,0.012278,-1951825.2432229663,1811242.9276937842,0.909131992664761,
433,158045,894.2,-1765879.418175749,-1851138.0039771087,0.9035744257971303,37100.89678144455,1094542.4525146484,371008.9656562805,103055.0,65047.83417183161,132225.1671962738,1765879.4195390344,0.27686332558330734,0.000510980533315313,0.0037951553071922575,0.06160070183441827,0.711392343044281,,0.012224000000000002,-1951825.2432229663,1811242.9276937842,0.909131992664761,
434,158410,894.8,-1752957.364457122,-1848712.6394020214,0.9120741515828503,37407.96428322792,1063994.7041015625,374079.6425266266,116520.0,85473.25003290176,112889.77046966553,1752957.3671307564,0.27686332558330734,0.000510980533315313,0.0037951553071922575,0.06160070183441827,0.711392343044281,,0.012224000000000002,-1951825.2432229663,1811242.9276937842,0.909131992664761,
435,158775,899.4,-1779310.2055450156,-1843678.8862777897,0.9137088556683425,36599.871121406555,1078606.4370117188,365998.7096862793,117045.0,88235.92725896835,129424.13115882874,1779310.2051157951,0.24998081573530248,0.0006273832281486217,0.0044898317520212574,0.034233202496053355,0.72706139087677,,0.012188000000000003,-1951825.2432229663,1811242.9276937842,0.909131992664761,
436,159140,899.9,-1817097.6422593878,-1844918.040032785,0.9120968460240433,37625.27489948273,1091146.3000488281,376252.74993896484,128160.0,114139.2127199173,107399.38684082031,1817097.6495485306,0.24998081573530248,0.0006273832281486217,0.0044898317520212574,0.034233202496053355,0.72706139087677,,0.012188000000000003,-1951825.2432229663,1811242.9276937842,0.909131992664761,
437,159505,900.4,-1800560.5538548748,-1825841.6623276665,0.9138027561402617,36263.094294548035,1099297.2591552734,362630.9426803589,119955.0,99357.04472637177,119320.30379867554,1800560.5503606796,0.24998081573530248,0.0006273832281486217,0.0044898317520212574,0.034233202496053355,0.72706139087677,,0.012188000000000003,-1951825.2432229663,1811242.9276937842,0.909131992664761,
438,159870,905.0,-1730869.686697444,-1823736.2336903804,0.9034627016936286,36362.70415306091,1088835.209350586,363627.0427598953,101190.0,54965.951795578,122251.48573684692,1730869.6896429062,0.25739347856295736,0.0006835698441136628,0.00522145053037093,0.043677992971712036,0.7406502366065979,,0.012134,-1951825.2432229663,1811242.9276937842,0.909131992664761,
439,160235,905.5,-1710056.68310501,-1822715.8117719,0.918623744922032,34552.0324010849,1073082.9191894531,345520.3232269287,115125.0,82845.67925405502,93482.75926208496,1710056.6809325218,0.25739347856295736,0.0006835698441136628,0.00522145053037093,0.043677992971712036,0.7406502366065979,,0.012134,-1951825.2432229663,1811242.9276937842,0.909131992664761,
440,160600,906.1,-1683523.5214839508,-1799169.7106426351,0.8939577704640411,27927.38761281967,1194940.1971435547,279273.87774658203,83970.0,30742.620357751846,94596.82542419434,1683523.520672083,0.25739347856295736,0.0006835698441136628,0.00522145053037093,0.043677992971712036,0.7406502366065979,,0.012134,-1951825.2432229663,1811242.9276937842,0.909131992664761,
441,160965,910.7,-1688789.4587978437,-1792405.769482034,0.9004242525532842,29400.834766864777,1164332.4426269531,294008.3472690582,88160.0,37361.1462239027,104927.51821899414,1688789.4543389082,0.22233832000117554,0.0005394053468511341,0.0038794801952654347,0.02880845292422332,0.7772282958030701,,0.012080000000000002,-1951825.2432229663,1811242.9276937842,0.909131992664761,
442,161330,911.2,-1695263.8634660374,-1787512.2275097526,0.8965519553916769,28249.074781417847,1186025.4836425781,282490.7501087189,85570.0,37454.342769384384,103723.29318618774,1695263.8697068691,0.22233832000117554,0.0005394053468511341,0.0038794801952654347,0.02880845292422332,0.7772282958030701,,0.012080000000000002,-1951825.2432229663,1811242.9276937842,0.909131992664761,
443,161695,911.7,-1721501.910202487,-1783236.936075318,0.9070157057666115,33315.9936709404,1112596.587890625,333159.9351196289,98175.0,59835.51254940033,117734.87623214722,1721501.9117918015,0.22233832000117554,0.0005394053468511341,0.0038794801952654347,0.02880845292422332,0.7772282958030701,,0.012080000000000002,-1951825.2432229663,1811242.9276937842,0.909131992664761,
444,162060,916.8,-1727359.030048195,-1779027.299420366,0.898126065259494,33840.48364210129,1134194.6789550781,338404.83670043945,94655.0,43359.704996585846,116744.81034088135,1727359.0309929848,0.20584437270697795,0.0005684793747940077,0.005259999052596916,0.023313919694996195,0.8324238061904907,,0.012026,-1951825.2432229663,1811242.9276937842,0.909131992664761,
445,162425,917.5,-1710426.703024443,-1771173.8458687332,0.9113461382313461,38162.56191396713,1046815.3326416016,381625.6154651642,113325.0,63376.23986339569,105284.51273727417,1710426.7007074356,0.20584437270697795,0.0005684793747940077,0.005259999052596916,0.023313919694996195,0.8324238061904907,,0.012026,-1951825.2432229663,1811242.9276937842,0.909131992664761,
446,162790,918.1,-1721495.0827375948,-1746903.1497727397,0.9145484324454233,36203.00927114487,1054062.267944336,362030.0913028717,116240.0,66928.8353574276,122233.88270568848,1721495.0773103237,0.20584437270697795,0.0005684793747940077,0.005259999052596916,0.023313919694996195,0.8324238061904907,,0.012026,-1951825.2432229663,1811242.9276937842,0.909131992664761,
447,163155,923.2,-2158876.7990358975,-1769024.921157899,0.87677226512029,57613.27902698517,1083432.0541992188,576132.790763855,139305.0,121921.2449593544,238085.70472717285,2158876.794649601,0.24410495573752805,0.0005187319004203585,0.003929004333545699,0.031152901705354452,0.772786021232605,,0.011972000000000002,-1951825.2432229663,1811242.9276937842,0.909131992664761,
448,163520,923.8,-1792159.1105454885,-1771116.384974027,0.9145988236376954,36850.863803863525,1068964.6447753906,368508.6357154846,131430.0,107606.33521437645,115649.49136352539,1792159.107068777,0.24410495573752805,0.0005187319004203585,0.003929004333545699,0.031152901705354452,0.772786021232605,,0.011972000000000002,-1951825.2432229663,1811242.9276937842,0.909131992664761,
449,163885,928.5,-1754156.83559062,-1768076.059847799,0.9145871557305236,36137.91817188263,1066178.6049804688,361379.18172740936,117600.0,73274.14082479477,135724.91005706787,1754156.8375897408,0.28578215484556396,0.0006555634734372449,0.004711218049602681,0.05930150373789825,0.6840871572494507,,0.011936000000000002,-1951825.2432229663,1811242.9276937842,0.909131992664761,
450,164250,930.1,-1708600.4424757455,-1767416.5321583052,0.887990189050448,29174.971438407898,1193503.160522461,291749.71382141113,84395.0,26588.132766246796,112364.42791938782,1708600.4350295067,0.28578215484556396,0.0006555634734372449,0.004711218049602681,0.05930150373789825,0.6840871572494507,,0.011936000000000002,-1921323.0374405333,1775163.5032167435,0.9073975818561206,True
451,164615,930.7,-2168123.995785784,-1785261.6003940694,0.8763387336132727,57721.3693113327,1075743.2305908203,577213.6936950684,140265.0,120667.97396373749,254234.09977722168,2168123.998026848,0.28578215484556396,0.0006555634734372449,0.004711218049602681,0.05930150373789825,0.6840871572494507,,0.011936000000000002,-1921323.0374405333,1775163.5032167435,0.9073975818561206,
452,164980,935.3,-2148354.2461078484,-1801768.1276698268,0.8772784679917395,58843.74738264084,1044533.2650146484,588437.4734354019,140065.0,125987.62596774101,249330.87755203247,2148354.241969824,0.25770599885206474,0.0006206426683332355,0.004616720638679047,0.05680117109104207,0.7257648706436157,,0.011882,-1921323.0374405333,1775163.5032167435,0.9073975818561206,
453,165345,935.8,-1765794.333437381,-1801763.8734329087,0.9104043392221843,37636.53881859779,1068934.4606933594,376365.3898086548,124400.0,88340.37476050854,107754.11155700684,1765794.3368195295,0.25770599885206474,0.0006206426683332355,0.004616720638679047,0.05680117109104207,0.7257648706436157,,0.011882,-1921323.0374405333,1775163.5032167435,0.9073975818561206,
454,165710,936.4,-1719069.291895169,-1800069.4698048108,0.9085951804268066,39020.169046878815,1032112.9058837891,390201.68949508667,114475.0,62377.683760762215,119902.00584411621,1719069.2849837542,0.25770599885206474,0.0006206426683332355,0.004616720638679047,0.05680117109104207,0.7257648706436157,,0.011882,-1921323.0374405333,1775163.5032167435,0.9073975818561206,
455,166075,941.1,-1759631.36173811,-1799085.5276144654,0.9101395386721415,37920.84509897232,1062762.3251953125,379208.4501800537,125830.0,86981.58020281792,104849.00847625732,1759631.3640544415,0.2749772118894677,0.00039260888249708313,0.0020976819505449384,0.04869688718922829,0.7096697092056274,,0.011828000000000002,-1921323.0374405333,1775163.5032167435,0.9073975818561206,
456,166440,941.7,-1699397.6903481358,-1793200.5300189026,0.9135723120178422,36433.76472425461,1039657.6181640625,364337.6459617615,121940.0,67100.97183871269,106361.45780944824,1699397.693773985,0.2749772118894677,0.00039260888249708313,0.0020976819505449384,0.04869688718922829,0.7096697092056274,,0.011828000000000002,-1921323.0374405333,1775163.5032167435,0.9073975818561206,
457,166805,942.2,-1768132.5882363282,-1791579.1317379759,0.9095127551514123,38968.69394302368,1039135.1119384766,389686.93965148926,132195.0,86941.75065350533,120173.7850112915,1768132.5872547626,0.2749772118894677,0.00039260888249708313,0.0020976819505449384,0.04869688718922829,0.7096697092056274,,0.011828000000000002,-1921323.0374405333,1775163.5032167435,0.9073975818561206,
458,167170,946.9,-1797504.1506855094,-1794910.854937379,0.9076189413708716,39962.290722846985,1050607.0983886719,399622.90852355957,131875.0,92955.85501384735,122443.28845977783,1797504.1503858566,0.27743711518613917,0.0004982308884887301,0.0028086879817572864,0.06028207259154633,0.6819078922271729,,0.011774,-1921323.0374405333,1775163.5032167435,0.9073975818561206,
459,167535,947.5,-1743765.853562959,-1796596.3134602767,0.902461999150335,38891.8147687912,1056947.3526611328,388918.1498603821,105380.0,58140.56050693989,134379.792219162,1743765.8552476168,0.27743711518613917,0.0004982308884887301,0.0028086879817572864,0.06028207259154633,0.6819078922271729,,0.011774,-1921323.0374405333,1775163.5032167435,0.9073975818561206,
460,167900,948.1,-1732805.8806580538,-1799060.4314189814,0.9066822491498562,40218.644167900085,1026635.5183105469,402186.4408836365,110865.0,61513.21635723114,131605.7027206421,1732805.8782720566,0.27743711518613917,0.0004982308884887301,0.0028086879817572864,0.06028207259154633,0.6819078922271729,,0.011774,-1921323.0374405333,1775163.5032167435,0.9073975818561206,
461,168265,952.8,-1755425.5110301115,-1802392.2340305946,0.916170893569797,35263.971056461334,1085685.2069091797,352639.7111091614,123895.0,95535.18544197083,97670.40512084961,1755425.5085811615,0.254573790062415,0.0006623513090744382,0.004439772216995296,0.04903669282793999,0.7513245344161987,,0.011720000000000001,-1921323.0374405333,1775163.5032167435,0.9073975818561206,
462,168630,953.3,-2132025.42098951,-1824230.3119067685,0.8772979161559055,58744.35885286331,1044034.0773925781,587443.5899429321,138330.0,126998.21380853653,235219.5380821228,2132025.4192261696,0.254573790062415,0.0006623513090744382,0.004439772216995296,0.04903669282793999,0.7513245344161987,,0.011720000000000001,-1921323.0374405333,1775163.5032167435,0.9073975818561206,
463,168995,958.0,-1699046.2312520314,-1823107.5279592457,0.8963656163423334,31751.398830652237,1137583.4132080078,317513.98703956604,90340.0,35609.52794265747,117999.30173873901,1699046.2299289703,0.2572752000077775,0.0005283765786340442,0.0035416452508223685,0.053090209386458524,0.7487403750419617,,0.011684000000000002,-1921323.0374405333,1775163.5032167435,0.9073975818561206,
464,169360,958.6,-2191956.562188352,-1846337.4045662533,0.8713022688648229,60341.475615501404,1061563.1015625,603414.7548599243,140100.0,121412.37802243233,265466.32345581055,2191956.557900667,0.2572752000077775,0.0005283765786340442,0.0035416452508223685,0.053090209386458524,0.7487403750419617,,0.011684000000000002,-1921323.0374405333,1775163.5032167435,0.9073975818561206,
465,169725,959.1,-1725142.9740456042,-1847073.2181173116,0.9012911324986469,36865.68912553787,1079996.1564941406,368656.88999176025,101510.0,44663.61089801788,130316.31771850586,1725142.9751024246,0.2572752000077775,0.0005283765786340442,0.0035416452508223685,0.053090209386458524,0.7487403750419617,,0.011684000000000002,-1921323.0374405333,1775163.5032167435,0.9073975818561206,
466,170090,963.7,-1796840.492613162,-1850840.4886110898,0.9079420018311115,38912.271420001984,1054432.9774169922,389122.71380233765,117915.0,73388.33965694904,161981.46649551392,1796840.4973717928,0.263172053584927,0.0004537694419348937,0.0033229359409903594,0.05679626757965276,0.731288731098175,,0.01163,-1921323.0374405333,1775163.5032167435,0.9073975818561206,
467,170455,964.2,-1711052.2293093395,-1828449.2601247623,0.8939491111576632,35100.29898548126,1107649.9212646484,351002.99031066895,95230.0,33921.0232732296,123248.2952041626,1711052.2300527096,0.263172053584927,0.0004537694419348937,0.0033229359409903594,0.05679626757965276,0.731288731098175,,0.01163,-1921323.0374405333,1775163.5032167435,0.9073975818561206,
468,170820,964.8,-1741374.9636634947,-1825910.052780663,0.9114678964393796,37320.885320186615,1062320.7611083984,373208.855178833,121985.0,64188.6856944561,119671.66287231445,1741374.964854002,0.263172053584927,0.0004537694419348937,0.0033229359409903594,0.05679626757965276,0.731288731098175,,0.01163,-1921323.0374405333,1775163.5032167435,0.9073975818561206,
469,171185,969.6,-1742643.946155063,-1825334.4083088846,0.9124809504166124,37064.229979515076,1059930.1918945312,370642.2990589142,127360.0,81198.06714057922,103513.39353179932,1742643.951625824,0.2500139051362088,0.00046973545517845964,0.003284387419147319,0.03911891197295565,0.7664632797241211,,0.011576000000000001,-1921323.0374405333,1775163.5032167435,0.9073975818561206,
470,171550,970.2,-1734584.8043890288,-1826633.6264045488,0.9080542489797053,38800.83109331131,1047110.1232910156,388008.31285095215,126020.0,71836.05063772202,101610.31391906738,1734584.8006987572,0.2500139051362088,0.00046973545517845964,0.003284387419147319,0.03911891197295565,0.7664632797241211,,0.011576000000000001,-1921323.0374405333,1775163.5032167435,0.9073975818561206,
471,171915,970.8,-1682628.933136411,-1802358.8732720804,0.8873119306694349,29921.386920928955,1161825.7293701172,299213.86853027344,85340.0,22492.238330602646,113757.08707427979,1682628.923305273,0.2500139051362088,0.00046973545517845964,0.003284387419147319,0.03911891197295565,0.7664632797241211,,0.011576000000000001,-1921323.0374405333,1775163.5032167435,0.9073975818561206,
472,172280,975.4,-1758292.8016461306,-1782855.801048994,0.9094701773938885,38628.26053762436,1045529.8563232422,386282.6060409546,115695.0,58277.66427278519,152507.67491531372,1758292.8015522957,0.23848265683964678,0.0005675140779969393,0.004005030584889219,0.04737424085799016,0.758770227432251,,0.011522000000000001,-1921323.0374405333,1775163.5032167435,0.9073975818561206,
473,172645,975.9,-1875621.1900374303,-1788347.1438789968,0.886258803005949,29298.02622771263,1297320.4552001953,292980.2600059509,87120.0,51461.432448387146,146739.03577041626,1875621.1834249496,0.23848265683964678,0.0005675140779969393,0.004005030584889219,0.04737424085799016,0.758770227432251,,0.011522000000000001,-1921323.0374405333,1775163.5032167435,0.9073975818561206,
474,173010,976.5,-1681737.141950535,-1786480.536381765,0.9150022948788358,36060.36139535904,1039370.7116699219,360603.6127090454,117455.0,58349.74468636513,105958.07247543335,1681737.1415407658,0.23848265683964678,0.0005675140779969393,0.004005030584889219,0.04737424085799016,0.758770227432251,,0.011522000000000001,-1921323.0374405333,1775163.5032167435,0.9073975818561206,
475,173375,982.6,-1698606.814010035,-1783429.3089953612,0.9145335214042581,36082.750732421875,1058116.5560302734,360827.5081138611,120515.0,65954.6210539341,93193.12696456909,1698606.8121626377,0.23561927970302732,0.000616079221847605,0.004416482492448076,0.03389899016014839,0.7984074354171753,,0.011468,-1894281.0723380556,1754277.8535797,0.907410631420201,True
476,173740,983.2,-1677609.077747393,-1782339.8783653236,0.913066137610368,37483.44731426239,1022577.5518798828,374834.4737548828,114070.0,53104.59907627106,113022.45003509521,1677609.074746132,0.23561927970302732,0.000616079221847605,0.004416482492448076,0.03389899016014839,0.7984074354171753,,0.011468,-1894281.0723380556,1754277.8535797,0.907410631420201,
477,174105,988.5,-1731965.801168789,-1780531.5390119473,0.9161702153990722,35310.53038024902,1059270.700805664,353105.30045318604,121160.0,71819.7616314888,126610.03216934204,1731965.795059681,0.2605744831656155,0.0005284376330612423,0.0035909016958038066,0.03583253787732438,0.7826180458068848,,0.011432000000000001,-1894281.0723380556,1754277.8535797,0.907410631420201,
478,174470,989.1,-2415245.738347615,-1811418.6183950524,0.8591767881143653,36284.22712802887,1449409.8481445312,362842.27278137207,98010.0,197015.9430770874,307967.677154541,2415245.7411575317,0.2605744831656155,0.0005284376330612423,0.0035909016958038066,0.03583253787732438,0.7826180458068848,,0.011432000000000001,-1894281.0723380556,1754277.8535797,0.907410631420201,
479,174835,989.7,-1851566.017340417,-1816808.6265839252,0.8941684430777161,47266.59578418732,1043877.9957275391,472665.9570388794,135605.0,80809.08490276337,118607.98292541504,1851566.0205945969,0.2605744831656155,0.0005284376330612423,0.0035909016958038066,0.03583253787732438,0.7826180458068848,,0.011432000000000001,-1894281.0723380556,1754277.8535797,0.907410631420201,
480,175200,995.0,-2158687.6209916384,-1838102.7136006046,0.8756375612321022,58923.296575546265,1036121.7541503906,589232.9708786011,142140.0,116431.65999662876,274761.2323913574,2158687.617416978,0.26031016362340825,0.0005262557329172667,0.0031197531222316778,0.06484199138848405,0.7383344769477844,,0.011378000000000001,-1894281.0723380556,1754277.8535797,0.907410631420201,
481,175565,995.8,-1761377.6827662897,-1838400.3221874137,0.9124783192541911,37799.56365394592,1053079.7141113281,377995.63620758057,133230.0,87336.85855948925,109735.47470092773,1761377.6835793257,0.26031016362340825,0.0005262557329172667,0.0031197531222316778,0.06484199138848405,0.7383344769477844,,0.011378000000000001,-1894281.0723380556,1754277.8535797,0.907410631420201,
482,175930,996.5,-1747751.1617733643,-1819186.609226606,0.9158111950103139,35537.60998463631,1076874.68359375,355376.09993743896,126990.0,88088.83912348747,100421.53266906738,1747751.1553237438,0.26031016362340825,0.0005262557329172667,0.0031197531222316778,0.06484199138848405,0.7383344769477844,,0.011378000000000001,-1894281.0723380556,1754277.8535797,0.907410631420201,
483,176295,1001.8,-2020821.4698183679,-1835275.371154923,0.8820209764001083,54885.61146402359,1041987.5914306641,548856.1170539856,136555.0,98417.89040136337,195004.869430542,2020821.468316555,0.27898282126376506,0.000629849388324625,0.004954823277474038,0.06867670238410171,0.6719459295272827,,0.011324,-1894281.0723380556,1754277.8535797,0.907410631420201,
484,176660,1002.5,-1707183.1065838253,-1811036.6983746965,0.9001325770751037,31778.61291408539,1130264.5109863281,317786.1290245056,94075.0,35044.8984246254,130012.5694656372,1707183.1079010963,0.27898282126376506,0.000629849388324625,0.004954823277474038,0.06867670238410171,0.6719459295272827,,0.011324,-1894281.0723380556,1754277.8535797,0.907410631420201,
485,177025,1003.1,-1767543.7580630977,-1813156.7375755715,0.9176880021751874,34867.27996659279,1084633.6928710938,348672.80058288574,128795.0,96767.73369145393,108674.53285217285,1767543.7599976063,0.27898282126376506,0.000629849388324625,0.004954823277474038,0.06867670238410171,0.6719459295272827,,0.011324,-1894281.0723380556,1754277.8535797,0.907410631420201,
486,177390,1007.8,-1680965.5872110217,-1807362.9923054643,0.913581719495779,36018.18871307373,1049273.3532714844,360181.88760375977,109645.0,51746.52911186218,110118.8141708374,1680965.5841579437,0.24747416102572492,0.0005833087487094178,0.004426119622382286,0.04958508080361705,0.7817601561546326,,0.01127,-1894281.0723380556,1754277.8535797,0.907410631420201,
487,177755,1008.3,-2134668.097132944,-1828543.7856966448,0.8780643599804749,58421.68191051483,1035264.0145263672,584216.8167858124,141220.0,117264.29863417149,256702.96071624756,2134668.0906625986,0.24747416102572492,0.0005833087487094178,0.004426119622382286,0.04958508080361705,0.7817601561546326,,0.01127,-1894281.0723380556,1754277.8535797,0.907410631420201,
488,178120,1008.9,-1698629.3725760784,-1826406.506142274,0.9158077774359046,35667.698320388794,1051100.5574951172,356676.98289871216,117535.0,58831.90170097351,114484.93352603912,1698629.375620842,0.24747416102572492,0.0005833087487094178,0.004426119622382286,0.04958508080361705,0.7817601561546326,,0.01127,-1894281.0723380556,1754277.8535797,0.907410631420201,
489,178485,1013.7,-1746449.8022068518,-1826596.798944863,0.9211245538983027,33211.926339149475,1094733.8135986328,332119.2628746033,124565.0,89896.89056169987,105134.8366317749,1746449.8036667109,0.2723586571059729,0.0005732748632477811,0.0038350423197507076,0.060996930163941886,0.7099671363830566,,0.011216000000000002,-1894281.0723380556,1754277.8535797,0.907410631420201,
490,178850,1014.2,-1775255.6610621954,-1828630.3417785217,0.9166084889334636,35280.61336994171,1100599.7098388672,352806.13246154785,128375.0,97856.68641769886,95618.1318435669,1775255.6605616808,0.2723586571059729,0.0005732748632477811,0.0038350423197507076,0.060996930163941886,0.7099671363830566,,0.011216000000000002,-1894281.0723380556,1754277.8535797,0.907410631420201,
491,179215,1019.1,-1715246.5398348817,-1830261.222113445,0.9202343941052663,33750.58269739151,1081521.0339355469,337505.8293495178,120740.0,85610.34185481071,89869.33433532715,1715246.5394752026,0.2665910791409643,0.0005457706916116111,0.003693430046520294,0.05047882549268635,0.723886251449585,,0.01118,-1894281.0723380556,1754277.8535797,0.907410631420201,
492,179580,1019.7,-1736647.3977449764,-1829178.9519183873,0.9180440039966986,34489.132018089294,1077859.6257324219,344891.3203163147,122520.0,78320.00470101833,113056.44687652588,1736647.3976262808,0.2665910791409643,0.0005457706916116111,0.003693430046520294,0.05047882549268635,0.723886251449585,,0.01118,-1894281.0723380556,1754277.8535797,0.907410631420201,
493,179945,1020.2,-1653429.6092036152,-1818069.3728766968,0.8947782530520485,27765.072810649872,1160764.7032470703,277650.73164749146,85965.0,24877.521608114243,104171.65454483032,1653429.6110475063,0.2665910791409643,0.0005457706916116111,0.003693430046520294,0.05047882549268635,0.723886251449585,,0.01118,-1894281.0723380556,1754277.8535797,0.907410631420201,
494,180310,1025.1,-1689217.6324724974,-1818443.397402795,0.9068976271916166,33542.92287540436,1082929.1330566406,335429.22906684875,100260.0,52399.161548137665,118200.10671424866,1689217.6303858757,0.21929144271110235,0.0004969372447177241,0.0037603545658241367,0.03266780764648789,0.8122249245643616,,0.011126,-1894281.0723380556,1754277.8535797,0.907410631420201,
495,180675,1025.7,-1659691.5401808468,-1816497.6337113355,0.9082102240574214,34762.2567858696,1060195.0013427734,347622.5696582794,102625.0,43734.23132395744,105514.73797988892,1659691.5403048992,0.21929144271110235,0.0004969372447177241,0.0037603545658241367,0.03266780764648789,0.8122249245643616,,0.011126,-1894281.0723380556,1754277.8535797,0.907410631420201,
496,181040,1026.2,-1693743.2086617595,-1817304.3402570535,0.9139231652504767,37108.067767858505,1042475.4827880859,371080.67862319946,113740.0,54321.38421523571,112125.66018676758,1693743.2058132887,0.21929144271110235,0.0004969372447177241,0.0037603545658241367,0.03266780764648789,0.8122249245643616,,0.011126,-1894281.0723380556,1754277.8535797,0.907410631420201,
497,181405,1030.9,-2123066.917166358,-1836859.3960569322,0.8807752369076035,55870.63158130646,1058256.18359375,558706.3141479492,142155.0,112843.40495252609,251106.02082061768,2123066.923514843,0.25086431185665886,0.0004838259989188181,0.0033721923789830485,0.049588706834535846,0.7681980133056641,,0.011072000000000002,-1894281.0723380556,1754277.8535797,0.907410631420201,
498,181770,1031.5,-1625829.6635052562,-1797388.592314814,0.9102523568233616,30511.147260189056,1094049.8800048828,305111.47524642944,97225.0,33016.33465886116,96426.96492767334,1625829.6548378468,0.25086431185665886,0.0004838259989188181,0.0033721923789830485,0.049588706834535846,0.7681980133056641,,0.011072000000000002,-1894281.0723380556,1754277.8535797,0.907410631420201,
499,182135,1032.0,-2111397.6737979753,-1810380.175137692,0.877315351157296,58720.06273698807,1025370.9677734375,587200.6242370605,140655.0,113929.62628698349,244241.44981384277,2111397.6681113243,0.25086431185665886,0.0004838259989188181,0.0033721923789830485,0.049588706834535846,0.7681980133056641,,0.011072000000000002,-1894281.0723380556,1754277.8535797,0.907410631420201,
500,182500,1038.0,-2158262.9225783125,-1810358.9402170256,0.876997462246095,58879.59278726578,1054107.8330078125,588795.9263839722,141555.0,119095.27190160751,254708.89360046387,2158262.924893856,0.2641759385403834,0.0005897295549354902,0.003775345651726974,0.06593206632686288,0.7242627143859863,,0.011018000000000002,-1888042.3199571143,1753217.576247692,0.9090676090804783,True
501,182865,1038.6,-1692873.5149336671,-1806933.7318253946,0.8998233612745442,33276.6758518219,1104412.4252929688,332766.75804138184,96970.0,37784.87471532822,120939.46099090576,1692873.5190405846,0.2641759385403834,0.0005897295549354902,0.003775345651726974,0.06593206632686288,0.7242627143859863,,0.011018000000000002,-1888042.3199571143,1753217.576247692,0.9090676090804783,
502,183230,1039.1,-1690032.308961962,-1804047.7891848248,0.9053160390450526,34661.24163866043,1071925.9739990234,346612.416015625,102200.0,45929.75183868408,123364.16780090332,1690032.3096542358,0.2641759385403834,0.0005897295549354902,0.003775345651726974,0.06593206632686288,0.7242627143859863,,0.011018000000000002,-1888042.3199571143,1753217.576247692,0.9090676090804783,
503,183595,1043.8,-2143202.5754045364,-1810166.8444641333,0.875411644754199,58249.41666984558,1055856.9848632812,582494.1650848389,142020.0,112169.91688776016,250661.50245666504,2143202.5692925453,0.2421757214163479,0.000567749597585613,0.004568267288911892,0.0450505366254794,0.8009157180786133,,0.010964000000000002,-1888042.3199571143,1753217.576247692,0.9090676090804783,
504,183960,1044.4,-1655180.4595740438,-1807566.7121136438,0.8956069596075268,30956.8165910244,1118191.136352539,309568.16790771484,90180.0,23309.138751268387,113932.0067396164,1655180.4497511387,0.2421757214163479,0.000567749597585613,0.004568267288911892,0.0450505366254794,0.8009157180786133,,0.010964000000000002,-1888042.3199571143,1753217.576247692,0.9090676090804783,
505,184325,1049.6,-1680254.541826967,-1803202.251301837,0.8994141361206669,33093.05097389221,1100811.6763916016,330930.51219177246,95000.0,32107.371587514877,121404.98052215576,1680254.5406930447,0.23047827850831182,0.0005529797536406764,0.004089890865878643,0.052970070685995255,0.8010972738265991,,0.010928,-1888042.3199571143,1753217.576247692,0.9090676090804783,
506,184690,1050.3,-1711546.3401514534,-1804731.2889488589,0.9176472611711335,34853.24377441406,1062121.0462646484,348532.43853759766,127400.0,69092.17241632938,104400.68395996094,1711546.3411785364,0.23047827850831182,0.0005529797536406764,0.004089890865878643,0.052970070685995255,0.8010972738265991,,0.010928,-1888042.3199571143,1753217.576247692,0.9090676090804783,
507,185055,1050.9,-2055878.4986974355,-1800791.8090270837,0.8774393272288086,58119.25151348114,1025061.7535400391,581192.5152931213,137345.0,97827.98669099808,214451.24313354492,2055878.4986577034,0.23047827850831182,0.0005529797536406764,0.004089890865878643,0.052970070685995255,0.8010972738265991,,0.010928,-1888042.3199571143,1753217.576247692,0.9090676090804783,
508,185420,1055.9,-1664924.325381332,-1799106.556667346,0.9148092473796119,36171.65279960632,1027412.916015625,361716.5280532837,116740.0,49712.500319600105,109342.38610839844,1664924.3304969072,0.2722725389819396,0.000575165552235328,0.00387948019564838,0.07239205860777904,0.7121568918228149,,0.010874000000000002,-1888042.3199571143,1753217.576247692,0.9090676090804783,
509,185785,1056.6,-1648789.7732725136,-1794223.5552206293,0.8906171936674591,28721.299755573273,1163996.8397216797,287212.99503707886,86080.0,17465.213341236115,94034.72232246399,1648789.7704224586,0.2722725389819396,0.000575165552235328,0.00387948019564838,0.07239205860777904,0.7121568918228149,,0.010874000000000002,-1888042.3199571143,1753217.576247692,0.9090676090804783,
510,186150,1057.1,-1796948.841227637,-1795308.2142289013,0.909484744678352,39040.49683380127,1070357.8725585938,390404.9705886841,133105.0,90909.79912519455,112171.19710540771,1796948.83937788,0.2722725389819396,0.000575165552235328,0.00387948019564838,0.07239205860777904,0.7121568918228149,,0.010874000000000002,-1888042.3199571143,1753217.576247692,0.9090676090804783,
511,186515,1062.0,-1645102.1380547425,-1791800.9941398944,0.9078852375055582,35512.17535161972,1038453.8262939453,355121.7530822754,104155.0,31666.72523355484,115704.83386993408,1645102.1384797096,0.2228353329394993,0.000501954524607802,0.0028424179311657915,0.049862477242162355,0.7872680425643921,,0.010820000000000001,-1888042.3199571143,1753217.576247692,0.9090676090804783,
512,186880,1062.6,-2083814.4817415075,-1809159.348339721,0.877081382740959,58378.84516239166,1032186.7027587891,583788.4491577148,137170.0,93280.06889271736,237389.25777435303,2083814.4785835743,0.2228353329394993,0.000501954524607802,0.0028424179311657915,0.049862477242162355,0.7872680425643921,,0.010820000000000001,-1888042.3199571143,1753217.576247692,0.9090676090804783,
513,187245,1063.2,-1639616.9162423364,-1808468.713691657,0.9006520067520609,30541.162692308426,1107255.2742919922,305411.6261405945,91440.0,28083.014117062092,107426.99750137329,1639616.912051022,0.2228353329394993,0.000501954524607802,0.0028424179311657915,0.049862477242162355,0.7872680425643921,,0.010820000000000001,-1888042.3199571143,1753217.576247692,0.9090676090804783,
514,187610,1068.1,-1674308.7670800108,-1807723.2704220326,0.9097070925456174,37486.09375166893,1024862.8664550781,374860.93797302246,108645.0,45503.96814799309,120435.994972229,1674308.7675483227,0.23767664950144918,0.0005264773889345969,0.0030785276183834006,0.05818805206370981,0.7785681486129761,,0.010766000000000001,-1888042.3199571143,1753217.576247692,0.9090676090804783,
515,187975,1068.6,-1744329.348901738,-1811955.1608580772,0.9107408928034136,38195.667892456055,1047942.0502929688,381956.6810455322,129980.0,78370.2500448227,106080.36740875244,1744329.348792076,0.23767664950144918,0.0005264773889345969,0.0030785276183834006,0.05818805206370981,0.7785681486129761,,0.010766000000000001,-1888042.3199571143,1753217.576247692,0.9090676090804783,
516,188340,1069.2,-1679923.7493188889,-1811264.1878909338,0.904090705248996,36765.96495914459,1048682.1680908203,367659.65059661865,103935.0,41688.8376249671,117958.09421920776,1679923.7505316138,0.23767664950144918,0.0005264773889345969,0.0030785276183834006,0.05818805206370981,0.7785681486129761,,0.010766000000000001,-1888042.3199571143,1753217.576247692,0.9090676090804783,
517,188705,1074.1,-1858289.7261927691,-1798025.328342254,0.890851145378174,48874.45582485199,1035792.3992919922,488744.55573272705,132150.0,73902.27820134163,127700.49038696289,1858289.7236130238,0.24930173805669734,0.000630708849903864,0.004496256512969634,0.057970097974727026,0.7432571649551392,,0.010712000000000001,-1888042.3199571143,1753217.576247692,0.9090676090804783,
518,189070,1074.7,-1711118.864501948,-1802289.7883920886,0.9152959862301355,36059.09158992767,1045947.6922607422,360590.91606903076,127090.0,73245.25256228447,104245.00514984131,1711118.8660418987,0.24930173805669734,0.000630708849903864,0.004496256512969634,0.057970097974727026,0.7432571649551392,,0.010712000000000001,-1888042.3199571143,1753217.576247692,0.9090676090804783,
519,189435,1075.2,-1650719.2757502412,-1779255.868489702,0.8931938308009922,30957.874948501587,1119655.4858398438,309578.7479286194,87530.0,23451.182552337646,110503.85722732544,1650719.2735481262,0.24930173805669734,0.000630708849903864,0.004496256512969634,0.057970097974727026,0.7432571649551392,,0.010712000000000001,-1888042.3199571143,1753217.576247692,0.9090676090804783,
520,189800,1080.4,-1724376.5305651654,-1757561.5488890451,0.9126230519407601,37418.304236888885,1042526.7395019531,374183.0432701111,127550.0,72504.15289855003,107612.59373474121,1724376.5294053555,0.2399069129636413,0.0006374665431155192,0.004148516733517968,0.06702688498128402,0.7596309781074524,,0.010658,-1888042.3199571143,1753217.576247692,0.9090676090804783,
521,190165,1081.0,-2080794.848214127,-1776957.6155530675,0.8746142927969093,59455.77079868317,1024500.0341796875,594557.7085952759,133785.0,99313.03957390785,228639.06185913086,2080794.844208002,0.2399069129636413,0.0006374665431155192,0.004148516733517968,0.06702688498128402,0.7596309781074524,,0.010658,-1888042.3199571143,1753217.576247692,0.9090676090804783,
522,190530,1085.7,-2136016.4992384342,-1799256.8250668913,0.8720046686630164,60012.1470413208,1035295.9168701172,600121.465927124,138190.0,105352.77250623703,257056.34246826172,2136016.49777174,0.27397949875969635,0.0006080087661853453,0.004154406098869482,0.09062357442943673,0.6924260854721069,,0.010622000000000001,-1888042.3199571143,1753217.576247692,0.9090676090804783,
523,190895,1086.2,-2062972.9116297248,-1795245.3418781504,0.8773313872284606,57943.74592876434,1030301.5815429688,579437.4599609375,132645.0,98036.98492670059,222551.88633728027,2062972.912767887,0.27397949875969635,0.0006080087661853453,0.004154406098869482,0.09062357442943673,0.6924260854721069,,0.010622000000000001,-1888042.3199571143,1753217.576247692,0.9090676090804783,
524,191260,1086.8,-1668452.87744616,-1795908.9627717566,0.9143790916141146,35997.51289176941,1034639.4637451172,359975.1311416626,118235.0,59242.98431169987,96360.2978591919,1668452.8770576715,0.27397949875969635,0.0006080087661853453,0.004154406098869482,0.09062357442943673,0.6924260854721069,,0.010622000000000001,-1888042.3199571143,1753217.576247692,0.9090676090804783,
525,191625,1092.6,-1661389.149418401,-1794965.6931513282,0.8930102719298265,30008.15795993805,1137961.0418701172,300081.5784225464,84870.0,27754.70945906639,110721.80633926392,1661389.1360909939,0.2406451780545084,0.0005505568692809136,0.003871984654228742,0.06424528708387363,0.7436808347702026,,0.010568000000000001,-1894097.6186362342,1747452.9923214912,0.9050277047585112,True
526,191990,1093.2,-1677785.74609198,-1793277.6634483547,0.9113804140095061,37141.44330406189,1026954.4284667969,371414.43006134033,106705.0,49093.36253750324,123618.52802276611,1677785.7490884066,0.2406451780545084,0.0005505568692809136,0.003871984654228742,0.06424528708387363,0.7436808347702026,,0.010568000000000001,-1894097.6186362342,1747452.9923214912,0.9050277047585112,
527,192355,1093.8,-1665423.6482597685,-1773754.9209264715,0.905447353588184,37000.24704122543,1033804.0180664062,370002.47130203247,102890.0,42783.117008805275,115944.04097557068,1665423.6473528147,0.2406451780545084,0.0005505568692809136,0.003871984654228742,0.06424528708387363,0.7436808347702026,,0.010568000000000001,-1894097.6186362342,1747452.9923214912,0.9050277047585112,
528,192720,1098.7,-1657568.1582338861,-1773387.1125690993,0.9135648260339575,37327.20274758339,1021428.1802978516,373272.0271267891,110970.0,45832.38096010685,106065.56777191162,1657568.1561566591,0.21181198778121094,0.00042392999966978095,0.002640038204845041,0.037775710764292036,0.7779143452644348,,0.010514,-1894097.6186362342,1747452.9923214912,0.9050277047585112,
529,193085,1099.3,-1682647.3280461286,-1775079.99030778,0.9039281671503897,38430.078145504,1033263.7419433594,384300.7802734375,104370.0,43586.753291368484,117126.05113601685,1682647.3266441822,0.21181198778121094,0.00042392999966978095,0.002640038204845041,0.037775710764292036,0.7779143452644348,,0.010514,-1894097.6186362342,1747452.9923214912,0.9050277047585112,
530,193450,1099.9,-2058181.2312469084,-1788141.6098087435,0.877875955540933,58313.37636089325,1006870.6452636719,583133.7589035034,136095.0,101410.4516506195,230671.37258911133,2058181.2284069061,0.21181198778121094,0.00042392999966978095,0.002640038204845041,0.037775710764292036,0.7779143452644348,,0.010514,-1894097.6186362342,1747452.9923214912,0.9050277047585112,
531,193815,1104.8,-2138412.7090750057,-1812807.1383597564,0.8726853960826311,59907.63224411011,1038282.7377929688,599076.3244781494,138120.0,104131.6576719284,258801.99571228027,2138412.715655327,0.24719240104681567,0.00048433721957208994,0.003700657897800403,0.06170135893319782,0.7329702377319336,,0.01046,-1894097.6186362342,1747452.9923214912,0.9050277047585112,
532,194180,1105.4,-2076103.319286909,-1812421.5802370266,0.8772633213714021,58805.351991176605,1022131.9459228516,588053.5197753906,136520.0,85375.47391557693,244022.38344573975,2076103.3230595589,0.24719240104681567,0.00048433721957208994,0.003700657897800403,0.06170135893319782,0.7329702377319336,,0.01046,-1894097.6186362342,1747452.9923214912,0.9050277047585112,
533,194545,1105.9,-1662530.7896784702,-1813567.2739088335,0.9150245471787445,35695.72344207764,1032452.1925048828,356957.23345184326,121915.0,57923.78132343292,93282.58100128174,1662530.7882814407,0.24719240104681567,0.00048433721957208994,0.003700657897800403,0.06170135893319782,0.7329702377319336,,0.01046,-1894097.6186362342,1747452.9923214912,0.9050277047585112,
534,194910,1111.0,-1636872.446747214,-1811695.4578921937,0.9124904515889615,37357.30115938187,1012154.2097167969,373573.01148986816,111080.0,47259.34533548355,92805.87687683105,1636872.4434189796,0.26486102687685115,0.0005706059823990616,0.003753394412342459,0.07904804409726669,0.7048342227935791,,0.010406,-1894097.6186362342,1747452.9923214912,0.9050277047585112,
535,195275,1111.6,-2033565.0359640708,-1826157.2422453102,0.8801465831612005,57383.7784743309,1013399.6351318359,573837.7801818848,135030.0,91991.4734146595,219306.1396484375,2033565.0283768177,0.26486102687685115,0.0005706059823990616,0.003753394412342459,0.07904804409726669,0.7048342227935791,,0.010406,-1894097.6186362342,1747452.9923214912,0.9050277047585112,
536,195640,1117.1,-1712436.5001414812,-1827782.8797864397,0.911916437166371,37290.088242053986,1044941.2474365234,372900.88233947754,122715.0,66779.22733139992,105100.14113235474,1712436.4982397556,0.249446996732762,0.0006660914319390462,0.005745871025474595,0.06447310260448016,0.7172387838363647,,0.01037,-1894097.6186362342,1747452.9923214912,0.9050277047585112,
537,196005,1117.8,-1745906.047248945,-1822163.6958392481,0.9084053636961733,39250.40833282471,1039180.2846679688,392504.08333206177,126695.0,74779.06663870811,112747.61574554443,1745906.050384283,0.249446996732762,0.0006660914319390462,0.005745871025474595,0.06447310260448016,0.7172387838363647,,0.01037,-1894097.6186362342,1747452.9923214912,0.9050277047585112,
538,196370,1118.4,-1729736.0648944543,-1823094.555858874,0.9088132588386759,39360.48326206207,1020281.1638183594,393604.8327026367,128205.0,64898.76310753822,122746.30560302734,1729736.0652315617,0.249446996732762,0.0006660914319390462,0.005745871025474595,0.06447310260448016,0.7172387838363647,,0.01037,-1894097.6186362342,1747452.9923214912,0.9050277047585112,
539,196735,1123.3,-2080264.6167103066,-1844571.8229068771,0.8776203622888794,58651.42041015625,1015391.9133300781,586514.2048873901,136285.0,104795.70961618423,237277.79000091553,2080264.617834568,0.26045045844818415,0.00044801882282435575,0.0029543157219641693,0.08703783801511715,0.7081230878829956,,0.010316,-1894097.6186362342,1747452.9923214912,0.9050277047585112,
540,197100,1123.9,-1695290.1785444852,-1843117.5053058427,0.9128471418561627,36859.5582947731,1028928.2427978516,368595.58444595337,117560.0,56132.05522561073,124074.29611206055,1695290.1785814762,0.26045045844818415,0.00044801882282435575,0.0029543157219641693,0.08703783801511715,0.7081230878829956,,0.010316,-1894097.6186362342,1747452.9923214912,0.9050277047585112,
541,197465,1124.5,-1691154.2888930575,-1823635.4773397897,0.9141147287424541,36233.707664489746,1036045.0501708984,362337.0760650635,115965.0,57459.517527878284,119347.64138793945,1691154.2851517797,0.26045045844818415,0.00044801882282435575,0.0029543157219641693,0.08703783801511715,0.7081230878829956,,0.010316,-1894097.6186362342,1747452.9923214912,0.9050277047585112,
542,197830,1129.3,-1703518.277202839,-1802010.5662380096,0.9140744694928402,37110.20551967621,1035030.3817138672,371102.0551071167,128965.0,65049.38049244881,103371.46677398682,1703518.2840874195,0.24354012310504913,0.0005002854929778934,0.0032150536273164968,0.04782237931105651,0.7130008935928345,,0.010262,-1894097.6186362342,1747452.9923214912,0.9050277047585112,
543,198195,1129.9,-1668155.9000138212,-1782269.7156572144,0.9129356337764936,36886.2988448143,1025557.3673095703,368862.98879241943,113655.0,49418.219245910645,110662.3247833252,1668155.9001312256,0.24354012310504913,0.0005002854929778934,0.0032150536273164968,0.04782237931105651,0.7130008935928345,,0.010262,-1894097.6186362342,1747452.9923214912,0.9050277047585112,
544,198560,1130.4,-2079754.7908767792,-1802834.8113287452,0.8791957001083988,57879.6353597641,1019500.5270996094,578796.3548698425,136590.0,103325.37191545963,241542.53800201416,2079754.7918869257,0.24354012310504913,0.0005002854929778934,0.0032150536273164968,0.04782237931105651,0.7130008935928345,,0.010262,-1894097.6186362342,1747452.9923214912,0.9050277047585112,
545,198925,1135.3,-1644557.1294216178,-1801993.210328906,0.8975830556852724,29447.94399881363,1122034.7843017578,294479.44092941284,85655.0,25156.17210674286,117231.73396682739,1644557.131304741,0.24721696365036464,0.00044702038964092745,0.0033389978251714063,0.07559310586044662,0.7182912826538086,,0.010208,-1894097.6186362342,1747452.9923214912,0.9050277047585112,
546,199290,1135.8,-1785106.941340877,-1807359.2700913516,0.891589359716291,27924.95477747917,1268828.1378173828,279249.5456376076,83820.0,39669.68161177635,113539.57244110107,1785106.9375078678,0.24721696365036464,0.00044702038964092745,0.0033389978251714063,0.07559310586044662,0.7182912826538086,,0.010208,-1894097.6186362342,1747452.9923214912,0.9050277047585112,
547,199655,1136.4,-1642930.1955765346,-1806234.5974571896,0.9165681258385783,35616.56648826599,1025075.5395507812,356165.66624450684,112210.0,51184.04852557182,98294.93804168701,1642930.192362547,0.24721696365036464,0.00044702038964092745,0.0033389978251714063,0.07559310586044662,0.7182912826538086,,0.010208,-1894097.6186362342,1747452.9923214912,0.9050277047585112,
548,200020,1141.2,-1694456.5344157338,-1808079.0162662822,0.9133494185840852,36592.0206284523,1036011.4665527344,365920.2061767578,117835.0,59887.020552158356,114802.83922576904,1694456.5325074196,0.19313569955135645,0.0005074507291378962,0.0034958688813371977,0.03492842460247247,0.7948831915855408,,0.010154,-1894097.6186362342,1747452.9923214912,0.9050277047585112,
549,200385,1141.7,-1831467.485449928,-1815520.024136472,0.8967082121397261,45834.69794511795,1029100.1977539062,458346.97827911377,131680.0,78160.70206689835,134179.6072998047,1831467.485399723,0.19313569955135645,0.0005074507291378962,0.0034958688813371977,0.03492842460247247,0.7948831915855408,,0.010154,-1894097.6186362342,1747452.9923214912,0.9050277047585112,
550,200750,1147.5,-1699469.4422360794,-1797584.4346859306,0.9153298892895875,35620.376895427704,1057083.2829589844,356203.76749801636,121595.0,66543.57710838318,98043.81187438965,1699469.4394397736,0.24669775582457842,0.0005401008252432037,0.004234180122071656,0.05936479945912173,0.7252074480056763,,0.010118,-1889046.4467758997,1746378.979571104,0.9054958084347912,True
551,201115,1148.1,-1694645.9081290925,-1775396.094638635,0.9164029309247242,35430.02621841431,1047928.2991943359,354300.2622566223,115690.0,59446.42255973816,117280.91925954819,1694645.9032702446,0.24669775582457842,0.0005401008252432037,0.004234180122071656,0.05936479945912173,0.7252074480056763,,0.010118,-1889046.4467758997,1746378.979571104,0.9054958084347912,
552,201480,1148.8,-1685966.834809948,-1755889.2704147869,0.9171109840293985,34855.16277170181,1044461.4290771484,348551.627822876,122175.0,67284.13519263268,103494.64615631104,1685966.8382489681,0.24669775582457842,0.0005401008252432037,0.004234180122071656,0.05936479945912173,0.7252074480056763,,0.010118,-1889046.4467758997,1746378.979571104,0.9054958084347912,
553,201845,1153.4,-1671641.4130403793,-1756344.8015828822,0.9093431337150021,37737.099130392075,1022978.693359375,377370.9900970459,107460.0,40873.70176380873,122958.0304069519,1671641.4156271815,0.2260023057460785,0.0004393309977067953,0.003469902173827378,0.05280886516955338,0.7236651182174683,,0.010064,-1889046.4467758997,1746378.979571104,0.9054958084347912,
554,202210,1154.0,-1780312.1638806767,-1763516.7874395556,0.9030421601171833,42621.69683408737,1032397.0407714844,426216.9659423828,132115.0,73530.06139159203,116053.09327697754,1780312.1613824368,0.2260023057460785,0.0004393309977067953,0.003469902173827378,0.05280886516955338,0.7236651182174683,,0.010064,-1889046.4467758997,1746378.979571104,0.9054958084347912,
555,202575,1154.6,-1641939.2956735136,-1743935.5004250272,0.8942081048344088,30418.343616962433,1112342.359741211,304183.43312072754,86895.0,25463.48680305481,113055.01881408691,1641939.2984790802,0.2260023057460785,0.0004393309977067953,0.003469902173827378,0.05280886516955338,0.7236651182174683,,0.010064,-1889046.4467758997,1746378.979571104,0.9054958084347912,
556,202940,1159.6,-2097722.726403978,-1763199.8117381525,0.8762975355385085,59214.6379032135,1019905.5740966797,592146.3810119629,138225.0,97256.96625041962,250188.80661010742,2097722.7279691696,0.22793792933225632,0.00048203717755026637,0.003876000118907541,0.06485387178039864,0.7498033046722412,,0.01001,-1889046.4467758997,1746378.979571104,0.9054958084347912,
557,203305,1160.2,-1636693.8759022993,-1757739.20317082,0.8939912842264043,30248.31494140625,1112948.744140625,302483.1487426758,86020.0,26143.9980404377,109097.98076248169,1636693.8716862202,0.22793792933225632,0.00048203717755026637,0.003876000118907541,0.06485387178039864,0.7498033046722412,,0.01001,-1889046.4467758997,1746378.979571104,0.9054958084347912,
558,203670,1160.8,-1696577.709601779,-1756081.2854061865,0.9123933997205728,36856.00913095474,1034948.18359375,368560.08851623535,119330.0,59968.81224799156,113770.62237930298,1696577.70673728,0.22793792933225632,0.00048203717755026637,0.003876000118907541,0.06485387178039864,0.7498033046722412,,0.01001,-1889046.4467758997,1746378.979571104,0.9054958084347912,
559,204035,1165.6,-1695262.4165057477,-1736831.1753959586,0.9138631605176792,36445.27201652527,1040398.7105712891,364452.7215576172,123905.0,61076.95487308502,105429.02661132812,1695262.4136133194,0.22822063102533943,0.0004924731774735847,0.003563328793174342,0.04887442663311958,0.7816661596298218,,0.009956,-1889046.4467758997,1746378.979571104,0.9054958084347912,
560,204400,1166.2,-1660128.6771723418,-1735073.100327351,0.9081768894988096,38837.961933135986,1006001.4647216797,388379.62186050415,117125.0,46358.2406244874,102264.35186004639,1660128.6790667176,0.22822063102533943,0.0004924731774735847,0.003563328793174342,0.04887442663311958,0.7816661596298218,,0.009956,-1889046.4467758997,1746378.979571104,0.9054958084347912,
561,204765,1166.7,-1691746.7274126129,-1735102.722253329,0.9100026311201358,37844.253603458405,1028135.7075195312,378442.5360946655,121665.0,54824.694779634476,108678.79138183594,1691746.7297756672,0.22822063102533943,0.0004924731774735847,0.003563328793174342,0.04887442663311958,0.7816661596298218,,0.009956,-1889046.4467758997,1746378.979571104,0.9054958084347912,
562,205130,1171.6,-1633506.6346115447,-1731602.140123764,0.8818809464748466,30443.059903144836,1114139.8513183594,304430.5987033844,83425.0,11015.180042266846,120496.00119018555,1633506.6312541962,0.23560450030000588,0.0006771684015084725,0.0058339436838746464,0.057082428596913815,0.7180893421173096,,0.009902,-1889046.4467758997,1746378.979571104,0.9054958084347912,
563,205495,1172.1,-1617107.6196270206,-1729049.7261044239,0.9101754946297923,37992.62191390991,987773.6507568359,379926.22001838684,116980.0,33822.508816957474,98605.23486328125,1617107.6144554615,0.23560450030000588,0.0006771684015084725,0.0058339436838746464,0.057082428596913815,0.7180893421173096,,0.009902,-1889046.4467758997,1746378.979571104,0.9054958084347912,
564,205860,1176.9,-1642250.9528183155,-1707174.534201501,0.8874120481055568,33030.152623176575,1084998.2344970703,330301.52643013,87515.0,11499.09576702118,127937.0950050354,1642250.951699257,0.19145750038717924,0.00045403362472777527,0.002964220549696811,0.031724578602925727,0.8471636772155762,,0.009866000000000002,-1889046.4467758997,1746378.979571104,0.9054958084347912,
565,206225,1177.6,-1685678.0480704857,-1709230.5801339443,0.9083930638259593,38795.44586277008,1009216.9028320312,387954.4590988159,124005.0,53558.832909584045,110942.85384368896,1685678.0486841202,0.19145750038717924,0.00045403362472777527,0.002964220549696811,0.031724578602925727,0.8471636772155762,,0.009866000000000002,-1889046.4467758997,1746378.979571104,0.9054958084347912,
566,206590,1178.2,-1666825.199590501,-1703316.493046426,0.9011994097469639,42880.444175720215,957111.4899902344,428804.44176101685,109760.0,29707.630219101906,141441.63334846497,1666825.195318818,0.19145750038717924,0.00045403362472777527,0.002964220549696811,0.031724578602925727,0.8471636772155762,,0.009866000000000002,-1889046.4467758997,1746378.979571104,0.9054958084347912,
567,206955,1183.4,-1607162.0946613306,-1701528.0880006652,0.8987542231644905,34364.639081954956,1037041.6584472656,343646.3905181885,94295.0,22072.03431415558,110107.01081466675,1607162.0940942764,0.21473614871501923,0.0003733382456247407,0.0025436669055029356,0.047973825841357835,0.7862656116485596,,0.009812000000000001,-1889046.4467758997,1746378.979571104,0.9054958084347912,
568,207320,1184.1,-1709062.98065222,-1702258.4103124898,0.9098091743667999,38521.22315454483,1018678.8848876953,385212.2309112549,127020.0,60613.75274729729,117538.11106872559,1709062.979614973,0.21473614871501923,0.0003733382456247407,0.0025436669055029356,0.047973825841357835,0.7862656116485596,,0.009812000000000001,-1889046.4467758997,1746378.979571104,0.9054958084347912,
569,207685,1184.8,-1645261.4634581483,-1692948.1092129007,0.9067707446303324,40180.50385475159,977237.8214111328,401805.0389060974,109070.0,33217.966841340065,123930.63495635986,1645261.4621149302,0.21473614871501923,0.0003733382456247407,0.0025436669055029356,0.047973825841357835,0.7862656116485596,,0.009812000000000001,-1889046.4467758997,1746378.979571104,0.9054958084347912,
570,208050,1189.7,-1643102.4182342738,-1690129.7580128103,0.9100216179426738,38796.15894842148,987821.0968017578,387961.5888595581,111680.0,38291.46097826958,117348.27253723145,1643102.419176817,0.2261546103185729,0.0004347463084884925,0.0031532153738417514,0.05447545980936602,0.7587933540344238,,0.009758000000000003,-1889046.4467758997,1746378.979571104,0.9054958084347912,
571,208415,1190.4,-1738583.1803808012,-1692326.621625396,0.9104661984784579,38571.16169548035,1041456.2023925781,385711.6170578003,128620.0,66139.54840946198,116655.81266021729,1738583.1805200577,0.2261546103185729,0.0004347463084884925,0.0031532153738417514,0.05447545980936602,0.7587933540344238,,0.009758000000000003,-1889046.4467758997,1746378.979571104,0.9054958084347912,
572,208780,1190.9,-1685114.9313383957,-1692284.0264518182,0.9086738884504755,38861.26963877678,996947.8974609375,388612.6976451874,113535.0,50201.117628097534,135818.21828842163,1685114.931022644,0.2261546103185729,0.0004347463084884925,0.0031532153738417514,0.05447545980936602,0.7587933540344238,,0.009758000000000003,-1889046.4467758997,1746378.979571104,0.9054958084347912,
573,209145,1195.7,-2091503.0905451796,-1713277.1103270582,0.8741491331849774,60279.544783592224,1006172.9938964844,602795.448348999,137010.0,95238.4591679573,250286.18992614746,2091503.0913395882,0.2362814698564379,0.00042854946791761136,0.0030565763744035443,0.05533517627535682,0.737659215927124,,0.009704,-1889046.4467758997,1746378.979571104,0.9054958084347912,
574,209510,1196.2,-1644804.3831094587,-1706501.7212884978,0.9107108226645031,38436.044300079346,991501.3918457031,384360.4427947998,111340.0,44153.209084033966,113449.34203338623,1644804.3857579231,0.2362814698564379,0.00042854946791761136,0.0030565763744035443,0.05533517627535682,0.737659215927124,,0.009704,-1889046.4467758997,1746378.979571104,0.9054958084347912,
575,209875,1197.8,-1647227.4195707191,-1706766.127483358,0.8949547898390424,31207.251215457916,1104409.6939697266,312072.5123939514,88155.0,27116.86267733574,115473.3529624939,1647227.4220035076,0.2362814698564379,0.00042854946791761136,0.0030565763744035443,0.05533517627535682,0.737659215927124,,0.009704,-1854512.4256217547,1709986.7742635012,0.9041997307076901,True
576,210240,1202.7,-1743974.071070349,-1689078.6947166764,0.9047778650287085,41635.878516197205,1023380.3326416016,416358.7838821411,131265.0,69785.12329101562,103184.8261756897,1743974.065990448,0.21843740206800008,0.0004401230743927667,0.0034765946214687766,0.054395086131989956,0.7749838829040527,,0.009650000000000002,-1854512.4256217547,1709986.7742635012,0.9041997307076901,
577,210605,1203.3,-1665278.14524926,-1690507.9081840243,0.9062607482957311,38037.88851356506,1022110.5987548828,380378.8875236511,105430.0,36364.5185508728,120994.13935089111,1665278.1441802979,0.21843740206800008,0.0004401230743927667,0.0034765946214687766,0.054395086131989956,0.7749838829040527,,0.009650000000000002,-1854512.4256217547,1709986.7742635012,0.9041997307076901,
578,210970,1208.0,-1751319.5878997801,-1693245.0020989242,0.905152092973753,41206.95775127411,1026372.0772705078,412069.5783920288,131025.0,67158.10263848305,114694.83271789551,1751319.5910189152,0.23835700083720057,0.0006352395458682287,0.004032335778710579,0.0698023502665915,0.7318019866943359,,0.009614000000000001,-1854512.4256217547,1709986.7742635012,0.9041997307076901,
579,211335,1208.6,-1651203.3515169169,-1691042.0488494828,0.8959322372767871,33007.69264173508,1081606.2393798828,330076.9262123108,90540.0,21070.349932193756,127909.8398361206,1651203.355360508,0.23835700083720057,0.0006352395458682287,0.004032335778710579,0.0698023502665915,0.7318019866943359,,0.009614000000000001,-1854512.4256217547,1709986.7742635012,0.9041997307076901,
580,211700,1209.1,-1707461.143778912,-1693408.6721798112,0.9099660189636508,38548.04898071289,1027978.3928222656,385480.4887638092,127560.0,61669.36872434616,104772.89292907715,1707461.1432394981,0.23835700083720057,0.0006352395458682287,0.004032335778710579,0.0698023502665915,0.7318019866943359,,0.009614000000000001,-1854512.4256217547,1709986.7742635012,0.9041997307076901,
581,212065,1213.9,-1680711.3887187468,-1692856.9052451183,0.886004357058219,29291.636436462402,1183214.7969970703,292916.36503601074,82790.0,13279.959698677063,108510.27448272705,1680711.3962144852,0.20053566443292717,0.0004322142145419524,0.0035044352216094636,0.0512502179726174,0.7892338633537292,,0.009560000000000003,-1854512.4256217547,1709986.7742635012,0.9041997307076901,
582,212430,1214.4,-1611231.1302442022,-1691743.130026751,0.8941342129926516,30130.038177013397,1103774.0555419922,301300.3807449341,85315.0,17265.85608482361,103575.8349533081,1611231.127325058,0.20053566443292717,0.0004322142145419524,0.0035044352216094636,0.0512502179726174,0.7892338633537292,,0.009560000000000003,-1854512.4256217547,1709986.7742635012,0.9041997307076901,
583,212795,1215.0,-1662232.8456928008,-1693999.3913300398,0.9139370389788567,36445.25422954559,1019896.5611572266,364452.54374694824,123845.0,59499.67587733269,94539.06855010986,1662232.8493316174,0.20053566443292717,0.0004322142145419524,0.0035044352216094636,0.0512502179726174,0.7892338633537292,,0.009560000000000003,-1854512.4256217547,1709986.7742635012,0.9041997307076901,
584,213160,1219.9,-1646801.7743386389,-1694226.932406056,0.8856011096070096,29565.935626506805,1128180.5186767578,295659.3546447754,82775.0,13733.289229869843,126453.60880661011,1646801.7713580132,0.19314703815861753,0.0004891521223869763,0.003593043277138158,0.044854524692422466,0.8041861057281494,,0.009506,-1854512.4256217547,1709986.7742635012,0.9041997307076901,
585,213525,1220.4,-1621131.2563704944,-1690999.5928210567,0.8922490326629158,31231.725633621216,1101427.080078125,312317.2568092346,86130.0,15504.716212391853,105752.19747543335,1621131.2505751848,0.19314703815861753,0.0004891521223869763,0.003593043277138158,0.044854524692422466,0.8041861057281494,,0.009506,-1854512.4256217547,1709986.7742635012,0.9041997307076901,
586,213890,1221.0,-1691130.7679942437,-1692214.871241244,0.8942302914065904,37773.32449054718,1046177.6958007812,377733.2428588867,97315.0,32367.942125558853,137536.88272094727,1691130.763506174,0.19314703815861753,0.0004891521223869763,0.003593043277138158,0.044854524692422466,0.8041861057281494,,0.009506,-1854512.4256217547,1709986.7742635012,0.9041997307076901,
587,214255,1226.1,-1671484.3214232838,-1695430.9825793416,0.9123196840023224,36876.9380235672,1020580.5715332031,368769.38080596924,118800.0,50791.032705545425,112543.33528137207,1671484.3203260899,0.1870331644619766,0.0004002771607031862,0.002530549703423228,0.03561680450251228,0.8336688876152039,,0.009452000000000002,-1854512.4256217547,1709986.7742635012,0.9041997307076901,
588,214620,1226.6,-1731247.0676775887,-1696540.1869306099,0.9094569500356531,38799.779399871826,1037277.5638427734,387997.7950515747,127615.0,66842.43365561962,111514.28396606445,1731247.0765160322,0.1870331644619766,0.0004002771607031862,0.002530549703423228,0.03561680450251228,0.8336688876152039,,0.009452000000000002,-1854512.4256217547,1709986.7742635012,0.9041997307076901,
589,214985,1227.2,-2032590.0122999803,-1715906.6143727012,0.8760808210676236,59071.40516281128,988521.3748779297,590714.0483474731,136145.0,82926.02060508728,234283.5650177002,2032590.0088481903,0.1870331644619766,0.0004002771607031862,0.002530549703423228,0.03561680450251228,0.8336688876152039,,0.009452000000000002,-1854512.4256217547,1709986.7742635012,0.9041997307076901,
590,215350,1232.0,-1683232.768464523,-1717913.131884214,0.9138400263097638,36336.331864356995,1032325.1622314453,363363.31928634644,123525.0,60058.785004615784,103960.505027771,1683232.7715501785,0.24980247648138748,0.0005774071037433858,0.004199111671799696,0.07070264891770325,0.698464572429657,,0.009398000000000002,-1854512.4256217547,1709986.7742635012,0.9041997307076901,
591,215715,1232.7,-2098813.6371946363,-1735924.6547249053,0.8724434809590559,59890.97460269928,1032495.9481201172,598909.7434844971,138860.0,87393.22974228859,241154.71421813965,2098813.6355650425,0.24980247648138748,0.0005774071037433858,0.004199111671799696,0.07070264891770325,0.698464572429657,,0.009398000000000002,-1854512.4256217547,1709986.7742635012,0.9041997307076901,
592,216080,1237.6,-1646964.2448220141,-1734017.1203990865,0.90247052750021,34693.8666639328,1056548.4047851562,346938.6658744812,97655.0,27269.224068760872,118552.95001602173,1646964.24474442,0.22977345809340477,0.000400080968287703,0.002841079442939525,0.06505168670494306,0.742573618888855,,0.009362000000000002,-1854512.4256217547,1709986.7742635012,0.9041997307076901,
593,216445,1238.1,-1670532.9575976126,-1712968.613751708,0.9117256529871287,37202.69390249252,1015159.9504394531,372026.93793296814,118575.0,47266.54290962219,117504.52268981934,1670532.9539718628,0.22977345809340477,0.000400080968287703,0.002841079442939525,0.06505168670494306,0.742573618888855,,0.009362000000000002,-1854512.4256217547,1709986.7742635012,0.9041997307076901,
594,216810,1238.7,-1992074.3927596111,-1730332.114234216,0.8784494590909382,31353.59737586975,1309973.0682373047,313535.97522735596,86305.0,64414.2265586853,217846.12106323242,1992074.3910865784,0.22977345809340477,0.000400080968287703,0.002841079442939525,0.06505168670494306,0.742573618888855,,0.009362000000000002,-1854512.4256217547,1709986.7742635012,0.9041997307076901,
595,217175,1243.7,-1610342.1700584884,-1728487.8517586042,0.9014241918967626,31665.999716043472,1065970.577758789,316659.9998483658,91625.0,20840.986060857773,115245.60181045532,1610342.165478468,0.19073963733880142,0.00037678667281158454,0.002999556692597444,0.03718297830537746,0.8259148597717285,,0.009308,-1854512.4256217547,1709986.7742635012,0.9041997307076901,
596,217540,1244.4,-1623971.7669458943,-1722487.7365523814,0.906120121547711,35361.73381662369,1035460.9694824219,353617.33654022217,100155.0,29165.399126529694,105573.05782318115,1623971.762972355,0.19073963733880142,0.00037678667281158454,0.002999556692597444,0.03718297830537746,0.8259148597717285,,0.009308,-1854512.4256217547,1709986.7742635012,0.9041997307076901,
597,217905,1245.1,-1656952.4613211025,-1722071.4523559734,0.9043599540353177,35455.19963979721,1038525.7552490234,354551.9970626831,98815.0,29178.871049284935,135880.8372039795,1656952.460564971,0.19073963733880142,0.00037678667281158454,0.002999556692597444,0.03718297830537746,0.8259148597717285,,0.009308,-1854512.4256217547,1709986.7742635012,0.9041997307076901,
598,218270,1250.7,-1673073.0233090087,-1718159.124126435,0.900318602793018,34957.169505119324,1069373.482421875,349571.69497299194,95490.0,29933.27182328701,128704.57316970825,1673073.0223878622,0.1937618077193436,0.00037576543270820127,0.0025021737115151297,0.037490805071827615,0.8308306336402893,,0.009254000000000002,-1854512.4256217547,1709986.7742635012,0.9041997307076901,
599,218635,1251.4,-2082153.445463289,-1739706.628823754,0.8779559725071409,58346.686619758606,1021855.0927734375,583466.869430542,135710.0,95865.05718278885,245256.43119812012,2082153.4505848885,0.1937618077193436,0.00037576543270820127,0.0025021737115151297,0.037490805071827615,0.8308306336402893,,0.009254000000000002,-1854512.4256217547,1709986.7742635012,0.9041997307076901,
600,219000,1253.1,-1659515.1582151505,-1737309.3295455656,0.9154804956139194,35657.5111079216,1023080.0126953125,356575.10932922363,115850.0,44822.82282435894,119187.20652008057,1659515.1513689756,0.1937618077193436,0.00037576543270820127,0.0025021737115151297,0.037490805071827615,0.8308306336402893,,0.009254000000000002,-1866938.3162577588,1721526.29909873,0.905454558017899,True
601,219365,1258.2,-1687328.4127123365,-1737640.1807452452,0.9132122196850726,37553.506481170654,1023406.1613769531,375535.06424713135,130475.0,53355.29736995697,104556.89200592041,1687328.4149999619,0.23927499785235054,0.0004926172599593165,0.002913090225774795,0.0619431031181624,0.7175282835960388,,0.009200000000000002,-1866938.3162577588,1721526.29909873,0.905454558017899,
602,219730,1258.8,-1655578.2500647004,-1739857.5367362697,0.9093931467476919,39343.12660551071,989654.787109375,393431.2682571411,112080.0,36362.42047929764,124049.77438735962,1655578.2502331734,0.23927499785235054,0.0004926172599593165,0.002913090225774795,0.0619431031181624,0.7175282835960388,,0.009200000000000002,-1866938.3162577588,1721526.29909873,0.905454558017899,
603,220095,1259.5,-1729952.2868290048,-1743243.5087930798,0.9096394548440623,38467.11659669876,1043943.4151611328,384671.16693878174,127115.0,64767.26587808132,109455.4344329834,1729952.2824109793,0.23927499785235054,0.0004926172599593165,0.002913090225774795,0.0619431031181624,0.7175282835960388,,0.009200000000000002,-1866938.3162577588,1721526.29909873,0.905454558017899,
604,220460,1264.4,-1870783.0392757421,-1754442.572039935,0.8839809311040686,52582.16240501404,998163.0771484375,525821.6269073486,131980.0,67299.43004131317,147518.90505981445,1870783.0391569138,0.23816287654795146,0.0006188345067991912,0.0036955716235465125,0.06841957059345748,0.7268620729446411,,0.009146000000000001,-1866938.3162577588,1721526.29909873,0.905454558017899,
605,220825,1264.9,-2028885.189905994,-1774830.2687167104,0.8746668631232827,59525.59469509125,988355.6072998047,595255.950302124,134980.0,81159.82308256626,229133.80876159668,2028885.1894460917,0.23816287654795146,0.0006188345067991912,0.0036955716235465125,0.06841957059345748,0.7268620729446411,,0.009146000000000001,-1866938.3162577588,1721526.29909873,0.905454558017899,
606,221190,1269.9,-1677959.1029144828,-1774171.685462722,0.9099497929064957,38131.21989250183,1006664.1066894531,381312.1986312866,118045.0,41524.85529112816,130412.94564056396,1677959.1062524319,0.2473694629182941,0.00046834764921904455,0.003076118341644025,0.0784047283232212,0.7048999071121216,,0.00911,-1866938.3162577588,1721526.29909873,0.905454558017899,
607,221555,1270.7,-1680052.415472323,-1774600.090165174,0.9122014332304443,37065.48194026947,1026610.2796630859,370654.8174972534,119575.0,50573.97682774067,112638.3381652832,1680052.4121533632,0.2473694629182941,0.00046834764921904455,0.003076118341644025,0.0784047283232212,0.7048999071121216,,0.00911,-1866938.3162577588,1721526.29909873,0.905454558017899,
608,221920,1271.3,-1782223.0809072072,-1777148.890826655,0.8940307132114433,47450.71529960632,990328.2359619141,474507.1551208496,130460.0,58780.489386856556,128147.1953125,1782223.0757821202,0.2473694629182941,0.00046834764921904455,0.003076118341644025,0.0784047283232212,0.7048999071121216,,0.00911,-1866938.3162577588,1721526.29909873,0.905454558017899,
609,222285,1276.1,-1646384.683979276,-1757838.62441062,0.9066422234936949,38910.49431228638,992610.5225830078,389104.9434623718,105875.0,33606.060000658035,125188.15523529053,1646384.6812813282,0.2260073590043344,0.0005031322548108475,0.0030619303334357313,0.06702911525376533,0.7311404347419739,,0.009056000000000002,-1866938.3162577588,1721526.29909873,0.905454558017899,
610,222650,1276.7,-1717853.0405158848,-1759569.6380131878,0.913503251037736,37307.25878190994,1039968.2614746094,373072.58587646484,127750.0,68021.35994768143,109040.83044433594,1717853.0377430916,0.2260073590043344,0.0005031322548108475,0.0030619303334357313,0.06702911525376533,0.7311404347419739,,0.009056000000000002,-1866938.3162577588,1721526.29909873,0.905454558017899,
611,223015,1277.3,-1748679.118258151,-1742062.9120663635,0.91196842976961,37961.14977788925,1057038.1003417969,379611.4995422363,127470.0,75485.91145074368,109073.61029052734,1748679.1216253042,0.2260073590043344,0.0005031322548108475,0.0030619303334357313,0.06702911525376533,0.7311404347419739,,0.009056000000000002,-1866938.3162577588,1721526.29909873,0.905454558017899,
612,223380,1282.2,-1627631.0093112062,-1741096.2502908234,0.8889382856431646,28703.455828666687,1127111.1395263672,287034.55843925476,82655.0,11762.483143806458,119067.82918930054,1627631.010298729,0.2245807886907929,0.00040925183819988316,0.0027056242259660443,0.07403590392909552,0.7392832040786743,,0.009002000000000001,-1866938.3162577588,1721526.29909873,0.905454558017899,
613,223745,1282.7,-1655521.5163157901,-1740345.6782267322,0.9120411506087569,37318.03715467453,1007361.6455078125,373180.3738822937,113925.0,47619.538618564606,113434.95883369446,1655521.5168423653,0.2245807886907929,0.00040925183819988316,0.0027056242259660443,0.07403590392909552,0.7392832040786743,,0.009002000000000001,-1866938.3162577588,1721526.29909873,0.905454558017899,
614,224110,1283.3,-1663876.04292258,-1723935.7607348808,0.9137224750154209,36736.19364070892,1017896.6807861328,367361.93479156494,124335.0,58538.75457382202,95743.67879486084,1663876.0489463806,0.2245807886907929,0.00040925183819988316,0.0027056242259660443,0.07403590392909552,0.7392832040786743,,0.009002000000000001,-1866938.3162577588,1721526.29909873,0.905454558017899,
615,224475,1288.4,-1674148.8981439436,-1727126.0971391532,0.9129981581524736,36899.917179107666,1028305.4102783203,368999.1698226929,122835.0,56035.95498859882,97973.3625869751,1674148.897676587,0.22021687011185445,0.0005297091327903265,0.0029080039515209043,0.05604060822607655,0.7471274733543396,,0.008948000000000001,-1866938.3162577588,1721526.29909873,0.905454558017899,
616,224840,1289.0,-1949185.126972281,-1743386.7651404727,0.8816085066760143,30499.306161165237,1325825.3542480469,304993.06449890137,84610.0,68467.0801756382,165289.63149261475,1949185.1304152012,0.22021687011185445,0.0005297091327903265,0.0029080039515209043,0.05604060822607655,0.7471274733543396,,0.008948000000000001,-1866938.3162577588,1721526.29909873,0.905454558017899,
617,225205,1289.5,-1794871.151551554,-1750282.6996519952,0.8941317975444681,47405.45195913315,1003986.40234375,474054.5182647705,127935.0,64766.92769789696,124128.30892181396,1794871.1572282314,0.22021687011185445,0.0005297091327903265,0.0029080039515209043,0.05604060822607655,0.7471274733543396,,0.008948000000000001,-1866938.3162577588,1721526.29909873,0.905454558017899,
618,225570,1294.5,-1693967.7810877075,-1751327.4375409302,0.9100499471823938,38902.768193244934,1016641.24609375,389027.6815032959,125520.0,56903.46528196335,105875.38623046875,1693967.779109478,0.20853758309232562,0.0004471836977436875,0.0029406631258193797,0.07146525770229728,0.7581093311309814,,0.008894,-1866938.3162577588,1721526.29909873,0.905454558017899,
619,225935,1295.0,-1959899.4277216704,-1745214.736653849,0.8763932140638054,58005.94529056549,977409.2139892578,580059.4543762207,129450.0,76753.0083233118,196227.7461128235,1959899.4228016138,0.20853758309232562,0.0004471836977436875,0.0029406631258193797,0.07146525770229728,0.7581093311309814,,0.008894,-1866938.3162577588,1721526.29909873,0.905454558017899,
620,226300,1295.6,-1614800.5122690753,-1742979.0043565456,0.9082532161224295,39948.56812953949,974678.263671875,399485.6827468872,106900.0,32994.5668900013,100741.99653625488,1614800.5098450184,0.20853758309232562,0.0004471836977436875,0.0029406631258193797,0.07146525770229728,0.7581093311309814,,0.008894,-1866938.3162577588,1721526.29909873,0.905454558017899,
621,226665,1300.6,-1632999.312735293,-1740262.5493576936,0.9019854032153225,41887.61609649658,956686.3031005859,418876.16004371643,108210.0,28649.773938179016,120577.07619094849,1632999.3132734299,0.2295394302590897,0.0006394342787500232,0.004229896949254908,0.07997172208208787,0.7252786755561829,,0.00884,-1866938.3162577588,1721526.29909873,0.905454558017899,
622,227030,1301.2,-1674457.32042235,-1741206.5028755758,0.907693591208499,39120.19449710846,1003413.4288330078,391201.9436264038,120520.0,44815.560594797134,114506.38697814941,1674457.3200323582,0.2295394302590897,0.0006394342787500232,0.004229896949254908,0.07997172208208787,0.7252786755561829,,0.00884,-1866938.3162577588,1721526.29909873,0.905454558017899,
623,227395,1306.3,-1784629.9658027105,-1743940.3868242614,0.8936470439984163,46968.762311935425,989775.0174560547,469687.6239967346,126210.0,57180.78823816776,141776.54107666016,1784629.9707676172,0.22535566397403417,0.0005618458377571905,0.004224542990988611,0.07301498449554569,0.725504994392395,,0.008804000000000001,-1866938.3162577588,1721526.29909873,0.905454558017899,
624,227760,1306.9,-1634376.0417352098,-1732120.0369472348,0.9074856125688141,39667.67144203186,980905.0469970703,396676.71604156494,107380.0,33226.146706581116,116188.13118743896,1634376.0409326553,0.22535566397403417,0.0005618458377571905,0.004224542990988611,0.07301498449554569,0.725504994392395,,0.008804000000000001,-1866938.3162577588,1721526.29909873,0.905454558017899,
625,228125,1308.4,-1695713.3398212935,-1715461.4444429993,0.9060925927902689,39988.87293434143,1005160.845703125,399888.72998046875,121090.0,54227.145616889,115346.61377716064,1695713.3350776434,0.22535566397403417,0.0005618458377571905,0.004224542990988611,0.07301498449554569,0.725504994392395,,0.008804000000000001,-1805525.3949466473,1658025.0955092907,0.901020516919604,True
626,228490,1314.0,-1670169.2603896759,-1715071.9523167592,0.9073618162475451,40058.14022731781,988754.0335693359,400581.40282440186,124475.0,48365.030542850494,107993.7947921753,1670169.2617287636,0.222264230839516,0.0003367601308893523,0.0020883125161114883,0.06702754872017785,0.7267677783966064,,0.00875,-1805525.3949466473,1658025.0955092907,0.901020516919604,
627,228855,1314.7,-1630430.295810323,-1712590.846333659,0.911760764988921,37124.09919309616,1003148.7606201172,371240.98973846436,115060.0,36660.36642384529,104320.1775856018,1630430.2943680286,0.222264230839516,0.0003367601308893523,0.0020883125161114883,0.06702754872017785,0.7267677783966064,,0.00875,-1805525.3949466473,1658025.0955092907,0.901020516919604,
628,229220,1315.5,-1661789.1693131488,-1706569.1507539563,0.908801880698589,38683.8710565567,999037.3176269531,386838.710395813,120890.0,49620.819954395294,105402.31750488281,1661789.1654820442,0.222264230839516,0.0003367601308893523,0.0020883125161114883,0.06702754872017785,0.7267677783966064,,0.00875,-1805525.3949466473,1658025.0955092907,0.901020516919604,
629,229585,1320.9,-1721840.0885578278,-1710341.9209828835,0.9040496924285202,40965.69596672058,1016061.7191162109,409656.9574584961,122085.0,52732.18178462982,121304.22634124756,1721840.0847005844,0.2325061504778109,0.0005143856776014314,0.003537094384419585,0.06737420840286895,0.7377933263778687,,0.008696,-1805525.3949466473,1658025.0955092907,0.901020516919604,
630,229950,1321.5,-2003405.7586798242,-1724619.5568910807,0.8738259457554698,59855.33107089996,989024.7521972656,598553.310585022,130135.0,73226.53446429968,212466.15873718262,2003405.75598377,0.2325061504778109,0.0005143856776014314,0.003537094384419585,0.06737420840286895,0.7377933263778687,,0.008696,-1805525.3949466473,1658025.0955092907,0.901020516919604,
631,230315,1322.1,-2068205.8380313965,-1740595.8928797431,0.8682135433906997,33950.0362329483,1352770.1876220703,339500.3632965088,85140.0,89042.40163516998,201752.88326263428,2068205.8358163834,0.2325061504778109,0.0005143856776014314,0.003537094384419585,0.06737420840286895,0.7377933263778687,,0.008696,-1805525.3949466473,1658025.0955092907,0.901020516919604,
632,230680,1327.1,-1621079.8951522673,-1740268.3371717962,0.9075468304581117,39217.52508163452,983982.6162109375,392175.25020217896,109555.0,31954.08865594864,103412.93653869629,1621079.8916077614,0.20249255472107938,0.00040991406010442387,0.003038640610420292,0.07632955320571598,0.7465980052947998,,0.008642,-1805525.3949466473,1658025.0955092907,0.901020516919604,
633,231045,1327.6,-1603870.18827692,-1737685.7707698524,0.9099332464145821,38448.956705093384,973275.8551025391,384489.567817688,108225.0,28188.362430095673,109691.40214538574,1603870.1874957085,0.20249255472107938,0.00040991406010442387,0.003038640610420292,0.07632955320571598,0.7465980052947998,,0.008642,-1805525.3949466473,1658025.0955092907,0.901020516919604,
634,231410,1328.2,-1599187.0092766332,-1734451.3190875552,0.9120737126527632,37071.12956619263,990286.0904541016,370711.2984008789,111880.0,37315.518070459366,88994.10070419312,1599187.007629633,0.20249255472107938,0.00040991406010442387,0.003038640610420292,0.07632955320571598,0.7465980052947998,,0.008642,-1805525.3949466473,1658025.0955092907,0.901020516919604,
635,231775,1333.3,-1616734.1683573707,-1731580.5825982266,0.8972458077837366,34246.73921537399,1052266.041381836,342467.3919868469,89845.0,21479.033623218536,110676.70533752441,1616734.1723294258,0.2108931539482192,0.0003695253995159108,0.0024191873120511637,0.04888767959844125,0.7324621081352234,,0.008588000000000002,-1805525.3949466473,1658025.0955092907,0.901020516919604,
636,232140,1333.9,-1626646.3969550421,-1715453.6460973646,0.9056708957643946,41152.86397576332,963320.0502929688,411528.6403236389,105790.0,24677.521752119064,121330.18454360962,1626646.3969123363,0.2108931539482192,0.0003695253995159108,0.0024191873120511637,0.04888767959844125,0.7324621081352234,,0.008588000000000002,-1805525.3949466473,1658025.0955092907,0.901020516919604,
637,232505,1339.0,-1635507.3368010116,-1707485.4553598377,0.8953058274890305,33631.43250656128,1064326.1881103516,336314.32456588745,87805.0,16543.328693032265,130518.50763702393,1635507.3490062952,0.1771516652875825,0.00035499567619760793,0.002556248715049342,0.03408903003621258,0.8311848640441895,,0.008552,-1805525.3949466473,1658025.0955092907,0.901020516919604,
638,232870,1339.5,-1610794.0149035377,-1703326.767050629,0.9124614609333023,37025.738176345825,1002257.1439208984,370257.38220977783,112415.0,37489.10068035126,88375.38346099854,1610794.010272026,0.1771516652875825,0.00035499567619760793,0.002556248715049342,0.03408903003621258,0.8311848640441895,,0.008552,-1805525.3949466473,1658025.0955092907,0.901020516919604,
639,233235,1340.1,-2039900.2986958027,-1707326.8105993357,0.8771529740845474,58684.515667915344,995069.2899169922,586845.1565551758,132535.0,83444.05901837349,242006.79418945312,2039900.2996799946,0.1771516652875825,0.00035499567619760793,0.002556248715049342,0.03408903003621258,0.8311848640441895,,0.008552,-1805525.3949466473,1658025.0955092907,0.901020516919604,
640,233600,1345.5,-1646280.9414794047,-1708900.832059852,0.9095571711109471,39466.08502817154,981082.1799316406,394660.85217666626,106645.0,33865.96946156025,130026.93576812744,1646280.9373379946,0.2158117604098822,0.0004094647051954924,0.0025559810103578983,0.06401513649248763,0.7276500463485718,,0.008498,-1805525.3949466473,1658025.0955092907,0.901020516919604,
641,233965,1346.4,-1705864.407698676,-1712544.0868080214,0.910762969565774,38353.09407329559,1016857.2052001953,383530.9371185303,124590.0,66630.62910962105,114255.63793945312,1705864.4093677998,0.2158117604098822,0.0004094647051954924,0.0025559810103578983,0.06401513649248763,0.7276500463485718,,0.008498,-1805525.3949466473,1658025.0955092907,0.901020516919604,
642,234330,1347.1,-1603825.0606211121,-1709012.473817959,0.8903985588878878,28920.751469135284,1122477.848022461,289207.5126724243,81275.0,12921.655670166016,97943.04011154175,1603825.056476593,0.2158117604098822,0.0004094647051954924,0.0025559810103578983,0.06401513649248763,0.7276500463485718,,0.008498,-1805525.3949466473,1658025.0955092907,0.901020516919604,
643,234695,1352.5,-1655106.2016653635,-1702536.2856110919,0.9053783087391629,40224.91103696823,981966.8857421875,402249.10942077637,104390.0,37055.27636528015,129444.92610931396,1655106.197637558,0.1893371141662723,0.00042633381532428566,0.0028343869907027845,0.05168831539585402,0.7887352705001831,,0.008444,-1805525.3949466473,1658025.0955092907,0.901020516919604,
644,235060,1353.2,-1620655.3049507043,-1701850.2487718668,0.8950529914193499,32718.279395103455,1076201.0505371094,327182.79441070557,86470.0,22096.871656656265,108704.58676147461,1620655.3033659458,0.1893371141662723,0.00042633381532428566,0.0028343869907027845,0.05168831539585402,0.7887352705001831,,0.008444,-1805525.3949466473,1658025.0955092907,0.901020516919604,
645,235425,1353.8,-1679243.015558726,-1701026.7325587384,0.9097247531202983,38887.055621147156,1007804.9793701172,388870.5559310913,125435.0,57050.19469332695,100082.28244018555,1679243.012434721,0.1893371141662723,0.00042633381532428566,0.0028343869907027845,0.05168831539585402,0.7887352705001831,,0.008444,-1805525.3949466473,1658025.0955092907,0.901020516919604,
646,235790,1358.9,-1675828.2010287833,-1701309.679590694,0.9150844425702676,36594.52930545807,1031495.2838134766,365945.2945098877,124815.0,58726.61315917969,94846.01103210449,1675828.2025146484,0.20142415420789467,0.00041627759109312475,0.0026186223633550597,0.0619231636979078,0.7701568603515625,,0.008390000000000002,-1805525.3949466473,1658025.0955092907,0.901020516919604,
647,236155,1359.4,-1931688.1007055675,-1716372.5698354556,0.8818785475839985,54951.871485710144,999625.9671630859,549518.7150650024,129155.0,77902.40304374695,175486.00938415527,1931688.0946559906,0.20142415420789467,0.00041627759109312475,0.0026186223633550597,0.0619231636979078,0.7701568603515625,,0.008390000000000002,-1805525.3949466473,1658025.0955092907,0.901020516919604,
648,236520,1360.0,-1620240.5489479552,-1714295.1388171962,0.8922935446579672,29349.793667793274,1123759.5993652344,293497.93658447266,81810.0,19742.8897254467,101430.12828445435,1620240.553959608,0.20142415420789467,0.00041627759109312475,0.0026186223633550597,0.0619231636979078,0.7701568603515625,,0.008390000000000002,-1805525.3949466473,1658025.0955092907,0.901020516919604,
649,236885,1365.7,-1627759.9429690929,-1709591.1315377597,0.8974996533670581,33620.626197338104,1063202.5056152344,336206.26303482056,89185.0,19034.99503183365,120131.1749382019,1627759.9386200905,0.20079479288113744,0.00039564816114235376,0.0029650236430921054,0.07527613022217625,0.7627033591270447,,0.008336,-1805525.3949466473,1658025.0955092907,0.901020516919604,
650,237250,1368.4,-1649847.0228665136,-1691913.194747094,0.8964430182442835,35402.92179584503,1060274.9494628906,354029.21656036377,90835.0,23528.668889045715,121179.18202972412,1649847.0169420242,0.20079479288113744,0.00039564816114235376,0.0029650236430921054,0.07527613022217625,0.7627033591270447,,0.008336,-1823676.414580307,1682887.298840046,0.9047842071134939,True
651,237615,1376.3,-1621864.5038419552,-1669596.128037622,0.9059851240571554,36730.10779285431,1011265.9313964844,367301.0767059326,99230.0,31505.907723665237,112561.59330749512,1621864.5091335773,0.17179017827699058,0.0002892431959576482,0.0019429524733200914,0.0410287068960698,0.8142840266227722,,0.0083,-1823676.414580307,1682887.298840046,0.9047842071134939,
652,237980,1377.1,-1658481.945093611,-1671466.230534689,0.8998654889568471,37629.24750137329,1028759.4635009766,376292.4739074707,96445.0,29320.859572529793,127664.14514923096,1658481.942130208,0.17179017827699058,0.0002892431959576482,0.0019429524733200914,0.0410287068960698,0.8142840266227722,,0.0083,-1823676.414580307,1682887.298840046,0.9047842071134939,
653,238345,1378.0,-1650151.708368466,-1673780.3065392664,0.9134913331944896,36349.12510967255,1019751.3739013672,363491.2489929199,115050.0,47699.35336577892,104159.72801971436,1650151.7042797804,0.17179017827699058,0.0002892431959576482,0.0019429524733200914,0.0410287068960698,0.8142840266227722,,0.0083,-1823676.414580307,1682887.298840046,0.9047842071134939,
654,238710,1385.4,-2106374.7778772195,-1699139.6949692958,0.8736137947229096,59121.065490722656,1032301.4588623047,591210.6529083252,133110.0,87041.31685733795,262711.3491516113,2106374.777779579,0.20697720662543648,0.000443230167164936,0.002831977710899848,0.06263907959586695,0.7588142156600952,,0.008246,-1823676.414580307,1682887.298840046,0.9047842071134939,
655,239075,1386.2,-1840571.9403778932,-1710331.5835703216,0.8878085005320026,51097.73062419891,1007099.4278564453,510977.3042755127,126390.0,55709.33292198181,140395.87162780762,1840571.9366817474,0.20697720662543648,0.000443230167164936,0.002831977710899848,0.06263907959586695,0.7588142156600952,,0.008246,-1823676.414580307,1682887.298840046,0.9047842071134939,
656,239440,1386.8,-1639478.7366659413,-1710973.200555867,0.9031637410014215,35099.07676410675,1054589.1334228516,350990.76890563965,93605.0,26503.440339684486,113790.39092254639,1639478.733590722,0.20697720662543648,0.000443230167164936,0.002831977710899848,0.06263907959586695,0.7588142156600952,,0.008246,-1823676.414580307,1682887.298840046,0.9047842071134939,
657,239805,1392.3,-1598937.791887501,-1709144.7233101916,0.8970900609387361,30517.01623916626,1102362.0682373047,305170.16187286377,83760.0,16367.338451385498,91278.2202577591,1598937.788819313,0.19689928995151268,0.00048152496272354926,0.003650598356647319,0.06450708970231445,0.775558590888977,,0.008192000000000001,-1823676.414580307,1682887.298840046,0.9047842071134939,
658,240170,1393.3,-1626524.2192685953,-1709931.233528444,0.9167940498539773,35047.42787885666,1019692.1430664062,350474.2784194946,113945.0,43590.83863186836,98821.96026611328,1626524.2203838825,0.19689928995151268,0.00048152496272354926,0.003650598356647319,0.06450708970231445,0.775558590888977,,0.008192000000000001,-1823676.414580307,1682887.298840046,0.9047842071134939,
659,240535,1394.1,-1700546.6473102616,-1692963.5509591668,0.9126361449048765,37762.676909446716,1026273.8073730469,377626.7671966553,124985.0,54861.80146789551,116799.27262115479,1700546.6486587524,0.19689928995151268,0.00048152496272354926,0.003650598356647319,0.06450708970231445,0.775558590888977,,0.008192000000000001,-1823676.414580307,1682887.298840046,0.9047842071134939,
660,240900,1400.3,-1619157.4153883844,-1691607.374654616,0.9135351429212143,37009.72570514679,998642.7686767578,370097.2582435608,108415.0,36989.92034864426,105012.4694519043,1619157.4167208672,0.20421269339950462,0.00039014962859303186,0.0024009838426105774,0.06086381451275788,0.7514153718948364,,0.008138,-1823676.414580307,1682887.298840046,0.9047842071134939,
661,241265,1401.4,-1618917.7522332994,-1687260.041881347,0.9113167406547088,38483.56829333305,978849.9957275391,384835.6819281578,107700.0,33325.5404958725,114206.53214263916,1618917.7502942085,0.20421269339950462,0.00039014962859303186,0.0024009838426105774,0.06086381451275788,0.7514153718948364,,0.008138,-1823676.414580307,1682887.298840046,0.9047842071134939,
662,241630,1402.4,-1644980.5795099451,-1689317.8178257886,0.9044128139496059,38236.21264076233,1003607.3002929688,382362.12676239014,101400.0,31770.587157011032,125840.5645904541,1644980.578802824,0.20421269339950462,0.00039014962859303186,0.0024009838426105774,0.06086381451275788,0.7514153718948364,,0.008138,-1823676.414580307,1682887.298840046,0.9047842071134939,
663,241995,1408.1,-2034179.0507114301,-1708271.460278092,0.8757855514669197,59569.39886856079,987971.5280761719,595693.9871826172,131990.0,75781.76969242096,242741.7627105713,2034179.0476617813,0.2022546182729696,0.00038321513368014406,0.002190305476879554,0.04665515287534187,0.7771880626678467,,0.008084000000000001,-1823676.414580307,1682887.298840046,0.9047842071134939,
664,242360,1408.7,-1622130.2704272307,-1708345.2085519186,0.8960272365268162,33246.64276647568,1071032.8145751953,332466.4293746948,88610.0,15991.282575368881,114029.74034881592,1622130.266874075,0.2022546182729696,0.00038321513368014406,0.002190305476879554,0.04665515287534187,0.7771880626678467,,0.008084000000000001,-1823676.414580307,1682887.298840046,0.9047842071134939,
665,242725,1414.5,-1633212.6480864286,-1706043.6901783035,0.9013787551995658,35607.98940515518,1030105.3658447266,356079.8949508667,94785.0,26512.755799293518,125729.6275100708,1633212.6441049576,0.19064550533106453,0.00047338628385324756,0.003332840770446254,0.05930182430893183,0.7905222177505493,,0.008048,-1823676.414580307,1682887.298840046,0.9047842071134939,
666,243090,1415.3,-1640953.902294035,-1704299.9752415665,0.9147827151797612,35771.9153008461,1025321.0283203125,357719.1523952484,117440.0,45777.41656970978,94696.30772018433,1640953.905005455,0.19064550533106453,0.00047338628385324756,0.003332840770446254,0.05930182430893183,0.7905222177505493,,0.008048,-1823676.414580307,1682887.298840046,0.9047842071134939,
667,243455,1416.1,-1614664.3220935962,-1688448.7863109678,0.8993745112535613,34312.68790960312,1055332.9936523438,343126.880607605,91100.0,15956.888013124466,109147.56102371216,1614664.3232967854,0.19064550533106453,0.00047338628385324756,0.003332840770446254,0.05930182430893183,0.7905222177505493,,0.008048,-1823676.414580307,1682887.298840046,0.9047842071134939,
668,243820,1422.9,-1638686.9469913705,-1689371.1062131387,0.9137266294144543,36273.46611595154,1023432.2987060547,362734.6604385376,117235.0,44642.559019088745,90642.43014526367,1638686.9483089447,0.19718344588028758,0.0004407935883998442,0.0028418825382495448,0.05051655685038943,0.7828041315078735,,0.007994000000000001,-1823676.414580307,1682887.298840046,0.9047842071134939,
669,244185,1423.8,-2037509.7538056818,-1709858.5967549677,0.8751890821221681,59628.66563796997,994578.5100097656,596286.6598052979,130680.0,82251.27571606636,233713.31135940552,2037509.7568905354,0.19718344588028758,0.0004407935883998442,0.0028418825382495448,0.05051655685038943,0.7828041315078735,,0.007994000000000001,-1823676.414580307,1682887.298840046,0.9047842071134939,
670,244550,1424.6,-1651797.5781179634,-1709956.1245175402,0.9109911064752371,38110.0478515625,996933.1907958984,381100.4780578613,107855.0,37452.604620695114,128456.30661773682,1651797.5800921917,0.19718344588028758,0.0004407935883998442,0.0028418825382495448,0.05051655685038943,0.7828041315078735,,0.007994000000000001,-1823676.414580307,1682887.298840046,0.9047842071134939,
671,244915,1430.6,-2002149.8107201667,-1728970.389861451,0.8771232289295865,58269.14785575867,998553.9940185547,582691.4758605957,129865.0,72678.09345972538,218361.24969482422,2002149.8130337,0.212740513251016,0.0004153252071582277,0.002743637351637804,0.08327831514179707,0.7025243043899536,,0.00794,-1823676.414580307,1682887.298840046,0.9047842071134939,
672,245280,1431.6,-1637698.5792456996,-1727931.2215690557,0.9155555057592146,35597.74543619156,1020769.7689208984,355977.4547958374,116060.0,42988.497641444206,101902.8581161499,1637698.57947433,0.212740513251016,0.0004153252071582277,0.002743637351637804,0.08327831514179707,0.7025243043899536,,0.00794,-1823676.414580307,1682887.298840046,0.9047842071134939,
673,245645,1432.2,-1665487.9495101734,-1728698.0336261406,0.913886134364784,36316.88666820526,1030266.8806152344,363168.86895751953,118540.0,49125.42892456055,104386.77181243896,1665487.9503097534,0.212740513251016,0.0004153252071582277,0.002743637351637804,0.08327831514179707,0.7025243043899536,,0.00794,-1823676.414580307,1682887.298840046,0.9047842071134939,
674,246010,1438.0,-1624248.3249186988,-1704591.710978215,0.9112923508776818,38390.452848911285,992649.4294433594,383904.52741241455,107420.0,36903.5567227602,103370.80812072754,1624248.3216992617,0.21123321589670682,0.0005182927564563119,0.0036754942817711516,0.06636681647873238,0.743930459022522,,0.007886,-1823676.414580307,1682887.298840046,0.9047842071134939,
675,246375,1440.1,-1661943.7400835033,-1695660.3009634954,0.8954895761355703,35033.04369401932,1065217.5279541016,350330.43367767334,90710.0,28877.183136582375,126808.59731674194,1661943.7420850992,0.21123321589670682,0.0005182927564563119,0.0036754942817711516,0.06636681647873238,0.743930459022522,,0.007886,-1819874.3821312853,1683479.7727681398,0.9053095810776992,True
676,246740,1441.2,-1650615.631775306,-1696217.1457189634,0.9033349982043087,38543.719491004944,1010965.830078125,385437.1925163269,100235.0,29294.355987787247,124683.25466156006,1650615.6332437992,0.21123321589670682,0.0005182927564563119,0.0036754942817711516,0.06636681647873238,0.743930459022522,,0.007886,-1819874.3821312853,1683479.7727681398,0.9053095810776992,
677,247105,1449.4,-1648166.4535947798,-1698678.5788043276,0.9141697422118679,36346.71092605591,1023839.1506347656,363467.108833313,120035.0,49914.71739387512,90910.47555541992,1648166.4524173737,0.18464330799485507,0.0003890003155040751,0.002964755945293674,0.045153102886519934,0.8039135336875916,,0.007831999999999999,-1819874.3821312853,1683479.7727681398,0.9053095810776992,
678,247470,1450.6,-1709318.979594877,-1702818.3168206415,0.911291310303674,37571.944560050964,1037090.6669921875,375719.4440383911,120245.0,53586.16145801544,122677.7034072876,1709318.9758958817,0.18464330799485507,0.0003890003155040751,0.002964755945293674,0.045153102886519934,0.8039135336875916,,0.007831999999999999,-1819874.3821312853,1683479.7727681398,0.9053095810776992,
679,247835,1457.9,-1663982.0631709057,-1700990.0876136739,0.9112394907155765,37294.94698858261,1024112.5125732422,372949.47147369385,118080.0,45457.71719133854,103382.36019134521,1663982.0614296198,0.20893677480910955,0.00045573033204211814,0.0024049993137037077,0.06178024705303343,0.7384214997291565,,0.007796,-1819874.3821312853,1683479.7727681398,0.9053095810776992,
680,248200,1458.7,-1641462.8155968424,-1702105.3576240968,0.9097301348152895,38649.94547748566,998266.9549560547,386499.45403289795,108865.0,29621.534925699234,118209.86798095703,1641462.811895609,0.20893677480910955,0.00045573033204211814,0.0024049993137037077,0.06178024705303343,0.7384214997291565,,0.007796,-1819874.3821312853,1683479.7727681398,0.9053095810776992,
681,248565,1459.5,-1613669.1490932421,-1701842.927467094,0.9107279071274185,37875.203026771545,983993.7236328125,378752.03087615967,111990.0,33638.31801748276,105295.07943153381,1613669.1519579887,0.20893677480910955,0.00045573033204211814,0.0024049993137037077,0.06178024705303343,0.7384214997291565,,0.007796,-1819874.3821312853,1683479.7727681398,0.9053095810776992,
682,248930,1465.1,-1650267.6374382635,-1702107.2803635094,0.907940326544627,39437.35145187378,996459.5509033203,394373.51290893555,108280.0,31978.708165884018,119175.86320495605,1650267.635183096,0.19696301182633952,0.0003713862310369701,0.0028828403377893232,0.04739951214900142,0.7713825106620789,,0.007742,-1819874.3821312853,1683479.7727681398,0.9053095810776992,
683,249295,1465.8,-1649918.3926451043,-1682894.2474601932,0.9114836212258621,37284.24945259094,1004331.8709716797,372842.4945449829,114670.0,39764.846868634224,118309.17956542969,1649918.3919507265,0.19696301182633952,0.0003713862310369701,0.0028828403377893232,0.04739951214900142,0.7713825106620789,,0.007742,-1819874.3821312853,1683479.7727681398,0.9053095810776992,
684,249660,1466.5,-2051216.6022362174,-1704348.5640506428,0.8762078810371479,58010.967619895935,1022519.2669677734,580109.6721191406,133085.0,73053.64445531368,242449.01845550537,2051216.601997733,0.19696301182633952,0.0003713862310369701,0.0028828403377893232,0.04739951214900142,0.7713825106620789,,0.007742,-1819874.3821312853,1683479.7727681398,0.9053095810776992,
685,250025,1473.1,-1581319.088155329,-1701753.886054088,0.9003319390269993,32378.76429605484,1047818.5209960938,323787.6435585022,89585.0,15319.133771419525,104808.78494262695,1581319.0832686424,0.20319500643956034,0.0005007789483275509,0.003326951406626521,0.061188948193663044,0.7721452116966248,,0.0076879999999999995,-1819874.3821312853,1683479.7727681398,0.9053095810776992,
686,250390,1474.2,-1615539.3603204603,-1700483.1589554094,0.9066319164599171,40435.3827791214,968517.5178222656,404353.82876205444,107710.0,26560.073648929596,108397.93693065643,1615539.357163906,0.20319500643956034,0.0005007789483275509,0.003326951406626521,0.061188948193663044,0.7721452116966248,,0.0076879999999999995,-1819874.3821312853,1683479.7727681398,0.9053095810776992,
687,250755,1475.3,-1642408.1247687142,-1701870.349089165,0.9074125643933877,39121.2469291687,999035.1031494141,391212.46729278564,113525.0,36999.975757837296,101635.5789527893,1642408.1251528263,0.20319500643956034,0.0005007789483275509,0.003326951406626521,0.061188948193663044,0.7721452116966248,,0.0076879999999999995,-1819874.3821312853,1683479.7727681398,0.9053095810776992,
688,251120,1484.0,-1622436.0514765577,-1701057.8043134243,0.9098205919386433,38081.681871414185,994403.9371337891,380816.8187637329,113250.0,38199.39810407162,95765.90228271484,1622436.0562843084,0.19149426351252355,0.00036987681271152963,0.0023849219632163447,0.04484197203265993,0.7706423997879028,,0.007633999999999999,-1819874.3821312853,1683479.7727681398,0.9053095810776992,
689,251485,1484.8,-1628634.6037822382,-1680614.0468122524,0.9068182553037752,39822.24359512329,971685.2493896484,398222.43421173096,108915.0,30327.006954431534,119484.90994644165,1628634.6005022526,0.19149426351252355,0.00036987681271152963,0.0023849219632163447,0.04484197203265993,0.7706423997879028,,0.007633999999999999,-1819874.3821312853,1683479.7727681398,0.9053095810776992,
690,251850,1485.6,-1644721.6764733242,-1680260.25173002,0.8992371808230936,38947.14715671539,1003811.2136230469,389471.4679031372,99570.0,26597.412010788918,125271.57886505127,1644721.6724020243,0.19149426351252355,0.00036987681271152963,0.0023849219632163447,0.04484197203265993,0.7706423997879028,,0.007633999999999999,-1819874.3821312853,1683479.7727681398,0.9053095810776992,
691,252215,1492.3,-1612127.7186533425,-1660759.1471266788,0.9082079161498787,38888.54245185852,976797.4700927734,388885.423538208,110790.0,29968.665054798126,105686.1557006836,1612127.7143864632,0.1878513087959666,0.00036181407822847466,0.0029157672006955467,0.0391375992055002,0.8108871579170227,,0.007580000000000002,-1819874.3821312853,1683479.7727681398,0.9053095810776992,
692,252580,1493.0,-1632673.9726830572,-1660507.9167985467,0.8931682541315368,36319.16131591797,1037082.2821044922,363191.6113204956,92050.0,17966.598890066147,122383.48154830933,1632673.9738633633,0.1878513087959666,0.00036181407822847466,0.0029157672006955467,0.0391375992055002,0.8108871579170227,,0.007580000000000002,-1819874.3821312853,1683479.7727681398,0.9053095810776992,
693,252945,1499.1,-1646934.8077082713,-1659580.2597084516,0.8997320919396368,41568.46771621704,973223.0692138672,415684.6766471863,103475.0,23836.62838613987,130715.43214416504,1646934.8063913584,0.18102199858740756,0.00036986013760485407,0.002620228548996812,0.040352768215693925,0.8192545175552368,,0.007544000000000001,-1819874.3821312853,1683479.7727681398,0.9053095810776992,
694,253310,1499.8,-1652706.7965375837,-1661003.183289396,0.907933178123477,39818.25599384308,979357.5456542969,398182.5595321655,125785.0,37778.140884160995,111603.54629516602,1652706.7923657894,0.18102199858740756,0.00036986013760485407,0.002620228548996812,0.040352768215693925,0.8192545175552368,,0.007544000000000001,-1819874.3821312853,1683479.7727681398,0.9053095810776992,
695,253675,1500.5,-2007177.0407686678,-1678264.8483236544,0.8746406312422909,58978.95045375824,981466.9713134766,589789.5043334961,133400.0,71360.58127176762,231159.98546600342,2007177.0423847437,0.18102199858740756,0.00036986013760485407,0.002620228548996812,0.040352768215693925,0.8192545175552368,,0.007544000000000001,-1819874.3821312853,1683479.7727681398,0.9053095810776992,
696,254040,1507.5,-1986421.3983346228,-1695055.1366516198,0.8724741972271461,60473.75588130951,968434.2049560547,604737.5595703125,130495.0,59624.397909641266,223130.238571167,1986421.4010071754,0.22158490670354744,0.0003454582478968261,0.002179062158622975,0.0902756279040324,0.6464802026748657,,0.007490000000000002,-1819874.3821312853,1683479.7727681398,0.9053095810776992,
697,254405,1508.3,-2044054.0134726688,-1714849.5146455145,0.8715127110929396,61351.781042099,977119.6544189453,613517.8107185364,132580.0,71630.67153573036,249205.8782196045,2044054.0148928165,0.22158490670354744,0.0003454582478968261,0.002179062158622975,0.0902756279040324,0.6464802026748657,,0.007490000000000002,-1819874.3821312853,1683479.7727681398,0.9053095810776992,
698,254770,1509.0,-1630266.571463705,-1710896.8942389558,0.896716055492948,37809.46341753006,1016333.3752441406,378094.6325683594,96415.0,19599.635759830475,119823.92642974854,1630266.570002079,0.22158490670354744,0.0003454582478968261,0.002179062158622975,0.0902756279040324,0.6464802026748657,,0.007490000000000002,-1819874.3821312853,1683479.7727681398,0.9053095810776992,
699,255135,1516.5,-1671869.23899479,-1711291.25303015,0.9111817481206133,37319.208983421326,1019021.1778564453,373192.08669281006,119175.0,47172.24650120735,113308.72241973877,1671869.2334702015,0.20807379229288353,0.00034965596114489017,0.0026756420487991386,0.06675283846102263,0.7468690872192383,,0.007436000000000002,-1819874.3821312853,1683479.7727681398,0.9053095810776992,
700,255500,1518.6,-1652605.3009061876,-1711848.377295617,0.9002506992225997,39842.06521511078,1003147.4642333984,398420.6505470276,101785.0,24240.03813099861,125012.14783096313,1652605.3007423878,0.20807379229288353,0.00034965596114489017,0.0026756420487991386,0.06675283846102263,0.7468690872192383,,0.007436000000000002,-1795768.8004931444,1654566.5568202734,0.9037833445137444,True
701,255865,1519.2,-1670401.7928037362,-1714685.009481142,0.9090038610214226,39331.17015457153,993273.1959228516,393311.7000656128,126590.0,42449.83098709583,114777.06177139282,1670401.788746953,0.20807379229288353,0.00034965596114489017,0.0026756420487991386,0.06675283846102263,0.7468690872192383,,0.007436000000000002,-1795768.8004931444,1654566.5568202734,0.9037833445137444,
702,256230,1525.1,-1597313.8619899577,-1712037.3207087268,0.9087352012871878,39688.231751441956,965206.0454101562,396882.31883239746,108295.0,25628.427664279938,101302.07292175293,1597313.8648285866,0.19428946920915655,0.000370343801190948,0.002872935511588462,0.0631237318739295,0.7484261989593506,,0.007382000000000001,-1795768.8004931444,1654566.5568202734,0.9037833445137444,
703,256595,1525.8,-1887230.2841930622,-1723902.9152861245,0.8840476127464718,29867.595670700073,1309792.9962158203,298675.95722961426,84770.0,58616.011790275574,135375.31601715088,1887230.281252861,0.19428946920915655,0.000370343801190948,0.002872935511588462,0.0631237318739295,0.7484261989593506,,0.007382000000000001,-1795768.8004931444,1654566.5568202734,0.9037833445137444,
704,256960,1526.4,-1674689.7842109222,-1705076.57438486,0.9110763152587403,38360.07697105408,1005536.4146728516,383600.7696914673,126540.0,53104.909739494324,105907.69290924072,1674689.787013054,0.19428946920915655,0.000370343801190948,0.002872935511588462,0.0631237318739295,0.7484261989593506,,0.007382000000000001,-1795768.8004931444,1654566.5568202734,0.9037833445137444,
705,257325,1532.0,-1660991.519565587,-1709060.1959553729,0.9120795836850583,37102.15192365646,1029107.9647216797,371021.5181350708,121070.0,48031.55034947395,91760.48673248291,1660991.5199387074,0.19501723780443794,0.0003591925622841748,0.002154166235413868,0.06341451543726419,0.7687262296676636,,0.007328000000000001,-1795768.8004931444,1654566.5568202734,0.9037833445137444,
706,257690,1532.6,-1980658.9646314622,-1727316.1761709228,0.8782572055671187,57224.71355199814,989064.8011474609,572247.1386947632,130785.0,69581.31699240208,218980.7068862915,1980658.9637209177,0.19501723780443794,0.0003591925622841748,0.002154166235413868,0.06341451543726419,0.7687262296676636,,0.007328000000000001,-1795768.8004931444,1654566.5568202734,0.9037833445137444,
707,258055,1538.3,-1689728.830491644,-1729682.2114570693,0.9103660769354343,38013.119334220886,1021504.8399658203,380131.19200897217,122995.0,55223.02253961563,109874.77249908447,1689728.8270134926,0.21755882980007873,0.00036852444430367443,0.0026772482348238363,0.08178640019736792,0.7068193554878235,,0.007292000000000002,-1795768.8004931444,1654566.5568202734,0.9037833445137444,
708,258420,1539.0,-1642428.518645693,-1730681.8348155264,0.9042863073072573,40494.26196336746,977288.7524414062,404942.62224292755,105955.0,27495.250735759735,126746.89656066895,1642428.5219807625,0.21755882980007873,0.00036852444430367443,0.0026772482348238363,0.08178640019736792,0.7068193554878235,,0.007292000000000002,-1795768.8004931444,1654566.5568202734,0.9037833445137444,
709,258785,1539.6,-1609300.4483520347,-1729715.1270440158,0.8921177263679063,31512.735774755478,1083316.2946777344,315127.3558921814,85580.0,14182.998284339905,111093.79876708984,1609300.4476213455,0.21755882980007873,0.00036852444430367443,0.0026772482348238363,0.08178640019736792,0.7068193554878235,,0.007292000000000002,-1795768.8004931444,1654566.5568202734,0.9037833445137444,
710,259150,1545.1,-1790701.9175858079,-1737014.1390996403,0.8919628271241036,48282.35274410248,1008225.5296630859,482823.52227783203,128070.0,47365.56260550022,124217.29978179932,1790701.9143282175,0.1846019980546675,0.0004456538967803537,0.003379420232943774,0.0571824710718111,0.7858909368515015,,0.007238000000000001,-1795768.8004931444,1654566.5568202734,0.9037833445137444,
711,259515,1545.8,-1969301.1895158435,-1754872.812642765,0.8818776729532065,30484.773919582367,1387483.765258789,304847.7408981323,83245.0,60940.844452381134,132783.8369064331,1969301.1875157356,0.1846019980546675,0.0004456538967803537,0.003379420232943774,0.0571824710718111,0.7858909368515015,,0.007238000000000001,-1795768.8004931444,1654566.5568202734,0.9037833445137444,
712,259880,1546.5,-1647014.5906201343,-1755589.8435396194,0.9133134656703737,36437.29772090912,1013567.9431152344,364372.9784851074,118345.0,48905.314255476,101823.35537719727,1647014.591233015,0.1846019980546675,0.0004456538967803537,0.003379420232943774,0.0571824710718111,0.7858909368515015,,0.007238000000000001,-1795768.8004931444,1654566.5568202734,0.9037833445137444,
713,260245,1552.2,-1628447.8772227368,-1754665.4970153426,0.8961503570988218,34419.30254530907,1067654.1179199219,344193.02490234375,91130.0,18911.763130307198,106558.97123718262,1628447.8771897554,0.17704663641358676,0.00046163618725059727,0.0025292112127078183,0.05372647926407425,0.8078321814537048,,0.007184000000000001,-1795768.8004931444,1654566.5568202734,0.9037833445137444,
714,260610,1552.9,-1667110.269301186,-1755385.6706535225,0.9109488270314116,37920.92813873291,1017206.7760009766,379209.2840652466,123075.0,46710.32930421829,100908.88218688965,1667110.271557331,0.17704663641358676,0.00046163618725059727,0.0025292112127078183,0.05372647926407425,0.8078321814537048,,0.007184000000000001,-1795768.8004931444,1654566.5568202734,0.9037833445137444,
715,260975,1553.6,-1630645.9511316372,-1736559.116171671,0.9091991830019449,38898.07119297981,988245.2442626953,388980.7136154175,109120.0,30895.413919448853,113404.58582305908,1630645.9576206207,0.17704663641358676,0.00046163618725059727,0.0025292112127078183,0.05372647926407425,0.8078321814537048,,0.007184000000000001,-1795768.8004931444,1654566.5568202734,0.9037833445137444,
716,261340,1559.4,-2070208.7700234444,-1740748.484756112,0.8739046950772982,60414.53030395508,1003019.6671142578,604145.3020858765,133325.0,76084.01284480095,253634.793510437,2070208.7755553722,0.20461517552796163,0.0005145971691538426,0.003363626042540234,0.06992994562575691,0.7246358394622803,,0.007130000000000001,-1795768.8004931444,1654566.5568202734,0.9037833445137444,
717,261705,1560.0,-1666945.2911597528,-1721893.0486404665,0.8996308199677563,35198.367376327515,1060404.0518798828,351983.6723251343,93950.0,25823.25306415558,134784.30911254883,1666945.2863817215,0.20461517552796163,0.0005145971691538426,0.003363626042540234,0.06992994562575691,0.7246358394622803,,0.007130000000000001,-1795768.8004931444,1654566.5568202734,0.9037833445137444,
718,262070,1560.6,-1686971.4554680574,-1724728.2928406838,0.9102085218057413,38688.81337547302,1017768.0921630859,386888.1330947876,125715.0,47567.78195309639,109032.45282745361,1686971.4600384235,0.20461517552796163,0.0005145971691538426,0.003363626042540234,0.06992994562575691,0.7246358394622803,,0.007130000000000001,-1795768.8004931444,1654566.5568202734,0.9037833445137444,
719,262435,1566.2,-1691560.5531711895,-1725712.8585495036,0.9152466888382977,35901.41785478592,1042003.2940673828,359014.17833709717,120750.0,60505.743183135986,109287.3413848877,1691560.5569725037,0.21061415480155693,0.00046372504211352573,0.003110115986170345,0.07409943757872832,0.761703372001648,,0.0070760000000000016,-1795768.8004931444,1654566.5568202734,0.9037833445137444,
720,262800,1566.9,-1655391.965100103,-1725852.1917591996,0.9160888527384248,35314.677614212036,1043957.3002929688,353146.77809143066,116205.0,51885.95552134514,90196.93135070801,1655391.9652564526,0.21061415480155693,0.00046372504211352573,0.003110115986170345,0.07409943757872832,0.761703372001648,,0.0070760000000000016,-1795768.8004931444,1654566.5568202734,0.9037833445137444,
721,263165,1567.6,-1714756.1160466983,-1728069.9079213473,0.9129680277296918,37398.85693216324,1045511.4644775391,373988.5735168457,124190.0,64476.51550102234,106589.56581878662,1714756.1193141937,0.21061415480155693,0.00046372504211352573,0.003110115986170345,0.07409943757872832,0.761703372001648,,0.0070760000000000016,-1795768.8004931444,1654566.5568202734,0.9037833445137444,
722,263530,1573.5,-2020610.8982007187,-1749234.7597318857,0.8813117270100743,56672.819534778595,1008486.5323486328,566728.1953964233,132255.0,91062.34907078743,222078.82358551025,2020610.9004013538,0.21142474032546343,0.00037492792508649135,0.0024671052646896754,0.07669968863851145,0.7198166847229004,,0.007022000000000001,-1795768.8004931444,1654566.5568202734,0.9037833445137444,
723,263895,1574.2,-1647876.7574850735,-1737267.0833964865,0.9064726506081497,34173.86466693878,1051830.7550048828,341738.6455230713,95550.0,29759.309935331345,128998.04358673096,1647876.7540500164,0.21142474032546343,0.00037492792508649135,0.0024671052646896754,0.07669968863851145,0.7198166847229004,,0.007022000000000001,-1795768.8004931444,1654566.5568202734,0.9037833445137444,
724,264260,1580.7,-1638693.9460451952,-1735467.2914881997,0.9104790364743244,37363.543588638306,1012770.0673828125,373635.436416626,103600.0,39796.17084169388,108892.27094650269,1638693.945587635,0.19307716798625493,0.0005046196207618586,0.0022371526352607794,0.06534349286046467,0.7724621891975403,,0.006986000000000001,-1795768.8004931444,1654566.5568202734,0.9037833445137444,
725,264625,1582.8,-2110881.3094646377,-1757961.7809831526,0.8761953659128062,58057.935545921326,1058223.6783447266,580579.3522033691,132965.0,103146.4852616787,235966.79371643066,2110881.309526205,0.19307716798625493,0.0005046196207618586,0.0022371526352607794,0.06534349286046467,0.7724621891975403,,0.006986000000000001,-1857600.0381605637,1721007.7584121227,0.9082448721133276,True
726,264990,1583.5,-1672346.5223660632,-1742546.1588698826,0.9186495961248773,34420.08803319931,1053633.9041748047,344200.88318634033,119165.0,61906.936853289604,93439.80173492432,1672346.525949359,0.19307716798625493,0.0005046196207618586,0.0022371526352607794,0.06534349286046467,0.7724621891975403,,0.006986000000000001,-1857600.0381605637,1721007.7584121227,0.9082448721133276,
727,265355,1589.2,-1726661.7135561344,-1744392.803023107,0.9145126509711079,36940.19485092163,1053031.9356689453,369401.94732666016,124935.0,63249.507892370224,116043.3218536377,1726661.7127416134,0.21317877130288826,0.0004275532548586182,0.0019373308133301755,0.09011930237083059,0.6954783201217651,,0.006932000000000001,-1857600.0381605637,1721007.7584121227,0.9082448721133276,
728,265720,1589.9,-2032807.708488631,-1763911.7625152539,0.8811477613439045,56944.36573266983,1016292.7335205078,569443.6566543579,132015.0,87403.34944617748,227652.97151184082,2032807.711132884,0.21317877130288826,0.0004275532548586182,0.0019373308133301755,0.09011930237083059,0.6954783201217651,,0.006932000000000001,-1857600.0381605637,1721007.7584121227,0.9082448721133276,
729,266085,1590.5,-1678648.833352874,-1767379.1817652956,0.9168592537501734,35272.46159648895,1047001.3195800781,352724.61616897583,120085.0,61574.898087501526,97262.99862670898,1678648.8324632645,0.21317877130288826,0.0004275532548586182,0.0019373308133301755,0.09011930237083059,0.6954783201217651,,0.006932000000000001,-1857600.0381605637,1721007.7584121227,0.9082448721133276,
730,266450,1596.0,-1632808.1743363077,-1759484.4946028206,0.9034467696552143,36432.81661891937,1025306.5285644531,364328.16588974,97150.0,30040.727855324745,115982.75554656982,1632808.1778560877,0.2148755606459944,0.0004140967848319346,0.002860086008073076,0.08508663967643913,0.7530313730239868,,0.006878000000000001,-1857600.0381605637,1721007.7584121227,0.9082448721133276,
731,266815,1596.8,-1687267.7920918218,-1745382.82473162,0.9092091664886005,38620.24159574509,1007352.6063232422,386202.41582489014,110090.0,38052.12213397026,145570.64950561523,1687267.7937877178,0.2148755606459944,0.0004140967848319346,0.002860086008073076,0.08508663967643913,0.7530313730239868,,0.006878000000000001,-1857600.0381605637,1721007.7584121227,0.9082448721133276,
732,267180,1597.4,-1633259.2425935152,-1744695.0573302887,0.9093406263101523,38080.472665309906,996999.1810302734,380804.725151062,103820.0,29470.3391559124,122164.99878692627,1633259.2441241741,0.2148755606459944,0.0004140967848319346,0.002860086008073076,0.08508663967643913,0.7530313730239868,,0.006878000000000001,-1857600.0381605637,1721007.7584121227,0.9082448721133276,
733,267545,1603.3,-2004050.6109175764,-1763475.194015031,0.8762629830726147,58403.50077867508,1004303.9312744141,584035.0046844482,129070.0,76476.29005384445,210165.3819580078,2004050.6079707146,0.19165588778100515,0.00030033333051075094,0.0019528572999038978,0.05108801290196808,0.7360856533050537,,0.006824000000000001,-1857600.0381605637,1721007.7584121227,0.9082448721133276,
734,267910,1604.0,-1915038.7754512907,-1775871.6193225358,0.8822468466516452,54404.90067577362,1008652.2883300781,544049.0058746338,127900.0,66050.34229213,168387.1369934082,1915038.77349025,0.19165588778100515,0.00030033333051075094,0.0019528572999038978,0.05108801290196808,0.7360856533050537,,0.006824000000000001,-1857600.0381605637,1721007.7584121227,0.9082448721133276,
735,268275,1604.6,-1636960.5083903621,-1776187.347185472,0.9151188247854121,35844.81100606918,1017953.736328125,358448.10818481445,114595.0,44028.454832434654,101935.20193481445,1636960.5012801886,0.19165588778100515,0.00030033333051075094,0.0019528572999038978,0.05108801290196808,0.7360856533050537,,0.006824000000000001,-1857600.0381605637,1721007.7584121227,0.9082448721133276,
736,268640,1610.3,-1676223.4260972203,-1756488.0799891613,0.9135085082293439,36390.68972206116,1038582.5042724609,363906.8978919983,117535.0,45673.58851361275,110525.42944335938,1676223.4201214314,0.2189028845413735,0.0003052482673075773,0.0018337316685478743,0.08602373645101723,0.7118631601333618,,0.006770000000000001,-1857600.0381605637,1721007.7584121227,0.9082448721133276,
737,269005,1611.0,-1658283.7799136655,-1756055.004426857,0.9109911227835139,37780.70802330971,1012593.9301757812,377807.0810623169,110920.0,36245.86641693115,120716.90371704102,1658283.7813720703,0.2189028845413735,0.0003052482673075773,0.0018337316685478743,0.08602373645101723,0.7118631601333618,,0.006770000000000001,-1857600.0381605637,1721007.7584121227,0.9082448721133276,
738,269370,1616.6,-1651205.0061236317,-1754266.6819596353,0.9076768982064165,39590.36180353165,986545.5531005859,395903.6170501709,105925.0,36652.632994651794,126178.20586395264,1651205.0090093613,0.19814693633663027,0.0003679393108828471,0.002246254367300456,0.053533303845477734,0.7440434694290161,,0.006734,-1857600.0381605637,1721007.7584121227,0.9082448721133276,
739,269735,1617.3,-1768322.8090854401,-1758104.7947553482,0.8956361404902516,46611.09129810333,1006528.6569824219,466110.9108734131,127100.0,52131.49194765091,116451.75138092041,1768322.8111844063,0.19814693633663027,0.0003679393108828471,0.002246254367300456,0.053533303845477734,0.7440434694290161,,0.006734,-1857600.0381605637,1721007.7584121227,0.9082448721133276,
740,270100,1618.0,-1640541.0560480622,-1757362.249302746,0.9019521887253925,35498.89640665054,1049544.29296875,354988.9630050659,95040.0,25582.06582927704,115385.73308181763,1640541.0548849106,0.19814693633663027,0.0003679393108828471,0.002246254367300456,0.053533303845477734,0.7440434694290161,,0.006734,-1857600.0381605637,1721007.7584121227,0.9082448721133276,
741,270465,1623.5,-1642201.0338338001,-1753734.4951921012,0.9144902194800737,36841.54689788818,1009928.9483642578,368415.4662094116,125170.0,42866.96480464935,95819.65575408936,1642201.0351324081,0.1996414779048217,0.00034996424744205895,0.002494945861766801,0.06870514100515529,0.7495306730270386,,0.006680000000000001,-1857600.0381605637,1721007.7584121227,0.9082448721133276,
742,270830,1624.1,-1678891.1951039718,-1736648.5100372639,0.9120209431291184,37314.381432533264,1028413.1916503906,373143.8162097931,121580.0,50911.49780678749,104842.68985748291,1678891.1955244541,0.1996414779048217,0.00034996424744205895,0.002494945861766801,0.06870514100515529,0.7495306730270386,,0.006680000000000001,-1857600.0381605637,1721007.7584121227,0.9082448721133276,
743,271195,1624.8,-2106253.8576686485,-1759567.3650464427,0.8714422289776306,60136.88268661499,1023637.6315917969,601368.8277664185,133920.0,81421.13070106506,265906.2713775635,2106253.861436844,0.1996414779048217,0.00034996424744205895,0.002494945861766801,0.06870514100515529,0.7495306730270386,,0.006680000000000001,-1857600.0381605637,1721007.7584121227,0.9082448721133276,
744,271560,1630.2,-1687315.8013222376,-1761998.457810295,0.9095470528324551,38963.330615997314,1023219.4399414062,389633.30700683594,124630.0,49877.243674993515,99955.80953979492,1687315.8001630306,0.22116394497846303,0.00039134413361209324,0.002728110865542763,0.091221375979091,0.7189397811889648,,0.006626000000000001,-1857600.0381605637,1721007.7584121227,0.9082448721133276,
745,271925,1630.8,-1638858.2788147968,-1738397.3062778027,0.8988988768404729,35825.38519382477,1043149.9487304688,358253.8511657715,93680.0,19143.790534734726,124630.68575286865,1638858.2761838436,0.22116394497846303,0.00039134413361209324,0.002728110865542763,0.091221375979091,0.7189397811889648,,0.006626000000000001,-1857600.0381605637,1721007.7584121227,0.9082448721133276,
746,272290,1631.5,-1617595.358865201,-1735659.7481027595,0.9081464150956249,39734.02375793457,970540.9106445312,397340.2386741638,108290.0,26768.54243159294,114655.66769218445,1617595.3594424725,0.22116394497846303,0.00039134413361209324,0.002728110865542763,0.091221375979091,0.7189397811889648,,0.006626000000000001,-1857600.0381605637,1721007.7584121227,0.9082448721133276,
747,272655,1637.3,-2112885.17410188,-1754970.9211300467,0.8728878557052768,60549.742822647095,997627.0356445312,605497.4298858643,133480.0,80838.45025730133,295442.2599411011,2112885.175728798,0.19026372366045652,0.0003407096562449097,0.0018714770987188739,0.06609076163486431,0.7599356174468994,,0.006572000000000001,-1857600.0381605637,1721007.7584121227,0.9082448721133276,
748,273020,1638.2,-1659647.1302868607,-1736312.8922199581,0.9016746422141396,40317.91965866089,987034.2706298828,403179.19689941406,102995.0,26996.931669712067,139441.72875976562,1659647.1279587746,0.19026372366045652,0.0003407096562449097,0.0018714770987188739,0.06609076163486431,0.7599356174468994,,0.006572000000000001,-1857600.0381605637,1721007.7584121227,0.9082448721133276,
749,273385,1639.1,-1715102.5892502507,-1738135.5800148272,0.9063310232088827,40560.165654182434,1012141.8770751953,405601.6576538086,126145.0,47587.27400970459,123626.7780456543,1715102.5867843628,0.19026372366045652,0.0003407096562449097,0.0018714770987188739,0.06609076163486431,0.7599356174468994,,0.006572000000000001,-1857600.0381605637,1721007.7584121227,0.9082448721133276,
750,273750,1647.1,-1646716.908322928,-1738831.0167141582,0.9127499551911513,36957.63573026657,1006781.9661865234,369576.35789871216,121200.0,47502.130294799805,101656.45682525635,1646716.9112052917,0.2158471340019452,0.0004436072603264045,0.0022272478075281376,0.08587841307254214,0.7443166971206665,,0.006518,-1795452.4701720283,1654983.5153388977,0.9048000737053601,True
751,274115,1647.9,-2127906.096939554,-1760862.931956545,0.870774402959392,33308.67299079895,1368102.1993408203,333086.7304534912,87155.0,111157.07866168022,228405.07864379883,2127906.0870997906,0.2158471340019452,0.0004436072603264045,0.0022272478075281376,0.08587841307254214,0.7443166971206665,,0.006518,-1795452.4701720283,1654983.5153388977,0.9048000737053601,
752,274480,1653.3,-1626835.8231204348,-1760541.7609828908,0.8926476100437217,34160.3893032074,1066727.6201171875,341603.8937988281,88565.0,15913.48710155487,114025.81830215454,1626835.819319725,0.17148250694337644,0.0003186413741786964,0.0023517273979163484,0.057706842934222596,0.7927120327949524,,0.006482000000000001,-1795452.4701720283,1654983.5153388977,0.9048000737053601,
753,274845,1653.9,-1642703.7055633732,-1742474.4157151803,0.9085510442564063,38461.601806640625,993369.3006591797,384616.019569397,115875.0,36821.72443127632,112021.66261291504,1642703.707272768,0.17148250694337644,0.0003186413741786964,0.0023517273979163484,0.057706842934222596,0.7927120327949524,,0.006482000000000001,-1795452.4701720283,1654983.5153388977,0.9048000737053601,
754,275210,1654.6,-1619682.783460958,-1727706.616115664,0.8857223242750355,33452.50401496887,1074705.8267822266,334525.03762435913,85040.0,8014.401571750641,117397.51180267334,1619682.7777810097,0.17148250694337644,0.0003186413741786964,0.0023517273979163484,0.057706842934222596,0.7927120327949524,,0.006482000000000001,-1795452.4701720283,1654983.5153388977,0.9048000737053601,
755,275575,1659.9,-1709902.835321574,-1731353.7324622243,0.9058187925152057,40614.60973453522,1014118.6064453125,406146.09772491455,126530.0,50268.28580236435,112839.84070587158,1709902.830678463,0.18914526387264854,0.00046049571885401077,0.0034385814980946875,0.055992263418279196,0.768966794013977,,0.0064280000000000006,-1795452.4701720283,1654983.5153388977,0.9048000737053601,
756,275940,1660.5,-1648936.5230148288,-1729989.3873081051,0.909326923031936,38265.85194206238,1006489.3024902344,382658.51999664307,120950.0,37853.09226000309,100985.60668945312,1648936.5214363337,0.18914526387264854,0.00046049571885401077,0.0034385814980946875,0.055992263418279196,0.768966794013977,,0.0064280000000000006,-1795452.4701720283,1654983.5153388977,0.9048000737053601,
757,276305,1661.2,-2008503.410257379,-1747500.3688252904,0.8746011004607973,60035.47554779053,969496.8127441406,600354.7530136108,134545.0,59802.725046396255,244304.12209701538,2008503.412901163,0.18914526387264854,0.00046049571885401077,0.0034385814980946875,0.055992263418279196,0.768966794013977,,0.0064280000000000006,-1795452.4701720283,1654983.5153388977,0.9048000737053601,
758,276670,1666.5,-1663574.9954881547,-1748118.8682935168,0.909346804091244,38420.54683685303,996446.7785644531,384205.4691772461,113050.0,33865.8728787899,136006.87382650375,1663574.9944469929,0.2238334633017841,0.0004867249286019758,0.0032402172356868456,0.09226824078512819,0.7087069749832153,,0.006374,-1795452.4701720283,1654983.5153388977,0.9048000737053601,
759,277035,1667.1,-1636666.313761132,-1741536.0435273014,0.9056718574938603,41139.80443191528,966163.4104003906,411398.04276275635,107610.0,26060.06410908699,125434.79568481445,1636666.3129570484,0.2238334633017841,0.0004867249286019758,0.0032402172356868456,0.09226824078512819,0.7087069749832153,,0.006374,-1795452.4701720283,1654983.5153388977,0.9048000737053601,
760,277400,1667.8,-1654857.0309499013,-1742251.8422723934,0.9006027123194204,39555.051235198975,997531.353515625,395550.51221084595,101445.0,28093.39756155014,132236.76348495483,1654857.026772976,0.2238334633017841,0.0004867249286019758,0.0032402172356868456,0.09226824078512819,0.7087069749832153,,0.006374,-1795452.4701720283,1654983.5153388977,0.9048000737053601,
761,277765,1673.2,-1624027.1406833713,-1741343.147614872,0.9038505161029435,39076.11175060272,981390.0014648438,390761.1213054657,103445.0,23174.79615688324,125256.22563552856,1624027.1445627213,0.18794814987402214,0.00041093644765504377,0.0028049402079839063,0.045093901651470286,0.7936208248138428,,0.00632,-1795452.4701720283,1654983.5153388977,0.9048000737053601,
762,278130,1673.8,-1662997.1298428364,-1740548.4443518152,0.9100982602868203,38112.76373052597,1014402.0704345703,381127.63733291626,122230.0,42308.06057703495,102929.36307525635,1662997.1314197779,0.18794814987402214,0.00041093644765504377,0.0028049402079839063,0.045093901651470286,0.7936208248138428,,0.00632,-1795452.4701720283,1654983.5153388977,0.9048000737053601,
763,278495,1674.4,-1671894.8413702257,-1718830.493536894,0.9101966412390429,37812.42263317108,1022810.96875,378124.2257499695,118695.0,44281.175179839134,107983.46607398987,1671894.8357537985,0.18794814987402214,0.00041093644765504377,0.0028049402079839063,0.045093901651470286,0.7936208248138428,,0.00632,-1795452.4701720283,1654983.5153388977,0.9048000737053601,
764,278860,1679.9,-1597706.5716392356,-1714350.0320527437,0.891220476780154,28648.284014701843,1117602.3051757812,286482.83784484863,81170.0,10735.980262756348,101715.4390411377,1597706.562324524,0.20425869916614733,0.000490473862794859,0.0030348928351151315,0.06532529011172683,0.7360057234764099,,0.006266000000000001,-1795452.4701720283,1654983.5153388977,0.9048000737053601,
765,279225,1680.5,-1660745.5131724486,-1715444.3937706265,0.9118837666711284,37210.95663738251,1011236.7947998047,372109.5688171387,114860.0,40385.41106057167,122153.74111938477,1660745.5157968998,0.20425869916614733,0.000490473862794859,0.0030348928351151315,0.06532529011172683,0.7360057234764099,,0.006266000000000001,-1795452.4701720283,1654983.5153388977,0.9048000737053601,
766,279590,1686.1,-1643605.944163913,-1716744.923035562,0.9162962442824482,35249.15820026398,1026833.1531982422,352491.58214759827,117985.0,44935.77295136452,101360.43683624268,1643605.9451334476,0.18168419893634946,0.0003909586318370298,0.0018058910714707484,0.04192323193542267,0.8187713623046875,,0.00623,-1795452.4701720283,1654983.5153388977,0.9048000737053601,
767,279955,1686.9,-1613180.2499085944,-1691759.6768258978,0.9130434226117463,36754.197434425354,1005358.6630859375,367541.973526001,113700.0,33466.28007173538,93113.33045578003,1613180.247139454,0.18168419893634946,0.0003909586318370298,0.0018058910714707484,0.04192323193542267,0.8187713623046875,,0.00623,-1795452.4701720283,1654983.5153388977,0.9048000737053601,
768,280320,1687.6,-1663622.2500986038,-1691958.4328164845,0.9119673590058702,37046.336146354675,1011112.6704101562,370463.3645210266,115675.0,47818.359613657,118552.85410308838,1663622.2486479282,0.18168419893634946,0.0003909586318370298,0.0018058910714707484,0.04192323193542267,0.8187713623046875,,0.00623,-1795452.4701720283,1654983.5153388977,0.9048000737053601,
769,280685,1693.1,-1614393.1178472133,-1686922.9592463332,0.9129412262339196,36639.38140964508,995645.4027099609,366393.81385040283,116400.0,37242.733657836914,98711.16706848145,1614393.1172866821,0.19972316430587517,0.00036654597481270015,0.0020312928325821353,0.05584142489456817,0.7603073716163635,,0.006176,-1795452.4701720283,1654983.5153388977,0.9048000737053601,
770,281050,1693.8,-1682388.0008708255,-1688706.513873728,0.9111522256813196,37976.737263679504,1019470.6696777344,379767.3717651367,123755.0,48522.64608991146,110872.31729125977,1682388.0048240423,0.19972316430587517,0.00036654597481270015,0.0020312928325821353,0.05584142489456817,0.7603073716163635,,0.006176,-1795452.4701720283,1654983.5153388977,0.9048000737053601,
771,281415,1694.5,-1645004.4712422474,-1664561.4325888625,0.9135331579065419,36378.41627240181,1012509.0501708984,363784.1636791229,116620.0,45235.73279452324,106855.52322769165,1645004.4698722363,0.19972316430587517,0.00036654597481270015,0.0020312928325821353,0.05584142489456817,0.7603073716163635,,0.006176,-1795452.4701720283,1654983.5153388977,0.9048000737053601,
772,281780,1700.1,-1673452.7454849812,-1666892.2787070898,0.9082133612019383,38801.05760574341,1008722.89453125,388010.5739517212,121260.0,42700.86899983883,112758.40370178223,1673452.7411845922,0.2060550457160724,0.0002806080836690901,0.0019694545802562253,0.06229456166099561,0.7535117864608765,,0.006122,-1795452.4701720283,1654983.5153388977,0.9048000737053601,
773,282145,1700.8,-1590236.1134235796,-1664268.8991001002,0.9124380698673965,36998.943329811096,973840.3900146484,369989.43479919434,115705.0,34365.45063209534,96335.8369216919,1590236.11236763,0.2060550457160724,0.0002806080836690901,0.0019694545802562253,0.06229456166099561,0.7535117864608765,,0.006122,-1795452.4701720283,1654983.5153388977,0.9048000737053601,
774,282510,1701.5,-1646549.5122187186,-1665612.2355379884,0.9126065473368375,36940.60068655014,982570.5069580078,369406.00706481934,113705.0,31245.844937562943,149622.1519203186,1646549.5108807087,0.2060550457160724,0.0002806080836690901,0.0019694545802562253,0.06229456166099561,0.7535117864608765,,0.006122,-1795452.4701720283,1654983.5153388977,0.9048000737053601,
775,282875,1709.2,-1638095.86250347,-1662021.886897083,0.8984252523011069,36393.927376270294,1020818.7196044922,363939.27320861816,95645.0,20089.756199359894,137603.10718536377,1638095.856197834,0.1950582418786852,0.0004161912420864897,0.0018187405791985313,0.05583658657575909,0.7818135619163513,,0.0060680000000000005,-1780435.35095293,1638358.0447765589,0.9029424866659035,True
776,283240,1710.2,-2039730.6767972908,-1681561.594586206,0.8745197633517265,59942.41096782684,980088.2796630859,599424.1112098694,134255.0,64986.99083328247,260976.29528808594,2039730.6769943237,0.1950582418786852,0.0004161912420864897,0.0018187405791985313,0.05583658657575909,0.7818135619163513,,0.0060680000000000005,-1780435.35095293,1638358.0447765589,0.9029424866659035,
777,283605,1711.4,-1681396.6957573816,-1665206.258861206,0.9080937315007981,38838.118567466736,1011111.2822265625,388381.1861896515,121070.0,38645.66006791592,122188.5634765625,1681396.6919606924,0.1950582418786852,0.0004161912420864897,0.0018187405791985313,0.05583658657575909,0.7818135619163513,,0.0060680000000000005,-1780435.35095293,1638358.0447765589,0.9029424866659035,
778,283970,1717.3,-2046531.3781641852,-1684354.0779950074,0.8727503315741351,60581.91289186478,985071.6911621094,605819.1285934448,131955.0,69555.49383592606,254130.06397247314,2046531.3775639534,0.20783921958584534,0.00030809531768969273,0.0013952422542436245,0.07878096646776325,0.720355749130249,,0.006014,-1780435.35095293,1638358.0447765589,0.9029424866659035,
779,284335,1718.0,-1663164.4145737083,-1685678.9830356364,0.9095933999061129,38933.963956832886,992878.9615478516,389339.6399078369,126605.0,42906.661786556244,111434.15341949463,1663164.4166617393,0.20783921958584534,0.00030809531768969273,0.0013952422542436245,0.07878096646776325,0.720355749130249,,0.006014,-1780435.35095293,1638358.0447765589,0.9029424866659035,
780,284700,1723.7,-1607993.5360309724,-1683335.80828969,0.9032070765976472,34947.8593378067,1028797.2834472656,349478.59268569946,95220.0,21777.134969830513,112720.52088165283,1607993.5319844484,0.2013736194685886,0.0003075282130387342,0.0016043144377794018,0.08319609357338202,0.7416456341743469,,0.005978,-1780435.35095293,1638358.0447765589,0.9029424866659035,
781,285065,1724.5,-1585596.2760071887,-1681414.265055881,0.9038554003341527,31234.111515045166,1060295.3845214844,312341.1133117676,89135.0,18440.359555244446,105384.41752624512,1585596.2749147415,0.2013736194685886,0.0003075282130387342,0.0016043144377794018,0.08319609357338202,0.7416456341743469,,0.005978,-1780435.35095293,1638358.0447765589,0.9029424866659035,
782,285430,1725.2,-2045869.6036479645,-1700557.8887461373,0.874648978228993,60125.24434757233,984006.23046875,601252.4434967041,132830.0,72939.21070301533,254841.71844482422,2045869.6031132936,0.2013736194685886,0.0003075282130387342,0.0016043144377794018,0.08319609357338202,0.7416456341743469,,0.005978,-1780435.35095293,1638358.0447765589,0.9029424866659035,
783,285795,1730.7,-1647145.0045819716,-1699320.3969067247,0.912646625275044,37639.171514987946,1001934.2790527344,376391.71556663513,124555.0,39889.27504134178,104374.73532867432,1647145.0049893856,0.1929934909077067,0.00029609453079166616,0.0021937855493122604,0.08046439417490833,0.7500345706939697,,0.005924,-1780435.35095293,1638358.0447765589,0.9029424866659035,
784,286160,1731.5,-1651080.116425064,-1701989.0741460163,0.9126347444394836,37714.27034664154,1003293.4475097656,377142.7049026489,124560.0,46309.09980535507,99774.86748886108,1651080.1197066307,0.1929934909077067,0.00029609453079166616,0.0021937855493122604,0.08046439417490833,0.7500345706939697,,0.005924,-1780435.35095293,1638358.0447765589,0.9029424866659035,
785,286525,1732.1,-1669677.284494198,-1702435.6627121035,0.9142041022793381,36338.25190830231,1021966.1348876953,363382.5179748535,120465.0,51369.44637084007,112494.18468475342,1669677.2839181423,0.1929934909077067,0.00029609453079166616,0.0021937855493122604,0.08046439417490833,0.7500345706939697,,0.005924,-1780435.35095293,1638358.0447765589,0.9029424866659035,
786,286890,1737.9,-1603279.2422975064,-1700419.3276187833,0.8950967884068929,28815.338676452637,1117081.1900634766,288153.38708114624,81490.0,15991.899870872498,100562.76573753357,1603279.2427530289,0.1963912072150331,0.0003576246456903295,0.0022409004067364883,0.08351683655851766,0.7562413215637207,,0.00587,-1780435.35095293,1638358.0447765589,0.9029424866659035,
787,287255,1738.6,-1608430.4022603733,-1700181.8352363724,0.8994022536903099,30971.531145095825,1081570.8786621094,309715.3123779297,85945.0,20814.367344856262,110384.84169387817,1608430.4000787735,0.1963912072150331,0.0003576246456903295,0.0022409004067364883,0.08351683655851766,0.7562413215637207,,0.00587,-1780435.35095293,1638358.0447765589,0.9029424866659035,
788,287620,1739.3,-2019014.5836000857,-1717951.4519114464,0.8785104622647635,57158.27622413635,1017906.2763671875,571582.7629699707,132500.0,75673.41709923744,221352.1269454956,2019014.5833818913,0.1963912072150331,0.0003576246456903295,0.0022409004067364883,0.08351683655851766,0.7562413215637207,,0.00587,-1780435.35095293,1638358.0447765589,0.9029424866659035,
789,287985,1744.8,-1678015.1875239853,-1721132.5553952851,0.911590921970377,37443.27795433998,1023046.1119384766,374432.7755393982,119645.0,53286.928800582886,107604.37167358398,1678015.1879520416,0.18369756835071663,0.00034512399188794295,0.0023950944872156376,0.06858380305531778,0.7790517807006836,,0.005816,-1780435.35095293,1638358.0447765589,0.9029424866659035,
790,288350,1745.4,-1608048.5645742668,-1717415.5835804571,0.8956297595640509,30251.81856060028,1096594.5943603516,302518.18421173096,83325.0,19937.63676714897,105673.14050674438,1608048.5558459759,0.18369756835071663,0.00034512399188794295,0.0023950944872156376,0.06858380305531778,0.7790517807006836,,0.005816,-1780435.35095293,1638358.0447765589,0.9029424866659035,
791,288715,1746.1,-1641267.2315251552,-1717228.7215946026,0.9069719724891291,39238.477779865265,989484.5306396484,392384.77812576294,103225.0,36003.98422169685,120168.93843841553,1641267.2314255238,0.18369756835071663,0.00034512399188794295,0.0023950944872156376,0.06858380305531778,0.7790517807006836,,0.005816,-1780435.35095293,1638358.0447765589,0.9029424866659035,
792,289080,1751.7,-1705473.7380545978,-1718829.7712230831,0.910918131592563,38292.73195362091,1032697.6932373047,382927.31890678406,123045.0,58434.28046441078,108369.44268798828,1705473.7352964878,0.17248940761936338,0.00017696696929641277,0.0009867350255310732,0.05936302862277156,0.7846114039421082,,0.005762,-1780435.35095293,1638358.0447765589,0.9029424866659035,
793,289445,1752.4,-1581961.5411572536,-1718416.0426097668,0.9133624327723164,36779.033489227295,987324.8297119141,367790.333152771,109155.0,29773.371205329895,87918.00358581543,1581961.5376558304,0.17248940761936338,0.00017696696929641277,0.0009867350255310732,0.05936302862277156,0.7846114039421082,,0.005762,-1780435.35095293,1638358.0447765589,0.9029424866659035,
794,289810,1757.9,-1604316.919075636,-1716304.412952613,0.9116452522257296,38240.02319145203,982971.9034423828,382400.23249816895,106255.0,30694.07517004013,101995.70698165894,1604316.9180922508,0.19539932867414073,0.0004167683423714296,0.0023469088319918803,0.06450760761569989,0.7561827898025513,,0.005726,-1780435.35095293,1638358.0447765589,0.9029424866659035,
795,290175,1758.7,-1679370.4746352397,-1718368.1435592012,0.9108317948476039,38192.25812625885,1016090.0726318359,381922.5806121826,122505.0,49526.37337124348,109326.44483184814,1679370.4714471102,0.19539932867414073,0.0004167683423714296,0.0023469088319918803,0.06450760761569989,0.7561827898025513,,0.005726,-1780435.35095293,1638358.0447765589,0.9029424866659035,
796,290540,1759.8,-1665774.6982011485,-1699670.3446293944,0.9136089323447096,36344.635771512985,1012961.2333984375,363446.3572845459,114535.0,46364.84792089462,128467.260181427,1665774.698785305,0.19539932867414073,0.0004167683423714296,0.0023469088319918803,0.06450760761569989,0.7561827898025513,,0.005726,-1780435.35095293,1638358.0447765589,0.9029424866659035,
797,290905,1766.1,-1644036.846625653,-1697802.3521728076,0.9124797406629273,36892.15235757828,1013166.5662841797,368921.52210235596,115505.0,35929.735280036926,110514.02258682251,1644036.846253395,0.2049775396130587,0.0003675796500541956,0.001888609770072722,0.06949677583026259,0.7419096827507019,,0.005672,-1780435.35095293,1638358.0447765589,0.9029424866659035,
798,291270,1766.8,-1618261.4958658833,-1676388.8580578926,0.8990124467607971,33424.45642089844,1061506.9321289062,334244.56492614746,90230.0,18260.652278661728,114019.34647369385,1618261.4958074093,0.2049775396130587,0.0003675796500541956,0.001888609770072722,0.06949677583026259,0.7419096827507019,,0.005672,-1780435.35095293,1638358.0447765589,0.9029424866659035,
799,291635,1767.5,-1652768.1768630526,-1675869.0461723595,0.8997288803945367,38880.627982616425,1007508.9691162109,388806.2779350281,99150.0,23104.811978816986,134198.11782836914,1652768.1768584251,0.2049775396130587,0.0003675796500541956,0.001888609770072722,0.06949677583026259,0.7419096827507019,,0.005672,-1780435.35095293,1638358.0447765589,0.9029424866659035,
800,292000,1774.9,-1649757.200851484,-1677957.2294133853,0.8851386735810858,33292.670323848724,1096680.7543945312,332926.7027873993,83915.0,12599.287928879261,123635.45012283325,1649757.195233643,0.1637470679063546,0.0003167163274012733,0.0017437851224952425,0.04436303890849415,0.8253344297409058,,0.005618,-1780792.3476671958,1636985.4347246885,0.9030002892104679,True
801,292365,1775.9,-1636312.1234876274,-1680493.0217874073,0.9107875663340517,38616.672461509705,982094.7459716797,386166.7222137451,126740.0,33001.03136396408,108309.62336730957,1636312.1229166985,0.1637470679063546,0.0003167163274012733,0.0017437851224952425,0.04436303890849415,0.8253344297409058,,0.005618,-1780792.3476671958,1636985.4347246885,0.9030002892104679,
802,292730,1777.0,-1760115.0737763904,-1666205.2952938287,0.8939804172055946,47045.12966918945,995422.9653320312,470451.29430389404,127565.0,40272.15257811546,126403.65927886963,1760115.0714929104,0.1637470679063546,0.0003167163274012733,0.0017437851224952425,0.04436303890849415,0.8253344297409058,,0.005618,-1780792.3476671958,1636985.4347246885,0.9030002892104679,
803,293095,1783.0,-1642069.8235502876,-1665951.5362422443,0.8988179554767362,35755.71089363098,1037417.0024414062,357557.1074295044,93460.0,22545.74911212921,131089.96405029297,1642069.8230333328,0.19964869888989548,0.00034196041571321026,0.0019097579158704704,0.07980505465284775,0.7496312260627747,,0.0055639999999999995,-1780792.3476671958,1636985.4347246885,0.9030002892104679,
804,293460,1783.6,-1626952.3990165428,-1664745.1503718186,0.9000917553440567,36212.542541503906,1024612.6141357422,362125.4259338379,95165.0,21383.92971754074,123665.43099594116,1626952.400783062,0.19964869888989548,0.00034196041571321026,0.0019097579158704704,0.07980505465284775,0.7496312260627747,,0.0055639999999999995,-1780792.3476671958,1636985.4347246885,0.9030002892104679,
805,293825,1784.3,-1658502.4996932785,-1664186.4111317724,0.9094434323596846,39088.47075223923,992003.3125,390884.70961761475,124840.0,42951.777752161026,107822.69626617432,1658502.49613595,0.19964869888989548,0.00034196041571321026,0.0019097579158704704,0.07980505465284775,0.7496312260627747,,0.0055639999999999995,-1780792.3476671958,1636985.4347246885,0.9030002892104679,
806,294190,1790.0,-1879539.673171485,-1677999.432675471,0.884136831504054,52914.36146259308,997437.5112304688,529143.6156044006,127565.0,61644.348796367645,163749.19941711426,1879539.6750483513,0.18701278908472313,0.00027861051478937854,0.0016701681554542646,0.06582634391165093,0.7685801386833191,,0.005509999999999999,-1780792.3476671958,1636985.4347246885,0.9030002892104679,
807,294555,1790.6,-1626256.7815274252,-1678890.7516388241,0.9149729034238797,35834.15968942642,1010263.3630371094,358341.59897994995,114710.0,44193.812510967255,98748.00950622559,1626256.7840342522,0.18701278908472313,0.00027861051478937854,0.0016701681554542646,0.06582634391165093,0.7685801386833191,,0.005509999999999999,-1780792.3476671958,1636985.4347246885,0.9030002892104679,
808,294920,1796.3,-1607388.4797742297,-1658309.4464475312,0.8931355186639578,28751.461245536804,1123672.2512207031,287514.61235809326,81270.0,15902.265562295914,99029.34470367432,1607388.4738447666,0.18482551390403196,0.00026080975725275684,0.0017876876023173712,0.06495451260554164,0.7758898138999939,,0.005474,-1780792.3476671958,1636985.4347246885,0.9030002892104679,
809,295285,1797.0,-1724738.2678434674,-1660645.6004635054,0.9091697132912179,39100.71265268326,1032691.3703613281,391007.12731552124,123310.0,59954.78733873367,117774.97839355469,1724738.2634091377,0.18482551390403196,0.00026080975725275684,0.0017876876023173712,0.06495451260554164,0.7758898138999939,,0.005474,-1780792.3476671958,1636985.4347246885,0.9030002892104679,
810,295650,1797.7,-1835789.8665647511,-1672032.6655630295,0.8886297519859524,50122.06874847412,999513.8206787109,501220.687538147,126400.0,57042.05985850096,151613.29931259155,1835789.8673879504,0.18482551390403196,0.00026080975725275684,0.0017876876023173712,0.06495451260554164,0.7758898138999939,,0.005474,-1780792.3476671958,1636985.4347246885,0.9030002892104679,
811,296015,1803.2,-1637978.7593454649,-1671868.241954045,0.9045876799387784,38602.107275009155,1004175.2135009766,386021.0731334686,101030.0,27825.182242155075,118927.28685760498,1637978.7557342052,0.19727900055678269,0.0003088378965625644,0.00134384422754489,0.08851454661864984,0.7369043827056885,,0.0054199999999999995,-1780792.3476671958,1636985.4347246885,0.9030002892104679,
812,296380,1803.9,-1641165.9515164022,-1668652.852627135,0.9170319464672259,34915.03112792969,1031648.4171142578,349150.31019592285,113155.0,46772.96560716629,100439.26273345947,1641165.9556508064,0.19727900055678269,0.0003088378965625644,0.00134384422754489,0.08851454661864984,0.7369043827056885,,0.0054199999999999995,-1780792.3476671958,1636985.4347246885,0.9030002892104679,
813,296745,1804.5,-1637468.1632073203,-1671428.183729638,0.9024083117139241,36551.30778884888,1030211.1628417969,365513.078207016,95015.0,27823.636112451553,118905.28424072266,1637468.161401987,0.19727900055678269,0.0003088378965625644,0.00134384422754489,0.08851454661864984,0.7369043827056885,,0.0054199999999999995,-1780792.3476671958,1636985.4347246885,0.9030002892104679,
814,297110,1810.1,-1649862.063409762,-1673705.4409463448,0.917410641924648,34915.22925186157,1012156.9409179688,349152.29176712036,110515.0,35622.924140930176,142414.89994049072,1649862.05676651,0.18334008380770683,0.0003017867513431395,0.00144396330027743,0.05076956307809604,0.7708935737609863,,0.005366000000000001,-1780792.3476671958,1636985.4347246885,0.9030002892104679,
815,297475,1810.7,-1618774.956099882,-1670675.6650195767,0.9179542317060622,34523.628611564636,1030988.1968994141,345236.2862968445,114900.0,40339.417068481445,87311.05567932129,1618774.9559440613,0.18334008380770683,0.0003017867513431395,0.00144396330027743,0.05076956307809604,0.7708935737609863,,0.005366000000000001,-1780792.3476671958,1636985.4347246885,0.9030002892104679,
816,297840,1811.4,-1630824.7806672105,-1668928.16914288,0.9121655095602503,37627.3295249939,992735.7888183594,376273.29415130615,107300.0,36996.31173181534,117519.3800125122,1630824.774713993,0.18334008380770683,0.0003017867513431395,0.00144396330027743,0.05076956307809604,0.7708935737609863,,0.005366000000000001,-1780792.3476671958,1636985.4347246885,0.9030002892104679,
817,298205,1817.3,-1625762.6119798287,-1668014.4574105886,0.8883337215139929,29085.4922246933,1136473.5604248047,290854.9213180542,79170.0,13830.485358953476,105433.6446647644,1625762.6117665768,0.1774222393961329,0.0003251567440154184,0.0016929224910104256,0.048859460181311556,0.7800988554954529,,0.005312000000000001,-1780792.3476671958,1636985.4347246885,0.9030002892104679,
818,298570,1818.2,-1632161.7234006461,-1668709.468787327,0.9149525119611921,35786.70725440979,1021096.1353759766,357867.0723953247,114085.0,42821.38620328903,96292.13438415527,1632161.7283587456,0.1774222393961329,0.0003251567440154184,0.0016929224910104256,0.048859460181311556,0.7800988554954529,,0.005312000000000001,-1780792.3476671958,1636985.4347246885,0.9030002892104679,
819,298935,1818.9,-1639385.0344761699,-1668040.3116679827,0.9135092389917489,36656.42783975601,1006534.3819580078,366564.2767906189,109735.0,40216.80785655975,116334.57163381577,1639385.0382390022,0.1774222393961329,0.0003251567440154184,0.0016929224910104256,0.048859460181311556,0.7800988554954529,,0.005312000000000001,-1780792.3476671958,1636985.4347246885,0.9030002892104679,
820,299300,1824.7,-1682127.582041743,-1669658.8307274957,0.9124875449496971,36850.7072095871,1036185.4041748047,368507.07409477234,115790.0,52337.62206029892,109307.48720550537,1682127.5875353813,0.17914183379003876,0.00037218785464095784,0.0022754334587309706,0.047509568743407726,0.7960968613624573,,0.005258000000000001,-1780792.3476671958,1636985.4347246885,0.9030002892104679,
821,299665,1825.4,-1599656.1717255423,-1667826.0331393913,0.8888016794612286,28580.414741516113,1116911.7911376953,285804.14905166626,79345.0,11700.961493492126,105894.27074050903,1599656.1724233627,0.17914183379003876,0.00037218785464095784,0.0022754334587309706,0.047509568743407726,0.7960968613624573,,0.005258000000000001,-1780792.3476671958,1636985.4347246885,0.9030002892104679,
822,300030,1826.1,-1653534.4618431446,-1662497.002542729,0.9160202166760756,35634.553599357605,1025441.9777832031,356345.5361175537,120215.0,47506.644418001175,104025.29624176025,1653534.4545605183,0.17914183379003876,0.00037218785464095784,0.0022754334587309706,0.047509568743407726,0.7960968613624573,,0.005258000000000001,-1780792.3476671958,1636985.4347246885,0.9030002892104679,
823,300395,1831.5,-1653283.6763706766,-1663057.6951837486,0.9101282657086546,38118.55686926842,1000137.2686767578,381185.5679168701,110785.0,36633.920147657394,124541.92290687561,1653283.679648161,0.1766460416348357,0.0003168463879678472,0.0018463134750307194,0.05579281627739731,0.797400951385498,,0.005204000000000001,-1780792.3476671958,1636985.4347246885,0.9030002892104679,
824,300760,1832.1,-1940243.6657208963,-1678722.2585189664,0.87999498552422,56237.22990369797,989571.2603759766,562372.296131134,128130.0,66235.32189011574,193934.78379058838,1940243.6621878147,0.1766460416348357,0.0003168463879678472,0.0018463134750307194,0.05579281627739731,0.797400951385498,,0.005204000000000001,-1780792.3476671958,1636985.4347246885,0.9030002892104679,
825,301125,1839.2,-1627238.2856798081,-1677159.0478182929,0.9072252757424962,37590.09167575836,1002000.8493652344,375900.9154510498,100920.0,27384.832894802094,121031.68836593628,1627238.2860770226,0.19263631164243347,0.00034265581732477967,0.002323886801605113,0.07000018901338703,0.7536861300468445,,0.005168000000000001,-1818650.5830863845,1676022.6761955023,0.9060563660645389,True
826,301490,1840.4,-1642260.3420615364,-1665295.0812627957,0.915424767213992,36506.64550638199,1005453.5434570312,365066.4550895691,124610.0,42563.38991856575,104566.95628356934,1642260.3447487354,0.19263631164243347,0.00034265581732477967,0.002323886801605113,0.07000018901338703,0.7536861300468445,,0.005168000000000001,-1818650.5830863845,1676022.6761955023,0.9060563660645389,
827,301855,1841.2,-1636552.2878222005,-1665809.8565775342,0.9003617304468864,35975.194328308105,1038616.6650390625,359751.9436340332,94520.0,23317.7905292511,120345.8875541687,1636552.2867565155,0.19263631164243347,0.00034265581732477967,0.002323886801605113,0.07000018901338703,0.7536861300468445,,0.005168000000000001,-1818650.5830863845,1676022.6761955023,0.9060563660645389,
828,302220,1847.6,-1662212.9776744605,-1668551.0814725459,0.914633779502185,36161.0456366539,1021777.7843017578,361610.4549331665,121400.0,49827.914387226105,107596.8265914917,1662212.9802136421,0.1917409708625392,0.0002726001409763213,0.0013751649030861077,0.06453181313056695,0.7763455510139465,,0.005114000000000001,-1818650.5830863845,1676022.6761955023,0.9060563660645389,
829,302585,1848.3,-1635267.479225723,-1664077.5420416587,0.8985323781833021,36155.55181145668,1041578.0919189453,361555.51943969727,94005.0,25362.84066402912,112766.02803039551,1635267.4800530672,0.1917409708625392,0.0002726001409763213,0.0013751649030861077,0.06453181313056695,0.7763455510139465,,0.005114000000000001,-1818650.5830863845,1676022.6761955023,0.9060563660645389,
830,302950,1849.0,-2085188.1791523,-1676547.457671036,0.8716921941910373,60078.590376377106,1018317.4908447266,600785.9028968811,133565.0,85370.69330883026,247149.08725738525,2085188.1743078232,0.1917409708625392,0.0002726001409763213,0.0013751649030861077,0.06453181313056695,0.7763455510139465,,0.005114000000000001,-1818650.5830863845,1676022.6761955023,0.9060563660645389,
831,303315,1855.1,-1618634.058881538,-1675580.2226478397,0.9055689003011397,39308.172853946686,981437.37109375,393081.72665405273,103775.0,20972.51744031906,119367.43810272217,1618634.053290844,0.18796756079322413,0.0001942745184829906,0.0008405718889614371,0.0806063947905051,0.7609111070632935,,0.005060000000000001,-1818650.5830863845,1676022.6761955023,0.9060563660645389,
832,303680,1856.2,-1692058.8020493672,-1678124.865174488,0.9053287892619373,41130.19151878357,1005573.4715576172,411301.91566467285,126840.0,43700.87122178078,104642.54588317871,1692058.8043272495,0.18796756079322413,0.0001942745184829906,0.0008405718889614371,0.0806063947905051,0.7609111070632935,,0.005060000000000001,-1818650.5830863845,1676022.6761955023,0.9060563660645389,
833,304045,1857.1,-1605471.8081728816,-1676525.047422766,0.8908485879861413,31065.146767616272,1104651.7244873047,310651.4681930542,83635.0,12942.584195613861,93591.05339431763,1605471.8302702904,0.18796756079322413,0.0001942745184829906,0.0008405718889614371,0.0806063947905051,0.7609111070632935,,0.005060000000000001,-1818650.5830863845,1676022.6761955023,0.9060563660645389,
834,304410,1864.0,-1634869.2984805643,-1675775.409176306,0.9099686449188594,38475.88993883133,991161.2392578125,384758.89820480347,108500.0,31580.45540690422,118868.70441818237,1634869.2972877026,0.17904556326960264,0.00036294623101926655,0.002603898968644851,0.06458356652997042,0.7872776985168457,,0.005006000000000001,-1818650.5830863845,1676022.6761955023,0.9060563660645389,
835,304775,1864.9,-1621015.469646797,-1675887.4348536518,0.8971154957214699,32840.219343185425,1075381.2980957031,328402.1925544739,87685.0,19218.67317390442,110328.30561065674,1621015.4694347382,0.17904556326960264,0.00036294623101926655,0.002603898968644851,0.06458356652997042,0.7872776985168457,,0.005006000000000001,-1818650.5830863845,1676022.6761955023,0.9060563660645389,
836,305140,1865.7,-1994273.3872713342,-1694059.8651838577,0.8773367370628588,58372.50291347504,983439.6271972656,583725.029258728,130580.0,72407.60587191582,224121.11911773682,1994273.3814456463,0.17904556326960264,0.00036294623101926655,0.002603898968644851,0.06458356652997042,0.7872776985168457,,0.005006000000000001,-1818650.5830863845,1676022.6761955023,0.9060563660645389,
837,305505,1872.9,-1938604.6445546015,-1709701.9668125964,0.8783134844107561,57435.670298576355,970875.3065185547,574356.7050628662,128365.0,57682.336072683334,207325.29740905762,1938604.6450631618,0.18773333963594938,0.0003292593238783363,0.0018024109968361077,0.0768713136448672,0.765458345413208,,0.0049520000000000015,-1818650.5830863845,1676022.6761955023,0.9060563660645389,
838,305870,1873.6,-1625283.6327012512,-1709358.0622776267,0.9090871509751035,39327.08023118973,973887.783203125,393270.80222320557,107365.0,28703.276493549347,122056.76878166199,1625283.630701542,0.18773333963594938,0.0003292593238783363,0.0018024109968361077,0.0768713136448672,0.765458345413208,,0.0049520000000000015,-1818650.5830863845,1676022.6761955023,0.9060563660645389,
839,306235,1879.9,-1668624.933023932,-1710820.0572050146,0.9105587916502056,38195.868025779724,1008643.1237792969,381958.68128204346,122185.0,44466.47680187225,111371.65353012085,1668624.9353933334,0.19859663181399045,0.00023287412233529673,0.0011438737848565278,0.08503300892679315,0.7297635078430176,,0.004916000000000001,-1818650.5830863845,1676022.6761955023,0.9060563660645389,
840,306600,1880.6,-1928188.9435880804,-1723123.1252823318,0.8798544294169326,56303.09786891937,989109.2857666016,563030.9821434021,128315.0,63194.44223690033,184539.2401046753,1928188.9502515793,0.19859663181399045,0.00023287412233529673,0.0011438737848565278,0.08503300892679315,0.7297635078430176,,0.004916000000000001,-1818650.5830863845,1676022.6761955023,0.9060563660645389,
841,306965,1881.4,-1676125.3041387422,-1726946.5819029915,0.9105658127090804,38515.19049358368,1015455.9431152344,385151.9028930664,125445.0,49501.40882909298,100571.04879760742,1676125.3036350012,0.19859663181399045,0.00023287412233529673,0.0011438737848565278,0.08503300892679315,0.7297635078430176,,0.004916000000000001,-1818650.5830863845,1676022.6761955023,0.9060563660645389,
842,307330,1886.9,-1668418.0434936688,-1727690.7609855179,0.9142540805217043,36289.302295684814,1035725.6633300781,362893.02255249023,120180.0,44720.49743556976,104898.86071014404,1668418.0440282822,0.20942432276512446,0.0003214897700864209,0.0018447072901548573,0.09755202843562553,0.7284848093986511,,0.004862000000000001,-1818650.5830863845,1676022.6761955023,0.9060563660645389,
843,307695,1887.6,-2056806.8250000696,-1747866.9184169876,0.8775495608462978,31562.335394501686,1358952.4748535156,315623.3548297882,84560.0,75892.89262545109,221778.10695648193,2056806.8292652369,0.20942432276512446,0.0003214897700864209,0.0018447072901548573,0.09755202843562553,0.7284848093986511,,0.004862000000000001,-1818650.5830863845,1676022.6761955023,0.9060563660645389,
844,308060,1888.2,-1594379.575669855,-1730573.7139144358,0.9178496906251404,34736.354665756226,1010671.8852539062,347363.5475845337,114565.0,35844.38228535652,85934.7624130249,1594379.5775368214,0.20942432276512446,0.0003214897700864209,0.0018447072901548573,0.09755202843562553,0.7284848093986511,,0.004862000000000001,-1818650.5830863845,1676022.6761955023,0.9060563660645389,
845,308425,1893.6,-1609690.4674058105,-1729696.3230007358,0.9032429181491982,33583.512296676636,1055265.841796875,335835.1248474121,91550.0,18456.23016834259,108583.2580947876,1609690.4549074173,0.16734948205320457,0.0002488182051724595,0.0012485437220771257,0.06227912474423647,0.7848780155181885,,0.0048080000000000015,-1818650.5830863845,1676022.6761955023,0.9060563660645389,
846,308790,1894.3,-1645928.1786267958,-1729879.714828999,0.9140231981384611,36097.1023311615,1021550.734375,360971.0270462036,116540.0,40542.37477636337,106324.04383850098,1645928.180036068,0.16734948205320457,0.0002488182051724595,0.0012485437220771257,0.06227912474423647,0.7848780155181885,,0.0048080000000000015,-1818650.5830863845,1676022.6761955023,0.9060563660645389,
847,309155,1894.9,-1605688.211176431,-1728336.51099671,0.9082754090437275,36918.322338581085,991074.0792236328,369183.2233695984,101115.0,25728.33312380314,118587.5761680603,1605688.2118850946,0.16734948205320457,0.0002488182051724595,0.0012485437220771257,0.06227912474423647,0.7848780155181885,,0.0048080000000000015,-1818650.5830863845,1676022.6761955023,0.9060563660645389,
848,309520,1900.4,-2036895.1690551005,-1747070.6205657423,0.8756066837241974,59645.351221084595,994250.0146484375,596453.5123977661,131520.0,71203.34355700016,243468.297832489,2036895.1684356928,0.1809919996089057,0.0003483532201770638,0.0018559506080284911,0.05801751190110257,0.7536481618881226,,0.004754000000000001,-1818650.5830863845,1676022.6761955023,0.9060563660645389,
849,309885,1901.1,-1629553.456644449,-1746784.9194366788,0.907187941004629,40098.336344242096,975390.2531738281,400983.3622703552,104695.0,31197.98433303833,117286.85722351074,1629553.4570007324,0.1809919996089057,0.0003483532201770638,0.0018559506080284911,0.05801751190110257,0.7536481618881226,,0.004754000000000001,-1818650.5830863845,1676022.6761955023,0.9060563660645389,
850,310250,1903.2,-1584994.3091398878,-1721775.2259360582,0.8920721225976478,29128.331048488617,1095684.8591308594,291283.3101196289,81110.0,13198.874378681183,103717.26426887512,1584994.3078980446,0.1809919996089057,0.0003483532201770638,0.0018559506080284911,0.05801751190110257,0.7536481618881226,,0.004754000000000001,-1795035.7896863474,1656025.5649054646,0.905571640564192,True
851,310615,1909.6,-2008197.5190361785,-1741253.39894379,0.8790285648392744,57984.028301239014,984487.3513183594,579840.2850723267,132470.0,84434.38757479191,226965.49867248535,2008197.5226379633,0.17808937438224492,0.0001988171875142909,0.00113102427751169,0.06655765609129478,0.7860240936279297,,0.004700000000000001,-1795035.7896863474,1656025.5649054646,0.905571640564192,
852,310980,1910.5,-1580210.7892898766,-1735660.9983058155,0.8953181718941604,28525.58879518509,1097349.1971435547,285255.88917541504,81960.0,15211.358075380325,100434.33334350586,1580210.777737856,0.17808937438224492,0.0001988171875142909,0.00113102427751169,0.06655765609129478,0.7860240936279297,,0.004700000000000001,-1795035.7896863474,1656025.5649054646,0.905571640564192,
853,311345,1916.0,-1626694.7297064175,-1736722.1443824922,0.9156386823817815,35600.222950935364,1020351.7266845703,356002.23176574707,118695.0,40891.264290094376,90754.50698852539,1626694.7297289371,0.18397011176535957,0.0003266432762948649,0.0015920003252655366,0.0702969366684556,0.7799460887908936,,0.004664000000000001,-1795035.7896863474,1656025.5649054646,0.905571640564192,
854,311710,1916.6,-1623700.0596355074,-1736163.6824402392,0.9030968869801534,36414.93013238907,1025062.9616699219,364149.3013000488,96225.0,24261.154571533203,114001.64151382446,1623700.0590553284,0.18397011176535957,0.0003266432762948649,0.0015920003252655366,0.0702969366684556,0.7799460887908936,,0.004664000000000001,-1795035.7896863474,1656025.5649054646,0.905571640564192,
855,312075,1917.3,-1627651.665622069,-1736495.4922390028,0.9105135960609563,38710.02861595154,983516.7657470703,387100.2858352661,106990.0,36173.310983181,113871.30441093445,1627651.6669764519,0.18397011176535957,0.0003266432762948649,0.0015920003252655366,0.0702969366684556,0.7799460887908936,,0.004664000000000001,-1795035.7896863474,1656025.5649054646,0.905571640564192,
856,312440,1922.7,-1632114.20706717,-1718387.5332287948,0.9150779788756037,35788.34767436981,1018054.2778320312,357883.47634124756,115230.0,42997.39112496376,97949.06004333496,1632114.2053415775,0.18090971500465744,0.00027738978769775713,0.0011031836804345641,0.0632770505586737,0.7748423218727112,,0.004610000000000001,-1795035.7896863474,1656025.5649054646,0.905571640564192,
857,312805,1923.3,-1716037.4122392663,-1707259.1716130278,0.9110900783895846,38212.50629901886,1042735.4266357422,382125.06438446045,123095.0,57018.62364292145,111063.30052947998,1716037.415192604,0.18090971500465744,0.00027738978769775713,0.0011031836804345641,0.0632770505586737,0.7748423218727112,,0.004610000000000001,-1795035.7896863474,1656025.5649054646,0.905571640564192,
858,313170,1923.9,-1590649.3372750594,-1705527.4568417184,0.8925036958800365,29436.250438690186,1106930.2069091797,294362.50381469727,81530.0,14015.709250569344,93810.92385864258,1590649.3438330889,0.18090971500465744,0.00027738978769775713,0.0011031836804345641,0.0632770505586737,0.7748423218727112,,0.004610000000000001,-1795035.7896863474,1656025.5649054646,0.905571640564192,
859,313535,1929.4,-1601845.6834108736,-1702188.4943610653,0.9173218550602762,35175.582120895386,999435.3321533203,351755.82246017456,108685.0,31234.249788045883,110735.2799949646,1601845.6843965054,0.1699729559845046,0.00017800355831959198,0.0009602329192650933,0.06398541916553911,0.7806016206741333,,0.004556000000000001,-1795035.7896863474,1656025.5649054646,0.905571640564192,
860,313900,1930.0,-2042252.3915921175,-1707891.6667612668,0.8800736381103123,57289.30278015137,1007247.3309326172,572893.02759552,131385.0,77757.07771062851,252969.9574432373,2042252.393682003,0.1699729559845046,0.00017800355831959198,0.0009602329192650933,0.06398541916553911,0.7806016206741333,,0.004556000000000001,-1795035.7896863474,1656025.5649054646,0.905571640564192,
861,314265,1930.7,-1641247.6926467745,-1706147.786186669,0.9088653291197162,38385.832240104675,1001173.83203125,383858.32024383545,102975.0,33099.14623963833,120141.3909111023,1641247.689425826,0.1699729559845046,0.00017800355831959198,0.0009602329192650933,0.06398541916553911,0.7806016206741333,,0.004556000000000001,-1795035.7896863474,1656025.5649054646,0.905571640564192,
862,314630,1936.3,-1692010.3635064797,-1707327.4021873097,0.9120633341429688,37544.295677661896,1024237.9658203125,375442.95542144775,121035.0,62525.66008520126,108768.78500366211,1692010.3663306236,0.19665422055282092,0.0004012869942590968,0.0016059206230382092,0.07630531921198494,0.7516988515853882,,0.004502000000000001,-1795035.7896863474,1656025.5649054646,0.905571640564192,
863,314995,1936.9,-1693100.823928484,-1689142.1021337304,0.9110176171994115,38459.07567024231,1015620.0457763672,384590.75799560547,123405.0,50519.08195543289,118965.93827819824,1693100.8240056038,0.19665422055282092,0.0004012869942590968,0.0016059206230382092,0.07630531921198494,0.7516988515853882,,0.004502000000000001,-1795035.7896863474,1656025.5649054646,0.905571640564192,
864,315360,1937.5,-1682384.2534561234,-1693542.3360230438,0.9129275253577672,37636.72887420654,1019169.8612060547,376367.28952789307,123225.0,48246.57386851311,115375.5315322876,1682384.2561347485,0.19665422055282092,0.0004012869942590968,0.0016059206230382092,0.07630531921198494,0.7516988515853882,,0.004502000000000001,-1795035.7896863474,1656025.5649054646,0.905571640564192,
865,315725,1942.9,-1653022.9899027697,-1695708.9621478915,0.9057023772805862,40437.08376502991,996946.6483154297,404370.83672332764,102680.0,33533.215938568115,115492.28643798828,1653022.9874153137,0.19992942421844132,0.0002494099874782382,0.0011152300913205469,0.10391078673695263,0.714785099029541,,0.0044480000000000006,-1795035.7896863474,1656025.5649054646,0.905571640564192,
866,316090,1943.5,-1698461.4050560724,-1698335.6234693553,0.9101596291221491,38724.70362281799,1033699.4263916016,387247.03549957275,121300.0,55930.85894536972,100284.08293914795,1698461.403775692,0.19992942421844132,0.0002494099874782382,0.0011152300913205469,0.10391078673695263,0.714785099029541,,0.0044480000000000006,-1795035.7896863474,1656025.5649054646,0.905571640564192,
867,316455,1949.1,-1632731.579587438,-1699687.7918899055,0.8921926519084229,31558.44500684738,1101915.0141601562,315584.4497451782,82645.0,18817.043526649475,113770.0721206665,1632731.5795526505,0.17240345693732562,0.00032165878421533547,0.0017475328947368421,0.06538294245930094,0.7836062908172607,,0.004412000000000001,-1795035.7896863474,1656025.5649054646,0.905571640564192,
868,316820,1949.8,-1708913.2234655716,-1683288.6946104292,0.9087142062186755,39528.20928001404,1023919.8702392578,395282.090965271,124510.0,51702.73085618019,113498.53012084961,1708913.2221815586,0.17240345693732562,0.00032165878421533547,0.0017475328947368421,0.06538294245930094,0.7836062908172607,,0.004412000000000001,-1795035.7896863474,1656025.5649054646,0.905571640564192,
869,317185,1950.5,-1682918.1434975,-1685956.9289530818,0.912244001476986,37206.261717796326,1038399.8077392578,372062.62016296387,119550.0,52750.99041342735,100154.72693634033,1682918.1452519894,0.17240345693732562,0.00032165878421533547,0.0017475328947368421,0.06538294245930094,0.7836062908172607,,0.004412000000000001,-1795035.7896863474,1656025.5649054646,0.905571640564192,
870,317550,1956.0,-1998398.1516174325,-1706627.121076959,0.8795261852241867,31035.741319656372,1355629.1674804688,310357.4119205475,82830.0,70749.69331789017,178831.87519073486,1998398.1479096413,0.18472611610042422,0.00026042721846782736,0.000993962872981731,0.08931024539235391,0.7567070126533508,,0.004358000000000001,-1795035.7896863474,1656025.5649054646,0.905571640564192,
871,317915,1956.7,-1702977.3449433143,-1691366.112372316,0.9113477084279519,38170.04200696945,1028820.3952636719,381700.4197692871,123225.0,58290.49351453781,110941.03842926025,1702977.346976757,0.18472611610042422,0.00026042721846782736,0.000993962872981731,0.08931024539235391,0.7567070126533508,,0.004358000000000001,-1795035.7896863474,1656025.5649054646,0.905571640564192,
872,318280,1957.4,-1793241.4077954884,-1702017.6432975966,0.892711184258686,47917.438175201416,1014635.0513916016,479174.38247680664,125330.0,52514.16998362541,121587.80181884766,1793241.4056708813,0.18472611610042422,0.00026042721846782736,0.000993962872981731,0.08931024539235391,0.7567070126533508,,0.004358000000000001,-1795035.7896863474,1656025.5649054646,0.905571640564192,
873,318645,1962.9,-1673947.5996602217,-1704380.286795287,0.915601925773901,35487.955444812775,1036058.6052246094,354879.55417633057,116985.0,51483.89844226837,114540.5421295166,1673947.599972725,0.20028939627503095,0.00019937750254795996,0.0007385789291507344,0.0903516385312143,0.732250988483429,,0.0043040000000000005,-1795035.7896863474,1656025.5649054646,0.905571640564192,
874,319010,1963.6,-1612755.4542812211,-1703833.0565275725,0.8904733797375519,28306.716900348663,1124028.3719482422,283067.1678619385,80305.0,13161.695443630219,112193.21598815918,1612755.45124197,0.20028939627503095,0.00019937750254795996,0.0007385789291507344,0.0903516385312143,0.732250988483429,,0.0043040000000000005,-1795035.7896863474,1656025.5649054646,0.905571640564192,
875,319375,1965.3,-1610690.5157451872,-1702984.9990337281,0.9074094468185768,35065.52393865585,1020829.2271728516,350655.2406196594,97290.0,25820.900686860085,116095.14515304565,1610690.5136324167,0.20028939627503095,0.00019937750254795996,0.0007385789291507344,0.0903516385312143,0.732250988483429,,0.0043040000000000005,-1815673.146661111,1676988.5380231142,0.9056978810475842,True
876,319740,1971.2,-1694241.7063450173,-1706091.3739976205,0.9139793247807485,36351.47714090347,1028243.0329589844,363514.7693748474,113290.0,48014.305679798126,141179.59899902344,1694241.7070126534,0.1602891958073566,0.00019939018942463199,0.0011237964300610322,0.054308961978868434,0.7791225910186768,,0.00425,-1815673.146661111,1676988.5380231142,0.9056978810475842,
877,320105,1972.0,-2312861.8530091285,-1735932.5960361143,0.8623875565316421,35470.432978630066,1426447.3079833984,354704.32942962646,89750.0,150516.39191031456,291443.82344055176,2312861.852763891,0.1602891958073566,0.00019939018942463199,0.0011237964300610322,0.054308961978868434,0.7791225910186768,,0.00425,-1815673.146661111,1676988.5380231142,0.9056978810475842,
878,320470,1972.8,-1654770.8709376191,-1739138.6727192416,0.916511465877441,35062.26223278046,1043662.9924316406,350622.62197875977,116800.0,51192.868505477905,92492.39060211182,1654770.87351799,0.1602891958073566,0.00019939018942463199,0.0011237964300610322,0.054308961978868434,0.7791225910186768,,0.00425,-1815673.146661111,1676988.5380231142,0.9056978810475842,
879,320835,1979.1,-1646386.5275692984,-1741365.714927163,0.9174869339915241,34941.9730887413,1040037.3825683594,349419.73208999634,118745.0,45648.180448532104,92536.23371887207,1646386.52882576,0.1778437975598009,0.00030945834312565,0.0018010725042059722,0.06376350406361253,0.7830764651298523,,0.004196,-1815673.146661111,1676988.5380231142,0.9056978810475842,
880,321200,1979.7,-1646612.8400779436,-1721583.737351454,0.9188713346483263,34236.05339241028,1039054.8148193359,342360.533908844,118345.0,54679.237180233,92173.25597381592,1646612.8418822289,0.1778437975598009,0.00030945834312565,0.0018010725042059722,0.06376350406361253,0.7830764651298523,,0.004196,-1815673.146661111,1676988.5380231142,0.9056978810475842,
881,321565,1985.2,-1672372.3786192425,-1723139.9716500777,0.9184784192386007,34549.49809932709,1047936.2941894531,345494.9782714844,120485.0,61112.29298949242,97343.81377410889,1672372.3792245388,0.19578676023765615,0.00029546982401179296,0.0011138916015625,0.08197676557067193,0.723654568195343,,0.0041600000000000005,-1815673.146661111,1676988.5380231142,0.9056978810475842,
882,321930,1985.9,-2042843.0690547188,-1740681.6069274894,0.8801859045053815,57294.62120914459,1024020.7453613281,572946.211807251,130820.0,79134.33901190758,235921.77262115479,2042843.0688016415,0.19578676023765615,0.00029546982401179296,0.0011138916015625,0.08197676557067193,0.723654568195343,,0.0041600000000000005,-1815673.146661111,1676988.5380231142,0.9056978810475842,
883,322295,1986.6,-1938067.2492506267,-1752929.9281935967,0.8846220856225048,29729.888709306717,1352249.8543701172,297298.8873100281,81775.0,61398.89611506462,145344.61097717285,1938067.2487723827,0.19578676023765615,0.00029546982401179296,0.0011138916015625,0.08197676557067193,0.723654568195343,,0.0041600000000000005,-1815673.146661111,1676988.5380231142,0.9056978810475842,
884,322660,1991.9,-1635877.028617762,-1750604.5669516786,0.9064392683646815,34542.99636268616,1050115.918334961,345429.9662952423,94915.0,26753.454471826553,118662.68663787842,1635877.0257399082,0.16735583406529927,0.00029766815336379775,0.0019378662109375,0.06912308068651903,0.7944924831390381,,0.004106,-1815673.146661111,1676988.5380231142,0.9056978810475842,
885,323025,1992.6,-1608965.2811974278,-1748401.6815164115,0.919096440276671,34131.99829387665,1017219.2270507812,341319.98222351074,110350.0,40176.35071063042,99899.72361755371,1608965.2836024761,0.16735583406529927,0.00029766815336379775,0.0019378662109375,0.06912308068651903,0.7944924831390381,,0.004106,-1815673.146661111,1676988.5380231142,0.9056978810475842,
886,323390,1993.2,-1666522.4883307237,-1746804.7356801443,0.9150883333771958,35809.882076501846,1032957.9938964844,358098.82095718384,117570.0,60473.23967671394,97422.43044281006,1666522.4849731922,0.16735583406529927,0.00029766815336379775,0.0019378662109375,0.06912308068651903,0.7944924831390381,,0.004106,-1815673.146661111,1676988.5380231142,0.9056978810475842,
887,323755,1998.7,-1658897.4064426473,-1748113.027022905,0.91714508912664,34886.72306251526,1044973.7353515625,348867.23054885864,115455.0,52859.252831339836,96742.17876625061,1658897.3974980116,0.19405799535544296,0.000257038329293305,0.0015124940025424095,0.0661774390916291,0.7377358078956604,,0.004052,-1815673.146661111,1676988.5380231142,0.9056978810475842,
888,324120,1999.4,-2027714.3432319176,-1764053.0830112218,0.8817299912021068,55376.14697933197,1036908.8282470703,553761.4709854126,130865.0,82729.62894642353,223449.4118347168,2027714.3400136232,0.19405799535544296,0.000257038329293305,0.0015124940025424095,0.0661774390916291,0.7377358078956604,,0.004052,-1815673.146661111,1676988.5380231142,0.9056978810475842,
889,324485,2000.0,-1662377.7304674983,-1763026.0623597219,0.916125502525511,35818.60414648056,1032984.6988525391,358186.04205322266,119590.0,54704.18033218384,96912.81449508667,1662377.7357330322,0.19405799535544296,0.000257038329293305,0.0015124940025424095,0.0661774390916291,0.7377358078956604,,0.004052,-1815673.146661111,1676988.5380231142,0.9056978810475842,
890,324850,2005.7,-1644697.5913782874,-1745341.0343477644,0.9108092299707963,38904.92469596863,990208.4226074219,389049.2454319,104605.0,37451.65701174736,123383.26870536804,1644697.5937564373,0.19461430315124362,0.0002236171928272693,0.0007027073912276568,0.08787937560363819,0.7144677042961121,,0.003998,-1815673.146661111,1676988.5380231142,0.9056978810475842,
891,325215,2006.4,-1676508.9448489677,-1744017.6143430471,0.916096455080431,35254.171986579895,1048100.7615966797,352541.71967315674,114880.0,54069.99232959747,106916.4663848877,1676508.9399843216,0.19461430315124362,0.0002236171928272693,0.0007027073912276568,0.08787937560363819,0.7144677042961121,,0.003998,-1815673.146661111,1676988.5380231142,0.9056978810475842,
892,325580,2007.0,-1609630.3243742075,-1734837.060171983,0.9129266838645423,37659.8187417984,992528.8973388672,376598.1870727539,105055.0,30897.797936201096,104550.44353485107,1609630.3258826733,0.19461430315124362,0.0002236171928272693,0.0007027073912276568,0.08787937560363819,0.7144677042961121,,0.003998,-1815673.146661111,1676988.5380231142,0.9056978810475842,
893,325945,2012.5,-1587493.0562167666,-1730514.3329998106,0.9195485358749276,33984.79018449783,1019039.3341064453,339847.89973831177,110975.0,37595.29375934601,80035.52445220947,1587493.0520563126,0.18558254759562642,0.00024723079107053837,0.0011280795994312747,0.05896787066012621,0.7546802759170532,,0.003944,-1815673.146661111,1676988.5380231142,0.9056978810475842,
894,326310,2013.2,-1656671.5967226285,-1732710.140121881,0.9163776948293197,35288.36191511154,1040844.28125,352883.6173095703,116510.0,52312.15229129791,94121.54553222656,1656671.5963830948,0.18558254759562642,0.00024723079107053837,0.0011280795994312747,0.05896787066012621,0.7546802759170532,,0.003944,-1815673.146661111,1676988.5380231142,0.9056978810475842,
895,326675,2018.7,-1648790.807408569,-1734615.15470505,0.9050325752239758,37590.10104227066,1020157.7615966797,375901.0079116821,97885.0,32790.75032663345,122056.28381729126,1648790.8036522865,0.18333826116041133,0.00022883299511465194,0.000998513740150405,0.058494306659620056,0.7737840414047241,,0.003908,-1815673.146661111,1676988.5380231142,0.9056978810475842,
896,327040,2019.3,-1657263.000947828,-1732766.2194351903,0.9162539263439671,35520.394664764404,1027475.8725585938,355203.9478931427,109910.0,44409.56221365929,120263.62173652649,1657263.0044019222,0.18333826116041133,0.00022883299511465194,0.000998513740150405,0.058494306659620056,0.7737840414047241,,0.003908,-1815673.146661111,1676988.5380231142,0.9056978810475842,
897,327405,2020.0,-1612780.2874824773,-1697762.1411588578,0.899284941039266,29482.319209575653,1107383.5321044922,294823.1954803467,83295.0,20902.10783481598,106376.45293426514,1612780.28835392,0.18333826116041133,0.00022883299511465194,0.000998513740150405,0.058494306659620056,0.7737840414047241,,0.003908,-1815673.146661111,1676988.5380231142,0.9056978810475842,
898,327770,2025.7,-1635902.3270494412,-1696818.7139644488,0.8961621393966577,28024.488684654236,1165358.072631836,280244.8827896118,80260.0,20928.583416223526,89110.78819465637,1635902.3270323277,0.15470686437268005,0.0002081568099081204,0.0014635052597632718,0.04050060082226992,0.840732216835022,,0.003854,-1815673.146661111,1676988.5380231142,0.9056978810475842,
899,328135,2026.4,-1649957.1738945981,-1696997.2462807142,0.9186878331626418,34148.264145851135,1045880.5394287109,341482.6412887573,115310.0,59568.74682426453,87715.24482727051,1649957.1723690033,0.15470686437268005,0.0002081568099081204,0.0014635052597632718,0.04050060082226992,0.840732216835022,,0.003854,-1815673.146661111,1676988.5380231142,0.9056978810475842,
900,328500,2028.1,-1667811.217741616,-1698057.1651638977,0.9151604353543478,36552.78706932068,1024660.2495117188,365527.8684139252,121990.0,50928.21082878113,104704.88757324219,1667811.2163276672,0.15470686437268005,0.0002081568099081204,0.0014635052597632718,0.04050060082226992,0.840732216835022,,0.003854,-1829662.9128809632,1694224.5410578847,0.9065765562708552,True
901,328865,2033.8,-1618342.4096900525,-1695355.6667174385,0.9001341790587957,31134.168336629868,1089815.741821289,311341.68128967285,85680.0,24259.660550117493,107245.32112121582,1618342.4047822952,0.18110263818188718,0.00015374760383373971,0.0002808152586160424,0.06763948348203772,0.7770112752914429,,0.0037999999999999996,-1829662.9128809632,1694224.5410578847,0.9065765562708552,
902,329230,2034.5,-1641309.1026365524,-1675278.96839653,0.9108395956200328,36768.68084144592,1016577.1678466797,367686.809135437,101530.0,40800.21683561802,114714.90822601318,1641309.102043748,0.18110263818188718,0.00015374760383373971,0.0002808152586160424,0.06763948348203772,0.7770112752914429,,0.0037999999999999996,-1829662.9128809632,1694224.5410578847,0.9065765562708552,
903,329595,2035.2,-1806166.8452811977,-1668683.9481980584,0.8940863693632458,47425.79369926453,1014609.2658691406,474257.93391418457,124845.0,60223.91798377037,132230.7278366089,1806166.8456037045,0.18110263818188718,0.00015374760383373971,0.0002808152586160424,0.06763948348203772,0.7770112752914429,,0.0037999999999999996,-1829662.9128809632,1694224.5410578847,0.9065765562708552,
904,329960,2041.5,-1920080.3496390101,-1682894.114249121,0.8816986156948589,54922.83728027344,996332.8620605469,549228.3778305054,126230.0,66328.17027187347,181960.93828582764,1920080.3484487534,0.1818542519682332,0.0002637062869708691,0.0010614227836700401,0.06892426341379944,0.7539449334144592,,0.0037459999999999998,-1829662.9128809632,1694224.5410578847,0.9065765562708552,
905,330325,2042.3,-1872433.3472477281,-1696067.5175516359,0.8861574105573037,52418.59262371063,993456.8784179688,524185.92573547363,126530.0,58289.483783721924,169971.0586090088,1872433.346546173,0.1818542519682332,0.0002637062869708691,0.0010614227836700401,0.06892426341379944,0.7539449334144592,,0.0037459999999999998,-1829662.9128809632,1694224.5410578847,0.9065765562708552,
906,330690,2043.0,-1716998.60496842,-1698591.3233835206,0.9144010752088533,36815.66955804825,1051845.162109375,368156.69103240967,122440.0,62826.60217010975,111730.14853668213,1716998.6038485765,0.1818542519682332,0.0002637062869708691,0.0010614227836700401,0.06892426341379944,0.7539449334144592,,0.0037459999999999998,-1829662.9128809632,1694224.5410578847,0.9065765562708552,
907,331055,2048.6,-1596247.6190989343,-1695458.834016335,0.8944901349758819,29444.321502685547,1107043.1571044922,294443.21506881714,82185.0,13538.964663267136,99037.28163909912,1596247.6184756756,0.2075528210323108,0.0002516008784560223,0.000920613607664372,0.11154660435491487,0.7010874152183533,,0.003692,-1829662.9128809632,1694224.5410578847,0.9065765562708552,
908,331420,2049.3,-1656491.4590322012,-1676897.689806349,0.9136531265010718,37321.62278556824,1012026.4344482422,373216.22772216797,125195.0,46910.68513059616,99143.10884475708,1656491.4561457634,0.2075528210323108,0.0002516008784560223,0.000920613607664372,0.11154660435491487,0.7010874152183533,,0.003692,-1829662.9128809632,1694224.5410578847,0.9065765562708552,
909,331785,2054.8,-1653263.8112029857,-1676441.9938431235,0.9142934106039664,37061.50050640106,1006140.3395996094,370615.00592803955,126050.0,48381.92939853668,102076.53730392456,1653263.8122301102,0.1891897667787577,0.00022297531483529478,0.0009698700491035675,0.08226527126604005,0.758053183555603,,0.0036559999999999995,-1829662.9128809632,1694224.5410578847,0.9065765562708552,
910,332150,2055.5,-1922056.5506077071,-1690309.9418045941,0.8861890990169745,29402.36340355873,1358488.1622314453,294023.6361236572,82485.0,52234.57846879959,134825.17483520508,1922056.5516591072,0.1891897667787577,0.00022297531483529478,0.0009698700491035675,0.08226527126604005,0.758053183555603,,0.0036559999999999995,-1829662.9128809632,1694224.5410578847,0.9065765562708552,
911,332515,2056.2,-1659622.8306060366,-1689465.636092448,0.9132934924920615,36463.81478691101,1017145.2969970703,364638.15003204346,114330.0,46069.5746833086,117439.80675888062,1659622.828471303,0.1891897667787577,0.00022297531483529478,0.0009698700491035675,0.08226527126604005,0.758053183555603,,0.0036559999999999995,-1829662.9128809632,1694224.5410578847,0.9065765562708552,
912,332880,2061.9,-1632594.5567329172,-1690613.8477103834,0.9095027688014738,37771.01037979126,1002525.1608886719,377710.1041946411,103685.0,30270.07629275322,118404.21016311646,1632594.5515391827,0.1672732953570391,0.00021860382637322275,0.0008218330258387141,0.0530312502462613,0.7906361818313599,,0.0036019999999999997,-1829662.9128809632,1694224.5410578847,0.9065765562708552,
913,333245,2062.6,-1639498.6349162138,-1693214.126645356,0.9145703284425301,35935.6496219635,1014991.3765869141,359356.4974746704,115385.0,41377.03131818771,108388.7258682251,1639498.6312479973,0.1672732953570391,0.00021860382637322275,0.0008218330258387141,0.0530312502462613,0.7906361818313599,,0.0036019999999999997,-1829662.9128809632,1694224.5410578847,0.9065765562708552,
914,333610,2063.2,-1638900.9942689147,-1692325.5965226698,0.9149617675608779,35804.15723323822,1012604.4075927734,358041.5696697235,115445.0,41639.26005411148,111170.75685119629,1638900.9941678047,0.1672732953570391,0.00021860382637322275,0.0008218330258387141,0.0530312502462613,0.7906361818313599,,0.0036019999999999997,-1829662.9128809632,1694224.5410578847,0.9065765562708552,
915,333975,2068.6,-1598368.2790087508,-1689804.470102679,0.8965052849457493,28965.065902233124,1115300.3103027344,289650.65966033936,83305.0,16348.682412147522,93763.63096618652,1598368.2833414078,0.18397708276384755,0.00018707894856848534,0.0008467289429206989,0.05091452775032897,0.7892203330993652,,0.0035479999999999995,-1829662.9128809632,1694224.5410578847,0.9065765562708552,
916,334340,2069.3,-1616584.860782506,-1687770.563094413,0.9168900071227217,34956.39544415474,1020037.5643310547,349563.9540042877,116160.0,37080.34477353096,93742.99939727783,1616584.8625061512,0.18397708276384755,0.00018707894856848534,0.0008467289429206989,0.05091452775032897,0.7892203330993652,,0.0035479999999999995,-1829662.9128809632,1694224.5410578847,0.9065765562708552,
917,334705,2070.0,-1554494.749225737,-1684856.286181576,0.9153878842756439,36795.18615293503,973126.6147460938,367951.86347198486,107935.0,25918.684695482254,79562.58493423462,1554494.7478477955,0.18397708276384755,0.00018707894856848534,0.0008467289429206989,0.05091452775032897,0.7892203330993652,,0.0035479999999999995,-1829662.9128809632,1694224.5410578847,0.9065765562708552,
918,335070,2075.5,-1994432.850221988,-1702782.8123402037,0.878716102615165,57113.800117492676,1004278.2564697266,571138.0026321411,130385.0,71983.7968788147,216647.79762268066,1994432.853603363,0.18312445126081767,0.0002581458936554937,0.0011502985369971658,0.049697861908689925,0.7807759046554565,,0.0034939999999999997,-1829662.9128809632,1694224.5410578847,0.9065765562708552,
919,335435,2076.1,-1600024.7531550508,-1700286.191303226,0.8992254431197454,30041.701602458954,1090329.4240722656,300417.0154914856,87040.0,15006.011059999466,107232.29840278625,1600024.749026537,0.18312445126081767,0.0002581458936554937,0.0011502985369971658,0.049697861908689925,0.7807759046554565,,0.0034939999999999997,-1829662.9128809632,1694224.5410578847,0.9065765562708552,
920,335800,2076.7,-1578498.7676121297,-1695820.5687967516,0.9158919243768262,36322.24067401886,984493.7104492188,363222.4084472656,109455.0,24312.58069074154,97015.06888580322,1578498.7684730291,0.18312445126081767,0.0002581458936554937,0.0011502985369971658,0.049697861908689925,0.7807759046554565,,0.0034939999999999997,-1829662.9128809632,1694224.5410578847,0.9065765562708552,
921,336165,2082.4,-1613913.6288878615,-1695599.129756642,0.9047316344796267,34397.40551805496,1049230.78515625,343974.056640625,96110.0,24131.241850852966,100467.54880523682,1613913.6324529648,0.1788550597664557,0.00024481536609911067,0.0008560983762053136,0.06295642496919945,0.805400013923645,,0.0034399999999999995,-1829662.9128809632,1694224.5410578847,0.9065765562708552,
922,336530,2083.0,-1621352.6250322228,-1694601.3058764257,0.9045716325725288,32794.3401799202,1061568.9049072266,327943.40330696106,93000.0,22452.31862974167,116387.99436950684,1621352.6212134361,0.1788550597664557,0.00024481536609911067,0.0008560983762053136,0.06295642496919945,0.805400013923645,,0.0034399999999999995,-1829662.9128809632,1694224.5410578847,0.9065765562708552,
923,336895,2083.7,-1646618.1223789577,-1686623.8697313138,0.9149612284736806,35852.005920410156,1025705.5760498047,358520.05864715576,119805.0,42805.01288461685,99782.47388458252,1646618.1214661598,0.1788550597664557,0.00024481536609911067,0.0008560983762053136,0.06295642496919945,0.805400013923645,,0.0034399999999999995,-1829662.9128809632,1694224.5410578847,0.9065765562708552,
924,337260,2089.2,-1827892.3621621719,-1682014.4703574716,0.8900297120949122,49785.638770103455,1004644.9755859375,497856.3892059326,128650.0,55806.68298578262,140934.31664276123,1827892.364420414,0.17488608607336095,0.00015119568974784526,0.00034506279074488893,0.05928960614102451,0.7898231148719788,,0.0033859999999999993,-1829662.9128809632,1694224.5410578847,0.9065765562708552,
925,337625,2090.9,-1601568.5603995011,-1668471.2310150606,0.9077002511407726,36406.15914154053,999250.8529052734,364061.59383392334,101195.0,22342.84907889366,114718.26406860352,1601568.559886694,0.17488608607336095,0.00015119568974784526,0.00034506279074488893,0.05928960614102451,0.7898231148719788,,0.0033859999999999993,-1826389.9474649252,1680363.7361620069,0.9044193711608259,True
926,337990,2096.3,-1899594.6996042938,-1677601.0357468543,0.8814044325507034,54974.50090885162,995041.7137451172,549745.006729126,129480.0,57876.2342017889,167451.7445678711,1899594.6992439032,0.1944364889671928,0.00022854939796065752,0.0007640102450846156,0.08723091736043755,0.7356048822402954,,0.0033499999999999997,-1826389.9474649252,1680363.7361620069,0.9044193711608259,
927,338355,2097.0,-1606088.9238481931,-1678093.100984317,0.8941902165726798,30973.697902679443,1083528.5390625,309736.97860717773,85470.0,17176.141436576843,110177.26488113403,1606088.9239873886,0.1944364889671928,0.00022854939796065752,0.0007640102450846156,0.08723091736043755,0.7356048822402954,,0.0033499999999999997,-1826389.9474649252,1680363.7361620069,0.9044193711608259,
928,338720,2097.6,-1603580.2801707909,-1675447.5420412465,0.8987882793776295,32512.747074127197,1067722.7229003906,325127.46977615356,89520.0,19426.18185353279,101783.90186691284,1603580.2763969898,0.1944364889671928,0.00022854939796065752,0.0007640102450846156,0.08723091736043755,0.7356048822402954,,0.0033499999999999997,-1826389.9474649252,1680363.7361620069,0.9044193711608259,
929,339085,2103.6,-1609535.4736498299,-1673261.125163589,0.8974020391479498,31857.179834365845,1079733.8175048828,318571.7966995239,88235.0,16410.429147064686,106584.4277381897,1609535.4710896611,0.1508638611749599,0.00012768189440305977,0.0004542835965702053,0.04252831873140837,0.8492666482925415,,0.0032959999999999995,-1826389.9474649252,1680363.7361620069,0.9044193711608259,
930,339450,2104.4,-1638948.892952016,-1659105.742280804,0.91356230955686,36532.28480195999,1010700.9930419922,365322.84927749634,114835.0,41588.40276777744,106501.64239025116,1638948.8874775171,0.1508638611749599,0.00012768189440305977,0.0004542835965702053,0.04252831873140837,0.8492666482925415,,0.0032959999999999995,-1826389.9474649252,1680363.7361620069,0.9044193711608259,
931,339815,2105.3,-1610167.9048536555,-1656632.9959931853,0.905163576600061,33191.04113435745,1050881.5402832031,331910.41120910645,94545.0,20989.890208244324,111841.0690574646,1610167.9107580185,0.1508638611749599,0.00012768189440305977,0.0004542835965702053,0.04252831873140837,0.8492666482925415,,0.0032959999999999995,-1826389.9474649252,1680363.7361620069,0.9044193711608259,
932,340180,2111.5,-1609244.6106850868,-1655465.4986907938,0.9163667387610694,35215.290043354034,1010886.1304931641,352152.90089035034,117375.0,33224.446227669716,95606.12937164307,1609244.6069828272,0.17659975451074147,0.0003541343769603899,0.002127664130009515,0.05027972602922665,0.800803542137146,,0.0032419999999999992,-1826389.9474649252,1680363.7361620069,0.9044193711608259,
933,340545,2112.1,-1623747.8436109356,-1654677.9591255297,0.9153108780612734,35656.99976634979,1007103.7630615234,356569.9983062744,116880.0,38612.70902776718,104581.37578582764,1623747.8461813927,0.17659975451074147,0.0003541343769603899,0.002127664130009515,0.05027972602922665,0.800803542137146,,0.0032419999999999992,-1826389.9474649252,1680363.7361620069,0.9044193711608259,
934,340910,2112.8,-1632465.9196281987,-1654356.205393494,0.9126581258619954,36783.33155822754,1007866.4436035156,367833.3147544861,115000.0,37815.71516865492,103950.44846343994,1632465.9219900966,0.17659975451074147,0.0003541343769603899,0.002127664130009515,0.05027972602922665,0.800803542137146,,0.0032419999999999992,-1826389.9474649252,1680363.7361620069,0.9044193711608259,
935,341275,2118.5,-1582240.7544118047,-1653549.8291636468,0.9139753569838267,36599.35642051697,969880.9948730469,365993.5651550293,110425.0,28203.45368719101,107737.73607254028,1582240.7497878075,0.18634684834825366,0.00023775756514959014,0.0012474729301175103,0.05291599098985132,0.77234947681427,,0.003187999999999999,-1826389.9474649252,1680363.7361620069,0.9044193711608259,
936,341640,2119.2,-1627296.9911272055,-1654085.4356808816,0.8909563149341261,32449.21980190277,1080225.9774169922,324492.19649124146,85410.0,17207.81365251541,119961.00082397461,1627296.9883847237,0.18634684834825366,0.00023775756514959014,0.0012474729301175103,0.05291599098985132,0.77234947681427,,0.003187999999999999,-1826389.9474649252,1680363.7361620069,0.9044193711608259,
937,342005,2119.8,-1587068.345692677,-1655714.1155042285,0.9041885240543032,37361.87666797638,983191.2573242188,373618.7660293579,100060.0,17437.895202875137,112760.42748641968,1587068.3460428715,0.18634684834825366,0.00023775756514959014,0.0012474729301175103,0.05291599098985132,0.77234947681427,,0.003187999999999999,-1826389.9474649252,1680363.7361620069,0.9044193711608259,
938,342370,2126.2,-1607062.7681418776,-1636345.6114002229,0.8927496025475371,30602.613908290863,1098497.4881591797,306026.138961792,83480.0,15344.023032665253,103715.11167526245,1607062.7618288994,0.16741292864868515,0.00015820125836877482,0.0007894415612099692,0.04380960870338114,0.8385303020477295,,0.003133999999999999,-1826389.9474649252,1680363.7361620069,0.9044193711608259,
939,342735,2127.0,-1615321.809722476,-1637110.4642285942,0.9048292261844247,41567.16785478592,945675.1196289062,415671.6786117554,106585.0,22525.820297956467,124864.1873626709,1615321.805901289,0.16741292864868515,0.00015820125836877482,0.0007894415612099692,0.04380960870338114,0.8385303020477295,,0.003133999999999999,-1826389.9474649252,1680363.7361620069,0.9044193711608259,
940,343100,2133.2,-1599262.734857769,-1638148.662590876,0.8875861738673508,30564.420014858246,1088696.9783935547,305644.2009925842,81605.0,14122.615040302277,109193.9581489563,1599262.7525753975,0.15181716374660792,0.00016599329654510306,0.0005091616988609435,0.03643279743233794,0.867344319820404,,0.003098000000000001,-1826389.9474649252,1680363.7361620069,0.9044193711608259,
941,343465,2133.9,-1608474.2861879263,-1637876.6954558794,0.9120304156505442,37271.921162605286,975013.7220458984,372719.21019744873,111370.0,26533.795658946037,122837.55804252625,1608474.2859448195,0.15181716374660792,0.00016599329654510306,0.0005091616988609435,0.03643279743233794,0.867344319820404,,0.003098000000000001,-1826389.9474649252,1680363.7361620069,0.9044193711608259,
942,343830,2134.6,-2050840.4529781083,-1659351.0868531736,0.8742558245839834,58925.732506752014,1003183.4232177734,589257.3246765137,133040.0,73958.1408572197,251401.56435394287,2050840.4531054497,0.15181716374660792,0.00016599329654510306,0.0005091616988609435,0.03643279743233794,0.867344319820404,,0.003098000000000001,-1826389.9474649252,1680363.7361620069,0.9044193711608259,
943,344195,2139.9,-1631294.2294819776,-1658584.8922083247,0.9077149411791041,39533.90406322479,979987.4644775391,395339.0386047363,108800.0,27828.168523192406,119339.54907226562,1631294.2206777334,0.19224623865202853,0.0002410109328641403,0.0008429811704876269,0.07285459927822414,0.7456727027893066,,0.003044000000000001,-1826389.9474649252,1680363.7361620069,0.9044193711608259,
944,344560,2140.6,-1650046.9739969044,-1649692.6228000612,0.9101070782800842,38000.524691581726,1005292.0346679688,380005.2465286255,119990.0,39223.75372469425,105535.93935394287,1650046.9742752314,0.19224623865202853,0.0002410109328641403,0.0008429811704876269,0.07285459927822414,0.7456727027893066,,0.003044000000000001,-1826389.9474649252,1680363.7361620069,0.9044193711608259,
945,344925,2141.2,-1799208.0093443433,-1659574.5952473034,0.8886311952487834,50121.419209480286,976529.8669433594,501214.19187545776,127085.0,44902.91840028763,149476.02933883667,1799208.0065579414,0.19224623865202853,0.0002410109328641403,0.0008429811704876269,0.07285459927822414,0.7456727027893066,,0.003044000000000001,-1826389.9474649252,1680363.7361620069,0.9044193711608259,
946,345290,2146.6,-1608245.378165952,-1645007.1291753864,0.8909664913820766,34459.49523115158,1051680.2836914062,344594.9510002136,88060.0,18642.008430480957,105268.13555526733,1608245.3786773682,0.19243846931739858,0.0001573868470778076,0.0007511607381227231,0.08070995737063258,0.7520512342453003,,0.0029900000000000013,-1826389.9474649252,1680363.7361620069,0.9044193711608259,
947,345655,2147.4,-1612214.804439488,-1645313.4232049512,0.910919153661023,37637.28114414215,987360.5245361328,376372.8140487671,120050.0,30058.23861694336,98373.22301483154,1612214.8002166748,0.19243846931739858,0.0001573868470778076,0.0007511607381227231,0.08070995737063258,0.7520512342453003,,0.0029900000000000013,-1826389.9474649252,1680363.7361620069,0.9044193711608259,
948,346020,2148.2,-1633579.1517232056,-1646813.366782572,0.9003810909679865,41174.28824329376,957965.4600830078,411742.8829879761,103265.0,20686.099047899246,139919.71012115479,1633579.152240038,0.19243846931739858,0.0001573868470778076,0.0007511607381227231,0.08070995737063258,0.7520512342453003,,0.0029900000000000013,-1826389.9474649252,1680363.7361620069,0.9044193711608259,
949,346385,2153.7,-1597233.215074525,-1646198.2538538068,0.8982321137205785,36463.12835025787,1004800.7481689453,364631.28343963623,95135.0,15506.239833831787,117159.9421005249,1597233.2135429382,0.17640869142977814,0.00015695576248139046,0.0004518743149482792,0.060385444495630894,0.7921155691146851,,0.002936000000000001,-1826389.9474649252,1680363.7361620069,0.9044193711608259,
950,346750,2155.4,-1645689.6376625798,-1646535.2910893348,0.9088434585594672,38604.70414352417,987820.4388427734,386047.0412712097,121235.0,36823.179329395294,113763.98136138916,1645689.6408047676,0.17640869142977814,0.00015695576248139046,0.0004518743149482792,0.060385444495630894,0.7921155691146851,,0.002936000000000001,-1776342.8014857608,1631028.1332711577,0.901919458730342,True
951,347115,2156.0,-1595953.2524986453,-1645824.5584715842,0.9104887578936329,37652.54594707489,973779.9415283203,376525.4575576782,115955.0,25795.191504478455,103897.66041564941,1595953.2510061264,0.17640869142977814,0.00015695576248139046,0.0004518743149482792,0.060385444495630894,0.7921155691146851,,0.002936000000000001,-1776342.8014857608,1631028.1332711577,0.901919458730342,
952,347480,2162.3,-1620302.6376554095,-1646377.4598201006,0.9118259056643112,37339.26007652283,987645.1866455078,373392.60025787354,121420.0,35654.448035120964,102190.4008026123,1620302.6357411146,0.18871844540301122,0.00014709764137047673,0.00038548519736842106,0.06492632264761548,0.7626395225524902,,0.002882000000000001,-1776342.8014857608,1631028.1332711577,0.901919458730342,
953,347845,2163.0,-1715724.3707713452,-1650976.2861781209,0.9062702427502367,39713.2981467247,1017751.8974609375,397132.98261642456,121755.0,42902.52294301987,136181.96907806396,1715724.372098446,0.18871844540301122,0.00014709764137047673,0.00038548519736842106,0.06492632264761548,0.7626395225524902,,0.002882000000000001,-1776342.8014857608,1631028.1332711577,0.901919458730342,
954,348210,2169.5,-1610153.7201139536,-1649860.6762024085,0.8891951697694332,31696.82973575592,1080090.1551513672,316968.29721832275,84540.0,12342.329397201538,116212.93907546997,1610153.7208423615,0.17966536256043533,0.00030348613534825794,0.0012994063516472171,0.06555752735584974,0.7892829775810242,,0.002846000000000001,-1776342.8014857608,1631028.1332711577,0.901919458730342,
955,348575,2170.3,-2014724.503800962,-1671484.8636718667,0.875261569601253,59518.942064762115,970716.5799560547,595189.4241638184,134705.0,55359.459901452065,258754.04280090332,2014724.5068222284,0.17966536256043533,0.00030348613534825794,0.0012994063516472171,0.06555752735584974,0.7892829775810242,,0.002846000000000001,-1776342.8014857608,1631028.1332711577,0.901919458730342,
956,348940,2171.1,-1678327.3606537373,-1674036.382148193,0.9035885395494577,41886.248227119446,981803.2835693359,418862.48362731934,128275.0,30650.68713402748,118735.90441131592,1678327.3587419987,0.17966536256043533,0.00030348613534825794,0.0012994063516472171,0.06555752735584974,0.7892829775810242,,0.002846000000000001,-1776342.8014857608,1631028.1332711577,0.901919458730342,
957,349305,2176.8,-1636020.9651665762,-1676484.0131218883,0.9106518828926262,37819.807097911835,991189.7658691406,378198.07205963135,123130.0,31376.49745720625,112126.63221931458,1636020.9676052928,0.21014775786744921,0.00039898279709105785,0.0020792107863694823,0.0956900614852968,0.7011079788208008,,0.002792000000000001,-1776342.8014857608,1631028.1332711577,0.901919458730342,
958,349670,2177.5,-1797407.8684422378,-1686001.2681369062,0.8856988990502948,51746.28012084961,961432.3559570312,517462.8044128418,128930.0,42912.46583092213,146670.24542999268,1797407.8716307878,0.21014775786744921,0.00039898279709105785,0.0020792107863694823,0.0956900614852968,0.7011079788208008,,0.002792000000000001,-1776342.8014857608,1631028.1332711577,0.901919458730342,
959,350035,2178.1,-1616841.1998108015,-1686077.2376413222,0.8992752304260798,35191.01854419708,1031651.7866210938,351910.18601226807,94640.0,17988.73108446598,120650.49071121216,1616841.19442904,0.21014775786744921,0.00039898279709105785,0.0020792107863694823,0.0956900614852968,0.7011079788208008,,0.002792000000000001,-1776342.8014857608,1631028.1332711577,0.901919458730342,
960,350400,2183.4,-1663459.9496424352,-1689287.0983805556,0.9103895984678131,37673.82579135895,1012255.0510253906,376738.2604904175,119695.0,39331.07457613945,115440.56625366211,1663459.9523456097,0.19171521812677383,0.00023443240187541385,0.0008938438014937626,0.08650919510737846,0.752869725227356,,0.002738000000000001,-1776342.8014857608,1631028.1332711577,0.901919458730342,
961,350765,2184.1,-1683947.1529060593,-1693060.7417164624,0.9095728070009478,38314.001673698425,1008552.6368408203,383140.0174484253,122095.0,39801.602137088776,130357.90190124512,1683947.1583275795,0.19171521812677383,0.00023443240187541385,0.0008938438014937626,0.08650919510737846,0.752869725227356,,0.002738000000000001,-1776342.8014857608,1631028.1332711577,0.901919458730342,
962,351130,2184.7,-1719293.3915388947,-1676483.388644502,0.9050470376605614,40924.53686237335,1008535.0427246094,409245.36752319336,125480.0,52246.19499015808,123786.78022766113,1719293.385465622,0.19171521812677383,0.00023443240187541385,0.0008938438014937626,0.08650919510737846,0.752869725227356,,0.002738000000000001,-1776342.8014857608,1631028.1332711577,0.901919458730342,
963,351495,2189.9,-1663000.2040770776,-1678068.687374257,0.9099593360716831,38705.7802028656,1000198.4670410156,387057.8039855957,125065.0,39626.05413174629,111052.88218688965,1663000.2073452473,0.199236015348058,0.00019871849384033244,0.0005479779157260629,0.09033396653831005,0.7177451252937317,,0.0026840000000000006,-1776342.8014857608,1631028.1332711577,0.901919458730342,
964,351860,2190.5,-2050189.7869780688,-1698075.828023315,0.872082828058784,61335.00477409363,971556.0053710938,613350.0539474487,134400.0,68923.73830366135,261959.99242782593,2050189.7900500298,0.199236015348058,0.00019871849384033244,0.0005479779157260629,0.09033396653831005,0.7177451252937317,,0.0026840000000000006,-1776342.8014857608,1631028.1332711577,0.901919458730342,
965,352225,2191.1,-1628182.582195592,-1689524.5566658773,0.9081700996255935,38575.07808017731,988065.3734130859,385750.78244781494,119995.0,32466.31922876835,101905.10718536377,1628182.582275033,0.199236015348058,0.00019871849384033244,0.0005479779157260629,0.09033396653831005,0.7177451252937317,,0.0026840000000000006,-1776342.8014857608,1631028.1332711577,0.901919458730342,
966,352590,2196.4,-1682120.750294619,-1693218.325272311,0.9015980468490861,42863.792390584946,978181.4812011719,428637.9220714569,127480.0,35759.01741242409,112062.32370758057,1682120.7443926334,0.20468341127822273,0.00018964221867702835,0.0006301612179652837,0.10151803326842032,0.7047592997550964,,0.002630000000000001,-1776342.8014857608,1631028.1332711577,0.901919458730342,
967,352955,2197.0,-1587679.9568233308,-1691991.5828915029,0.8985900976808272,32944.62932682037,1042397.6291503906,329446.293800354,90865.0,11815.50938796997,113155.52508544922,1587679.9574241638,0.20468341127822273,0.00018964221867702835,0.0006301612179652837,0.10151803326842032,0.7047592997550964,,0.002630000000000001,-1776342.8014857608,1631028.1332711577,0.901919458730342,
968,353320,2202.4,-1626242.471920038,-1691624.7489013441,0.9102996678131563,37653.77754306793,992270.1673583984,376537.77618408203,119005.0,36540.04959535599,101889.47896957397,1626242.4721074104,0.18481802097276637,0.0002003201536449763,0.0010365268650562747,0.07024767068459799,0.7699560523033142,,0.002594000000000001,-1776342.8014857608,1631028.1332711577,0.901919458730342,
969,353685,2203.1,-1603842.55691308,-1691955.2159932721,0.9052507173488562,41064.43385028839,945564.6241455078,410644.33936691284,109450.0,21047.17627811432,117136.41104125977,1603842.5508317947,0.18481802097276637,0.0002003201536449763,0.0010365268650562747,0.07024767068459799,0.7699560523033142,,0.002594000000000001,-1776342.8014857608,1631028.1332711577,0.901919458730342,
970,354050,2203.7,-1606423.5316151364,-1689991.9106909,0.9053494706613009,40743.9294128418,957820.0275878906,407439.2925796509,109975.0,18814.789668917656,112374.42795562744,1606423.5377920866,0.18481802097276637,0.0002003201536449763,0.0010365268650562747,0.07024767068459799,0.7699560523033142,,0.002594000000000001,-1776342.8014857608,1631028.1332711577,0.901919458730342,
971,354415,2209.1,-1595978.15784752,-1689993.155958344,0.9122742890008967,36944.191850185394,979181.0557861328,369441.91886138916,118235.0,31376.62725830078,97743.55728912354,1595978.1591949463,0.18862951331232725,0.00016800405594614474,0.0007436651932565789,0.06405345855378791,0.7445909976959229,,0.0025400000000000006,-1776342.8014857608,1631028.1332711577,0.901919458730342,
972,354780,2209.7,-1585483.2909325934,-1688252.1886222032,0.8974846299362326,33303.758211135864,1037269.9798583984,333037.5823059082,91110.0,11217.48780298233,112848.23881530762,1585483.2887825966,0.18862951331232725,0.00016800405594614474,0.0007436651932565789,0.06405345855378791,0.7445909976959229,,0.0025400000000000006,-1776342.8014857608,1631028.1332711577,0.901919458730342,
973,355145,2210.3,-1620185.587732192,-1683475.249470245,0.9043189978248384,41692.231249809265,946838.1864013672,416922.3149909973,108295.0,19747.551464557648,128382.53393936157,1620185.5867962837,0.18862951331232725,0.00016800405594614474,0.0007436651932565789,0.06405345855378791,0.7445909976959229,,0.0025400000000000006,-1776342.8014857608,1631028.1332711577,0.901919458730342,
974,355510,2215.8,-1610242.9650338755,-1683479.7117162414,0.8983217790977179,35392.053453445435,1022530.9370117188,353920.53591156006,94640.0,14800.184386014938,124351.3099899292,1610242.967299223,0.16141712606737488,0.0001158351103999609,0.0002192447059075532,0.04460258017245092,0.8245525360107422,,0.0024860000000000004,-1776342.8014857608,1631028.1332711577,0.901919458730342,
975,355875,2217.7,-2029315.9656905723,-1684209.2848107219,0.8719357722617644,61311.51741504669,964965.5150146484,613115.172088623,133470.0,65695.8155939579,252069.4629020691,2029315.9655992985,0.16141712606737488,0.0001158351103999609,0.0002192447059075532,0.04460258017245092,0.8245525360107422,,0.0024860000000000004,-1794376.9539288925,1646836.5644522905,0.9027181986362451,True
976,356240,2218.3,-1610624.6169622135,-1680824.1476261455,0.9126158454137582,36778.679903030396,990833.2523193359,367786.79665374756,120555.0,29644.09211707115,101805.4744796753,1610624.61556983,0.16141712606737488,0.0001158351103999609,0.0002192447059075532,0.04460258017245092,0.8245525360107422,,0.0024860000000000004,-1794376.9539288925,1646836.5644522905,0.9027181986362451,
977,356605,2223.6,-1637803.4601592356,-1680913.2723757785,0.9119489642224062,37059.36019325256,1008833.1070556641,370593.6009674072,120570.0,32279.754041433334,105526.99951171875,1637803.4615762234,0.20146940060352025,0.0001294802843020941,0.0002631471866870446,0.08723584493916285,0.7123856544494629,,0.0024320000000000006,-1794376.9539288925,1646836.5644522905,0.9027181986362451,
978,356970,2224.3,-1637049.8314823667,-1672895.3705277848,0.9106907039691288,37817.485548496246,990367.5952148438,378174.85569763184,116370.0,32437.63091278076,119699.75011444092,1637049.8319396973,0.20146940060352025,0.0001294802843020941,0.0002631471866870446,0.08723584493916285,0.7123856544494629,,0.0024320000000000006,-1794376.9539288925,1646836.5644522905,0.9027181986362451,
979,357335,2224.9,-1943664.3651173527,-1689236.5287931126,0.8761351368745817,58127.05523777008,963221.0803222656,581270.5537948608,130985.0,56475.24749660492,211712.48656082153,1943664.368174553,0.20146940060352025,0.0001294802843020941,0.0002631471866870446,0.08723584493916285,0.7123856544494629,,0.0024320000000000006,-1794376.9539288925,1646836.5644522905,0.9027181986362451,
980,357700,2230.4,-1619871.714665943,-1687057.117044288,0.9129119783770062,36651.6906042099,998138.8909912109,366516.90653419495,118420.0,33211.50704908371,103584.4077758789,1619871.7123503685,0.19716886058449745,0.00018126322744424934,0.0009385493781576914,0.08804175140042055,0.7107366323471069,,0.0023780000000000003,-1794376.9539288925,1646836.5644522905,0.9027181986362451,
981,358065,2231.2,-1640701.642788181,-1684894.8415383943,0.8991206385467262,35377.282388687134,1045188.5148925781,353772.82440185547,95235.0,21114.546399891376,125390.76647949219,1640701.6521738172,0.19716886058449745,0.00018126322744424934,0.0009385493781576914,0.08804175140042055,0.7107366323471069,,0.0023780000000000003,-1794376.9539288925,1646836.5644522905,0.9027181986362451,
982,358430,2238.3,-1612850.698705871,-1679572.7068967433,0.8890423006636317,30168.510787963867,1117658.7071533203,301685.10707855225,83370.0,8647.526230335236,101489.360496521,1612850.7009587288,0.16045977371303657,0.00018213195265783915,0.0006984242223360956,0.04599131119290465,0.8138052225112915,,0.0023420000000000003,-1794376.9539288925,1646836.5644522905,0.9027181986362451,
983,358795,2239.3,-1606530.6667458774,-1676749.230030183,0.8976843080657778,33196.73551082611,1065724.6600341797,331967.35449409485,91015.0,14472.743474721909,103350.90826416016,1606530.6662671566,0.16045977371303657,0.00018213195265783915,0.0006984242223360956,0.04599131119290465,0.8138052225112915,,0.0023420000000000003,-1794376.9539288925,1646836.5644522905,0.9027181986362451,
984,359160,2240.1,-1681146.370227189,-1658297.059192639,0.9094042129497839,39050.317454338074,1006303.1783447266,390503.1746368408,125940.0,43322.217707157135,115077.79950714111,1681146.3701958656,0.16045977371303657,0.00018213195265783915,0.0006984242223360956,0.04599131119290465,0.8138052225112915,,0.0023420000000000003,-1794376.9539288925,1646836.5644522905,0.9027181986362451,
985,359525,2245.6,-1629521.1147886075,-1658363.9858222897,0.9129810030528553,36890.659527778625,995969.0402832031,368906.59743499756,122545.0,39594.36063838005,102506.12297821045,1629521.1213347912,0.17896428606227824,0.00017685551569899727,0.0006464908003277072,0.06794797099734608,0.7743818759918213,,0.002288,-1794376.9539288925,1646836.5644522905,0.9027181986362451,
986,359890,2246.3,-1620051.8418835918,-1655260.5404017386,0.9102402130044641,38195.75143957138,972418.9252929688,381957.5145301819,111325.0,26702.19505304098,127648.20493602753,1620051.8398122191,0.17896428606227824,0.00017685551569899727,0.0006464908003277072,0.06794797099734608,0.7743818759918213,,0.002288,-1794376.9539288925,1646836.5644522905,0.9027181986362451,
987,360255,2247.0,-2051773.4186442115,-1678465.2134927823,0.8730477779962593,60872.32092857361,976117.6829833984,608723.2046203613,133525.0,67471.09136259556,265936.4352836609,2051773.4142500162,0.17896428606227824,0.00017685551569899727,0.0006464908003277072,0.06794797099734608,0.7743818759918213,,0.002288,-1794376.9539288925,1646836.5644522905,0.9027181986362451,
988,360620,2252.5,-1623246.9169019645,-1678315.4357418786,0.9015863024175782,38448.65702629089,996830.9969482422,384486.5722885132,100355.0,21093.64915704727,120480.69995880127,1623246.918352604,0.1894504523983127,0.00020831626883782998,0.0005394115777514679,0.08684612300835158,0.7437740564346313,,0.0022340000000000003,-1794376.9539288925,1646836.5644522905,0.9027181986362451,
989,360985,2253.2,-1617807.8503354578,-1679013.7004129975,0.913704070551525,36368.90169048309,990292.8182373047,363689.01834869385,115625.0,36807.573004722595,111393.44061279297,1617807.850203514,0.1894504523983127,0.00020831626883782998,0.0005394115777514679,0.08684612300835158,0.7437740564346313,,0.0022340000000000003,-1794376.9539288925,1646836.5644522905,0.9027181986362451,
990,361350,2253.8,-1652290.7149806418,-1681307.059581273,0.9128993996686502,36618.66019010544,1007890.6013183594,366186.5979232788,118585.0,40118.222146987915,119510.28829956055,1652290.7096881866,0.1894504523983127,0.00020831626883782998,0.0005394115777514679,0.08684612300835158,0.7437740564346313,,0.0022340000000000003,-1794376.9539288925,1646836.5644522905,0.9027181986362451,
991,361715,2259.4,-1627493.6220141798,-1682882.832789606,0.9114642092213369,37248.86643218994,999731.7233886719,372488.6636657715,116500.0,38387.23212337494,100386.00103378296,1627493.6202116013,0.1896118678544697,0.0001705840325149965,0.0005833140592011133,0.06772550283686112,0.7283047437667847,,0.00218,-1794376.9539288925,1646836.5644522905,0.9027181986362451,
992,362080,2260.1,-1618738.588275598,-1684545.5976567562,0.8893259557687271,31737.552968025208,1089957.4620361328,317375.52934265137,84180.0,12103.562528133392,115122.03254318237,1618738.5864501,0.1896118678544697,0.0001705840325149965,0.0005833140592011133,0.06772550283686112,0.7283047437667847,,0.00218,-1794376.9539288925,1646836.5644522905,0.9027181986362451,
993,362445,2260.8,-1969087.72273238,-1701990.7044067655,0.8744248147187565,59336.28424835205,967660.7458496094,593362.8432388306,129165.0,61998.044338822365,216901.08405303955,1969087.7174803019,0.1896118678544697,0.0001705840325149965,0.0005833140592011133,0.06772550283686112,0.7283047437667847,,0.00218,-1794376.9539288925,1646836.5644522905,0.9027181986362451,
994,362810,2266.1,-1625914.8778032993,-1702774.3000452365,0.9006241349255899,37431.90709757805,1009178.0341796875,374319.0697898865,96435.0,22804.16013431549,123178.6124458313,1625914.8765497208,0.16940166565932727,0.0002436649511333886,0.0009203459083341601,0.07199239833770614,0.7817694544792175,,0.0021260000000000003,-1794376.9539288925,1646836.5644522905,0.9027181986362451,
995,363175,2266.7,-1600031.3143179002,-1681310.067476603,0.8940289442350884,33491.6223192215,1051115.3345947266,334916.22245788574,87375.0,14932.589218139648,111692.16332626343,1600031.3095970154,0.16940166565932727,0.0002436649511333886,0.0009203459083341601,0.07199239833770614,0.7817694544792175,,0.0021260000000000003,-1794376.9539288925,1646836.5644522905,0.9027181986362451,
996,363540,2272.0,-1683743.1579985942,-1684965.9945284221,0.9075983571185073,39802.74688434601,1007271.2708740234,398027.47035980225,123020.0,45915.01799225807,109509.3988494873,1683743.158075571,0.16382648384100512,0.00016437103244913343,0.0008427134724977231,0.06652572432434872,0.7874596118927002,,0.0020900000000000003,-1794376.9539288925,1646836.5644522905,0.9027181986362451,
997,363905,2272.7,-1669367.7638246617,-1686544.2097116937,0.9073759638883421,39190.52641534805,994251.2456054688,391905.26403808594,119540.0,40614.14130949974,123057.11463928223,1669367.7655923367,0.16382648384100512,0.00016437103244913343,0.0008427134724977231,0.06652572432434872,0.7874596118927002,,0.0020900000000000003,-1794376.9539288925,1646836.5644522905,0.9027181986362451,
998,364270,2273.6,-1594644.5100144702,-1684423.9436382987,0.9118252508035936,37283.72277545929,981712.6883544922,372837.2291870117,113685.0,28099.37989783287,98310.21551513672,1594644.5129544735,0.16382648384100512,0.00016437103244913343,0.0008427134724977231,0.06652572432434872,0.7874596118927002,,0.0020900000000000003,-1794376.9539288925,1646836.5644522905,0.9027181986362451,
999,364635,2279.7,-1632089.5326719726,-1668845.2020160297,0.9113171882678001,37723.5397233963,979458.6411132812,377235.3967437744,109085.0,27047.521105527878,139262.97435760498,1632089.5333201885,0.1820375317413556,0.00023774002382101332,0.0008863482565318822,0.06901708725643785,0.7503670454025269,,0.002036,-1794376.9539288925,1646836.5644522905,0.9027181986362451,
1000,365000,2282.0,-1574923.652336371,-1666597.798899551,0.9091744318947169,38532.83809423447,956498.6381835938,385328.3821029663,110820.0,25727.73515689373,96548.89968109131,1574923.655124545,0.1820375317413556,0.00023774002382101332,0.0008863482565318822,0.06901708725643785,0.7503670454025269,,0.002036,-1802792.4470654707,1652731.3245532513,0.9014357769737534,True
