episode,global_step,elapsed_s,reward_raw,reward_smooth,fill_rate,stockout,cost_holding,cost_stockout,cost_ordering,cost_overflow,cost_service_penalty,cost_total,entropy,approx_kl,clip_frac,value_loss,explained_variance,lr_scale,ent_coef,eval_reward,eval_cost,eval_fill,eval_feasible
1,365,0.5,-17635299.8687318,-17635299.8687318,0.140509508142583,256220.99154663086,1850258.8557128906,2562209.9127807617,456770.0,7467563.56262207,5298497.54504776,17635299.876163483,,,,,,,0.02,nan,nan,nan,
2,730,0.9,-17690916.189717826,-17663108.029224813,0.13767190179247513,260681.78408813477,1850999.5317382812,2606817.857788086,456855.0,7342405.014892578,5433838.883483887,17690916.287902832,,,,,,,0.02,nan,nan,nan,
3,1095,4.7,-19628186.84107363,-18318134.299841087,0.20819111417299963,332680.08699798584,1804232.9177246094,3326800.8747558594,452995.0,6946560.41796875,7097597.659229279,19628186.869678497,1.7780884645487134,0.013556356577952866,0.0872334262454196,3.1901799189416984,-0.0022253990173339844,,0.019880000000000002,nan,nan,nan,
4,1460,5.1,-17139424.1637067,-18023456.76580749,0.15556151503593307,280505.57593536377,1839739.2326660156,2805055.764892578,437840.0,6308320.165527344,5748468.976486206,17139424.139572144,1.7780884645487134,0.013556356577952866,0.0872334262454196,3.1901799189416984,-0.0022253990173339844,,0.019880000000000002,nan,nan,nan,
5,1825,5.5,-18984974.615848403,-18215760.335815676,0.17089817297195253,345560.5213851929,1820621.4887695312,3455605.2182006836,439240.0,6283200.483276367,6986307.411781311,18984974.602027893,1.7780884645487134,0.013556356577952866,0.0872334262454196,3.1901799189416984,-0.0022253990173339844,,0.019880000000000002,nan,nan,nan,
6,2190,9.2,-16767967.038273506,-17974461.45289198,0.16329623115808423,276928.8665962219,1838318.875,2769288.665649414,430350.0,6059465.288360596,5670544.255065918,16767967.084075928,1.7377964995409314,0.011310775177997513,0.07525019063369225,2.534124826130114,-0.03858959674835205,,0.019700000000000002,nan,nan,nan,
7,2555,9.7,-18390902.648690756,-18033953.052291807,0.17151123444362681,349526.9828567505,1818895.1645507812,3495269.8338623047,416895.0,5267356.182701111,7392486.470062256,18390902.651176453,1.7377964995409314,0.011310775177997513,0.07525019063369225,2.534124826130114,-0.03858959674835205,,0.019700000000000002,nan,nan,nan,
8,2920,10.1,-15471043.718282746,-17713589.38554067,0.12507040466677644,256118.14044189453,1854005.9487304688,2561181.407470703,417815.0,5348803.580200195,5289237.8123550415,15471043.748756409,1.7377964995409314,0.011310775177997513,0.07525019063369225,2.534124826130114,-0.03858959674835205,,0.019700000000000002,nan,nan,nan,
9,3285,13.9,-16640481.506742368,-17594355.176785305,0.25225021723584284,323555.06975096464,1778517.8549804688,3235550.682067871,402755.0,4650671.929016113,6572986.031036377,16640481.49710083,1.6774942420030896,0.010583982379581644,0.056637680321919584,2.26140159368515,0.026222586631774902,,0.019520000000000003,nan,nan,nan,
10,3650,14.3,-16628950.527019259,-17497814.7118087,0.22779948767544445,327511.8588911891,1791089.716796875,3275118.59030056,392755.0,4280689.451599121,6889297.786361694,16628950.54505825,1.6774942420030896,0.010583982379581644,0.056637680321919584,2.26140159368515,0.026222586631774902,,0.019520000000000003,nan,nan,nan,
11,4015,14.8,-14303142.055018296,-17207389.924827754,0.11134727361427876,243344.21932983398,1860177.2524414062,2433442.207183838,390000.0,4578846.82220459,5040675.79776001,14303142.079589844,1.6774942420030896,0.010583982379581644,0.056637680321919584,2.26140159368515,0.026222586631774902,,0.019520000000000003,nan,nan,nan,
12,4380,18.6,-15185795.205657218,-17038923.69823021,0.14710864064896412,293099.5272064209,1837620.0971679688,2930995.2681884766,369095.0,4041156.9333496094,6006927.900924683,15185795.199630737,1.6058873816540367,0.007863577800650856,0.039827581053893814,1.8060664362029026,0.0028456449508666992,,0.019340000000000003,nan,nan,nan,
13,4745,19.1,-14473950.342538053,-16841618.05548466,0.13255192580095387,269346.9642791748,1846394.1264648438,2693469.6520996094,362455.0,3994723.0378723145,5576908.534729004,14473950.351165771,1.6058873816540367,0.007863577800650856,0.039827581053893814,1.8060664362029026,0.0028456449508666992,,0.019340000000000003,nan,nan,nan,
14,5110,19.5,-14349469.236784229,-16663607.425577486,0.14586433228809603,271792.80255126953,1842756.0783691406,2717928.0162963867,360465.0,3866971.0068359375,5561349.134773254,14349469.23627472,1.6058873816540367,0.007863577800650856,0.039827581053893814,1.8060664362029026,0.0028456449508666992,,0.019340000000000003,nan,nan,nan,
15,5475,23.5,-16656752.657001467,-16663150.44100575,0.14811370145333347,371537.4308166504,1821509.3315429688,3715374.295654297,326115.0,3238142.185863495,7555611.86913681,16656752.68219757,1.5166044768534208,0.00964962371783354,0.07799436328442473,1.3986812877027612,0.02578204870223999,,0.019160000000000003,nan,nan,nan,
16,5840,24.0,-16431813.7220822,-16648691.896073028,0.16712334996042888,351100.81757748127,1812535.7468261719,3511008.1880426407,325925.0,3193354.344604492,7588990.432342529,16431813.711815834,1.5166044768534208,0.00964962371783354,0.07799436328442473,1.3986812877027612,0.02578204870223999,,0.019160000000000003,nan,nan,nan,
17,6205,27.7,-16372370.21232226,-16632437.679381805,0.16444938323970115,351648.16146850586,1815471.7966308594,3516481.6049194336,318465.0,3117570.8923339844,7604380.890472412,16372370.18435669,1.4088926927039498,0.010485247438737133,0.029393781610691037,1.953072875738144,0.03264904022216797,,0.01904,nan,nan,nan,
18,6570,28.3,-14937234.223519413,-16538259.709611671,0.21809344738641,331479.9001019001,1784761.0478515625,3314799.018749237,284580.0,2548093.826477051,7005000.331771851,14937234.2248497,1.4088926927039498,0.010485247438737133,0.029393781610691037,1.953072875738144,0.03264904022216797,,0.01904,nan,nan,nan,
19,6935,28.7,-15930054.802579764,-16506248.925031044,0.15181280487949067,367096.26623535156,1815545.1298828125,3670962.667236328,281930.0,2660404.114440918,7501212.9171180725,15930054.828678131,1.4088926927039498,0.010485247438737133,0.029393781610691037,1.953072875738144,0.03264904022216797,,0.01904,nan,nan,nan,
20,7300,32.6,-12031807.34191687,-16282526.845875334,0.10663884142567726,238057.52136993408,1857405.0180664062,2380575.198425293,262700.0,2591092.102661133,4940035.051383972,12031807.370536804,1.283527882475602,0.012470447711549289,0.023366292313623586,1.2922647783630772,0.07253885269165039,,0.018860000000000002,nan,nan,nan,
21,7665,33.1,-14228948.896012971,-16112209.297239397,0.22393935630060213,334429.36531066895,1770243.7314453125,3344293.6625976562,237015.0,1955000.8619995117,6922395.6134643555,14228948.869506836,1.283527882475602,0.012470447711549289,0.023366292313623586,1.2922647783630772,0.07253885269165039,,0.018860000000000002,nan,nan,nan,
22,8030,33.6,-15037687.372748047,-15979547.856390905,0.1788599412148114,345488.9317534566,1793650.3647460938,3454889.315062523,234180.0,2118751.568206787,7436216.12512207,15037687.373137474,1.283527882475602,0.012470447711549289,0.023366292313623586,1.2922647783630772,0.07253885269165039,,0.018860000000000002,nan,nan,nan,
23,8395,37.9,-13850382.856042527,-15690657.65713935,0.25136354024994667,322480.3954925537,1759590.0888671875,3224803.959350586,226145.0,2014446.0074005127,6625397.788909912,13850382.844528198,1.1895223714803393,0.0044381865550588515,0.011980290990322828,1.169636037788893,0.08213061094284058,,0.018680000000000002,nan,nan,nan,
24,8760,38.5,-14717166.583130138,-15569544.778110523,0.16970182958805868,354313.1382598877,1804277.00390625,3543131.406616211,211120.0,2049273.518157959,7109364.683349609,14717166.61203003,1.1895223714803393,0.0044381865550588515,0.011980290990322828,1.169636037788893,0.08213061094284058,,0.018680000000000002,nan,nan,nan,
25,9125,40.3,-14882907.385110928,-15364441.41657365,0.17150701832762216,361009.18881988525,1796655.5793457031,3610091.8814697266,211890.0,2011435.555847168,7252834.3695373535,14882907.386199951,1.1895223714803393,0.0044381865550588515,0.011980290990322828,1.169636037788893,0.08213061094284058,,0.018680000000000002,-13604057.241959482,3354713.0,0.009236655148316453,False
26,9490,45.1,-14273834.136885729,-15239734.771504262,0.21558827256641988,331436.7027807832,1776994.9733886719,3314366.9920110703,206280.0,2101716.2673339844,6874475.885169983,14273834.11790371,1.1423892033727545,0.0040823403687682,0.023457041990600135,0.9703914711349889,0.07788074016571045,,0.018500000000000003,-13604057.241959482,3354713.0,0.009236655148316453,
27,9855,45.7,-13528605.243271135,-14996619.90123328,0.2628359020372918,311900.7643249035,1750385.1494140625,3119007.6363983154,206250.0,1994245.1257419586,6458717.34564209,13528605.257196426,1.1423892033727545,0.0040823403687682,0.023457041990600135,0.9703914711349889,0.07788074016571045,,0.018500000000000003,-13604057.241959482,3354713.0,0.009236655148316453,
28,10220,46.3,-12423413.08675392,-14844238.369656837,0.19353200849173802,278523.39848327637,1807451.9873046875,2785233.970703125,196740.0,2037860.71585083,5596126.402076721,12423413.075935364,1.1423892033727545,0.0040823403687682,0.023457041990600135,0.9703914711349889,0.07788074016571045,,0.018500000000000003,-13604057.241959482,3354713.0,0.009236655148316453,
29,10585,50.5,-11436204.107276602,-14584024.499683553,0.23367227973616267,243059.99467468262,1798005.2121582031,2430599.9477539062,194125.0,2142198.889038086,4871275.074966431,11436204.123916626,1.1429632400211536,0.0027973818162679797,0.01650947437768704,0.8957533867735612,0.12816256284713745,,0.018320000000000003,-13604057.241959482,3354713.0,0.009236655148316453,
30,10950,50.9,-13136287.357105533,-14409391.341187868,0.3005715313427949,295028.7200781703,1735362.2657470703,2950287.206503868,207830.0,2195732.346496582,6047075.534515381,13136287.353262901,1.1429632400211536,0.0027973818162679797,0.01650947437768704,0.8957533867735612,0.12816256284713745,,0.018320000000000003,-13604057.241959482,3354713.0,0.009236655148316453,
31,11315,55.2,-13255671.447425187,-14357017.810808208,0.2911169557466132,298534.0430755615,1734931.1342773438,2985340.4530029297,204130.0,2218730.5207977295,6112539.339370728,13255671.44744873,1.088261919586282,0.0033026364403907025,0.015625,0.6280591244760313,0.21920210123062134,,0.0182,-13604057.241959482,3354713.0,0.009236655148316453,
32,11680,55.7,-10908710.211074445,-14143163.561079074,0.23187131369502378,227781.64876556396,1801895.1806640625,2277816.481567383,177110.0,2074203.9237670898,4577684.601226807,10908710.187225342,1.088261919586282,0.0033026364403907025,0.015625,0.6280591244760313,0.21920210123062134,,0.0182,-13604057.241959482,3354713.0,0.009236655148316453,
33,12045,56.2,-12325058.813237753,-14035718.984614054,0.34355705849090346,277368.8054046631,1708360.4541015625,2773688.055541992,192365.0,2278676.4600982666,5371968.850803375,12325058.820545197,1.088261919586282,0.0033026364403907025,0.015625,0.6280591244760313,0.21920210123062134,,0.0182,-13604057.241959482,3354713.0,0.009236655148316453,
34,12410,60.2,-10075485.433440143,-13822019.794446852,0.48847277940503286,220619.13260650635,1621946.6640625,2206191.3244628906,199860.0,2149676.723587036,3897810.708747864,10075485.42086029,1.0652758573230945,0.0028557997974482867,0.017927203290654642,0.4469971256820779,0.29203152656555176,,0.01802,-13604057.241959482,3354713.0,0.009236655148316453,
35,12775,60.7,-10278043.955143275,-13503084.359353941,0.2503259336575796,201235.0096282959,1805412.5756835938,2012350.087097168,174450.0,2208728.357055664,4077102.9611206055,10278043.980957031,1.0652758573230945,0.0028557997974482867,0.017927203290654642,0.4469971256820779,0.29203152656555176,,0.01802,-13604057.241959482,3354713.0,0.009236655148316453,
36,13140,61.2,-9787816.267329799,-13170884.486616325,0.5161812943588961,226395.70602416992,1588233.1540527344,2263957.0630493164,203425.0,2338510.5970458984,3393690.4721984863,9787816.286346436,1.0652758573230945,0.0028557997974482867,0.017927203290654642,0.4469971256820779,0.29203152656555176,,0.01802,-13604057.241959482,3354713.0,0.009236655148316453,
37,13505,65.2,-8937503.019479232,-12799141.126974171,0.5808041900404985,201039.18412780762,1536842.98828125,2010391.8426513672,206520.0,2346556.5177001953,2837191.6687316895,8937503.017364502,1.0866998465437638,0.002819338634971676,0.019381339049064798,0.26096028109130104,0.3807157874107361,,0.01784,-13604057.241959482,3354713.0,0.009236655148316453,
38,13870,65.6,-10413990.327854857,-12572978.932190944,0.4917331924794872,216413.39917373657,1639604.6306152344,2164133.987854004,193225.0,2666892.3525238037,3750134.346557617,10413990.31755066,1.0866998465437638,0.002819338634971676,0.019381339049064798,0.26096028109130104,0.3807157874107361,,0.01784,-13604057.241959482,3354713.0,0.009236655148316453,
39,14235,66.1,-10452597.436957512,-12299106.06390983,0.4936253302799456,214060.2705054283,1639601.1895751953,2140602.6984853745,204250.0,2615753.7322587967,3852389.823364258,10452597.443683624,1.0866998465437638,0.002819338634971676,0.019381339049064798,0.26096028109130104,0.3807157874107361,,0.01784,-13604057.241959482,3354713.0,0.009236655148316453,
40,14600,70.3,-9853684.792743772,-12190199.936451176,0.4422520984672246,194140.33181762695,1705658.3752441406,1941403.3112182617,180480.0,2498412.579498291,3527730.5241088867,9853684.79006958,1.0977684635865061,0.004038501910240723,0.03364589760128997,0.26686298415849086,0.41216301918029785,,0.017660000000000002,-13604057.241959482,3354713.0,0.009236655148316453,
41,14965,70.8,-9776270.81702074,-11967566.032501565,0.5406598262214966,194312.83635282516,1609483.3391113281,1943128.3693723679,199645.0,2782883.3024902344,3241130.798461914,9776270.809435844,1.0977684635865061,0.004038501910240723,0.03364589760128997,0.26686298415849086,0.41216301918029785,,0.017660000000000002,-13604057.241959482,3354713.0,0.009236655148316453,
42,15330,71.3,-9876110.36068116,-11709487.181898218,0.5369100956683868,195061.34023284912,1619982.7944335938,1950613.3977355957,200275.0,2854081.85471344,3251157.29888916,9876110.34577179,1.0977684635865061,0.004038501910240723,0.03364589760128997,0.26686298415849086,0.41216301918029785,,0.017660000000000002,-13604057.241959482,3354713.0,0.009236655148316453,
43,15695,75.4,-9603263.290370768,-11497131.20361463,0.4888204729377086,178594.88080596924,1684412.7082519531,1785948.7940673828,182555.0,2769555.342010498,3180791.441055298,9603263.285385132,1.0360139075078463,0.0035763158668583187,0.03444524398563724,0.19238237801351046,0.5096193552017212,,0.017480000000000002,-13604057.241959482,3354713.0,0.009236655148316453,
44,16060,75.9,-6943802.462819675,-11108462.997599106,0.7135694489266602,134759.55923843384,1457990.3956298828,1347595.5916137695,207020.0,2538745.0093536377,1392451.4492797852,6943802.445877075,1.0360139075078463,0.0035763158668583187,0.03444524398563724,0.19238237801351046,0.5096193552017212,,0.017480000000000002,-13604057.241959482,3354713.0,0.009236655148316453,
45,16425,80.1,-8724928.764372982,-10800564.06656221,0.619608190513921,162955.66687393188,1569345.0083007812,1629556.6679077148,188440.0,2868531.4444885254,2469055.645553589,8724928.76625061,0.9879477298573444,0.002913738337730664,0.025039940557785724,0.1176213225055682,0.5936048030853271,,0.01736,-13604057.241959482,3354713.0,0.009236655148316453,
46,16790,80.6,-7895469.2453647,-10481645.821986157,0.6758270001105428,136488.50318145752,1541249.4968261719,1364885.0403289795,191460.0,2892797.727294922,1905076.9844055176,7895469.248855591,0.9879477298573444,0.002913738337730664,0.025039940557785724,0.1176213225055682,0.5936048030853271,,0.01736,-13604057.241959482,3354713.0,0.009236655148316453,
47,17155,81.1,-7957907.793507441,-10203110.949497974,0.6736459674320989,138435.46436691284,1529430.4250488281,1384354.6404418945,186155.0,2980723.096221924,1877244.616317749,7957907.7780303955,0.9879477298573444,0.002913738337730664,0.025039940557785724,0.1176213225055682,0.5936048030853271,,0.01736,-13604057.241959482,3354713.0,0.009236655148316453,
48,17520,85.2,-8517600.203701433,-10007820.305345349,0.5468070243864962,152423.7530670166,1665335.306640625,1524237.5390319824,173245.0,2616885.815032959,2537896.555053711,8517600.215759277,0.9550315996533946,0.0029543424048633347,0.022899962299944537,0.11575584995903467,0.6449757814407349,,0.01718,-13604057.241959482,3354713.0,0.009236655148316453,
49,17885,85.7,-6409886.79561891,-9756504.439762466,0.7582698737871062,113498.33751010895,1437587.970703125,1134983.3768920898,200730.0,2636390.2139167786,1000195.2378234863,6409886.79933548,0.9550315996533946,0.0029543424048633347,0.022899962299944537,0.11575584995903467,0.6449757814407349,,0.01718,-13604057.241959482,3354713.0,0.009236655148316453,
50,18250,87.0,-8231121.016900285,-9511246.122752203,0.48409132571819036,141712.37419509888,1723173.0622558594,1417123.7477416992,172490.0,2279773.7206726074,2638560.5009002686,8231121.031570435,0.9550315996533946,0.0029543424048633347,0.022899962299944537,0.11575584995903467,0.6449757814407349,,0.01718,-2820514.111474822,2245875.1942117214,0.8500875553842675,True
51,18615,91.2,-8294386.838514852,-9263181.89230669,0.5169688586885567,138885.9440612793,1704738.24609375,1388859.4378051758,168930.0,2465147.9251098633,2566711.2161102295,8294386.825119019,0.932383982758773,0.0023558857768110008,0.01876723977099908,0.15847527471027875,0.7102527618408203,,0.017,-2820514.111474822,2245875.1942117214,0.8500875553842675,
52,18980,91.7,-6169998.439197484,-9026246.30371284,0.7865514568629035,99631.37648010254,1432358.08203125,996313.7635650635,197470.0,2710482.1162109375,833374.4766540527,6169998.438461304,0.932383982758773,0.0023558857768110008,0.01876723977099908,0.15847527471027875,0.7102527618408203,,0.017,-2820514.111474822,2245875.1942117214,0.8500875553842675,
53,19345,92.2,-7755241.484082257,-8797755.437255064,0.598770679348499,125811.87315940857,1655629.3828125,1258118.7333984375,166535.0,2513446.0659179688,2161512.3070106506,7755241.489139557,0.932383982758773,0.0023558857768110008,0.01876723977099908,0.15847527471027875,0.7102527618408203,,0.017,-2820514.111474822,2245875.1942117214,0.8500875553842675,
54,19710,96.3,-6874290.53767341,-8637695.692466728,0.7513337003726637,106437.13356208801,1483668.2790527344,1064371.3399353027,167320.0,2942488.204711914,1216442.7273406982,6874290.551040649,0.8622207665129712,0.0025527753679948787,0.02226873031376224,0.09209839352651646,0.7358599901199341,,0.01682,-2820514.111474822,2245875.1942117214,0.8500875553842675,
55,20075,96.7,-6552401.6020490965,-8451413.574812017,0.7860016067438396,90415.81913948059,1475884.7529296875,904158.1944885254,183090.0,2989853.220108032,999415.456703186,6552401.624229431,0.8622207665129712,0.0025527753679948787,0.02226873031376224,0.09209839352651646,0.7358599901199341,,0.01682,-2820514.111474822,2245875.1942117214,0.8500875553842675,
56,20440,97.2,-6308589.806321401,-8277452.2517615985,0.7938551999064645,88340.88034248352,1460653.2436523438,883408.8070373535,184985.0,2893566.3919677734,885976.3480529785,6308589.790710449,0.8622207665129712,0.0025527753679948787,0.02226873031376224,0.09209839352651646,0.7358599901199341,,0.01682,-2820514.111474822,2245875.1942117214,0.8500875553842675,
57,20805,101.3,-7170218.578028552,-8189088.029689064,0.6048806528113331,111529.15277290344,1672776.9169921875,1115291.5322875977,166245.0,2345099.7716064453,1870805.3697509766,7170218.590637207,0.9146816910881745,0.00219650005352665,0.018315365470602717,0.06554991031359685,0.6797714829444885,,0.016640000000000002,-2820514.111474822,2245875.1942117214,0.8500875553842675,
58,21170,101.8,-7101795.287688087,-8023478.277680727,0.5736639118636,112280.29850769043,1700277.9685058594,1122802.9857177734,165525.0,2221228.3939208984,1891960.9477767944,7101795.295921326,0.9146816910881745,0.00219650005352665,0.018315365470602717,0.06554991031359685,0.6797714829444885,,0.016640000000000002,-2820514.111474822,2245875.1942117214,0.8500875553842675,
59,21535,106.0,-6384657.049470391,-7820081.258306371,0.7960639647763859,87537.50375938416,1464531.1958007812,875375.0365905762,186210.0,2957005.709716797,901535.11328125,6384657.055389404,0.8206752546523747,0.002072930798165448,0.015137789562638653,0.11608704003064256,0.7993850111961365,,0.01652,-2820514.111474822,2245875.1942117214,0.8500875553842675,
60,21900,106.5,-6506518.87501825,-7652722.962420094,0.7396033299840281,92018.97525024414,1565192.2341308594,920189.7512969971,156370.0,2743056.040649414,1121710.8567504883,6506518.882827759,0.8206752546523747,0.002072930798165448,0.015137789562638653,0.11608704003064256,0.7993850111961365,,0.01652,-2820514.111474822,2245875.1942117214,0.8500875553842675,
61,22265,107.1,-6442152.144851896,-7486017.028811651,0.7421582508223714,89494.55056381226,1570758.5883789062,894945.5002441406,156835.0,2710439.156311035,1109173.9035186768,6442152.148452759,0.8206752546523747,0.002072930798165448,0.015137789562638653,0.11608704003064256,0.7993850111961365,,0.01652,-2820514.111474822,2245875.1942117214,0.8500875553842675,
62,22630,111.8,-6070665.733212519,-7295744.797438221,0.8191022645382787,77463.12379074097,1450876.2819824219,774631.242263794,181730.0,2971972.56439209,691455.6444091797,6070665.733047485,0.7816049362483778,0.0021699693097137866,0.01681143777003806,0.061623515169087206,0.7762808799743652,,0.01634,-2820514.111474822,2245875.1942117214,0.8500875553842675,
63,22995,112.3,-6021460.74081837,-7116654.6699606,0.8240789004381361,77692.21112060547,1432108.4516601562,776922.1135253906,181410.0,3016733.864135742,614286.3076477051,6021460.736968994,0.7816049362483778,0.0021699693097137866,0.01681143777003806,0.061623515169087206,0.7762808799743652,,0.01634,-2820514.111474822,2245875.1942117214,0.8500875553842675,
64,23360,112.8,-6313364.92174299,-7085132.792906764,0.6918374366648756,90988.38661289215,1635490.2634277344,909883.8697891235,154115.0,2355220.3889160156,1258655.403427124,6313364.925559998,0.7816049362483778,0.0021699693097137866,0.01681143777003806,0.061623515169087206,0.7762808799743652,,0.01634,-2820514.111474822,2245875.1942117214,0.8500875553842675,
65,23725,117.0,-6024998.916879728,-6950136.300532103,0.8095518413648872,89048.03598117828,1403826.1437988281,890480.3575439453,181985.0,2945893.9529418945,602813.4466247559,6024998.900909424,0.7956427821987554,0.0014883582849315165,0.009794268683579407,0.07648396746892679,0.7734560966491699,,0.01616,-2820514.111474822,2245875.1942117214,0.8500875553842675,
66,24090,117.5,-5993242.965553877,-6855024.986541562,0.8303042648001062,71840.51980113983,1447266.5737304688,718405.1969451904,174850.0,3030506.8313598633,622214.3539886475,5993242.95602417,0.7956427821987554,0.0014883582849315165,0.009794268683579407,0.07648396746892679,0.7734560966491699,,0.01616,-2820514.111474822,2245875.1942117214,0.8500875553842675,
67,24455,118.0,-5888002.3443347765,-6751529.714082928,0.8403673671757763,67214.59711170197,1447080.5888671875,672145.9701156616,172305.0,3044883.2217712402,551587.5504302979,5888002.331184387,0.7956427821987554,0.0014883582849315165,0.009794268683579407,0.07648396746892679,0.7734560966491699,,0.01616,-2820514.111474822,2245875.1942117214,0.8500875553842675,
68,24820,122.3,-5847104.691890615,-6618004.9384923875,0.8336524167820214,79789.4500284195,1385918.765625,797894.5037231445,184915.0,2945710.730987549,532665.699432373,5847104.699768066,0.8178634306317881,0.0014405865999594283,0.010367945630078841,0.06164304157228846,0.7263426780700684,,0.01598,-2820514.111474822,2245875.1942117214,0.8500875553842675,
69,25185,122.8,-5773684.579691473,-6586194.827696016,0.7032072060933809,77930.6646528244,1655727.8156738281,779306.646194458,158250.0,2148636.3982391357,1031763.7088775635,5773684.568984985,0.8178634306317881,0.0014405865999594283,0.010367945630078841,0.06164304157228846,0.7263426780700684,,0.01598,-2820514.111474822,2245875.1942117214,0.8500875553842675,
70,25550,123.4,-5752863.002076479,-6462281.926954825,0.831654387489963,71465.40604031086,1435385.6335449219,714654.0584535599,160725.0,2878716.0869140625,563382.2249755859,5752863.00388813,0.8178634306317881,0.0014405865999594283,0.010367945630078841,0.06164304157228846,0.7263426780700684,,0.01598,-2820514.111474822,2245875.1942117214,0.8500875553842675,
71,25915,127.6,-5687450.561240307,-6331935.113091098,0.8324561785285662,80280.12995243073,1376358.1398925781,802801.3005371094,184785.0,2778867.5438690186,544638.5914001465,5687450.575698853,0.7633143804575268,0.001452115308367004,0.007649204186715284,0.0718956956345784,0.8129174709320068,,0.0158,-2820514.111474822,2245875.1942117214,0.8500875553842675,
72,26280,128.2,-5626165.610369284,-6304743.471649687,0.8556293254451545,61709.22364902496,1429928.9150390625,617092.2410507202,175655.0,2967227.099609375,436262.3539733887,5626165.609672546,0.7633143804575268,0.001452115308367004,0.007649204186715284,0.0718956956345784,0.8129174709320068,,0.0158,-2820514.111474822,2245875.1942117214,0.8500875553842675,
73,26645,132.3,-5775214.429631682,-6205742.118927158,0.8433447406803238,67986.18937110901,1427682.0686035156,679861.8907089233,153310.0,2970526.220550537,543834.2671508789,5775214.447013855,0.7545419421635176,0.0016390248966241703,0.010621991069791349,0.06634902223748596,0.7527866959571838,,0.01568,-2820514.111474822,2245875.1942117214,0.8500875553842675,
74,27010,132.8,-5530688.0154890455,-6138561.99281794,0.8517352040451921,63362.59146404266,1420912.0739746094,633625.916053772,152320.0,2848338.5288085938,475491.49993896484,5530688.01877594,0.7545419421635176,0.0016390248966241703,0.010621991069791349,0.06634902223748596,0.7527866959571838,,0.01568,-2820514.111474822,2245875.1942117214,0.8500875553842675,
75,27375,134.2,-5543196.013724325,-6088101.713401703,0.828618532357396,80354.25768184662,1388731.0906982422,803542.5735931396,181165.0,2658278.488510132,511478.8679199219,5543196.020721436,0.7545419421635176,0.0016390248966241703,0.010621991069791349,0.06634902223748596,0.7527866959571838,,0.01568,-3349743.6312570544,3052781.2882785797,0.8938397591013668,True
76,27740,138.5,-5324895.919470549,-6038917.019059161,0.8650915009586739,56939.88583087921,1425307.9328613281,569398.8618049622,166975.0,2791773.2575683594,371440.86947631836,5324895.921710968,0.73327006634913,0.0014746646746444686,0.007694445150168337,0.05985572439079222,0.7588475346565247,,0.015500000000000002,-3349743.6312570544,3052781.2882785797,0.8938397591013668,
77,28105,139.0,-5282214.474759929,-5944516.813895729,0.8648056602444193,57160.166848659515,1421205.6862792969,571601.6695594788,168145.0,2752938.101501465,368324.01150512695,5282214.468845367,0.73327006634913,0.0014746646746444686,0.007694445150168337,0.05985572439079222,0.7588475346565247,,0.015500000000000002,-3349743.6312570544,3052781.2882785797,0.8938397591013668,
78,28470,139.5,-5461947.161967525,-5862524.407609702,0.8449452398494421,62408.14546775818,1460871.8920898438,624081.4530982971,146750.0,2750158.0106048584,480085.8275756836,5461947.183368683,0.73327006634913,0.0014746646746444686,0.007694445150168337,0.05985572439079222,0.7588475346565247,,0.015500000000000002,-3349743.6312570544,3052781.2882785797,0.8938397591013668,
79,28835,143.6,-4998072.461186286,-5793195.178195497,0.7651364887685417,61669.52132511139,1633909.7604980469,616695.2145080566,150475.0,1922332.5410308838,674659.9316253662,4998072.4476623535,0.6939406551812825,0.0013185305408210536,0.006854676359676216,0.06586320600227306,0.7931785583496094,,0.015320000000000002,-3349743.6312570544,3052781.2882785797,0.8938397591013668,
80,29200,144.1,-5639056.834496598,-5749822.0761694135,0.8332711180828299,78687.69582080841,1377888.3811035156,786876.9555206299,176970.0,2812745.851623535,484575.6451263428,5639056.833374023,0.6939406551812825,0.0013185305408210536,0.006854676359676216,0.06586320600227306,0.7931785583496094,,0.015320000000000002,-3349743.6312570544,3052781.2882785797,0.8938397591013668,
81,29565,144.6,-5180487.242280209,-5686738.831040829,0.8222766649900174,61075.33496952057,1529807.4248046875,610753.3515472412,142820.0,2347509.0776519775,549597.4027252197,5180487.256729126,0.6939406551812825,0.0013185305408210536,0.006854676359676216,0.06586320600227306,0.7931785583496094,,0.015320000000000002,-3349743.6312570544,3052781.2882785797,0.8938397591013668,
82,29930,148.8,-5232278.081704878,-5644819.448465447,0.7821046758160771,63647.877880096436,1604598.6801757812,636478.7780456543,146840.0,2184830.100341797,659530.534362793,5232278.092926025,0.6618220704166513,0.0015876233389797946,0.007462618647351567,0.06885579757784542,0.8081196546554565,,0.01514,-3349743.6312570544,3052781.2882785797,0.8938397591013668,
83,30295,149.4,-5413737.828354776,-5614433.302842268,0.8649170379004054,57277.4723405838,1419758.291015625,572774.7253799438,153135.0,2900251.8758850098,367817.9281616211,5413737.8204422,0.6618220704166513,0.0015876233389797946,0.007462618647351567,0.06885579757784542,0.8081196546554565,,0.01514,-3349743.6312570544,3052781.2882785797,0.8938397591013668,
84,30660,149.9,-5041791.246047515,-5550854.619057493,0.8244476980103277,56823.295764923096,1551491.9963378906,568232.9571380615,142935.0,2238615.8928222656,540515.4143066406,5041791.260604858,0.6618220704166513,0.0015876233389797946,0.007462618647351567,0.06885579757784542,0.8081196546554565,,0.01514,-3349743.6312570544,3052781.2882785797,0.8938397591013668,
85,31025,154.3,-5367238.381807891,-5517966.592303901,0.8512960107986627,70516.62131118774,1368993.9851074219,705166.2126617432,174980.0,2724880.301132202,393217.8927154541,5367238.391616821,0.6122678298699228,0.0010619450525777402,0.005944770681181629,0.0509303272456715,0.8276833295822144,,0.014960000000000001,-3349743.6312570544,3052781.2882785797,0.8938397591013668,
86,31390,154.7,-5321468.505060577,-5484377.8692792365,0.8724823085056974,54634.44484996796,1419516.0115966797,546344.452217102,169205.0,2847984.445739746,338418.5939025879,5321468.503456116,0.6122678298699228,0.0010619450525777402,0.005944770681181629,0.0509303272456715,0.8276833295822144,,0.014960000000000001,-3349743.6312570544,3052781.2882785797,0.8938397591013668,
87,31755,158.7,-5404888.915382737,-5460222.197831634,0.8678451762333627,55652.7750749588,1424431.0815429688,556527.7511138916,162830.0,2907448.5653533936,353651.5152435303,5404888.913253784,0.7079468244000485,0.0011228516007720732,0.005702236246035777,0.07146665659782134,0.772209644317627,,0.014840000000000002,-3349743.6312570544,3052781.2882785797,0.8938397591013668,
88,32120,159.3,-5347285.75847353,-5435231.25116078,0.8662995482462226,57245.18542289734,1414033.1799316406,572451.8560066223,152105.0,2804515.27935791,404180.442276001,5347285.757572174,0.7079468244000485,0.0011228516007720732,0.005702236246035777,0.07146665659782134,0.772209644317627,,0.014840000000000002,-3349743.6312570544,3052781.2882785797,0.8938397591013668,
89,32485,159.7,-4945315.386645478,-5393812.791508481,0.796329572002574,55945.21151447296,1615824.888671875,559452.1125259399,148265.0,2043741.5043945312,578031.8913116455,4945315.396903992,0.7079468244000485,0.0011228516007720732,0.005702236246035777,0.07146665659782134,0.772209644317627,,0.014840000000000002,-3349743.6312570544,3052781.2882785797,0.8938397591013668,
90,32850,163.9,-5405464.745412416,-5376442.878675277,0.8567894279474199,68218.2127866745,1373447.4978027344,682182.1277084351,180325.0,2752101.840543747,417408.2840576172,5405464.750112534,0.6433270801054803,0.0010272464013676079,0.005156667608963816,0.07116514738453061,0.8177163600921631,,0.014660000000000003,-3349743.6312570544,3052781.2882785797,0.8938397591013668,
91,33215,164.4,-5136097.980598541,-5348875.249643188,0.8737159584167011,53727.41920757294,1409248.6862792969,537274.1920204163,150245.0,2722470.016998291,316860.07138061523,5136097.966678619,0.6433270801054803,0.0010272464013676079,0.005156667608963816,0.07116514738453061,0.8177163600921631,,0.014660000000000003,-3349743.6312570544,3052781.2882785797,0.8938397591013668,
92,33580,164.9,-5129293.569762759,-5324031.647612862,0.879864088291944,51422.014560222626,1408161.8762207031,514220.1485939026,166930.0,2752287.1666259766,287694.3910827637,5129293.582523346,0.6433270801054803,0.0010272464013676079,0.005156667608963816,0.07116514738453061,0.8177163600921631,,0.014660000000000003,-3349743.6312570544,3052781.2882785797,0.8938397591013668,
93,33945,168.9,-5152588.764291569,-5292900.364345857,0.878573934390385,51486.7160615921,1410870.7060546875,514867.16234588623,152715.0,2759658.9535217285,314476.9486846924,5152588.770606995,0.6424233529128527,0.0010422072697397916,0.004017880092999947,0.05739606877690867,0.7903103828430176,,0.014480000000000002,-3349743.6312570544,3052781.2882785797,0.8938397591013668,
94,34310,169.4,-5258829.666761851,-5279307.446909497,0.8675553277783616,57711.70636320114,1393664.6398925781,577117.0664596558,144890.0,2761184.997192383,381972.9526977539,5258829.656242371,0.6424233529128527,0.0010422072697397916,0.004017880092999947,0.05739606877690867,0.7903103828430176,,0.014480000000000002,-3349743.6312570544,3052781.2882785797,0.8938397591013668,
95,34675,169.9,-5392899.203411158,-5271792.606393838,0.8652874838200626,56956.45184087753,1422633.5588378906,569564.5167007446,164030.0,2861253.8424987793,375417.28254699707,5392899.200584412,0.6424233529128527,0.0010422072697397916,0.004017880092999947,0.05739606877690867,0.7903103828430176,,0.014480000000000002,-3349743.6312570544,3052781.2882785797,0.8938397591013668,
96,35040,174.3,-4896840.004725086,-5250389.810656565,0.8888652617996263,46989.656601667404,1410024.2016601562,469896.56949806213,154295.0,2634412.745071411,228211.48805236816,4896840.004281998,0.6226329889736677,0.0014227977513464314,0.00646437259734069,0.0519333594037514,0.7996178269386292,,0.014300000000000002,-3349743.6312570544,3052781.2882785797,0.8938397591013668,
97,35405,174.9,-5095742.759004869,-5241066.2248688135,0.8738609735862883,54565.220046043396,1401893.9772949219,545652.1998710632,147910.0,2643980.5614318848,356306.0239715576,5095742.7625694275,0.6226329889736677,0.0014227977513464314,0.00646437259734069,0.0519333594037514,0.7996178269386292,,0.014300000000000002,-3349743.6312570544,3052781.2882785797,0.8938397591013668,
98,35770,175.6,-4926668.531048454,-5214302.293322859,0.8821178126447475,50840.70129132271,1399178.7983398438,508407.011844635,147665.0,2593528.2527160645,277889.4588699341,4926668.521770477,0.6226329889736677,0.0014227977513464314,0.00646437259734069,0.0519333594037514,0.7996178269386292,,0.014300000000000002,-3349743.6312570544,3052781.2882785797,0.8938397591013668,
99,36135,180.1,-5046544.876032585,-5216725.914065173,0.8805642945609384,51510.70878458023,1402815.7905273438,515107.0890789032,151415.0,2673340.3862304688,303866.59716033936,5046544.862997055,0.5815495432991731,0.0012974118319681637,0.00767704478685597,0.03590498379382648,0.8351411819458008,,0.014120000000000002,-3349743.6312570544,3052781.2882785797,0.8938397591013668,
100,36500,181.5,-4568662.984462879,-5163206.221563487,0.8254042489751626,50606.75303030014,1586745.6000976562,506067.5304489136,144930.0,1907678.8105163574,423241.0492858887,4568662.990348816,0.5815495432991731,0.0012974118319681637,0.00767704478685597,0.03590498379382648,0.8351411819458008,,0.014120000000000002,-3770891.230291766,3514248.19695282,0.9059158224586032,True
101,36865,185.6,-4711703.242119011,-5139767.021555427,0.8697485971750932,47762.147404670715,1489916.5244140625,477621.46910476685,140880.0,2278398.8858337402,324886.36448669434,4711703.243839264,0.5640349215582797,0.0010367173189431349,0.006036858815748833,0.04605241972757013,0.8393030166625977,,0.014000000000000002,-3770891.230291766,3514248.19695282,0.9059158224586032,
102,37230,186.1,-4843672.623220553,-5120336.748631212,0.86321034770843,63824.273493766785,1366524.0241699219,638242.729095459,170035.0,2349525.235473633,319345.6342163086,4843672.622955322,0.5640349215582797,0.0010367173189431349,0.006036858815748833,0.04605241972757013,0.8393030166625977,,0.014000000000000002,-3770891.230291766,3514248.19695282,0.9059158224586032,
103,37595,186.6,-4875900.582569352,-5093444.88634194,0.8646791018929103,64506.524881362915,1353265.31640625,645065.2450256348,172405.0,2345844.674999237,359320.3512878418,4875900.587718964,0.5640349215582797,0.0010367173189431349,0.006036858815748833,0.04605241972757013,0.8393030166625977,,0.014000000000000002,-3770891.230291766,3514248.19695282,0.9059158224586032,
104,37960,190.9,-4750111.44374045,-5078860.896226587,0.875881983346935,55859.18927669525,1380387.3068847656,558591.8919067383,168995.0,2387287.5962524414,254849.64654541016,4750111.4415893555,0.6553478805642379,0.001083078081855523,0.004159224654645904,0.08627348324578059,0.7619479894638062,,0.013820000000000002,-3770891.230291766,3514248.19695282,0.9059158224586032,
105,38325,191.4,-4609355.111806429,-5040966.732726514,0.8866218003301721,46404.79009926319,1426247.9370117188,464047.8971796036,140615.0,2311952.9412078857,266491.340133667,4609355.115532875,0.6553478805642379,0.001083078081855523,0.004159224654645904,0.08627348324578059,0.7619479894638062,,0.013820000000000002,-3770891.230291766,3514248.19695282,0.9059158224586032,
106,38690,191.9,-4567705.098062921,-5003278.562376631,0.8013394266113187,51186.48601818085,1627873.6872558594,511864.8596343994,150775.0,1700839.108581543,576352.4501647949,4567705.105636597,0.6553478805642379,0.001083078081855523,0.004159224654645904,0.08627348324578059,0.7619479894638062,,0.013820000000000002,-3770891.230291766,3514248.19695282,0.9059158224586032,
107,39055,195.9,-4796139.428704765,-4972841.088042732,0.8666644916579013,63252.63179588318,1358380.7624511719,632526.3161010742,173365.0,2296223.3433647156,335644.00144958496,4796139.423366547,0.5702250999839682,0.0007804209976951059,0.003839057784429506,0.0644479259162357,0.8217813372612,,0.013640000000000003,-3770891.230291766,3514248.19695282,0.9059158224586032,
108,39420,196.4,-4525083.00106563,-4931730.950172338,0.8560167295468403,49726.35025024414,1519977.4038085938,497263.5047073364,139160.0,1995487.8069763184,373194.283164978,4525082.998657227,0.5702250999839682,0.0007804209976951059,0.003839057784429506,0.0644479259162357,0.8217813372612,,0.013640000000000003,-3770891.230291766,3514248.19695282,0.9059158224586032,
109,39785,196.9,-4457433.44386241,-4907336.853033184,0.905601079980076,39956.89166927338,1398595.865234375,399568.9185256958,153255.0,2304880.091369629,201133.57223510742,4457433.447364807,0.5702250999839682,0.0007804209976951059,0.003839057784429506,0.0644479259162357,0.8217813372612,,0.013640000000000003,-3770891.230291766,3514248.19695282,0.9059158224586032,
110,40150,201.1,-4413123.201482631,-4857719.775836696,0.8855414834020807,44240.849210977554,1458378.8815917969,442408.49083709717,138820.0,2129410.260864258,244105.5657043457,4413123.198997498,0.5667740169324373,0.0008930344472805461,0.004725406050535017,0.04931831320649699,0.8326371908187866,,0.013460000000000001,-3770891.230291766,3514248.19695282,0.9059158224586032,
111,40515,201.6,-4611588.7301297095,-4831494.313313254,0.8969030899764956,44083.82633841038,1395005.7607421875,440838.2633571625,147525.0,2387594.3916625977,240625.31484222412,4611588.730604172,0.5667740169324373,0.0008930344472805461,0.004725406050535017,0.04931831320649699,0.8326371908187866,,0.013460000000000001,-3770891.230291766,3514248.19695282,0.9059158224586032,
112,40880,202.1,-4449847.528039819,-4797522.011227107,0.9020401629832794,41900.55700683594,1398799.1755371094,419005.57026672363,165840.0,2276964.2032470703,189238.57559204102,4449847.524642944,0.5667740169324373,0.0008930344472805461,0.004725406050535017,0.04931831320649699,0.8326371908187866,,0.013460000000000001,-3770891.230291766,3514248.19695282,0.9059158224586032,
113,41245,206.3,-4496755.357304787,-4764730.340877766,0.9037966900506585,40508.13531374931,1405372.2160644531,405081.35354423523,157210.0,2333020.5559692383,196071.23936462402,4496755.364942551,0.5849827543685311,0.0011372244169155909,0.004805447754303091,0.05583250919651044,0.7907999157905579,,0.013280000000000002,-3770891.230291766,3514248.19695282,0.9059158224586032,
114,41610,206.8,-4373722.191738935,-4720474.967126621,0.9001093110223946,42780.88460326195,1385538.0095214844,427808.8470096588,143955.0,2204428.7720947266,211991.5726928711,4373722.201318741,0.5849827543685311,0.0011372244169155909,0.004805447754303091,0.05583250919651044,0.7907999157905579,,0.013280000000000002,-3770891.230291766,3514248.19695282,0.9059158224586032,
115,41975,207.2,-4602451.680529709,-4680952.590982549,0.875118599142785,58700.002947330475,1356864.5966796875,587000.0299453735,167700.0,2192616.5135803223,298270.5433654785,4602451.683570862,0.5849827543685311,0.0011372244169155909,0.004805447754303091,0.05583250919651044,0.7907999157905579,,0.013280000000000002,-3770891.230291766,3514248.19695282,0.9059158224586032,
116,42340,211.5,-4310620.737144423,-4651641.627603516,0.897002452362697,43634.499066352844,1384546.3598632812,436344.99000930786,144800.0,2120883.414993286,224045.96511650085,4310620.729982376,0.5743608208079087,0.0011623418363103013,0.006186234323601974,0.05769616639927814,0.7885229587554932,,0.013100000000000002,-3770891.230291766,3514248.19695282,0.9059158224586032,
117,42705,212.0,-4144747.7376880567,-4604091.876537675,0.8262738499571199,47719.9675245285,1592939.6364746094,477199.68145751953,137720.0,1531299.8780822754,405588.52925109863,4144747.725265503,0.5743608208079087,0.0011623418363103013,0.006186234323601974,0.05769616639927814,0.7885229587554932,,0.013100000000000002,-3770891.230291766,3514248.19695282,0.9059158224586032,
118,43070,216.3,-4288069.514451904,-4572161.925707848,0.8995274196980738,42646.5914349556,1391099.0625,426465.9158668518,146350.0,2078613.5905761719,245540.9647064209,4288069.533649445,0.5298887977474614,0.0007556358427073543,0.004247029624438207,0.051206332925511036,0.8250780701637268,,0.012980000000000002,-3770891.230291766,3514248.19695282,0.9059158224586032,
119,43435,216.8,-4072744.1695428146,-4523471.890383359,0.8736410450465509,45274.03448295593,1481579.6389160156,452740.3449077606,132650.0,1715330.8520812988,290443.3421020508,4072744.178007126,0.5298887977474614,0.0007556358427073543,0.004247029624438207,0.051206332925511036,0.8250780701637268,,0.012980000000000002,-3770891.230291766,3514248.19695282,0.9059158224586032,
120,43800,217.3,-3916316.050424161,-4490854.543681423,0.8713716352985303,43196.10606241226,1500806.31640625,431961.06133651733,129220.0,1576590.2905273438,277738.4003829956,3916316.0686531067,0.5298887977474614,0.0007556358427073543,0.004247029624438207,0.051206332925511036,0.8250780701637268,,0.012980000000000002,-3770891.230291766,3514248.19695282,0.9059158224586032,
121,44165,221.7,-3983787.4015678205,-4454458.751653864,0.8697739757215466,44857.656322956085,1493870.7927246094,448576.56565475464,129325.0,1625991.6201782227,286023.43644714355,3983787.41500473,0.47743165845933716,0.0006443789105967306,0.0044839424019875495,0.03871320604689812,0.8399868011474609,,0.0128,-3770891.230291766,3514248.19695282,0.9059158224586032,
122,44530,222.1,-4117731.113842468,-4418161.67618496,0.9016806734399659,41433.042363643646,1392561.7687988281,414330.4217376709,153375.0,1962523.1363372803,194940.79234313965,4117731.119216919,0.47743165845933716,0.0006443789105967306,0.0044839424019875495,0.03871320604689812,0.8399868011474609,,0.0128,-3770891.230291766,3514248.19695282,0.9059158224586032,
123,44895,222.6,-3973332.3161069844,-4373033.262861842,0.8650985881761024,43931.31926751137,1520329.0563964844,439313.1896247864,134525.0,1564008.4384155273,315156.6431732178,3973332.327610016,0.47743165845933716,0.0006443789105967306,0.0044839424019875495,0.03871320604689812,0.8399868011474609,,0.0128,-3770891.230291766,3514248.19695282,0.9059158224586032,
124,45260,226.8,-3977284.233556441,-4334391.90235264,0.9032368697067101,41570.31164216995,1367698.8881835938,415703.11670684814,140830.0,1887963.2817993164,165088.9521484375,3977284.238838196,0.5157022523252588,0.0007183402113265689,0.003780431916790181,0.05333804388187433,0.8025593161582947,,0.012620000000000003,-3770891.230291766,3514248.19695282,0.9059158224586032,
125,45625,228.1,-4163969.0270703603,-4312122.598115837,0.8777235535951164,58639.13719081879,1336488.0070800781,586391.3736343384,166655.0,1755647.741077423,318786.9071044922,4163969.028896332,0.5157022523252588,0.0007183402113265689,0.003780431916790181,0.05333804388187433,0.8025593161582947,,0.012620000000000003,-3219152.247943175,2966884.1008262634,0.9074832719942075,True
126,45990,228.6,-4070632.234435084,-4287268.954934446,0.8999048068777125,43164.95098686218,1382599.8618164062,431649.50678253174,160915.0,1870162.6375427246,225305.2259979248,4070632.2321395874,0.5157022523252588,0.0007183402113265689,0.003780431916790181,0.05333804388187433,0.8025593161582947,,0.012620000000000003,-3219152.247943175,2966884.1008262634,0.9074832719942075,
127,46355,232.8,-3646073.6337790056,-4229765.665188157,0.8522927918717076,40718.59377193451,1577424.7919921875,407185.9395980835,129485.0,1239626.291229248,292351.6030731201,3646073.625892639,0.5879285861002771,0.0009522685373954836,0.004317701909090637,0.07527743270130534,0.7594408392906189,,0.012440000000000003,-3219152.247943175,2966884.1008262634,0.9074832719942075,
128,46720,233.3,-3976113.8075256776,-4202317.205511159,0.9049836201783142,40096.81726837158,1382467.0563964844,400968.1740722656,153735.0,1847641.7732543945,191301.78707885742,3976113.790802002,0.5879285861002771,0.0009522685373954836,0.004317701909090637,0.07527743270130534,0.7594408392906189,,0.012440000000000003,-3219152.247943175,2966884.1008262634,0.9074832719942075,
129,47085,233.7,-3997464.113095742,-4179318.738972827,0.9051514977154591,40510.55411374569,1386824.6965332031,405105.53939056396,160330.0,1862801.3344435692,182402.52992248535,3997464.1002898216,0.5879285861002771,0.0009522685373954836,0.004317701909090637,0.07527743270130534,0.7594408392906189,,0.012440000000000003,-3219152.247943175,2966884.1008262634,0.9074832719942075,
130,47450,238.1,-3947933.3462982476,-4156059.2462136075,0.9081800095284587,38667.05074739456,1392976.7937011719,386670.5068092346,154440.0,1822273.5797195435,191572.47059631348,3947933.3508262634,0.5405169686204508,0.0008878232873413301,0.004007439864309211,0.05813720420395073,0.7844171524047852,,0.012260000000000002,-3219152.247943175,2966884.1008262634,0.9074832719942075,
131,47815,238.7,-4265291.579660051,-4138744.3886901243,0.8690640906000499,61659.02909553051,1344458.0212402344,616590.2882623672,165525.0,1810930.3608760834,327787.8974609375,4265291.5678396225,0.5405169686204508,0.0008878232873413301,0.004007439864309211,0.05813720420395073,0.7844171524047852,,0.012260000000000002,-3219152.247943175,2966884.1008262634,0.9074832719942075,
132,48180,243.4,-3849386.682496572,-4108721.346412963,0.9118415412352695,38062.50273013115,1375128.859375,380625.0280866623,161505.0,1765638.324016571,166489.48127746582,3849386.692755699,0.5692869346392783,0.000950352801976949,0.003481145490169231,0.07451910574577357,0.7550708651542664,,0.012140000000000001,-3219152.247943175,2966884.1008262634,0.9074832719942075,
133,48545,244.0,-3729971.4484342826,-4070382.1509694373,0.9102964659360457,38648.40883731842,1374129.3447265625,386484.0897293091,159385.0,1656181.9345092773,153791.0786819458,3729971.4476470947,0.5692869346392783,0.000950352801976949,0.003481145490169231,0.07451910574577357,0.7550708651542664,,0.012140000000000001,-3219152.247943175,2966884.1008262634,0.9074832719942075,
134,48910,244.5,-3952520.8098770413,-4049322.081876342,0.9049557441936303,40026.367624759674,1385642.2119140625,400263.6782569885,154085.0,1822679.4582366943,189850.46519470215,3952520.8136024475,0.5692869346392783,0.000950352801976949,0.003481145490169231,0.07451910574577357,0.7550708651542664,,0.012140000000000001,-3219152.247943175,2966884.1008262634,0.9074832719942075,
135,49275,248.6,-3766583.8456381997,-4007528.6901317663,0.911948123509963,37929.31436872482,1367413.6606445312,379293.1445541382,161195.0,1692896.1177215576,165785.9250640869,3766583.847984314,0.5515848900142469,0.0007624823345299534,0.004847208661024189,0.07133371368246644,0.7505487203598022,,0.011960000000000002,-3219152.247943175,2966884.1008262634,0.9074832719942075,
136,49640,249.1,-3964546.977728676,-3990225.00216098,0.821013723348379,46120.10984992981,1600046.8911132812,461201.0997772217,141765.0,1289606.3692893982,471927.6059112549,3964546.966091156,0.5515848900142469,0.0007624823345299534,0.004847208661024189,0.07133371368246644,0.7505487203598022,,0.011960000000000002,-3219152.247943175,2966884.1008262634,0.9074832719942075,
137,50005,249.6,-3724652.6570900176,-3969220.2481310777,0.9094564548008164,39163.705040454865,1363084.7302246094,391637.05253219604,159520.0,1627459.0553894043,182951.82179260254,3724652.6599388123,0.5515848900142469,0.0007624823345299534,0.004847208661024189,0.07133371368246644,0.7505487203598022,,0.011960000000000002,-3219152.247943175,2966884.1008262634,0.9074832719942075,
138,50370,253.8,-3675477.6917045834,-3938590.656993712,0.9103144956512947,38715.88694477081,1362175.0163574219,387158.8665084839,158830.0,1608379.3784980774,158934.4197769165,3675477.6811408997,0.5379235556251124,0.0011399870950060034,0.004267374666309671,0.07497300413486205,0.8021966218948364,,0.01178,-3219152.247943175,2966884.1008262634,0.9074832719942075,
139,50735,254.2,-3783575.12852163,-3924132.2049426534,0.9023645166737567,41708.41394472122,1379462.3728027344,417084.14099884033,158360.0,1651845.486114502,176823.1241455078,3783575.1240615845,0.5379235556251124,0.0011399870950060034,0.004267374666309671,0.07497300413486205,0.8021966218948364,,0.01178,-3219152.247943175,2966884.1008262634,0.9074832719942075,
140,51100,254.7,-3874019.5498486394,-3922017.3799138768,0.9009575820389045,42635.87912631035,1375079.9255371094,426358.7913837433,162040.0,1698812.2545433044,211728.57302856445,3874019.5444927216,0.5379235556251124,0.0011399870950060034,0.004267374666309671,0.07497300413486205,0.8021966218948364,,0.01178,-3219152.247943175,2966884.1008262634,0.9074832719942075,
141,51465,259.0,-3590728.886216743,-3902364.4541463233,0.8858623649713523,40537.00831913948,1465346.5915527344,405370.07678985596,130710.0,1368109.650317192,221192.5661392212,3590728.8847990036,0.5576075142935702,0.0010247945586965407,0.005233496945277837,0.08733062455920797,0.7585158348083496,,0.011600000000000001,-3219152.247943175,2966884.1008262634,0.9074832719942075,
142,51830,259.6,-3776796.678816284,-3885317.7323950133,0.9036246572716056,40849.845519542694,1379978.2944335938,408498.45386886597,156580.0,1627680.9291992188,204059.00242614746,3776796.679927826,0.5576075142935702,0.0010247945586965407,0.005233496945277837,0.08733062455920797,0.7585158348083496,,0.011600000000000001,-3219152.247943175,2966884.1008262634,0.9074832719942075,
143,52195,260.1,-3588222.3301785113,-3866062.23309859,0.8807425060073352,41131.67116308212,1489847.6962890625,411316.7117023468,129545.0,1314169.1747589111,243343.75328063965,3588222.33603096,0.5576075142935702,0.0010247945586965407,0.005233496945277837,0.08733062455920797,0.7585158348083496,,0.011600000000000001,-3219152.247943175,2966884.1008262634,0.9074832719942075,
144,52560,264.2,-3660633.280220451,-3850229.6854317905,0.9049947791317744,40947.060183763504,1371785.5270996094,409470.6046600342,158550.0,1526882.7739562988,193944.39123535156,3660633.296951294,0.4843984932491654,0.0010806379703258006,0.0037683855059041983,0.05378103133683142,0.7643760442733765,,0.011420000000000001,-3219152.247943175,2966884.1008262634,0.9074832719942075,
145,52925,264.7,-3465086.6881437497,-3815285.568485459,0.9125716346242017,37322.64460873604,1352477.8698730469,373226.44694042206,139160.0,1432381.0801391602,167841.27340698242,3465086.6703596115,0.4843984932491654,0.0010806379703258006,0.0037683855059041983,0.05378103133683142,0.7643760442733765,,0.011420000000000001,-3219152.247943175,2966884.1008262634,0.9074832719942075,
146,53290,268.8,-3543224.3133058324,-3788915.172428997,0.9067730472669073,39496.437567949295,1367561.183227539,394964.38081741333,140670.0,1453198.6306304932,186830.12535095215,3543224.3200263977,0.5035667658636445,0.0007974000288270059,0.004188403751820596,0.054523884269752,0.755096435546875,,0.0113,-3219152.247943175,2966884.1008262634,0.9074832719942075,
147,53655,269.3,-3536899.510820075,-3783456.46628105,0.8726055954416178,41611.089149713516,1508282.0068359375,416110.89468097687,131355.0,1191572.218952179,289579.38639831543,3536899.5068674088,0.5035667658636445,0.0007974000288270059,0.004188403751820596,0.054523884269752,0.755096435546875,,0.0113,-3219152.247943175,2966884.1008262634,0.9074832719942075,
148,54020,269.8,-3467475.368914718,-3758024.5443505025,0.892856093873019,40505.43227958679,1437004.1811523438,405054.3242073059,128105.0,1280552.6089172363,216759.2572479248,3467475.371524811,0.5035667658636445,0.0007974000288270059,0.004188403751820596,0.054523884269752,0.755096435546875,,0.0113,-3219152.247943175,2966884.1008262634,0.9074832719942075,
149,54385,274.1,-3597131.907325761,-3738007.934062003,0.9047600451925645,40336.311379909515,1378154.0170898438,403363.1129722595,153215.0,1474247.0022735596,188152.77262878418,3597131.904964447,0.4557757444287601,0.0009487766461269961,0.005553128418365591,0.03954797502803175,0.7832619547843933,,0.01112,-3219152.247943175,2966884.1008262634,0.9074832719942075,
150,54750,275.4,-3455280.04950464,-3713375.269222323,0.9174368354629987,35687.597618460655,1368057.7583007812,356875.9762277603,159130.0,1391883.7334747314,179332.58555603027,3455280.0535593033,0.4557757444287601,0.0009487766461269961,0.005553128418365591,0.03954797502803175,0.7832619547843933,,0.01112,-3284419.419167485,3040806.131375313,0.9076350426155417,True
151,55115,275.9,-3385229.8515573936,-3669372.1828171895,0.8839127147830427,37917.8221449852,1506766.7431640625,379178.2227139473,129750.0,1142579.1736450195,226955.71183776855,3385229.851360798,0.4557757444287601,0.0009487766461269961,0.005553128418365591,0.03954797502803175,0.7832619547843933,,0.01112,-3284419.419167485,3040806.131375313,0.9076350426155417,
152,55480,280.1,-3279246.9905587216,-3640865.1982202977,0.8613929900033563,37291.66161155701,1576569.9272460938,372916.6179046631,126280.0,955042.3636016846,248438.0849609375,3279246.993713379,0.4885359531954715,0.0006844869101673554,0.0037721332689551147,0.07346095438850553,0.7673498392105103,,0.010940000000000002,-3284419.419167485,3040806.131375313,0.9076350426155417,
153,55845,280.7,-3400461.343901098,-3624389.6929936386,0.9122613002709673,37213.843057870865,1365648.787109375,372138.4316444397,142065.0,1336758.5579833984,183850.5683708191,3400461.345108032,0.4885359531954715,0.0006844869101673554,0.0037721332689551147,0.07346095438850553,0.7673498392105103,,0.010940000000000002,-3284419.419167485,3040806.131375313,0.9076350426155417,
154,56210,281.3,-3706875.0801543635,-3612107.406507504,0.8846443655346777,54340.694083213806,1334433.8464355469,543406.9422302246,167130.0,1372601.651561737,289302.64123535156,3706875.08146286,0.4885359531954715,0.0006844869101673554,0.0037721332689551147,0.07346095438850553,0.7673498392105103,,0.010940000000000002,-3284419.419167485,3040806.131375313,0.9076350426155417,
155,56575,285.9,-3722282.157338661,-3609892.322092528,0.8795917779208823,56295.058109760284,1344675.2514648438,562950.5781822205,165830.0,1330882.5135726929,317943.80841064453,3722282.1516304016,0.4848038550270231,0.0007609442495537989,0.0035906339958034408,0.06325832372041125,0.7297306060791016,,0.010760000000000002,-3284419.419167485,3040806.131375313,0.9076350426155417,
156,56940,286.6,-3478105.892896741,-3585570.267850931,0.8554117592644659,40553.675996780396,1566535.326171875,405536.76325273514,128255.0,1067005.0968322754,310773.7162704468,3478105.9025273323,0.4848038550270231,0.0007609442495537989,0.0035906339958034408,0.06325832372041125,0.7297306060791016,,0.010760000000000002,-3284419.419167485,3040806.131375313,0.9076350426155417,
157,57305,287.4,-3412406.7988975807,-3569957.9749413086,0.9163701554301824,35765.55747795105,1371241.0825195312,357655.57304382324,152855.0,1386178.2812461853,144476.8539199829,3412406.7907295227,0.4848038550270231,0.0007609442495537989,0.0035906339958034408,0.06325832372041125,0.7297306060791016,,0.010760000000000002,-3284419.419167485,3040806.131375313,0.9076350426155417,
158,57670,291.7,-3422560.5941896094,-3557312.12006556,0.9130747248469472,36749.92012810707,1379966.8598632812,367499.19800567627,152290.0,1363506.6360473633,159297.9041595459,3422560.5980758667,0.5040014915560421,0.0005475417225936422,0.002541793021679807,0.07285885355974499,0.7722089290618896,,0.01058,-3284419.419167485,3040806.131375313,0.9076350426155417,
159,58035,292.2,-3431162.0899855224,-3539691.4681387553,0.9118378023648532,37746.6449174881,1367623.1809082031,377466.4520072937,155705.0,1355223.0666275024,175144.396774292,3431162.0963172913,0.5040014915560421,0.0005475417225936422,0.002541793021679807,0.07285885355974499,0.7722089290618896,,0.01058,-3284419.419167485,3040806.131375313,0.9076350426155417,
160,58400,296.8,-3383149.1154344417,-3515147.9464180446,0.8994464391858037,40682.16074132919,1392486.0036621094,406821.6099624634,129330.0,1251014.286819458,203497.21481323242,3383149.115257263,0.4840225259724416,0.0007162551245001898,0.003911871659128289,0.06151951413209501,0.7405149936676025,,0.01046,-3284419.419167485,3040806.131375313,0.9076350426155417,
161,58765,297.4,-3688900.0876991986,-3520056.5064921677,0.881331327532556,56327.62807941437,1326527.1284179688,563276.2833595276,162820.0,1299415.709475994,336860.96325683594,3688900.0845103264,0.4840225259724416,0.0007162551245001898,0.003911871659128289,0.06151951413209501,0.7405149936676025,,0.01046,-3284419.419167485,3040806.131375313,0.9076350426155417,
162,59130,298.0,-3423699.1487299358,-3502401.62998785,0.9148707504343553,36109.6143052578,1372797.2395019531,361096.1425895691,152375.0,1390799.0164642334,146631.74335479736,3423699.141910553,0.4840225259724416,0.0007162551245001898,0.003911871659128289,0.06151951413209501,0.7405149936676025,,0.01046,-3284419.419167485,3040806.131375313,0.9076350426155417,
163,59495,302.5,-3304966.3173891692,-3488238.829348383,0.9128525084701226,37897.74249410629,1349204.6579589844,378977.4241466522,135620.0,1297226.0594787598,143938.175491333,3304966.3170757294,0.4960213209453382,0.0008101678093608873,0.004147445945387804,0.07052976922377159,0.7363806366920471,,0.010280000000000001,-3284419.419167485,3040806.131375313,0.9076350426155417,
164,59860,303.2,-3242253.098114602,-3467319.8202430904,0.875216175203274,37133.17058300972,1532501.1044921875,371331.704832077,125740.0,975169.5216712952,237510.7328262329,3242253.0638217926,0.4960213209453382,0.0008101678093608873,0.004147445945387804,0.07052976922377159,0.7363806366920471,,0.010280000000000001,-3284419.419167485,3040806.131375313,0.9076350426155417,
165,60225,303.9,-3367830.3016569754,-3462457.000918752,0.9162204642503845,36075.803211927414,1374543.3642578125,360758.0305171013,158255.0,1323887.908782959,150385.99755096436,3367830.301108837,0.4960213209453382,0.0008101678093608873,0.004147445945387804,0.07052976922377159,0.7363806366920471,,0.010280000000000001,-3284419.419167485,3040806.131375313,0.9076350426155417,
166,60590,382.2,-3221547.784007243,-3446373.1744538224,0.8600577517293371,36745.47578191757,1573486.9851074219,367454.75218582153,124835.0,908551.5753250122,247219.47856140137,3221547.791179657,0.46686683477539764,0.0006446857365804853,0.003140365864199243,0.06336723836629014,0.7763904333114624,,0.0101,-3284419.419167485,3040806.131375313,0.9076350426155417,
167,60955,487.0,-3267130.6172300167,-3432884.7297743196,0.9152806777292466,35820.76968455315,1366905.9831542969,358207.69584178925,143080.0,1257303.9084835052,141633.04061889648,3267130.628098488,0.46686683477539764,0.0006446857365804853,0.003140365864199243,0.06336723836629014,0.7763904333114624,,0.0101,-3284419.419167485,3040806.131375313,0.9076350426155417,
168,61320,488.0,-3265383.6418523854,-3422780.143421203,0.9187106588235863,34263.538595199585,1374044.3024902344,342635.3853187561,145495.0,1253501.1196670532,149707.84284210205,3265383.6503181458,0.46686683477539764,0.0006446857365804853,0.003140365864199243,0.06336723836629014,0.7763904333114624,,0.0101,-3284419.419167485,3040806.131375313,0.9076350426155417,
169,61685,492.6,-3218948.3009079113,-3403870.9631003113,0.9064082240445953,35941.67535305023,1421799.2880859375,359416.7581477165,127790.0,1108033.587677002,201908.67459106445,3218948.3085017204,0.4444171719645199,0.0006633511438849382,0.003608569757106077,0.039554932889969724,0.7447482347488403,,0.00992,-3284419.419167485,3040806.131375313,0.9076350426155417,
170,62050,493.1,-3162255.7262871116,-3389219.746939434,0.8892131808987087,37067.71865582466,1486241.9633789062,370677.1840958595,126300.0,987708.4475784302,191328.12396240234,3162255.7190155983,0.4444171719645199,0.0006633511438849382,0.003608569757106077,0.039554932889969724,0.7447482347488403,,0.00992,-3284419.419167485,3040806.131375313,0.9076350426155417,
171,62415,493.6,-3220815.8196126,-3380999.0453421944,0.9204192319013309,33663.61987495422,1367376.5430908203,336636.19609737396,143175.0,1190427.2563781738,183200.81858062744,3220815.8141469955,0.4444171719645199,0.0006633511438849382,0.003608569757106077,0.039554932889969724,0.7447482347488403,,0.00992,-3284419.419167485,3040806.131375313,0.9076350426155417,
172,62780,497.6,-3235163.4694195157,-3378794.8692852343,0.9205207187566721,34359.44963645935,1362091.5844726562,343594.4964828491,156040.0,1215414.7979984283,158022.59436035156,3235163.4733142853,0.4386855316789527,0.0007780256927569434,0.0034570526607383633,0.03837451123093304,0.7659692168235779,,0.009740000000000002,-3284419.419167485,3040806.131375313,0.9076350426155417,
173,63145,498.1,-3176427.5887589813,-3367593.1815281278,0.8887542546379951,35858.84231424332,1501577.3046875,358588.4196205139,126555.0,989504.3774719238,200202.49053955078,3176427.5923194885,0.4386855316789527,0.0007780256927569434,0.0034570526607383633,0.03837451123093304,0.7659692168235779,,0.009740000000000002,-3284419.419167485,3040806.131375313,0.9076350426155417,
174,63510,501.7,-3120570.81445931,-3338277.968243376,0.8775187825947659,35217.02444052696,1541776.3283691406,352170.2433538437,121465.0,881755.7790756226,223403.453125,3120570.803923607,0.4338544011116028,0.0008025153494695827,0.003858064344201825,0.05496228461791026,0.787415623664856,,0.00962,-3284419.419167485,3040806.131375313,0.9076350426155417,
175,63875,502.9,-3245081.7384568336,-3314417.947299284,0.920756495889908,33514.455193281174,1364834.1354980469,335144.55278778076,142365.0,1223224.4295043945,179513.6245651245,3245081.7423553467,0.4338544011116028,0.0008025153494695827,0.003858064344201825,0.05496228461791026,0.787415623664856,,0.00962,-3266001.3297758,3031228.9295101166,0.9107755585706858,True
176,64240,503.3,-3293924.751996729,-3305208.8902542833,0.9185515966016409,35084.551351070404,1367924.3151855469,350845.5096473694,156135.0,1267037.2804489136,151982.64291381836,3293924.748195648,0.4338544011116028,0.0008025153494695827,0.003858064344201825,0.05496228461791026,0.787415623664856,,0.00962,-3266001.3297758,3031228.9295101166,0.9107755585706858,
177,64605,506.9,-3231160.2415871723,-3296146.562388763,0.9097767170133872,37656.67206668854,1366075.7453613281,376566.71832466125,129040.0,1198640.1255836487,160837.66361236572,3231160.252882004,0.4542402256476252,0.0005313504371339437,0.002129538015364424,0.05249805395540438,0.7477728128433228,,0.00944,-3266001.3297758,3031228.9295101166,0.9107755585706858,
178,64970,507.3,-3323918.5007494977,-3291214.4577167574,0.8997289052617066,44811.65359401703,1343169.1818847656,448116.5374183655,156185.0,1193152.0089111328,183295.767868042,3323918.496082306,0.4542402256476252,0.0005313504371339437,0.002129538015364424,0.05249805395540438,0.7477728128433228,,0.00944,-3266001.3297758,3031228.9295101166,0.9107755585706858,
179,65335,507.7,-3162773.302715723,-3277795.0183532676,0.9032718672644783,35527.856241226196,1444144.3547363281,355278.56436538696,125540.0,1061278.4459228516,176531.9270324707,3162773.2920570374,0.4542402256476252,0.0005313504371339437,0.002129538015364424,0.05249805395540438,0.7477728128433228,,0.00944,-3266001.3297758,3031228.9295101166,0.9107755585706858,
180,65700,511.3,-3206868.2950186087,-3268980.977332476,0.9187740221067625,34332.027754068375,1363456.5397949219,343320.27456474304,141620.0,1211179.4789733887,147292.0052947998,3206868.2986278534,0.453146683542352,0.000971637701456386,0.004473502168701471,0.05509912438298527,0.7451281547546387,,0.009260000000000001,-3266001.3297758,3031228.9295101166,0.9107755585706858,
181,66065,511.8,-3516843.226382923,-3260378.1342666624,0.8843107409075558,54720.55679368973,1331643.0573730469,547205.5693283081,158955.0,1213758.5290489197,265281.076133728,3516843.2318840027,0.453146683542352,0.000971637701456386,0.004473502168701471,0.05509912438298527,0.7451281547546387,,0.009260000000000001,-3266001.3297758,3031228.9295101166,0.9107755585706858,
182,66430,512.2,-3127153.401400868,-3245550.846900209,0.9192412671039406,34829.94935834408,1343504.2563476562,348299.49177646637,134355.0,1164211.10597229,136783.53420257568,3127153.3882989883,0.453146683542352,0.000971637701456386,0.004473502168701471,0.05509912438298527,0.7451281547546387,,0.009260000000000001,-3266001.3297758,3031228.9295101166,0.9107755585706858,
183,66795,515.8,-3181276.1879217923,-3239366.34042684,0.9199763376511273,33903.38495635986,1361801.8586425781,339033.84864234924,139335.0,1167251.212059021,173854.2632446289,3181276.1825885773,0.4467896858328267,0.0006847017674724492,0.0037873920580176147,0.056578899635688254,0.740192711353302,,0.009080000000000001,-3266001.3297758,3031228.9295101166,0.9107755585706858,
184,67160,516.4,-3133329.455381153,-3233920.158290168,0.9203011273224435,33588.61169672012,1361953.4360351562,335886.11936950684,143390.0,1145402.615814209,146697.27979278564,3133329.4510116577,0.4467896858328267,0.0006847017674724492,0.0037873920580176147,0.056578899635688254,0.740192711353302,,0.009080000000000001,-3266001.3297758,3031228.9295101166,0.9107755585706858,
185,67525,516.9,-3142408.9067334216,-3222649.08854399,0.9189720323186765,34317.12692832947,1348773.6887207031,343171.2698020935,140550.0,1140961.9584903717,168951.99619293213,3142408.9132061005,0.4467896858328267,0.0006847017674724492,0.0037873920580176147,0.056578899635688254,0.740192711353302,,0.009080000000000001,-3266001.3297758,3031228.9295101166,0.9107755585706858,
186,67890,521.1,-3118548.3783123167,-3217499.118259244,0.922319487086329,33501.197123765945,1361721.5688476562,335011.97256469727,152615.0,1122755.6699399948,146444.16501617432,3118548.3763685226,0.43813449732567133,0.0011221347051200848,0.008086622802932797,0.038869905726690045,0.7169923782348633,,0.0089,-3266001.3297758,3031228.9295101166,0.9107755585706858,
187,68255,521.6,-2858873.5911234617,-3197086.2669539163,0.8975582475555106,30733.550150871277,1518018.7023925781,307335.4997806549,116450.0,749803.1529846191,167266.23581695557,2858873.5909748077,0.43813449732567133,0.0011221347051200848,0.008086622802932797,0.038869905726690045,0.7169923782348633,,0.0089,-3266001.3297758,3031228.9295101166,0.9107755585706858,
188,68620,525.7,-3374578.860345114,-3202546.0278785527,0.8858423805608816,53849.290665626526,1306728.349609375,538492.9069786072,156195.0,1108832.7951025963,264329.805770874,3374578.8574614525,0.4292356571868846,0.0005822796658417486,0.0032262969394459538,0.0692643025203755,0.7452029585838318,,0.008780000000000001,-3266001.3297758,3031228.9295101166,0.9107755585706858,
189,68985,526.2,-3025453.3954359544,-3192871.282604954,0.9007322419890078,34553.02194070816,1463109.95703125,345530.2208213806,122720.0,919689.2721710205,174403.94410705566,3025453.394130707,0.4292356571868846,0.0005822796658417486,0.0032262969394459538,0.0692643025203755,0.7452029585838318,,0.008780000000000001,-3266001.3297758,3031228.9295101166,0.9107755585706858,
190,69350,526.7,-2999709.2773528676,-3184743.960158242,0.9133734097306908,34168.472506284714,1393204.1879882812,341684.7246789932,123515.0,982777.8097143173,158527.56844329834,2999709.29082489,0.4292356571868846,0.0005822796658417486,0.0032262969394459538,0.0692643025203755,0.7452029585838318,,0.008780000000000001,-3266001.3297758,3031228.9295101166,0.9107755585706858,
191,69715,530.8,-3032970.7910708925,-3175351.708731157,0.9005807602734117,35132.77093458176,1452097.2990722656,351327.7098813057,121795.0,938030.6172790527,169720.15937805176,3032970.785610676,0.3704873609699701,0.0004649608440319609,0.0019255521030189765,0.03252216889277885,0.7797137498855591,,0.008600000000000002,-3266001.3297758,3031228.9295101166,0.9107755585706858,
192,70080,531.3,-2988641.115511763,-3163025.5910357693,0.9013038489763249,35834.10503292084,1431865.8581542969,358341.04833602905,120965.0,897071.9384155273,180397.27918243408,2988641.1240882874,0.3704873609699701,0.0004649608440319609,0.0019255521030189765,0.03252216889277885,0.7797137498855591,,0.008600000000000002,-3266001.3297758,3031228.9295101166,0.9107755585706858,
193,70445,531.7,-2877078.7832440534,-3148058.150760023,0.8853511808257325,31605.354630589485,1546176.7644042969,316053.54648017883,114650.0,707052.1115684509,193146.35346984863,2877078.7759227753,0.3704873609699701,0.0004649608440319609,0.0019255521030189765,0.03252216889277885,0.7797137498855591,,0.008600000000000002,-3266001.3297758,3031228.9295101166,0.9107755585706858,
194,70810,535.7,-2744587.8278483963,-3129259.001429477,0.8887566479756173,29404.06529378891,1544966.8073730469,294040.6511154175,112550.0,620930.3371772766,172100.04264068604,2744587.838306427,0.36513569637348775,0.0007710641932709749,0.0032635069709565294,0.04037973137670442,0.7971972823143005,,0.00842,-3266001.3297758,3031228.9295101166,0.9107755585706858,
195,71175,536.2,-2923024.349904513,-3113156.132001861,0.9203420874278899,33946.53807425499,1335932.3706054688,339465.38164901733,129190.0,974102.2486114502,144334.34781646729,2923024.3486824036,0.36513569637348775,0.0007710641932709749,0.0032635069709565294,0.04037973137670442,0.7971972823143005,,0.00842,-3266001.3297758,3031228.9295101166,0.9107755585706858,
196,71540,536.7,-2995747.5212690574,-3098247.2704654774,0.9254662574036364,32028.192666053772,1354773.5336914062,320281.9259738922,151360.0,1024106.1086711884,145225.9548034668,2995747.5231399536,0.36513569637348775,0.0007710641932709749,0.0032635069709565294,0.04037973137670442,0.7971972823143005,,0.00842,-3266001.3297758,3031228.9295101166,0.9107755585706858,
197,71905,540.8,-2892121.431825922,-3081295.329977415,0.9264978718686068,31271.40691137314,1338034.1782226562,312714.07070732117,136535.0,965559.9663543701,139278.2160797119,2892121.4313640594,0.38957936787291575,0.0006659317433379903,0.002863298383186032,0.04547850802344711,0.7580597996711731,,0.00824,-3266001.3297758,3031228.9295101166,0.9107755585706858,
198,72270,541.3,-3005892.884808512,-3065394.049180366,0.9238959739707513,32465.749191999435,1351442.2370605469,324657.4936027527,151835.0,1038198.6850509644,139759.4665298462,3005892.88224411,0.38957936787291575,0.0006659317433379903,0.002863298383186032,0.04547850802344711,0.7580597996711731,,0.00824,-3266001.3297758,3031228.9295101166,0.9107755585706858,
199,72635,541.8,-3290006.9647765276,-3071755.732283406,0.8860851812568113,54545.49091434479,1304480.6518554688,545454.9070930481,160350.0,979337.6834344864,300383.7224884033,3290006.9648714066,0.38957936787291575,0.0006659317433379903,0.002863298383186032,0.04547850802344711,0.7580597996711731,,0.00824,-3266001.3297758,3031228.9295101166,0.9107755585706858,
200,73000,546.8,-2903713.658302243,-3056598.000447587,0.9108505490545362,32690.390466094017,1427292.3278808594,326903.9060897827,121675.0,861864.5546531677,165977.87170410156,2903713.6603279114,0.44156593790179804,0.0008019147420495038,0.004348487182716398,0.06841814949324257,0.7233994007110596,,0.008060000000000001,-3138586.123565755,2901459.6907138824,0.9094770825368388,True
201,73365,547.3,-2859045.136106779,-3023708.0959337805,0.9140137986960494,32908.552976846695,1399541.6433105469,329085.52988386154,121905.0,858516.4549179077,149996.5106048584,2859045.1387171745,0.44156593790179804,0.0008019147420495038,0.004348487182716398,0.06841814949324257,0.7233994007110596,,0.008060000000000001,-3138586.123565755,2901459.6907138824,0.9094770825368388,
202,73730,551.7,-3374764.6834864332,-3036088.6600380586,0.879470377217707,56591.67113685608,1315154.9923095703,565916.7101707458,160995.0,1027009.5156707764,305688.4578857422,3374764.6760368347,0.3943759810767676,0.0007841245651434292,0.003526921857356731,0.05709478700239407,0.7355152368545532,,0.00794,-3138586.123565755,2901459.6907138824,0.9094770825368388,
203,74095,552.5,-2722250.951180727,-3013137.398201005,0.9047189765704937,29839.062826395035,1488459.7426757812,298390.62864112854,115455.0,684526.8466911316,135418.74337768555,2722250.961385727,0.3943759810767676,0.0007841245651434292,0.003526921857356731,0.05709478700239407,0.7355152368545532,,0.00794,-3138586.123565755,2901459.6907138824,0.9094770825368388,
204,74460,553.3,-2865083.260359238,-2999725.0884499094,0.931549692774794,28793.34793305397,1354244.6352539062,287933.47744369507,140855.0,964963.3606729507,117086.7907333374,2865083.2641038895,0.3943759810767676,0.0007841245651434292,0.003526921857356731,0.05709478700239407,0.7355152368545532,,0.00794,-3138586.123565755,2901459.6907138824,0.9094770825368388,
205,74825,557.9,-2996528.377304199,-2992431.061978448,0.923178979329065,32301.625950694084,1363087.6320800781,323016.2589263916,145895.0,1029914.4881144762,134614.99210357666,2996528.3712245226,0.3868540666605297,0.0005882955686167023,0.00377614875201528,0.03906299512049085,0.7381724119186401,,0.0077599999999999995,-3138586.123565755,2901459.6907138824,0.9094770825368388,
206,75190,558.5,-2836894.9893990257,-2978348.3925327836,0.9192000650314156,32154.25332081318,1377624.9060058594,321542.53608989716,123550.0,865368.972372055,148808.58786773682,2836895.0023355484,0.3868540666605297,0.0005882955686167023,0.00377614875201528,0.03906299512049085,0.7381724119186401,,0.0077599999999999995,-3138586.123565755,2901459.6907138824,0.9094770825368388,
207,75555,559.0,-2750086.0585773587,-2972909.0159054785,0.8924621668658469,27792.72282218933,1567045.6743164062,277927.22688293457,112115.0,640394.3415603638,152603.8053970337,2750086.0481567383,0.3868540666605297,0.0005882955686167023,0.00377614875201528,0.03906299512049085,0.7381724119186401,,0.0077599999999999995,-3138586.123565755,2901459.6907138824,0.9094770825368388,
208,75920,562.9,-2954054.092675429,-2951882.777521995,0.9268757079877239,30957.095899105072,1357291.2478027344,309570.9593029022,147025.0,1011062.7729377747,129104.11283874512,2954054.0928821564,0.36588580788750397,0.0004814574728554458,0.0017512806695633213,0.040576293378284105,0.7395167350769043,,0.007580000000000002,-3138586.123565755,2901459.6907138824,0.9094770825368388,
209,76285,563.4,-3064701.8402544186,-2953845.1997629176,0.896866272664318,46840.34807777405,1315684.2700195312,468403.47609710693,152330.0,922348.2440891266,205935.84204101562,3064701.8322467804,0.36588580788750397,0.0004814574728554458,0.0017512806695633213,0.040576293378284105,0.7395167350769043,,0.007580000000000002,-3138586.123565755,2901459.6907138824,0.9094770825368388,
210,76650,564.0,-2974981.322266472,-2952608.802008598,0.9141605183431663,37734.17774152756,1338766.9565429688,377341.777885437,151940.0,945832.0642700195,161100.52799224854,2974981.326690674,0.36588580788750397,0.0004814574728554458,0.0017512806695633213,0.040576293378284105,0.7395167350769043,,0.007580000000000002,-3138586.123565755,2901459.6907138824,0.9094770825368388,
211,77015,568.1,-2890750.400393377,-2945497.7824747227,0.9237322136122155,32939.14172744751,1335374.0856933594,329391.41606140137,150600.0,925833.8016198874,149551.09950256348,2890750.4028772116,0.4158374102492082,0.0006119823876456634,0.00205244097512485,0.07888715351490598,0.6962162256240845,,0.007400000000000001,-3138586.123565755,2901459.6907138824,0.9094770825368388,
212,77380,568.6,-2874649.4816262634,-2939798.200780447,0.9209522221297398,33489.934906959534,1325364.7041015625,334899.3470401764,135605.0,912893.5354919434,165886.90525054932,2874649.4918842316,0.4158374102492082,0.0006119823876456634,0.00205244097512485,0.07888715351490598,0.6962162256240845,,0.007400000000000001,-3138586.123565755,2901459.6907138824,0.9094770825368388,
213,77745,569.1,-2681166.8097530818,-2930002.602105899,0.9002199654686065,29824.152541399002,1503440.0771484375,298241.5269470215,111945.0,628457.0179510117,139083.1859512329,2681166.8079977036,0.4158374102492082,0.0006119823876456634,0.00205244097512485,0.07888715351490598,0.6962162256240845,,0.007400000000000001,-3138586.123565755,2901459.6907138824,0.9094770825368388,
214,78110,573.2,-2620095.522080829,-2923777.9868175206,0.8983860812790625,31237.744437515736,1475270.4489746094,312377.4448018074,108690.0,548552.7849998474,175204.84579849243,2620095.5245747566,0.3708790591672847,0.0006271967946591566,0.0028180574161907365,0.04940516942817914,0.7398715019226074,,0.007220000000000002,-3138586.123565755,2901459.6907138824,0.9094770825368388,
215,78475,573.8,-3027599.888029272,-2929006.7637237585,0.8953256538646258,47804.459856987,1302712.4743652344,478044.5979385376,152645.0,892265.4527893066,201932.355178833,3027599.8802719116,0.3708790591672847,0.0006271967946591566,0.0028180574161907365,0.04940516942817914,0.7398715019226074,,0.007220000000000002,-3138586.123565755,2901459.6907138824,0.9094770825368388,
216,78840,574.3,-2559094.5545570874,-2907174.1153881596,0.8907204610935979,28463.82293987274,1529703.0954589844,284638.23044252396,105495.0,470449.9368209839,168808.29459381104,2559094.5573163033,0.3708790591672847,0.0006271967946591566,0.0028180574161907365,0.04940516942817914,0.7398715019226074,,0.007220000000000002,-3138586.123565755,2901459.6907138824,0.9094770825368388,
217,79205,578.3,-2812618.6301334067,-2903198.9753035335,0.9249960448806028,31714.597378730774,1331577.6574707031,317145.9742088318,138680.0,878586.8892560005,146628.0926208496,2812618.613556385,0.34701758427055257,0.0006180882850170938,0.0032782303690175084,0.05138432352166427,0.7495889067649841,,0.007040000000000001,-3138586.123565755,2901459.6907138824,0.9094770825368388,
218,79570,578.9,-2787441.051488568,-2892276.383637537,0.9230603888170388,32822.668949484825,1322150.6083984375,328226.69124031067,132875.0,839178.1742706299,165010.5778617859,2787441.051771164,0.34701758427055257,0.0006180882850170938,0.0032782303690175084,0.05138432352166427,0.7495889067649841,,0.007040000000000001,-3138586.123565755,2901459.6907138824,0.9094770825368388,
219,79935,582.9,-2848150.650641722,-2870183.5679307966,0.9086110680135454,40816.21619272232,1305967.8703613281,408162.16327667236,149800.0,819878.8007612228,164341.81770324707,2848150.6521024704,0.384986954692163,0.0007117441491094436,0.0032086288740270233,0.05600882052002769,0.7137454748153687,,0.00692,-3138586.123565755,2901459.6907138824,0.9094770825368388,
220,80300,583.4,-2834320.534309609,-2866713.911731165,0.9257626063112316,31809.461159944534,1341563.2470703125,318094.61252212524,148185.0,888170.6294937134,138307.0482635498,2834320.537349701,0.384986954692163,0.0007117441491094436,0.0032086288740270233,0.05600882052002769,0.7137454748153687,,0.00692,-3138586.123565755,2901459.6907138824,0.9094770825368388,
221,80665,583.9,-2806457.2850416317,-2864084.5191779076,0.9249499188591134,31739.42981529236,1347285.2468261719,317394.29688453674,144670.0,864184.1999969482,132923.53908538818,2806457.282793045,0.384986954692163,0.0007117441491094436,0.0032086288740270233,0.05600882052002769,0.7137454748153687,,0.00692,-3138586.123565755,2901459.6907138824,0.9094770825368388,
222,81030,587.8,-2708941.436924738,-2830793.356849823,0.9192897575850136,33507.74495124817,1333178.0339355469,335077.4483356476,123575.0,767726.4035959244,149384.55215072632,2708941.438017845,0.38278361292261825,0.0006283239887890982,0.0024778131835199403,0.062386238261273035,0.7155330181121826,,0.00674,-3138586.123565755,2901459.6907138824,0.9094770825368388,
223,81395,588.3,-2624893.3181111733,-2825925.4751963452,0.9166744845159033,31441.55005967617,1374381.9985351562,314415.5021286011,116570.0,666789.5336380005,152736.28624343872,2624893.3205451965,0.38278361292261825,0.0006283239887890982,0.0024778131835199403,0.062386238261273035,0.7155330181121826,,0.00674,-3138586.123565755,2901459.6907138824,0.9094770825368388,
224,81760,588.7,-3119896.702490433,-2838666.1473029046,0.8842313427265731,55428.06503534317,1279146.021850586,554280.6521530151,154630.0,830589.1994590759,301250.8260040283,3119896.6994667053,0.38278361292261825,0.0006283239887890982,0.0024778131835199403,0.062386238261273035,0.7155330181121826,,0.00674,-3138586.123565755,2901459.6907138824,0.9094770825368388,
225,82125,593.6,-2750250.758062449,-2826352.2663408173,0.9163442903378812,35061.02813220024,1325844.4104003906,350610.2835674286,124640.0,777367.1500234604,171788.9179058075,2750250.761897087,0.36362109450917496,0.00038440619784140787,0.0017933092611584517,0.053158231177612356,0.7291926145553589,,0.00656,-2979140.9506277703,2736133.9844605923,0.9076995622671524,True
226,82490,594.1,-3068529.379593597,-2837933.985850546,0.8894646807092368,52919.44732236862,1278206.1733398438,529194.4719734192,154470.0,823114.6720275879,283544.0640716553,3068529.381412506,0.36362109450917496,0.00038440619784140787,0.0017933092611584517,0.053158231177612356,0.7291926145553589,,0.00656,-2979140.9506277703,2736133.9844605923,0.9076995622671524,
227,82855,594.6,-2866818.6998707755,-2843770.6179152164,0.9087457964423005,40659.405445575714,1311808.6745605469,406594.0578689575,149755.0,835648.7250356674,163012.244682312,2866818.702147484,0.36362109450917496,0.00038440619784140787,0.0017933092611584517,0.053158231177612356,0.7291926145553589,,0.00656,-2979140.9506277703,2736133.9844605923,0.9076995622671524,
228,83220,598.6,-2769258.2286429545,-2834530.824713593,0.9256245824621885,31318.67019557953,1336996.1000976562,313186.7019062042,138980.0,841894.5750217438,138200.85693359375,2769258.233959198,0.40840603254343333,0.0005591837620350385,0.002140245941662119,0.08216553406887933,0.7052745819091797,,0.006379999999999999,-2979140.9506277703,2736133.9844605923,0.9076995622671524,
229,83585,599.1,-2613054.9976487802,-2811948.4825833114,0.9069044099223249,32312.64145565033,1431656.4299316406,323126.4160423279,113130.0,612147.7203731537,132994.4278564453,2613054.9942035675,0.40840603254343333,0.0005591837620350385,0.002140245941662119,0.08216553406887933,0.7052745819091797,,0.006379999999999999,-2979140.9506277703,2736133.9844605923,0.9076995622671524,
230,83950,599.8,-2981823.464100026,-2812290.5896749888,0.8904523622901788,50858.80537843704,1283723.4572753906,508588.05480766296,150400.0,797635.345146656,241476.60650634766,2981823.4637360573,0.40840603254343333,0.0005591837620350385,0.002140245941662119,0.08216553406887933,0.7052745819091797,,0.006379999999999999,-2979140.9506277703,2736133.9844605923,0.9076995622671524,
231,84315,603.9,-2602396.442197227,-2797872.8917651814,0.9217416195033912,33196.265906095505,1298674.1259765625,331962.6579551697,129470.0,710169.7016887665,132119.96409606934,2602396.449716568,0.3648491631212987,0.000589008333630964,0.003303126281887097,0.0576945008023789,0.7128788828849792,,0.0062,-2979140.9506277703,2736133.9844605923,0.9076995622671524,
232,84680,604.3,-2678888.208058801,-2788084.8280868083,0.9230624924920491,32613.424745082855,1320406.2885742188,326134.24670410156,140445.0,755515.062877655,136387.60780334473,2678888.20595932,0.3648491631212987,0.000589008333630964,0.003303126281887097,0.0576945008023789,0.7128788828849792,,0.0062,-2979140.9506277703,2736133.9844605923,0.9076995622671524,
233,85045,608.8,-2880251.9003672125,-2798039.0826175148,0.8924645714205233,49111.107625961304,1284051.2309570312,491111.0757255554,147015.0,746722.2176933289,211352.38034057617,2880251.9047164917,0.3798057417336263,0.0007397476040894521,0.0038668983836128304,0.06895625596179773,0.6977430582046509,,0.006080000000000001,-2979140.9506277703,2736133.9844605923,0.9076995622671524,
234,85410,609.3,-2828143.050685174,-2808441.459047732,0.8914919673540402,50298.46450090408,1267698.7694091797,502984.6444282532,145300.0,690343.3818984032,221816.26016235352,2828143.0558981895,0.3798057417336263,0.0007397476040894521,0.0038668983836128304,0.06895625596179773,0.6977430582046509,,0.006080000000000001,-2979140.9506277703,2736133.9844605923,0.9076995622671524,
235,85775,609.8,-2589939.426718332,-2786558.4359821854,0.922996418380462,33601.66789340973,1289393.1206054688,336016.6790075302,121865.0,680621.1009578705,162043.5213317871,2589939.4219026566,0.3798057417336263,0.0007397476040894521,0.0038668983836128304,0.06895625596179773,0.6977430582046509,,0.006080000000000001,-2979140.9506277703,2736133.9844605923,0.9076995622671524,
236,86140,613.8,-2601061.398041726,-2788656.778156417,0.9209355999732588,33343.908487677574,1314601.5207519531,333439.0867099762,134785.0,705104.7563476562,113131.03247070312,2601061.3962802887,0.3728478033291666,0.0005111725837483199,0.0019180565549935349,0.06165451786823963,0.6998465061187744,,0.005900000000000001,-2979140.9506277703,2736133.9844605923,0.9076995622671524,
237,86505,614.3,-2542593.6424384336,-2775155.528771668,0.9135330867425229,33962.64712309837,1333904.7260742188,339626.468290329,112990.0,604246.0844458342,151826.35708999634,2542593.635900378,0.3728478033291666,0.0005111725837483199,0.0019180565549935349,0.06165451786823963,0.6998465061187744,,0.005900000000000001,-2979140.9506277703,2736133.9844605923,0.9076995622671524,
238,86870,614.8,-2619583.1207592576,-2766762.6322352025,0.9218322364357514,32894.949101924896,1306856.3073730469,328949.49142837524,130040.0,701518.7060689926,152218.62140655518,2619583.12627697,0.3728478033291666,0.0005111725837483199,0.0019180565549935349,0.06165451786823963,0.6998465061187744,,0.005900000000000001,-2979140.9506277703,2736133.9844605923,0.9076995622671524,
239,87235,619.5,-2608942.5391478124,-2754802.226660507,0.9195086825033909,34841.632674217224,1291781.2255859375,348416.3279457092,140975.0,678304.2684555054,149465.7155303955,2608942.5375175476,0.3433332055022842,0.0005022523552102747,0.002194053251418824,0.04532641608660158,0.6540809869766235,,0.00572,-2979140.9506277703,2736133.9844605923,0.9076995622671524,
240,87600,620.3,-2618735.051136044,-2744022.952501829,0.9213233224160504,33026.89571619034,1317142.286743164,330268.9594192505,134270.0,714211.6357803345,122842.17430114746,2618735.0562438965,0.3433332055022842,0.0005022523552102747,0.002194053251418824,0.04532641608660158,0.6540809869766235,,0.00572,-2979140.9506277703,2736133.9844605923,0.9076995622671524,
241,87965,621.0,-2896216.0066144047,-2748510.888580467,0.8869699684528047,53351.983370780945,1261446.4213867188,533519.8358459473,149125.0,687775.2206306458,264349.5261001587,2896216.0039634705,0.3433332055022842,0.0005022523552102747,0.002194053251418824,0.04532641608660158,0.6540809869766235,,0.00572,-2979140.9506277703,2736133.9844605923,0.9076995622671524,
242,88330,625.2,-2591336.8529787823,-2742630.6593831694,0.9193430064977786,34900.684373378754,1288752.7126464844,349006.8441581726,141960.0,654445.7262191772,157171.57511901855,2591336.858142853,0.38546823161213023,0.0009225263069502513,0.004526774087265183,0.08217290877119492,0.6867608428001404,,0.00554,-2979140.9506277703,2736133.9844605923,0.9076995622671524,
243,88695,625.7,-2521807.5521464157,-2737476.3710849313,0.9216487993057256,32959.921244859695,1292585.4733886719,329599.2120170593,130725.0,636256.8490848541,132641.02012634277,2521807.554616928,0.38546823161213023,0.0009225263069502513,0.004526774087265183,0.08217290877119492,0.6867608428001404,,0.00554,-2979140.9506277703,2736133.9844605923,0.9076995622671524,
244,89060,626.2,-2578715.3931602566,-2710417.305618423,0.9213957526088797,33095.21790456772,1310993.447265625,330952.1844482422,130745.0,646112.3701820374,159912.40201568604,2578715.4039115906,0.38546823161213023,0.0009225263069502513,0.004526774087265183,0.08217290877119492,0.6867608428001404,,0.00554,-2979140.9506277703,2736133.9844605923,0.9076995622671524,
245,89425,630.2,-2587655.781112302,-2702287.5567709156,0.9184743260311703,35274.36556148529,1287409.73046875,352743.6547679901,141775.0,641705.8326661587,164021.5662536621,2587655.784156561,0.36776665715794815,0.0005812094335085835,0.002732929432041649,0.05810239293465489,0.6836661100387573,,0.00536,-2979140.9506277703,2736133.9844605923,0.9076995622671524,
246,89790,630.7,-2500870.2852346175,-2673904.6020529666,0.9254483945570098,31536.521928071976,1284384.0045166016,315365.2212867737,127610.0,605553.6884021759,167957.35493850708,2500870.269144058,0.36776665715794815,0.0005812094335085835,0.002732929432041649,0.05810239293465489,0.6836661100387573,,0.00536,-2979140.9506277703,2736133.9844605923,0.9076995622671524,
247,90155,634.7,-2861693.381517402,-2673648.3361352975,0.8788034913671653,57472.35396575928,1229030.9206542969,574723.53956604,145055.0,608822.6502914429,304061.2759399414,2861693.386451721,0.36919359000105606,0.0007345760846204174,0.0027452435430237337,0.0728983396272126,0.6944727897644043,,0.005240000000000002,-2979140.9506277703,2736133.9844605923,0.9076995622671524,
248,90520,635.2,-2468122.493752523,-2658591.549390776,0.9186468741753434,34618.43969154358,1276072.5676269531,346184.397339344,122720.0,554297.982334137,168847.54359436035,2468122.4908947945,0.36919359000105606,0.0007345760846204174,0.0027452435430237337,0.0728983396272126,0.6944727897644043,,0.005240000000000002,-2979140.9506277703,2736133.9844605923,0.9076995622671524,
249,90885,635.8,-2404290.6540203956,-2648153.332209357,0.9106760584016046,34302.71599626541,1320455.82421875,343027.1604166031,109985.0,476225.48740005493,154597.18222427368,2404290.6542596817,0.36919359000105606,0.0007345760846204174,0.0027452435430237337,0.0728983396272126,0.6944727897644043,,0.005240000000000002,-2979140.9506277703,2736133.9844605923,0.9076995622671524,
250,91250,640.8,-2488615.4753756328,-2623492.932773138,0.9193785761746631,34081.17511510849,1282463.2250976562,340811.75104904175,134530.0,587879.234674573,142931.2661895752,2488615.477010846,0.33119549719910873,0.0006077589659502049,0.0030621980365953946,0.03616549074649811,0.6505063772201538,,0.005060000000000001,-2613342.0000123535,2361343.501352787,0.9047715264040916,True
251,91615,641.3,-2406014.23049046,-2613673.8221877995,0.9178528321467047,35602.66469478607,1251060.490234375,356026.6446723938,120040.0,533403.754357338,145483.33625793457,2406014.2255220413,0.33119549719910873,0.0006077589659502049,0.0030621980365953946,0.03616549074649811,0.6505063772201538,,0.005060000000000001,-2613342.0000123535,2361343.501352787,0.9047715264040916,
252,91980,641.8,-2476153.265167053,-2603537.0750432117,0.9185650326906794,34411.07835125923,1290197.896484375,344110.78349876404,133495.0,560003.3609619141,148346.2356414795,2476153.2765865326,0.33119549719910873,0.0006077589659502049,0.0030621980365953946,0.03616549074649811,0.6505063772201538,,0.005060000000000001,-2613342.0000123535,2361343.501352787,0.9047715264040916,
253,92345,645.9,-2470328.2473700135,-2583040.8923933515,0.9187381164799727,35010.30106258392,1268938.3151855469,350103.01139068604,139690.0,555467.7919869423,156129.13054656982,2470328.249109745,0.3492145569700944,0.00024439322537785443,0.0007011012027138158,0.057141591843805815,0.6528158187866211,,0.004880000000000001,-2613342.0000123535,2361343.501352787,0.9047715264040916,
254,92710,646.4,-2299253.861447878,-2556596.432931487,0.893335998273439,31741.073633790016,1416804.2583007812,317410.73888349533,95450.0,306664.92499542236,162923.94068527222,2299253.862864971,0.3492145569700944,0.00024439322537785443,0.0007011012027138158,0.057141591843805815,0.6528158187866211,,0.004880000000000001,-2613342.0000123535,2361343.501352787,0.9047715264040916,
255,93075,646.9,-2435537.085979305,-2548876.3158945357,0.9102991771242217,37781.896894454956,1250169.5461425781,377818.9698858261,116070.0,499809.16259884834,191669.4134902954,2435537.092117548,0.3492145569700944,0.00024439322537785443,0.0007011012027138158,0.057141591843805815,0.6528158187866211,,0.004880000000000001,-2613342.0000123535,2361343.501352787,0.9047715264040916,
256,93440,651.0,-2809782.325089736,-2559312.362246936,0.8776838863174834,58551.011194229126,1215485.1739501953,585510.1101226807,146815.0,511159.22667741776,350812.81059265137,2809782.321342945,0.31247621264896897,0.0005013622657746677,0.0019327799504696343,0.047764160572306105,0.6994189023971558,,0.004700000000000001,-2613342.0000123535,2361343.501352787,0.9047715264040916,
257,93805,651.5,-2723824.660866179,-2568373.913168323,0.8780154083685058,58026.9723777771,1205337.0345458984,580269.7272338867,143455.0,499143.99258613586,295618.91021728516,2723824.664583206,0.31247621264896897,0.0005013622657746677,0.0019327799504696343,0.047764160572306105,0.6994189023971558,,0.004700000000000001,-2613342.0000123535,2361343.501352787,0.9047715264040916,
258,94170,652.0,-2314949.229277253,-2553142.2185942233,0.8989341264914716,33991.78843474388,1363282.4772949219,339917.88331079483,102440.0,337413.749212265,171895.1113357544,2314949.221153736,0.31247621264896897,0.0005013622657746677,0.0019327799504696343,0.047764160572306105,0.6994189023971558,,0.004700000000000001,-2613342.0000123535,2361343.501352787,0.9047715264040916,
259,94535,655.9,-2807672.155724808,-2563078.699423073,0.8768398667903354,59008.35986328125,1218887.8400878906,590083.5965652466,147900.0,507722.4481534958,343078.2681427002,2807672.152949333,0.3500405330406992,0.00041846179532225696,0.0011727851723614883,0.0681453769242293,0.7029637098312378,,0.004520000000000001,-2613342.0000123535,2361343.501352787,0.9047715264040916,
260,94900,656.5,-2382276.7706894907,-2551255.7854007455,0.9176008436273153,34795.43335390091,1260462.8837890625,347954.335899353,128100.0,511732.5167247057,134027.03093719482,2382276.767350316,0.3500405330406992,0.00041846179532225696,0.0011727851723614883,0.0681453769242293,0.7029637098312378,,0.004520000000000001,-2613342.0000123535,2361343.501352787,0.9047715264040916,
261,95265,660.5,-2243481.393763358,-2518619.0547581925,0.8982707660745205,30519.7874699831,1412060.6520996094,305197.8756599426,97755.0,276263.4565896988,152204.4076423645,2243481.3919916153,0.3284281500075993,0.00046659079615844686,0.0018942314282436488,0.054469536891893336,0.6976970434188843,,0.004399999999999999,-2613342.0000123535,2361343.501352787,0.9047715264040916,
262,95630,661.0,-2401466.5343843717,-2509125.5388284726,0.9146519519399658,35895.68205308914,1271356.2658691406,358956.81924057007,127730.0,474683.16146469116,168740.29167175293,2401466.538246155,0.3284281500075993,0.00046659079615844686,0.0018942314282436488,0.054469536891893336,0.6976970434188843,,0.004399999999999999,-2613342.0000123535,2361343.501352787,0.9047715264040916,
263,95995,661.7,-2440861.8591019125,-2505078.254176247,0.9127168458779127,37516.1325879097,1257712.6159667969,375161.3277540207,138215.0,517822.6737756729,151950.25147247314,2440861.8689689636,0.3284281500075993,0.00046659079615844686,0.0018942314282436488,0.054469536891893336,0.6976970434188843,,0.004399999999999999,-2613342.0000123535,2361343.501352787,0.9047715264040916,
264,96360,665.8,-2426086.8174449047,-2497446.8253904795,0.9116236309275341,37753.059222221375,1262081.2958984375,377530.59403800964,135430.0,497526.4017906189,153518.52811431885,2426086.819841385,0.3459233018128495,0.00044376969435688807,0.0017595793071546052,0.0560740592252267,0.6630500555038452,,0.00422,-2613342.0000123535,2361343.501352787,0.9047715264040916,
265,96725,666.4,-2573621.885144193,-2496745.1305920742,0.8871715771800981,51387.81800174713,1216804.9916992188,513878.1819114685,140440.0,469520.9175899029,232977.79817962646,2573621.8893802166,0.3459233018128495,0.00044376969435688807,0.0017595793071546052,0.0560740592252267,0.6630500555038452,,0.00422,-2613342.0000123535,2361343.501352787,0.9047715264040916,
266,97090,666.9,-2358012.0329903765,-2489602.2179798624,0.9129873837707649,36635.26986145973,1251407.4030761719,366352.7006473541,128500.0,461992.40881824493,149759.51808929443,2358012.0306310654,0.3459233018128495,0.00044376969435688807,0.0017595793071546052,0.0560740592252267,0.6630500555038452,,0.00422,-2613342.0000123535,2361343.501352787,0.9047715264040916,
267,97455,670.9,-2389589.51154058,-2465997.024481021,0.9125661101458113,37740.57625389099,1251249.9543457031,377405.7624092102,139210.0,455462.43437218666,166261.36125183105,2389589.512378931,0.35986410081386566,0.00037270866649027754,0.00080122027276574,0.07539616731044493,0.6762855052947998,,0.004039999999999999,-2613342.0000123535,2361343.501352787,0.9047715264040916,
268,97820,671.4,-2328622.5728885075,-2459022.0284378203,0.9189060500488453,34103.49299430847,1263088.0043945312,341034.93099212646,128420.0,431051.382021904,165028.2526702881,2328622.57007885,0.35986410081386566,0.00037270866649027754,0.00080122027276574,0.07539616731044493,0.6762855052947998,,0.004039999999999999,-2613342.0000123535,2361343.501352787,0.9047715264040916,
269,98185,672.0,-2784879.4040369876,-2478051.465938649,0.8743798846013455,58847.37115907669,1226059.5084228516,588473.7127685547,149860.0,473576.37827825546,346909.802734375,2784879.4022040367,0.35986410081386566,0.00037270866649027754,0.00080122027276574,0.07539616731044493,0.6762855052947998,,0.004039999999999999,-2613342.0000123535,2361343.501352787,0.9047715264040916,
270,98550,676.1,-2333029.349218578,-2470272.159630797,0.9171782028801442,34902.1819896698,1260748.886352539,349021.8150177002,134585.0,461014.25599837303,127659.38687133789,2333029.34423995,0.3723385039913027,0.0006367429291697734,0.0017793889656834501,0.08449207991361618,0.6842541694641113,,0.0038600000000000015,-2613342.0000123535,2361343.501352787,0.9047715264040916,
271,98915,676.8,-2349262.77756144,-2467434.586984346,0.914314158428743,36030.12520813942,1261096.5068359375,360301.25181531906,130750.0,435990.2960500717,161124.72106933594,2349262.775770664,0.3723385039913027,0.0006367429291697734,0.0017793889656834501,0.08449207991361618,0.6842541694641113,,0.0038600000000000015,-2613342.0000123535,2361343.501352787,0.9047715264040916,
272,99280,677.4,-2309287.1666456545,-2459091.282058276,0.9160786345087395,35432.85933089256,1245365.9196777344,354328.59160232544,128700.0,418279.3454065323,162613.30767726898,2309287.164363861,0.3723385039913027,0.0006367429291697734,0.0017793889656834501,0.08449207991361618,0.6842541694641113,,0.0038600000000000015,-2613342.0000123535,2361343.501352787,0.9047715264040916,
273,99645,681.5,-2347693.3400538326,-2452959.5366924675,0.9089065250115775,39009.86972904205,1233532.819946289,390098.69871520996,137835.0,426225.6864285469,160001.12928771973,2347693.3343777657,0.3441193115554358,0.00043992842754385874,0.0013012802389168524,0.05178006213942641,0.6055949926376343,,0.003680000000000001,-2613342.0000123535,2361343.501352787,0.9047715264040916,
274,100010,682.3,-2279543.0082296366,-2451973.994031555,0.9079274510950652,39290.118794202805,1217271.5819091797,392901.1903858185,117100.0,370800.5145392418,181469.73052597046,2279543.0173602104,0.3441193115554358,0.00043992842754385874,0.0013012802389168524,0.05178006213942641,0.6055949926376343,,0.003680000000000001,-2613342.0000123535,2361343.501352787,0.9047715264040916,
275,100375,688.0,-2754471.9087686804,-2467920.735171024,0.8754749614900186,59107.428354263306,1205013.5808105469,591074.2876930237,147830.0,447436.1931190491,363117.8349304199,2754471.8965530396,0.3458531298919728,0.0005596614061543828,0.0017705549278999616,0.07350797931614675,0.689223051071167,,0.0035600000000000002,-2423390.6396206473,2154418.203156352,0.8999552420442469,True
276,100740,688.6,-2383460.3428506283,-2446604.636059069,0.9078123284922738,39732.702044487,1233097.1174316406,397327.01959228516,136505.0,422856.0247116089,193675.1784515381,2383460.3401870728,0.3458531298919728,0.0005596614061543828,0.0017705549278999616,0.07350797931614675,0.689223051071167,,0.0035600000000000002,-2423390.6396206473,2154418.203156352,0.8999552420442469,
277,101105,689.1,-2219505.1426136326,-2421388.660146442,0.9022061702702978,35309.244574546814,1297114.5061035156,353092.4461622238,104585.0,302044.0535316467,162669.13779449463,2219505.143591881,0.3458531298919728,0.0005596614061543828,0.0017705549278999616,0.07350797931614675,0.689223051071167,,0.0035600000000000002,-2423390.6396206473,2154418.203156352,0.8999552420442469,
278,101470,693.1,-2311441.686655549,-2421213.2830153564,0.9099456379645222,38791.546827316284,1226157.0849609375,387915.465801239,135920.0,389071.4260621071,172377.70056152344,2311441.677385807,0.32553618048366745,0.0002435850087510373,0.00041064881445077175,0.0637643358817226,0.6750106811523438,,0.00338,-2423390.6396206473,2154418.203156352,0.8999552420442469,
279,101835,693.6,-2237725.924175783,-2392715.971437905,0.8909010121354286,35785.01351451874,1338707.5325927734,357850.1337928772,97665.0,244115.35195732117,199387.90042495728,2237725.918767929,0.32553618048366745,0.0002435850087510373,0.00041064881445077175,0.0637643358817226,0.6750106811523438,,0.00338,-2423390.6396206473,2154418.203156352,0.8999552420442469,
280,102200,694.1,-2251150.2990256147,-2386159.6478547114,0.902293207595489,38441.66269683838,1249556.9558105469,384416.62931728363,109380.0,321198.1722383499,186598.54569625854,2251150.303062439,0.32553618048366745,0.0002435850087510373,0.00041064881445077175,0.0637643358817226,0.6750106811523438,,0.00338,-2423390.6396206473,2154418.203156352,0.8999552420442469,
281,102565,698.2,-2215717.2154138647,-2384771.4389372366,0.9175098603059154,34801.35258483887,1213603.1242675781,348013.5256576538,121675.0,344870.37747478485,187555.18241882324,2215717.20981884,0.29613664197294337,0.0004195459853834013,0.0016187701314361459,0.03955652108906131,0.6993803977966309,,0.0031999999999999997,-2423390.6396206473,2154418.203156352,0.8999552420442469,
282,102930,698.7,-2888795.4173689103,-2409137.8830864634,0.8412118267418425,40928.60438632965,1507970.3627929688,409286.0425834656,106880.0,409754.53693675995,454904.4679412842,2888795.4102544785,0.29613664197294337,0.0004195459853834013,0.0016187701314361459,0.03955652108906131,0.6993803977966309,,0.0031999999999999997,-2423390.6396206473,2154418.203156352,0.8999552420442469,
283,103295,699.2,-2219731.81300546,-2398081.380781641,0.9091005787789425,38271.74691438675,1201751.5219726562,382717.4708404541,125130.0,341458.30403518677,168674.52015686035,2219731.8170051575,0.29613664197294337,0.0004195459853834013,0.0016187701314361459,0.03955652108906131,0.6993803977966309,,0.0031999999999999997,-2423390.6396206473,2154418.203156352,0.8999552420442469,
284,103660,703.8,-2243836.58037097,-2388968.8689279445,0.9121007118600496,37295.93165564537,1213125.1604003906,372959.318567276,121900.0,349164.705739975,186687.3932647705,2243836.577972412,0.3154805694755755,0.00016025166410384517,0.0001450923453759108,0.042349687140238915,0.6547499895095825,,0.0030199999999999997,-2423390.6396206473,2154418.203156352,0.8999552420442469,
285,104025,704.3,-2242129.0394006404,-2372394.226640766,0.8862188866244087,36676.090304374695,1349642.5778808594,366760.903421402,95575.0,225046.1552324295,205104.39860534668,2242129.0351400375,0.3154805694755755,0.00016025166410384517,0.0001450923453759108,0.042349687140238915,0.6547499895095825,,0.0030199999999999997,-2423390.6396206473,2154418.203156352,0.8999552420442469,
286,104390,704.8,-2136922.3840340967,-2361339.7441929523,0.8902324758729578,32931.35491335392,1363542.8200683594,329313.54727625847,91785.0,188340.7496380806,163940.26330566406,2136922.3802883625,0.3154805694755755,0.00016025166410384517,0.0001450923453759108,0.042349687140238915,0.6547499895095825,,0.0030199999999999997,-2423390.6396206473,2154418.203156352,0.8999552420442469,
287,104755,709.0,-2253779.289877786,-2354549.2331098123,0.9092437401279274,38619.78353214264,1203588.9783935547,386197.83511161804,118635.0,342536.24095344543,202821.23348999023,2253779.2879486084,0.26913685547678096,0.00042941071947815975,0.002252143724993067,0.026520376730906337,0.6616554856300354,,0.0028399999999999996,-2423390.6396206473,2154418.203156352,0.8999552420442469,
288,105120,709.5,-2293304.2270210283,-2352783.3158164388,0.9049507259205671,40711.21992588043,1215350.1022949219,407112.19972610474,132835.0,369098.8489934206,168908.07334899902,2293304.2243634462,0.26913685547678096,0.00042941071947815975,0.002252143724993067,0.026520376730906337,0.6616554856300354,,0.0028399999999999996,-2423390.6396206473,2154418.203156352,0.8999552420442469,
289,105485,713.5,-2230694.424113404,-2325074.066820259,0.9077031561402482,39156.936007499695,1212318.732421875,391569.3609390259,130395.0,336709.10915350914,159702.23211669922,2230694.4346311092,0.33572442594327423,0.0005184980578441786,0.0014019347060974198,0.0615678139913239,0.6436975002288818,,0.0027200000000000006,-2423390.6396206473,2154418.203156352,0.8999552420442469,
290,105850,714.0,-2090278.5692864773,-2312936.5278236545,0.8892213052741773,32499.367229104042,1352484.2761230469,324993.672604084,90205.0,167585.4818649292,155010.13593673706,2090278.5665287971,0.33572442594327423,0.0005184980578441786,0.0014019347060974198,0.0615678139913239,0.6436975002288818,,0.0027200000000000006,-2423390.6396206473,2154418.203156352,0.8999552420442469,
291,106215,714.5,-2181025.345061308,-2304524.656198648,0.89488327426911,37333.15119385719,1286098.3454589844,373331.51278066635,100395.0,229753.39126968384,191447.0938796997,2181025.3433890343,0.33572442594327423,0.0005184980578441786,0.0014019347060974198,0.0615678139913239,0.6436975002288818,,0.0027200000000000006,-2423390.6396206473,2154418.203156352,0.8999552420442469,
292,106580,718.7,-2141860.615848655,-2296153.3286587982,0.8857410359816591,34707.64568710327,1340648.5106201172,347076.45997714996,92140.0,175078.39940857887,186917.24938964844,2141860.6193954945,0.24898227068938708,0.00028715602964343576,0.00149910910189838,0.022007591409706755,0.6892815828323364,,0.0025400000000000006,-2423390.6396206473,2154418.203156352,0.8999552420442469,
293,106945,719.2,-2275443.978062109,-2292540.860559212,0.9046781866265371,40291.863260269165,1200170.6281738281,402918.632144928,119415.0,306664.57255756855,246275.14156723022,2275443.974443555,0.24898227068938708,0.00028715602964343576,0.00149910910189838,0.022007591409706755,0.6892815828323364,,0.0025400000000000006,-2423390.6396206473,2154418.203156352,0.8999552420442469,
294,107310,719.7,-2164523.7815564387,-2286789.8992255516,0.9087178305413589,38418.47435307503,1198532.2211914062,384184.74353313446,121815.0,307950.4251432419,152041.39151763916,2164523.7813854218,0.24898227068938708,0.00028715602964343576,0.00149910910189838,0.022007591409706755,0.6892815828323364,,0.0025400000000000006,-2423390.6396206473,2154418.203156352,0.8999552420442469,
295,107675,723.9,-2262214.928798895,-2262177.050227062,0.9018704011475331,41519.51644086838,1200525.2331542969,415195.1625394821,126960.0,324028.2260313034,195506.3165435791,2262214.9382686615,0.31914788092437546,0.0005335091408548914,0.0023343270306787943,0.036569394416322835,0.6147300601005554,,0.0023600000000000006,-2423390.6396206473,2154418.203156352,0.8999552420442469,
296,108040,724.4,-2209584.1827954864,-2253483.242224305,0.9039664761266649,41094.56950235367,1193402.6450195312,410945.6956939697,129910.0,312078.49969673157,163247.33924865723,2209584.17965889,0.31914788092437546,0.0005335091408548914,0.0023343270306787943,0.036569394416322835,0.6147300601005554,,0.0023600000000000006,-2423390.6396206473,2154418.203156352,0.8999552420442469,
297,108405,724.9,-2203692.3359193467,-2252692.6018895917,0.9061920878363174,39790.87733411789,1196701.1525878906,397908.7770614624,128690.0,320324.79226875305,160067.61465454102,2203692.336572647,0.31914788092437546,0.0005335091408548914,0.0023343270306787943,0.036569394416322835,0.6147300601005554,,0.0023600000000000006,-2423390.6396206473,2154418.203156352,0.8999552420442469,
298,108770,729.2,-2065092.1518454016,-2240375.1251490843,0.8758059734771331,32097.449378728867,1376876.1882324219,320974.4918498993,84965.0,113785.45855522156,168491.01216506958,2065092.1508026123,0.3199732307540743,0.0005881980273682673,0.0020205849057100224,0.06594365227379297,0.6474649906158447,,0.00218,-2423390.6396206473,2154418.203156352,0.8999552420442469,
299,109135,729.7,-2195726.819799695,-2238275.1699302793,0.8992451523467742,42424.64219164848,1177722.9577636719,424246.41977500916,121280.0,269150.1532626152,203327.28343963623,2195726.8142409325,0.3199732307540743,0.0005881980273682673,0.0020205849057100224,0.06594365227379297,0.6474649906158447,,0.00218,-2423390.6396206473,2154418.203156352,0.8999552420442469,
300,109500,731.1,-2163449.0380130294,-2233890.10687965,0.9024803304932685,41243.993824481964,1181668.3754882812,412439.9363861084,118575.0,248557.78415107727,202207.93993377686,2163449.035959244,0.3199732307540743,0.0005881980273682673,0.0020205849057100224,0.06594365227379297,0.6474649906158447,,0.00218,-2260034.218941912,1972610.4267490506,0.8913367323020827,True
